name,country,hall,stand,address,website,product_sector,product_groups_top,product_groups,product_group_count,brands,trend_subjects,distribution_channels,target_markets,profile,detail_url
3A Management Corp Frontier Bakery,Canada,3.2,C010,"6310 Kestrel Rd, MISSISSAUGA L5T 1Z3",https://www.youtube.com/@FrontierBakeryca/shorts,Bread & Bakery,"Bread, baked goods and spreads","Bread, baked goods and spreads > Bread (fresh, frozen, partly-baked) > Wheat Bread | Bread, baked goods and spreads > Bread (fresh, frozen, partly-baked) > Mixed wheat bread | Bread, baked goods and spreads > Bread (fresh, frozen, partly-baked) > Special bread | Bread, baked goods and spreads > Bread (fresh, frozen, partly-baked) > Flat breads | Bread, baked goods and spreads > Bread (fresh, frozen, partly-baked) > Tortillas | Bread, baked goods and spreads > Bread (fresh, frozen, partly-baked) > Other bread types | Bread, baked goods and spreads > Small baked rolls > Bagels | Bread, baked goods and spreads > Small baked rolls > Other small baked goods | Bread, baked goods and spreads > Long-life baked goods > Biscuits and crackers | Bread, baked goods and spreads > Long-life baked goods > Baking wafers | Bread, baked goods and spreads > Long-life baked goods > Rusks | Bread, baked goods and spreads > Long-life baked goods > Gingerbread | Bread, baked goods and spreads > Long-life baked goods > Other long-life baked goods | Bread, baked goods and spreads > Raw materials/ingredients/auxiliary agents for baking > Seasonings",14,Frontier Bakery New Krunch Vidhya Foods Inc,Convenience & Snacking Gourmet & Specialty Food Halal Kosher private label,Products (Manufacturer's brand) for the food wholesale and retail trade Products for food service and catering Products for the food processing industry Provided products (private label) for the food and wholesale and retail trade,Australia Brazil Canada Colombia East Africa Germany Japan Mexico Middle East New Zealand Northern Europe Others Eastern Europe Russia South Africa Southern Europe Türkiye USA Western Europe,,https://www.anuga.com/exhibitor/_3amanagementcorp/
3F Group Oy,Finland,10.2,A068,"Kivikonlaita 36, 00940 Helsinki",https://www.3friends.com/,Fine Food,Frozen food and ice cream products,Frozen food and ice cream products > Ice cream > Ice cream | Frozen food and ice cream products > Ice cream > Plant-based ice cream,2,3 Friends,"Clean Label (organic, natural and non-GMO products) Convenience & Snacking Gourmet & Specialty Food Plant-Based Proteins or Food (vegetarian, vegan)",Products (Manufacturer's brand) for the food wholesale and retail trade,Germany Northern Europe Others Eastern Europe Southern Europe Western Europe,,https://www.anuga.com/exhibitor/3f_group_oy/
ACEITES ESPECIALES TH,Mexico,3.1,C078+D079,"LUIS G. URBINA 4, 11560 CIUDAD DE MEXICO",http://www.aeth.mx,Fine Food,"Delicatessen products, gourmet food and staple food | Organic products","Delicatessen products, gourmet food and staple food > Oils and fats > Vegetable oils | Delicatessen products, gourmet food and staple food > Oils and fats > Sunflower oil | Delicatessen products, gourmet food and staple food > Oils and fats > Other Oils | Organic products > Organic delicatessen products, gourmet, general provisions and health foods > Organic oils and fats",4,TRON OILS,"Clean Label (organic, natural and non-GMO products) Gourmet & Specialty Food Kosher Organic products Plant-Based Proteins or Food (vegetarian, vegan)",,Australia China Germany Japan New Zealand Northern Europe Others Eastern Europe Others Oceania Southern Europe Türkiye Western Europe,,https://www.anuga.com/exhibitor/_aeth/
Afreximbank,Egypt,11.1,A058,"El-Maahad El-Eshteraky, Montazah, Heliopolis, 72B, 11757 Cairo",http://www.afreximbank.com,"Associations, organisations, trade press, services, IT Fine Food","Associations, organisations, trade press, services, IT","Associations, organisations, trade press, services, IT > Associations and organisations",1,,,,,,https://www.anuga.com/exhibitor/_afreximbank/
Aim Food Manufacturing Sdn Bhd,Malaysia,7.1,G030,"No. 23, Jalan TTC 29, Taman Teknologi Cheng, 75250 Melaka",https://aimfood.com/,Drinks,"Delicatessen products, gourmet food and staple food | Drinks | Organic products","Delicatessen products, gourmet food and staple food > Nutrients > Grains | Delicatessen products, gourmet food and staple food > Nutrients > Oat products | Drinks > Raw materials, reagents and additives > Fruit and vegetable preparation | Organic products > Organic drinks > Organic grain drinks | Organic products > Organic Free From, Health & Functional Foods > Organic dietary supplements",5,AIM,Halal,Products (Manufacturer's brand) for the food wholesale and retail trade,Australia Brazil Canada China Colombia East Africa Germany India Japan Mexico Middle East New Zealand North Africa Northern Europe Others Central America Others Eastern Europe Others Oceania Others South America Russia South Africa South East Asia Southern Europe Türkiye USA West Africa Western Europe,,https://www.anuga.com/exhibitor/aim_food_manufacturi/
ALAZAN,Mexico,3.1,C078+D079,"PUENTE DE PAJA 18, 09040 MEXICO CITY",http://www.alazan.com.mx,Fine Food,"Delicatessen products, gourmet food and staple food","Delicatessen products, gourmet food and staple food > Nutrients > Pulses | Delicatessen products, gourmet food and staple food > Nutrients > Grains",2,ALAZAN,,Products (Manufacturer's brand) for the food wholesale and retail trade,Australia Brazil Canada China Colombia East Africa Germany India Japan Mexico Middle East New Zealand North Africa Northern Europe Others Central America Others Eastern Europe Others Oceania Others South America Russia South Africa South East Asia Southern Europe Türkiye USA West Africa Western Europe,,https://www.anuga.com/exhibitor/_alazan/
ANTESCO,Vietnam,CF,Confexhall+B030+C039,"Hai Ba Trung, Long Xuyen Ward, 30-32, An Giang",https://antesco.com/,Fine Food,Frozen food and ice cream products,Frozen food and ice cream products > Frozen fruit and vegetables > Frozen fruit (unprocessed) | Frozen food and ice cream products > Frozen fruit and vegetables > Frozen fruit products | Frozen food and ice cream products > Frozen fruit and vegetables > Frozen vegetables (unprocessed) | Frozen food and ice cream products > Frozen fruit and vegetables > Frozen vegetable products,4,,,,,,https://www.anuga.com/exhibitor/_antesco/
"Baoqing Country Xinfeng Agricultural and Sideline Products Co., Ltd",China,CF,Confexhall+B052,"Lianfeng Village,Baoqing County, 155600 Shuangyashan",http://www.kingplus-world.com,Fine Food,"Delicatessen products, gourmet food and staple food","Delicatessen products, gourmet food and staple food > Dried fruit and vegetables > Kernels",1,,,,Australia Brazil Canada China Colombia East Africa Germany India Japan Mexico Middle East New Zealand North Africa Northern Europe Others Central America Others Eastern Europe Others Oceania Others South America Russia South Africa South East Asia Southern Europe Türkiye USA West Africa Western Europe,,https://www.anuga.com/exhibitor/_kingplus-world/
Bello Foods,Brazil,9.1,D042,"Rua Minas Gerais 1932, 85812-035 Cascavel",https://www.belloalimentos.com.br/,Meat,"Meat, sausage, game and poultry","Meat, sausage, game and poultry > Meat (unprocessed) > Pork | Meat, sausage, game and poultry > Meat (unprocessed) > Beef | Meat, sausage, game and poultry > Meat (unprocessed) > Poultry | Meat, sausage, game and poultry > Meat products > Other meat products",4,Bello Campesino Diplomata Levo Natur-al,Halal,Products (Manufacturer's brand) for the food wholesale and retail trade,Brazil Canada East Africa Germany Japan Mexico Middle East North Africa Northern Europe Others Central America Others Eastern Europe Others Oceania Others South America Russia South Africa South East Asia Southern Europe Türkiye West Africa Western Europe,,https://www.anuga.com/exhibitor/_bellofoods/
BFB FOODS BRASIL,Brazil,9.1,D044a,"Distrito Empresarial Mario Covas 70, 14841-024 Guariba",http://www.bfbfoods.com,Meat,"Delicatessen products, gourmet food and staple food | Meat, sausage, game and poultry","Delicatessen products, gourmet food and staple food > Confectionery and snack products > Snack products* | Delicatessen products, gourmet food and staple food > Sports nutrition > Snacks/bars | Meat, sausage, game and poultry > Meat products > Other meat products",3,BFB Foods QUICK Stick,"Free from, Health & Functional Food Halal private label",Products (Manufacturer's brand) for the food wholesale and retail trade Provided products (private label) for the food and wholesale and retail trade,Australia Brazil Canada China Colombia Germany India Mexico Middle East New Zealand Northern Europe Others Central America Others Eastern Europe Others South America South East Asia Southern Europe USA Western Europe,,https://www.anuga.com/exhibitor/_bfbfoods/
BFT BRAZIL TRADING COML EXP DE ALIMENTOS,Brazil,9.1,C040,"Sala 810 Rua João Wyclif 111, 86050-450 Londrina",https://bftfoods.com/,Meat,Frozen food and ice cream products,Frozen food and ice cream products > Frozen fruit and vegetables > Frozen vegetables (unprocessed) | Frozen food and ice cream products > Frozen meat > Frozen meat (unprocessed) | Frozen food and ice cream products > Frozen meat > Frozen poultry (unprocessed),3,ALMADINA,Halal,Products (Manufacturer's brand) for the food wholesale and retail trade,Brazil China East Africa Japan Mexico Middle East North Africa Northern Europe South Africa South East Asia Southern Europe USA West Africa Western Europe,,https://www.anuga.com/exhibitor/_bftfoods/
Bialetti Industrie Spa,Italy,8.1,C090,"Via Fogliano 1, 25030 Coccaglio (BS)",http://www.bialetti.com,Hot Beverages,Hot beverages,Hot beverages > Coffee > Coffee | Hot beverages > Coffee > Espresso | Hot beverages > Coffee > Specialty coffees | Hot beverages > Coffee > Coffee pads/capsules | Hot beverages > Coffee > Syrup/sauces for hot drinks | Hot beverages > Hot beverages for the Out of Home market > Coffee for the Out of Home market,6,BIALETTI,"Free from, Health & Functional Food Gourmet & Specialty Food Sustainably Produced or Packed",Products (Manufacturer's brand) for the food wholesale and retail trade,Australia Brazil Canada China Colombia East Africa Germany India Japan Mexico Middle East New Zealand North Africa Northern Europe Others Central America Others Eastern Europe Others Oceania Others South America Russia South Africa South East Asia Southern Europe Türkiye USA West Africa Western Europe,,https://www.anuga.com/exhibitor/_bialettigroup/
Birchall Tea Imporient (U.K.) Ltd,United Kingdom,8.1,B078,"Willow Way 54, LONDON SE26 4QP",http://www.birchalltea.co.uk,Hot Beverages,Hot beverages,Hot beverages > Tea > Black tea | Hot beverages > Tea > Green tea | Hot beverages > Tea > Fruit tea | Hot beverages > Tea > Herbal tea | Hot beverages > Tea > Other teas | Hot beverages > Hot beverages for the Out of Home market > Tea for the Out of Home market,6,Birchall Tea,,Products (Manufacturer's brand) for the food wholesale and retail trade Products for food service and catering,Australia Brazil Canada China Colombia East Africa Germany India Japan Mexico Middle East New Zealand North Africa Northern Europe Others Central America Others Eastern Europe Others South America South Africa South East Asia Southern Europe Türkiye USA West Africa Western Europe,,https://www.anuga.com/exhibitor/_birchalltea/
Cabaña Juramento,Argentina,6.1,C038a,"Avenida Tavella 2525, 4400 SALTA",http://www.juramento.com.ar,Meat,"Meat, sausage, game and poultry","Meat, sausage, game and poultry > Meat (unprocessed) > Beef | Meat, sausage, game and poultry > Meat (unprocessed) > Offal | Meat, sausage, game and poultry > Meat, sausage, game and poultry for the Out of Home market > Meat (unprocessed) for the Out of Home market | Meat, sausage, game and poultry > Meat, sausage, game and poultry for the Out of Home market > Meat products  for the Out of Home market",4,Bermejo Cabaña Juramento,Halal Kosher,Products (Manufacturer's brand) for the food wholesale and retail trade Products for food service and catering Products for the food processing industry Provided products (private label) for the food and wholesale and retail trade,Brazil Germany Others South America Russia Southern Europe,,https://www.anuga.com/exhibitor/_juramento/
Cachamai S.A.,Argentina,8.1,A076,"Av Libertador 6902, 1429 CABA",https://cachamai.com.ar/en/us/,Hot Beverages,"Dairy products | Delicatessen products, gourmet food and staple food | Hot beverages","Dairy products > Fruit preparations / ingredients / raw materials / auxiliary agents > Fruit preparations | Delicatessen products, gourmet food and staple food > Dried fruit and vegetables > Dried fruit | Delicatessen products, gourmet food and staple food > Confectionery and snack products > Snack products* | Delicatessen products, gourmet food and staple food > Delicatessen products, gourmet food and staple food for theOut of Home market > Confectionery and snack products for the Out of Home market | Delicatessen products, gourmet food and staple food > Sports nutrition > Snacks/bars | Hot beverages > Tea > Black tea | Hot beverages > Tea > Green tea | Hot beverages > Tea > Fruit tea | Hot beverages > Tea > Herbal tea | Hot beverages > Tea > Other teas",10,Cachamai Cachamate Frutty O´clock,Convenience & Snacking Gourmet & Specialty Food Kosher private label Sustainably Produced or Packed,Products (Manufacturer's brand) for the food wholesale and retail trade Products for food service and catering Products for the food processing industry Provided products (private label) for the food and wholesale and retail trade,Australia Brazil Canada China Colombia East Africa Germany India Japan Mexico Middle East New Zealand North Africa Northern Europe Others Central America Others Eastern Europe Others Oceania Others South America Russia South Africa South East Asia Southern Europe Türkiye USA West Africa Western Europe,,https://www.anuga.com/exhibitor/_cachamai/
CAFESA TRADING SRL / HESAR HNOS S.A,Argentina,3.1,B074,"PASAJE CARMEN 116, BUENOS AIRES",http://www.cafesatrading.com.ar,Fine Food,"Delicatessen products, gourmet food and staple food","Delicatessen products, gourmet food and staple food > Dried fruit and vegetables > Nuts | Delicatessen products, gourmet food and staple food > Dried fruit and vegetables > Kernels",2,Cafesa Trading,Convenience & Snacking Halal Kosher Sustainably Produced or Packed,Products (Manufacturer's brand) for the food wholesale and retail trade Products for the food processing industry,Australia China Germany Japan New Zealand Northern Europe Others Eastern Europe Russia Southern Europe Türkiye Western Europe,,https://www.anuga.com/exhibitor/_cafesatrading/
Carbo-Ar,Argentina,4.1,C096,"27 de Abril 351, X5000 Córdoba",http://www.carboar.ar,Fine Food,"Meat, sausage, game and poultry","Meat, sausage, game and poultry > Raw ingredients and auxiliary agents for butchers > Other raw ingredients for butchers | Meat, sausage, game and poultry > Meat, sausage, game and poultry for the Out of Home market > Raw ingredients and auxiliary agents for butchers for the Out of Home market",2,CARBO-AR,,Products (Manufacturer's brand) for the food wholesale and retail trade Products for food service and catering,Germany Northern Europe Others Eastern Europe Russia Southern Europe Türkiye Western Europe,,https://www.anuga.com/exhibitor/_carboar/
"Cárdeno, S.A.",Spain,7.1,B069,"Calle Matadero 11, 06280 Fuentes de León",http://www.cardeno.es,Meat,"Meat, sausage, game and poultry","Meat, sausage, game and poultry > Meat (unprocessed) > Pork | Meat, sausage, game and poultry > Meat products > Other raw sausage | Meat, sausage, game and poultry > Meat products > Uncooked ham | Meat, sausage, game and poultry > Meat products > Bacon | Meat, sausage, game and poultry > Meat products > Lard and suet | Meat, sausage, game and poultry > Meat products > Other meat products",6,1910 CÁRDENO,"Clean Label (organic, natural and non-GMO products) Gourmet & Specialty Food",Products (Manufacturer's brand) for the food wholesale and retail trade Products for food service and catering Products for the food processing industry,Germany Northern Europe Southern Europe Western Europe,,https://www.anuga.com/exhibitor/_cardeno/
Center,Kyrgyzstan,11.3,C051,"Abdumomunova 207, Bishkek",http://www.export.gov.kg,"Associations, organisations, trade press, services, IT Meat","Associations, organisations, trade press, services, IT","Associations, organisations, trade press, services, IT > Associations and organisations",1,,,,,,https://www.anuga.com/exhibitor/center_kyrgyz_export/
Comesul Beef,Brazil,6.1,E076,"Rua D. Pedro II 891, 7 Andar 891, 90550-142 Porto Alegre",https://www.comesulbeef.com.br,Meat,"Meat, sausage, game and poultry","Meat, sausage, game and poultry > Meat (unprocessed) > Beef | Meat, sausage, game and poultry > Meat (unprocessed) > Offal",2,ComeSul Beef,,,,,https://www.anuga.com/exhibitor/_comesulbeef/
Cooperativa Apícola del Paraná Ltda.,Argentina,3.2,B063,"Depto. 18 Montevideo 234, 3100 Paraná",http://www.coadelpa.com,Bread & Bakery,"Bread, baked goods and spreads | Organic products","Bread, baked goods and spreads > Spreads > Honey | Bread, baked goods and spreads > Raw materials/ingredients/auxiliary agents for baking > Raw materials/ingredients | Organic products > Organic bread, baked goods and spreads > Organic honey",3,Caranday La Nodriza,"Clean Label (organic, natural and non-GMO products) Organic products private label Sustainably Produced or Packed",Products (Manufacturer's brand) for the food wholesale and retail trade Products for the food processing industry Provided products (private label) for the food and wholesale and retail trade,Australia Colombia Germany Japan Middle East Northern Europe Others South America USA,,https://www.anuga.com/exhibitor/_gmail_2/
Coopérative des Sauniers de l'Ile de Ré,France,10.2,F016,"Route de la Prée 7, 17590 ARS EN RE",http://www.sauniers-iledere.com,Fine Food,"Delicatessen products, gourmet food and staple food | Organic products","Delicatessen products, gourmet food and staple food > General provisions and staple foods > Salt | Delicatessen products, gourmet food and staple food > Delicatessen sauces and seasonings > Herbs and spices | Organic products > Organic delicatessen products, gourmet, general provisions and health foods > Organic herbs and spices",3,,"Clean Label (organic, natural and non-GMO products) Free from, Health & Functional Food Gourmet & Specialty Food Halal private label Sustainably Produced or Packed",Products (Manufacturer's brand) for the food wholesale and retail trade Products for food service and catering Products for the food processing industry Provided products (private label) for the food and wholesale and retail trade,Australia Brazil Canada China India Japan Middle East New Zealand Northern Europe Others Eastern Europe Others Oceania South Africa South East Asia USA Western Europe,,https://www.anuga.com/exhibitor/_sauniers-iledere/
Ecopecan,Argentina,4.1,B091gC098g,"Enrique Albornoz 185, 3122 Cerrito",https://www.instagram.com/ecopecan_,Fine Food,"Delicatessen products, gourmet food and staple food","Delicatessen products, gourmet food and staple food > Dried fruit and vegetables > Dried fruit | Delicatessen products, gourmet food and staple food > Dried fruit and vegetables > Nuts",2,Ecopecan - Argentina Pecans,Superfoods & Ancient Grains Sustainably Produced or Packed,Products for the food processing industry,Germany Middle East Others Oceania South East Asia Southern Europe Western Europe,,https://www.anuga.com/exhibitor/_gmail_3/
ECOTRADING YVA PY,Paraguay,5.1,C059+D058,"AGUAPETY 2DA LINEZ 1110, 111010 CORONEL OVIEDO",http://www.ecotrading.com.py,Organic,Organic products,"Organic products > Organic delicatessen products, gourmet, general provisions and health foods > Organic grain products",1,,Superfoods & Ancient Grains,Products (Manufacturer's brand) for the food wholesale and retail trade Provided products (private label) for the food and wholesale and retail trade,Australia Brazil Canada China Colombia East Africa Germany India Japan Mexico Middle East New Zealand North Africa Northern Europe Others Central America Others Eastern Europe Others Oceania Others South America Russia South Africa South East Asia Southern Europe Türkiye USA West Africa Western Europe,,https://www.anuga.com/exhibitor/_ecotrading/
Ekoagros - Litfood,Lithuania,10.2,E036gF037g,"Laisves Au. 67, Kaunas, 44304 Kaunas",http://www.export.litfood.lt,"Associations, organisations, trade press, services, IT","Associations, organisations, trade press, services, IT","Associations, organisations, trade press, services, IT > Associations and organisations > Associations | Associations, organisations, trade press, services, IT > Associations and organisations > Organisations",2,,"Alternative Proteins (insects, lab cultured proteins) Clean Label (organic, natural and non-GMO products) Convenience & Snacking Free from, Health & Functional Food Gourmet & Specialty Food Halal Kosher Organic products Plant-Based Proteins or Food (vegetarian, vegan) private label Superfoods & Ancient Grains Sustainably Produced or Packed",,Australia Brazil Canada China Colombia East Africa Germany India Japan Mexico Middle East New Zealand North Africa Northern Europe Others Central America Others Eastern Europe Others Oceania Others South America South Africa South East Asia Southern Europe Türkiye USA West Africa Western Europe,,https://www.anuga.com/exhibitor/ekoagros_-_litfood/
"FANCY FOODS MANUFACTURE TRADING CO., LTD",Vietnam,CF,Confexhall+D050+E059,"TAN SON HOA WARD NGU BINH NO. 1, 70000 Ho Chi Minh",http://www.fancyfoods.vn,Fine Food,"Dairy products | Delicatessen products, gourmet food and staple food","Dairy products > Cream and cream products > Pasteurised cream | Dairy products > Cream and cream products > Long-life cream | Dairy products > Cream and cream products > Sterilised cream | Dairy products > Cream and cream products > Crème fraîche | Dairy products > Cream and cream products > Aerosol cream | Dairy products > Dried milk products > Lactoprotein | Delicatessen products, gourmet food and staple food > Confectionery and snack products > Chocolate* | Delicatessen products, gourmet food and staple food > Confectionery and snack products > Other cocoa and chocolate products* | Delicatessen products, gourmet food and staple food > Confectionery and snack products > Other confectionery*",9,Cacao Talk Brand Queenam Brand,Gourmet & Specialty Food,Products (Manufacturer's brand) for the food wholesale and retail trade Products for food service and catering Products for the food processing industry Provided products (private label) for the food and wholesale and retail trade,Australia Brazil Canada China Colombia East Africa Germany India Japan Mexico Middle East New Zealand North Africa Northern Europe Others Central America Others Eastern Europe Others Oceania Others South America Russia South Africa South East Asia Southern Europe Türkiye USA West Africa Western Europe,,https://www.anuga.com/exhibitor/fancy_foods_manufact/
Favamole B.V.,Netherlands,1.2,D020,"Nieuwe Hemweg 4 E, 1013 BG AMSTERDAM",http://www.favamole.nl,Alternatives,Alternatives | Organic products,Alternatives > Alternative meat products > Meat alternatives made from vegetables | Alternatives > Alternative milk and dairy products > Other hard cheese alternatives | Alternatives > Alternative milk and dairy products > Other cheese alternatives | Alternatives > Alternative milk and dairy products > Other dairy product alternatives | Organic products > Organic Alternatives > Organic milk and dairy products,5,,"Plant-Based Proteins or Food (vegetarian, vegan)",Products (Manufacturer's brand) for the food wholesale and retail trade Products for food service and catering Provided products (private label) for the food and wholesale and retail trade,Germany Northern Europe Southern Europe Western Europe,,https://www.anuga.com/exhibitor/favamole_bv/
"Fujian Xiangda Imp. & Exp. Co., Ltd.",China,1.2,N046,"No.10 Long Mei Road, Longwen District, 363005 Zhangzhou ,Fujian",http://www.xd-corp.com,Fine Food,"Associations, organisations, trade press, services, IT | Delicatessen products, gourmet food and staple food","Associations, organisations, trade press, services, IT > Services, IT > Other services | Delicatessen products, gourmet food and staple food > Canned food > Other preserves",2,,,,Australia Canada Germany Middle East New Zealand Northern Europe Others Eastern Europe Russia Southern Europe USA Western Europe,,https://www.anuga.com/exhibitor/_xd-corp/
Grasslands Brokerage & Consulting Ltd,Canada,11.2,D049a,"100-1260 8th Ave, Regina S4R 1C9",http://www.grasslandsltd.com,Fine Food,"Delicatessen products, gourmet food and staple food","Delicatessen products, gourmet food and staple food > Nutrients > Pulses | Delicatessen products, gourmet food and staple food > Nutrients > Grains | Delicatessen products, gourmet food and staple food > Nutrients > Barley products | Delicatessen products, gourmet food and staple food > Nutrients > Buckwheat products | Delicatessen products, gourmet food and staple food > Nutrients > Durum wheat products | Delicatessen products, gourmet food and staple food > Nutrients > Cereals",6,Grasslands Canadian Khorasan Prairie Berries,Organic products Superfoods & Ancient Grains,Products for the food processing industry,Canada Germany Japan Mexico North Africa Northern Europe Others Central America South East Asia USA Western Europe,,https://www.anuga.com/exhibitor/_grasslandsltd/
Hazelnut Growers of Oregon,United States of America,10.2,G075a,"21260 Butteville Rd NE, Aurora ,OR 97002-9773",http://www.hazelnut.com,Fine Food,"Bread, baked goods and spreads | Delicatessen products, gourmet food and staple food","Bread, baked goods and spreads > Spreads > Nut/nougat spreads | Delicatessen products, gourmet food and staple food > General provisions and staple foods > Other ingredients for baking | Delicatessen products, gourmet food and staple food > Dried fruit and vegetables > Nuts | Delicatessen products, gourmet food and staple food > Confectionery and snack products > Pralines* | Delicatessen products, gourmet food and staple food > Confectionery and snack products > Confectionery products from kernels*",5,Hazelnut Growers of Oregon,"Clean Label (organic, natural and non-GMO products) Kosher private label Sustainably Produced or Packed",Products (Manufacturer's brand) for the food wholesale and retail trade Products for food service and catering Products for the food processing industry Provided products (private label) for the food and wholesale and retail trade,Australia Brazil Canada China Germany India Japan Mexico Middle East Northern Europe Others Eastern Europe Southern Europe USA Western Europe,,https://www.anuga.com/exhibitor/hazelnut_growers_of/
HOANG SON I JSC,Vietnam,CF,Confexhall+A030+B039,"Nghia Trung Commune Hamlet 2, Dong Nai",https://hoangson1.vn/,Fine Food,"Fresh convenience food, fresh delicatessen, fish, fruit & vegetables","Fresh convenience food, fresh delicatessen, fish, fruit & vegetables > Raw ingredients and auxiliary agents for chilled foods > Other raw ingredients and auxiliary agents",1,Hoang Son I,,,,,https://www.anuga.com/exhibitor/_gmail_5/
Indugrapa SA,Paraguay,5.1,C059+D058,"Ruta PY02 Mariscal Estigarribia km 67 km 67, 0000 Eusebio Ayala",http://www.indugrapa.com,Organic,"Bread, baked goods and spreads | Fresh convenience food, fresh delicatessen, fish, fruit & vegetables | Organic products","Bread, baked goods and spreads > Raw materials/ingredients/auxiliary agents for baking > Raw materials/ingredients | Fresh convenience food, fresh delicatessen, fish, fruit & vegetables > Raw ingredients and auxiliary agents for chilled foods > Other raw ingredients and auxiliary agents | Organic products > Organic delicatessen products, gourmet, general provisions and health foods > Organic grain products | Organic products > Organic delicatessen products, gourmet, general provisions and health foods > Organic pulses",4,,"Kosher Organic products Plant-Based Proteins or Food (vegetarian, vegan) Superfoods & Ancient Grains",Products (Manufacturer's brand) for the food wholesale and retail trade,Australia Canada Germany Japan Mexico Middle East New Zealand North Africa Northern Europe South Africa South East Asia Türkiye USA West Africa Western Europe,,https://www.anuga.com/exhibitor/_indugrapa/
J.B. Gottstein Foods Co. Division of Safeway/Albertson's,United States of America,10.2,I070,"2125 E 79th Ave, Anchorage ,AK 99507-2957",http://www.jbgottstein.com,Fine Food,"Bread, baked goods and spreads | Dairy products | Delicatessen products, gourmet food and staple food | Drinks | Frozen food and ice cream products | Hot beverages | Organic products","Bread, baked goods and spreads > Long-life baked goods > Biscuits and crackers | Dairy products > Milk and dairy products > Condensed milk | Dairy products > Cream and cream products > Coffee cream | Dairy products > Cheese > Hard cheese | Dairy products > Cheese > Slicing cheese/semi-hard cheese | Dairy products > Cheese > Semi-solid sliced cheese | Dairy products > Cheese > Soft cheese | Dairy products > Cheese > Processed cheese and preparations | Dairy products > Cheese > Cream cheese | Dairy products > Cheese > Cream cheese with added ingredients | Dairy products > Cheese > Non-pasteurised cheese | Delicatessen products, gourmet food and staple food > General provisions and staple foods > Sugar | Delicatessen products, gourmet food and staple food > General provisions and staple foods > Salt | Delicatessen products, gourmet food and staple food > General provisions and staple foods > Flour | Delicatessen products, gourmet food and staple food > General provisions and staple foods > Starches | Delicatessen products, gourmet food and staple food > General provisions and staple foods > Yeast | Delicatessen products, gourmet food and staple food > General provisions and staple foods > Breadcrumbs | Delicatessen products, gourmet food and staple food > General provisions and staple foods > Baking agents and basic ingredients for baking | Delicatessen products, gourmet food and staple food > General provisions and staple foods > Baking powder | Delicatessen products, gourmet food and staple food > General provisions and staple foods > Vanilla/vanillin sugar | Delicatessen products, gourmet food and staple food > General provisions and staple foods > Other ingredients for baking | Delicatessen products, gourmet food and staple food > Nutrients > Pasta (non-chilled) | Delicatessen products, gourmet food and staple food > Nutrients > Rice  (non-chilled) | Delicatessen products, gourmet food and staple food > Nutrients > Rice products | Delicatessen products, gourmet food and staple food > Nutrients > Potato products  (non-chilled) | Delicatessen products, gourmet food and staple food > Nutrients > Pulses | Delicatessen products, gourmet food and staple food > Nutrients > Grains | Delicatessen products, gourmet food and staple food > Nutrients > Semolina | Delicatessen products, gourmet food and staple food > Nutrients > Oat products | Delicatessen products, gourmet food and staple food > Nutrients > Barley products | Delicatessen products, gourmet food and staple food > Nutrients > Buckwheat products | Delicatessen products, gourmet food and staple food > Nutrients > Cereals | Delicatessen products, gourmet food and staple food > Nutrients > Muesli | Delicatessen products, gourmet food and staple food > Nutrients > Cornflakes | Delicatessen products, gourmet food and staple food > Nutrients > Other nutrients | Delicatessen products, gourmet food and staple food > Canned food > Canned fruit and pulpes | Delicatessen products, gourmet food and staple food > Canned food > Fruit preserves | Delicatessen products, gourmet food and staple food > Canned food > Vegetable preserves | Delicatessen products, gourmet food and staple food > Canned food > Mushroom preserves | Delicatessen products, gourmet food and staple food > Canned food > Pickled products | Delicatessen products, gourmet food and staple food > Canned food > Fish preserves | Delicatessen products, gourmet food and staple food > Canned food > Mixed preserves | Delicatessen products, gourmet food and staple food > Canned food > Palm hearts | Delicatessen products, gourmet food and staple food > Canned food > Snails | Delicatessen products, gourmet food and staple food > Canned food > Preserved antipasti | Delicatessen products, gourmet food and staple food > Canned food > Olives | Delicatessen products, gourmet food and staple food > Canned food > Soya-bean products (tofu) | Delicatessen products, gourmet food and staple food > Canned food > Other preserves | Delicatessen products, gourmet food and staple food > Ready-meals and soup products > Ready-meals (non-chilled) | Delicatessen products, gourmet food and staple food > Ready-meals and soup products > Ingredients for ready-meals (non-chilled) | Delicatessen products, gourmet food and staple food > Ready-meals and soup products > Powdered soups (non-chilled) | Delicatessen products, gourmet food and staple food > Ready-meals and soup products > Non-powdered soups (non-chilled) | Delicatessen products, gourmet food and staple food > Ready-meals and soup products > Seasonings | Delicatessen products, gourmet food and staple food > Ready-meals and soup products > Sauces and gravies (non-chilled) | Delicatessen products, gourmet food and staple food > Ready-meals and soup products > Stocks (non-chilled) | Delicatessen products, gourmet food and staple food > Ready-meals and soup products > Meat Extracts | Delicatessen products, gourmet food and staple food > Ready-meals and soup products > Soup stocks | Delicatessen products, gourmet food and staple food > Ready-meals and soup products > Other soup products | Delicatessen products, gourmet food and staple food > Delicatessen sauces and seasonings > Salat dressings (non-chilled) | Delicatessen products, gourmet food and staple food > Delicatessen sauces and seasonings > Vinegar | Delicatessen products, gourmet food and staple food > Delicatessen sauces and seasonings > Mustard | Delicatessen products, gourmet food and staple food > Delicatessen sauces and seasonings > Mayonnaise | Delicatessen products, gourmet food and staple food > Delicatessen sauces and seasonings > Ketchup | Delicatessen products, gourmet food and staple food > Delicatessen sauces and seasonings > Horseradish | Delicatessen products, gourmet food and staple food > Delicatessen sauces and seasonings > Tomato paste, concentrate and puree | Delicatessen products, gourmet food and staple food > Delicatessen sauces and seasonings > Pesto | Delicatessen products, gourmet food and staple food > Delicatessen sauces and seasonings > Soy sauce | Delicatessen products, gourmet food and staple food > Delicatessen sauces and seasonings > Essences and aromas | Delicatessen products, gourmet food and staple food > Delicatessen sauces and seasonings > Chutneys | Delicatessen products, gourmet food and staple food > Delicatessen sauces and seasonings > Herbs and spices | Delicatessen products, gourmet food and staple food > Delicatessen sauces and seasonings > Grill sauce/barbecue sauce | Delicatessen products, gourmet food and staple food > Delicatessen sauces and seasonings > Salsa Sauce | Delicatessen products, gourmet food and staple food > Delicatessen sauces and seasonings > Other seasonings and seasoning sauces | Delicatessen products, gourmet food and staple food > Dried fruit and vegetables > Dried fruit | Delicatessen products, gourmet food and staple food > Dried fruit and vegetables > Dates | Delicatessen products, gourmet food and staple food > Dried fruit and vegetables > Figs | Delicatessen products, gourmet food and staple food > Dried fruit and vegetables > Dried vegetables | Delicatessen products, gourmet food and staple food > Dried fruit and vegetables > Dried mushrooms | Delicatessen products, gourmet food and staple food > Dried fruit and vegetables > Truffles | Delicatessen products, gourmet food and staple food > Dried fruit and vegetables > Nuts | Delicatessen products, gourmet food and staple food > Dried fruit and vegetables > Almonds | Delicatessen products, gourmet food and staple food > Dried fruit and vegetables > Pistachio nuts | Delicatessen products, gourmet food and staple food > Dried fruit and vegetables > Kernels | Delicatessen products, gourmet food and staple food > Dried fruit and vegetables > Cocktail fruit | Delicatessen products, gourmet food and staple food > Dried fruit and vegetables > Preserved fruit | Delicatessen products, gourmet food and staple food > Oils and fats > Vegetables fats | Delicatessen products, gourmet food and staple food > Oils and fats > Vegetable oils | Delicatessen products, gourmet food and staple food > Oils and fats > Olive oil | Delicatessen products, gourmet food and staple food > Oils and fats > Sesame oil | Delicatessen products, gourmet food and staple food > Oils and fats > Sunflower oil | Delicatessen products, gourmet food and staple food > Confectionery and snack products > Chocolate* | Delicatessen products, gourmet food and staple food > Confectionery and snack products > Other cocoa and chocolate products* | Delicatessen products, gourmet food and staple food > Confectionery and snack products > Sugar confectionery* | Delicatessen products, gourmet food and staple food > Delicatessen products, gourmet food and staple food for theOut of Home market > Ready-meals and soup products for the Out of Home market | Delicatessen products, gourmet food and staple food > Delicatessen products, gourmet food and staple food for theOut of Home market > Delicatessen sauces and seasonings for the Out of Home market | Delicatessen products, gourmet food and staple food > Delicatessen products, gourmet food and staple food for theOut of Home market > Dried fruit and vegetables for the Out of Home market | Delicatessen products, gourmet food and staple food > Delicatessen products, gourmet food and staple food for theOut of Home market > Confectionery and snack products for the Out of Home market | Delicatessen products, gourmet food and staple food > Reform products and functional food > Lactose-free food | Delicatessen products, gourmet food and staple food > Reform products and functional food > Gluten-free food | Delicatessen products, gourmet food and staple food > Reform products and functional food > Food containing fructose and/or artificial sweeteners | Delicatessen products, gourmet food and staple food > Reform products and functional food > Low salt products | Delicatessen products, gourmet food and staple food > Reform products and functional food > Food for babies and children | Delicatessen products, gourmet food and staple food > Sports nutrition > Snacks/bars | Drinks > Non-alcoholic beverages > Vegetable juices | Drinks > Non-alcoholic beverages > Spring water | Drinks > Non-alcoholic beverages > Artificially carbonated water | Drinks > Non-alcoholic beverages > Soft drinks | Drinks > Non-alcoholic beverages > Caffeinated cold drinks | Drinks > Non-alcoholic beverages > Instant beverages | Drinks > Non-alcoholic beverages > Syrups | Frozen food and ice cream products > Frozen fruit and vegetables > Frozen fruit (unprocessed) | Frozen food and ice cream products > Frozen fruit and vegetables > Frozen fruit products | Frozen food and ice cream products > Frozen fruit and vegetables > Frozen vegetables (unprocessed) | Frozen food and ice cream products > Frozen fruit and vegetables > Frozen vegetable products | Frozen food and ice cream products > Frozen fruit and vegetables > Frozen potato products | Frozen food and ice cream products > Frozen fruit and vegetables > Frozen herbs | Frozen food and ice cream products > Frozen ready-meals > Frozen ready-meal ingredients | Frozen food and ice cream products > Frozen ready-meals > Frozen pizzas | Frozen food and ice cream products > Frozen ready-meals > Frozen snacks/Finger food | Frozen food and ice cream products > Frozen ready-meals > Forzen meat-based ready-meals | Frozen food and ice cream products > Frozen baked goods > Frozen tarts | Frozen food and ice cream products > Frozen baked goods > Frozen cakes | Frozen food and ice cream products > Frozen baked goods > Frozen bread and rolls | Frozen food and ice cream products > Frozen baked goods > Frozen small pastries | Frozen food and ice cream products > Frozen baked goods > Frozen dumplings | Frozen food and ice cream products > Frozen baked goods > Frozen flour-based desserts | Frozen food and ice cream products > Frozen baked goods > Frozen savoury baked goods | Frozen food and ice cream products > Frozen baked goods > Other frozen baked goods | Frozen food and ice cream products > Ice cream > Ice cream | Frozen food and ice cream products > Ice cream > Plant-based ice cream | Frozen food and ice cream products > Frozen dairy products > Frozen dairy products | Hot beverages > Coffee > Coffee | Hot beverages > Coffee > Instant hot beverages | Hot beverages > Tea > Black tea | Hot beverages > Tea > Green tea | Hot beverages > Tea > Fruit tea | Hot beverages > Tea > Herbal tea | Hot beverages > Tea > Other teas | Hot beverages > Cocoa > Cocoa powder and mixtures | Hot beverages > Cocoa > Raw cocoa | Organic products > Organic delicatessen products, gourmet, general provisions and health foods > Organic general provisions and staple foods | Organic products > Organic delicatessen products, gourmet, general provisions and health foods > Organic rice and rice products | Organic products > Organic delicatessen products, gourmet, general provisions and health foods > Organic cereals, muesli, cornflakes | Organic products > Organic delicatessen products, gourmet, general provisions and health foods > Other organic preserves | Organic products > Organic delicatessen products, gourmet, general provisions and health foods > Organic soups and soup products | Organic products > Organic delicatessen products, gourmet, general provisions and health foods > Organic salad dressings | Organic products > Organic delicatessen products, gourmet, general provisions and health foods > Organic seasonings and sauce seasonings | Organic products > Organic delicatessen products, gourmet, general provisions and health foods > Organic herbs and spices | Organic products > Organic delicatessen products, gourmet, general provisions and health foods > Dried organic fruit and vegetables | Organic products > Organic delicatessen products, gourmet, general provisions and health foods > Organic nuts, almonds, kernels | Organic products > Organic delicatessen products, gourmet, general provisions and health foods > Organic oils and fats | Organic products > Organic delicatessen products, gourmet, general provisions and health foods > Organic food for babies and children | Organic products > Organic delicatessen products, gourmet, general provisions and health foods > Organic Sugar Confectionery | Organic products > Organic delicatessen products, gourmet, general provisions and health foods > Organic snack products | Organic products > Organic delicatessen products, gourmet, general provisions and health foods > Other organic confectionery and organic snack products | Organic products > Frozen organic products > Frozen organic fruit and vegetable products | Organic products > Frozen organic products > Frozen organic baked goods | Organic products > Frozen organic products > Organic ice cream | Organic products > Frozen organic products > Other frozen organic products | Organic products > Organic milk and dairy products, Milk substitute products > Organic cheese | Organic products > Organic milk and dairy products, Milk substitute products > Organic butter | Organic products > Organic drinks > Organic fruit juices | Organic products > Organic drinks > Organic vegetable juices | Organic products > Organic hot beverages > Organic coffee | Organic products > Organic hot beverages > Organic tea",165,Lucerne O Organic Open Nature Signature Reserve Signature Select Soleil,"Clean Label (organic, natural and non-GMO products) Convenience & Snacking Kosher Organic products Plant-Based Proteins or Food (vegetarian, vegan) private label",Provided products (private label) for the food and wholesale and retail trade,Australia Brazil China Colombia East Africa Germany India Japan Mexico Middle East New Zealand North Africa Northern Europe Others Central America Others Eastern Europe Others Oceania Others South America South Africa South East Asia Southern Europe Türkiye USA West Africa Western Europe,,https://www.anuga.com/exhibitor/_albertsons/
JVK FOODS PC,Greece,11.2,G029,"KOUTARELIA 12, 383 33 VOLOS",http://www.jvkfoods.com,Fine Food,"Delicatessen products, gourmet food and staple food | Organic products","Delicatessen products, gourmet food and staple food > Nutrients > Grains | Delicatessen products, gourmet food and staple food > Delicatessen sauces and seasonings > Herbs and spices | Delicatessen products, gourmet food and staple food > Delicatessen sauces and seasonings > Other seasonings and seasoning sauces | Organic products > Organic delicatessen products, gourmet, general provisions and health foods > Organic seasonings and sauce seasonings | Organic products > Organic delicatessen products, gourmet, general provisions and health foods > Organic herbs and spices",5,,"Clean Label (organic, natural and non-GMO products) Kosher Organic products Plant-Based Proteins or Food (vegetarian, vegan) private label Superfoods & Ancient Grains Sustainably Produced or Packed",Products (Manufacturer's brand) for the food wholesale and retail trade Products for food service and catering Products for the food processing industry Provided products (private label) for the food and wholesale and retail trade,Australia Brazil Canada China Colombia Germany India Japan Mexico Middle East New Zealand North Africa Northern Europe Others Eastern Europe Russia South Africa South East Asia Southern Europe Türkiye USA Western Europe,,https://www.anuga.com/exhibitor/_jvkfoods/
kraftschluck UG,Germany,B.1,Boulevard+154%2C+Boulevard+154l,"Industriestr. 21A, 90441 Nürnberg",http://www.kraftschluck.bio,Start-up Area,Drinks | Organic products,"Drinks > Non-alcoholic beverages > Fruit juices | Drinks > Non-alcoholic beverages > Vegetable juices | Drinks > Non-alcoholic beverages > Other non-alcoholic drinks | Drinks > Drinks for the Out of Home market > Non-alcoholic drinks for the Out of Home market | Organic products > Organic drinks > Organic fruit juices | Organic products > Organic drinks > Organic vegetable juices | Organic products > Organic drinks > Organic soft-drinks | Organic products > Organic drinks > Other organic non-alcoholic drinks | Organic products > Organic Free From, Health & Functional Foods > Organic gluten-free products | Organic products > Organic products for the Out of Home market > Organic drinks for the Out of Home market",10,kraftschluck │ SMOOTHIE VON HIER,"Clean Label (organic, natural and non-GMO products) Convenience & Snacking Organic products Plant-Based Proteins or Food (vegetarian, vegan) Superfoods & Ancient Grains Sustainably Produced or Packed",Products (Manufacturer's brand) for the food wholesale and retail trade Products for food service and catering,Germany,,https://www.anuga.com/exhibitor/_kraftschluck/
"KSF CO., LTD","Korea, Republic of",5.2,A066,"48-55, Yongjeonggyeongje-ro 1-gil, Gunnae-myeon, 11154 Pocheon-si",http://www.kfsintl.com,Fine Food,Drinks | Hot beverages,Drinks > Drinks for the Out of Home market > Non-alcoholic drinks for the Out of Home market | Hot beverages > Tea > Black tea | Hot beverages > Tea > Fruit tea | Hot beverages > Tea > Herbal tea | Hot beverages > Tea > Other teas,5,KOTSAM ms.corea ORZO VONBEE,"Convenience & Snacking Halal Plant-Based Proteins or Food (vegetarian, vegan) private label Superfoods & Ancient Grains",Products (Manufacturer's brand) for the food wholesale and retail trade Products for food service and catering Provided products (private label) for the food and wholesale and retail trade,Australia Brazil Canada China Colombia East Africa Germany India Mexico Middle East New Zealand North Africa Northern Europe Others Central America Others Eastern Europe Others Oceania Others South America Russia South Africa South East Asia Southern Europe Türkiye USA West Africa Western Europe,,https://www.anuga.com/exhibitor/ksf_co_ltd/
LA MORENA,Mexico,3.1,C078+D079,"9asur 5102, 72430 PUEBLA",https://lamorena.com.mx/,Fine Food,"Dairy products | Delicatessen products, gourmet food and staple food","Dairy products > Fruit preparations / ingredients / raw materials / auxiliary agents > Fruit preparations | Delicatessen products, gourmet food and staple food > Canned food > Canned fruit and pulpes | Delicatessen products, gourmet food and staple food > Canned food > Vegetable preserves | Delicatessen products, gourmet food and staple food > Canned food > Pickled products | Delicatessen products, gourmet food and staple food > Canned food > Soya-bean products (tofu) | Delicatessen products, gourmet food and staple food > Canned food > Other preserves",6,LAMORENA NAREMO,Gourmet & Specialty Food Kosher private label,Products (Manufacturer's brand) for the food wholesale and retail trade Products for food service and catering Products for the food processing industry Provided products (private label) for the food and wholesale and retail trade,Australia Brazil Canada China Colombia East Africa Germany India Japan Mexico Middle East New Zealand North Africa Northern Europe Others Central America Others Eastern Europe Others Oceania Others South America Russia South Africa South East Asia Southern Europe Türkiye USA West Africa Western Europe,,https://www.anuga.com/exhibitor/_grupolamorena/
Lai Phu Corporation,Vietnam,CF,Confexhall+E050+F059,"No. 2, Street 206, Hamlet 32, Binh My Commune, 70000 Ho Chi Minh",http://www.laiphufood.com,Fine Food,"Bread, baked goods and spreads | Dairy products | Delicatessen products, gourmet food and staple food | Drinks | Hot beverages | Organic products","Bread, baked goods and spreads > Long-life baked goods > Biscuits and crackers | Dairy products > Desserts > Custard | Dairy products > Desserts > Rice pudding / semolina | Dairy products > Desserts > Crèmes | Dairy products > Desserts > Mousses | Dairy products > Desserts > Dessert sauces | Dairy products > Desserts > Other desserts | Delicatessen products, gourmet food and staple food > General provisions and staple foods > Raw ingredients (Baking) | Delicatessen products, gourmet food and staple food > General provisions and staple foods > Baking powder | Delicatessen products, gourmet food and staple food > Confectionery and snack products > Chocolate* | Delicatessen products, gourmet food and staple food > Confectionery and snack products > Sugar confectionery* | Delicatessen products, gourmet food and staple food > Confectionery and snack products > Confectionery products from kernels* | Delicatessen products, gourmet food and staple food > Confectionery and snack products > Snack products* | Delicatessen products, gourmet food and staple food > Confectionery and snack products > Insect-based snack products | Delicatessen products, gourmet food and staple food > Confectionery and snack products > Other confectionery* | Drinks > Non-alcoholic beverages > Fruit juice drinks | Hot beverages > Tea > Black tea | Hot beverages > Tea > Green tea | Hot beverages > Tea > Fruit tea | Hot beverages > Tea > Herbal tea | Hot beverages > Tea > Tea extract | Hot beverages > Tea > Other teas | Hot beverages > Tea > Plant extracts | Organic products > Organic delicatessen products, gourmet, general provisions and health foods > Organic Sugar Confectionery",24,,Convenience & Snacking,Products (Manufacturer's brand) for the food wholesale and retail trade Products for food service and catering Products for the food processing industry Provided products (private label) for the food and wholesale and retail trade,Australia Brazil Canada China Colombia East Africa Germany India Japan Mexico Middle East New Zealand North Africa Northern Europe Others Central America Others Eastern Europe Others Oceania Others South America Russia South Africa South East Asia Southern Europe Türkiye USA West Africa Western Europe,,https://www.anuga.com/exhibitor/lai_phu_corporation/
Latinagri S.A. - Legado Montés,Ecuador,3.1,B029a,"Km 10.5 Vía a Daule, GUAYAQUIL",http://www.legadomontes.com,Fine Food,"Associations, organisations, trade press, services, IT | Delicatessen products, gourmet food and staple food | Drinks | Organic products","Associations, organisations, trade press, services, IT > Associations and organisations > Associations | Associations, organisations, trade press, services, IT > Associations and organisations > Organisations | Associations, organisations, trade press, services, IT > Associations and organisations > Ministeries, government agencies | Delicatessen products, gourmet food and staple food > General provisions and staple foods > Food additives | Delicatessen products, gourmet food and staple food > Dried fruit and vegetables > Dried fruit | Delicatessen products, gourmet food and staple food > Dried fruit and vegetables > Preserved fruit | Delicatessen products, gourmet food and staple food > Delicatessen products, gourmet food and staple food for theOut of Home market > Dried fruit and vegetables for the Out of Home market | Delicatessen products, gourmet food and staple food > Delicatessen products, gourmet food and staple food for theOut of Home market > Confectionery and snack products for the Out of Home market | Delicatessen products, gourmet food and staple food > Sports nutrition > Snacks/bars | Drinks > Raw materials, reagents and additives > Other additives | Organic products > Organic delicatessen products, gourmet, general provisions and health foods > Organic fruit, vegetable and mushroom preserves | Organic products > Organic delicatessen products, gourmet, general provisions and health foods > Organic snack products",12,Legado Montés: Private Label Freeze dried fruits,"Clean Label (organic, natural and non-GMO products) Convenience & Snacking Free from, Health & Functional Food Organic products Plant-Based Proteins or Food (vegetarian, vegan) private label Sustainably Produced or Packed",Products (Manufacturer's brand) for the food wholesale and retail trade Products for food service and catering Products for the food processing industry Provided products (private label) for the food and wholesale and retail trade,Brazil Canada China Colombia Germany India Japan Mexico Middle East Northern Europe Others Eastern Europe Russia Southern Europe Türkiye USA Western Europe,,https://www.anuga.com/exhibitor/_gmail_4/
"Libyan Olives,co,ltd",Libya,2.1,E029,"Ain Zara, Tripoli",http://www.libyanoliveoil.com,Fine Food,"Delicatessen products, gourmet food and staple food","Delicatessen products, gourmet food and staple food > Oils and fats > Olive oil",1,Leptis Magna Libya Olives,Gourmet & Specialty Food,Products for food service and catering Products for the food processing industry Provided products (private label) for the food and wholesale and retail trade,Canada China East Africa Japan Middle East New Zealand South East Asia USA West Africa,,https://www.anuga.com/exhibitor/_libyanoliveoil/
M.NEXT NATURALS LLP,India,CF,Confexhall+G046,"Singhi House, 1 - Magnet Corporate Park, Sarkhej - Gandhinag, 380059 Ahmedabad",http://www.next-naturals.com/,Fine Food,"Dairy products | Delicatessen products, gourmet food and staple food | Drinks | Fresh convenience food, fresh delicatessen, fish, fruit & vegetables | Frozen food and ice cream products","Dairy products > Fruit preparations / ingredients / raw materials / auxiliary agents > Fruit preparations | Dairy products > Fruit preparations / ingredients / raw materials / auxiliary agents > Ingredients / raw materials / auxiliary agents | Dairy products > Dairy products for the Out of Home market > Fruit preparations / ingredients / raw materials / auxiliary agents for the Out of Home market | Delicatessen products, gourmet food and staple food > General provisions and staple foods > Raw materials and process materials | Delicatessen products, gourmet food and staple food > General provisions and staple foods > Raw ingredients (fruit) | Delicatessen products, gourmet food and staple food > General provisions and staple foods > Concentrates (liquid and powder) | Delicatessen products, gourmet food and staple food > Canned food > Canned fruit and pulpes | Delicatessen products, gourmet food and staple food > Delicatessen sauces and seasonings > Tomato paste, concentrate and puree | Delicatessen products, gourmet food and staple food > Dried fruit and vegetables > Kernels | Drinks > Raw materials, reagents and additives > Fruit-juice concentrates | Drinks > Raw materials, reagents and additives > Fruit purée | Drinks > Raw materials, reagents and additives > Aromas, essences and extracts | Fresh convenience food, fresh delicatessen, fish, fruit & vegetables > Cut fruit and vegetables > Cut fruit | Fresh convenience food, fresh delicatessen, fish, fruit & vegetables > Cut fruit and vegetables > Cut vegetables | Fresh convenience food, fresh delicatessen, fish, fruit & vegetables > Fresh convenience food, fresh delicatessen, fish, fruit & vegetables for the Out of Home market > Cut fruit and vegetables for the Out of Home market | Frozen food and ice cream products > Frozen fruit and vegetables > Frozen fruit (unprocessed) | Frozen food and ice cream products > Frozen fruit and vegetables > Frozen fruit products | Frozen food and ice cream products > Frozen fruit and vegetables > Frozen vegetables (unprocessed) | Frozen food and ice cream products > Frozen fruit and vegetables > Frozen vegetable products | Frozen food and ice cream products > Frozen fruit and vegetables > Frozen potato products | Frozen food and ice cream products > Raw ingredients and auxiliary agents for frozen products > Aromas, flavours | Frozen food and ice cream products > Frozen food and ice cream products for the Out of Home market > Frozen fruit and vegetables for the Out of Home market",22,Next Naturals,"Clean Label (organic, natural and non-GMO products) Free from, Health & Functional Food Gourmet & Specialty Food private label",Products (Manufacturer's brand) for the food wholesale and retail trade Products for food service and catering Products for the food processing industry Provided products (private label) for the food and wholesale and retail trade,Australia Canada China East Africa Germany India Japan Middle East New Zealand North Africa Northern Europe Others Eastern Europe Others Oceania Russia South Africa South East Asia Southern Europe Türkiye USA West Africa Western Europe,,https://www.anuga.com/exhibitor/_next-naturals/
MamasChai B.V.,Netherlands,1.2,D020,"Saturnusstraat 16, 2024 GJ HAARLEM",https://mamaschai.com,Alternatives,Alternatives | Drinks,Alternatives > Alternative milk and dairy products > Milk alternatives made from almonds | Drinks > Non-alcoholic beverages > Tea-based drinks,2,,,Products (Manufacturer's brand) for the food wholesale and retail trade Products for food service and catering Provided products (private label) for the food and wholesale and retail trade,Germany Northern Europe Western Europe,,https://www.anuga.com/exhibitor/_mamaschai/
MARIPOSA ANDINA,Peru,4.2,D051a,"Javier Prado Este 6210 La Molina 307, Lima",http://www.mariposaandina.com,Frozen Food,Dairy products | Drinks | Frozen food and ice cream products | Organic products,"Dairy products > Fruit preparations / ingredients / raw materials / auxiliary agents > Fruit preparations | Dairy products > Fruit preparations / ingredients / raw materials / auxiliary agents > Ingredients / raw materials / auxiliary agents | Drinks > Non-alcoholic beverages > Fruit juices | Drinks > Non-alcoholic beverages > Vegetable juices | Drinks > Non-alcoholic beverages > Fruit juice drinks | Drinks > Raw materials, reagents and additives > Fruit purée | Drinks > Raw materials, reagents and additives > Fruit and vegetable preparation | Frozen food and ice cream products > Frozen fruit and vegetables > Frozen fruit (unprocessed) | Frozen food and ice cream products > Frozen fruit and vegetables > Frozen fruit products | Frozen food and ice cream products > Frozen fruit and vegetables > Frozen vegetables (unprocessed) | Frozen food and ice cream products > Frozen fruit and vegetables > Frozen vegetable products | Frozen food and ice cream products > Frozen food and ice cream products for the Out of Home market > Frozen fruit and vegetables for the Out of Home market | Frozen food and ice cream products > Frozen food and ice cream products for the Out of Home market > Frozen dairy products for the Out of Home market | Organic products > Frozen organic products > Frozen organic fruit and vegetable products",14,,"Clean Label (organic, natural and non-GMO products) Kosher Organic products private label Superfoods & Ancient Grains",Products (Manufacturer's brand) for the food wholesale and retail trade Products for food service and catering Products for the food processing industry Provided products (private label) for the food and wholesale and retail trade,Canada Germany USA Western Europe,,https://www.anuga.com/exhibitor/_mariposaandina/
Mashud Agro Processing Food Products Ltd,Bangladesh,3.1,A029,"Karnofully BFDC, 4000 Chattogram",http://www.mashudgroup.com,Fine Food,"Bread, baked goods and spreads | Frozen food and ice cream products","Bread, baked goods and spreads > Bread, baked goods and spreads for the Out of Home market > Fine baked goods for the Out of Home market | Bread, baked goods and spreads > Bread, baked goods and spreads for the Out of Home market > Long-life baked goods for the Out of Home market | Frozen food and ice cream products > Frozen fruit and vegetables > Frozen fruit products | Frozen food and ice cream products > Frozen fruit and vegetables > Frozen vegetable products | Frozen food and ice cream products > Frozen food and ice cream products for the Out of Home market > Frozen baked goods for the Out of Home market",5,"MAFCO, HINTA","Convenience & Snacking Halal Plant-Based Proteins or Food (vegetarian, vegan) private label",Products for the food processing industry Provided products (private label) for the food and wholesale and retail trade,Others Eastern Europe Western Europe,,https://www.anuga.com/exhibitor/_gmail_6/
Mette Munk A/S,Denmark,5.2,D032,"Goteborggade 3-5, 5000 Odense m",http://www.mettemunk.com,Fine Food,Frozen food and ice cream products,Frozen food and ice cream products > Frozen baked goods > Frozen cakes | Frozen food and ice cream products > Frozen baked goods > Frozen small pastries,2,Mette Munk A/S,"Clean Label (organic, natural and non-GMO products) Convenience & Snacking Halal private label",Products (Manufacturer's brand) for the food wholesale and retail trade Products for food service and catering,Australia Canada China Germany Japan Middle East New Zealand Northern Europe Others Eastern Europe South East Asia Southern Europe USA Western Europe,,https://www.anuga.com/exhibitor/_mettemunk/
mySuperFruits GmbH,Germany,B.1,Boulevard+070,"Lerchenstr. 85, 22767 Hamburg",http://www.karanga-sauce.de,Start-up Area,"Delicatessen products, gourmet food and staple food","Delicatessen products, gourmet food and staple food > Delicatessen sauces and seasonings > Salat dressings (non-chilled) | Delicatessen products, gourmet food and staple food > Delicatessen sauces and seasonings > Grill sauce/barbecue sauce | Delicatessen products, gourmet food and staple food > Delicatessen sauces and seasonings > Other seasonings and seasoning sauces",3,Karanga,"Convenience & Snacking Free from, Health & Functional Food Gourmet & Specialty Food Plant-Based Proteins or Food (vegetarian, vegan) Sustainably Produced or Packed",Products (Manufacturer's brand) for the food wholesale and retail trade Products for food service and catering Products for the food processing industry Provided products (private label) for the food and wholesale and retail trade,China Germany Northern Europe South Africa Southern Europe Western Europe,,https://www.anuga.com/exhibitor/_mysuperfruits/
Nasonville Dairy Inc,United States of America,10.1,H038,"10898 US Highway 10, Marshfield ,WI 54449-9772",http://www.nasonvilledairy.com,Dairy,Dairy products,Dairy products > Cheese > Hard cheese | Dairy products > Cheese > Slicing cheese/semi-hard cheese | Dairy products > Cheese > Soft cheese,3,,"Clean Label (organic, natural and non-GMO products) Convenience & Snacking Gourmet & Specialty Food Halal Kosher Organic products private label Sustainably Produced or Packed",Products (Manufacturer's brand) for the food wholesale and retail trade Products for food service and catering Products for the food processing industry Provided products (private label) for the food and wholesale and retail trade,Canada China Colombia Mexico USA,,https://www.anuga.com/exhibitor/_nasonvilledairy/
NatFood GmbH,Germany,3.1,D076,"Ludwig-Erhard-Allee 10, 76131 Karlsruhe",https://nat-food.de/,Organic,"Delicatessen products, gourmet food and staple food","Delicatessen products, gourmet food and staple food > Reform products and functional food > Functional foods | Delicatessen products, gourmet food and staple food > Reform products and functional food > Protein-containing products | Delicatessen products, gourmet food and staple food > Reform products and functional food > Lactose-free food | Delicatessen products, gourmet food and staple food > Reform products and functional food > Gluten-free food | Delicatessen products, gourmet food and staple food > Sports nutrition > Snacks/bars",5,,"Clean Label (organic, natural and non-GMO products) Convenience & Snacking Free from, Health & Functional Food Plant-Based Proteins or Food (vegetarian, vegan)",Products (Manufacturer's brand) for the food wholesale and retail trade Provided products (private label) for the food and wholesale and retail trade,Canada China Germany Middle East Northern Europe Others Eastern Europe Southern Europe USA Western Europe,,https://www.anuga.com/exhibitor/_nat-food/
Nichols Pistachio,United States of America,10.2,I067,"13762 1st Ave, Hanford ,CA 93230-9316",https://nicholsfarms.com/,Fine Food,"Delicatessen products, gourmet food and staple food | Organic products","Delicatessen products, gourmet food and staple food > Dried fruit and vegetables > Nuts | Delicatessen products, gourmet food and staple food > Dried fruit and vegetables > Pistachio nuts | Delicatessen products, gourmet food and staple food > Confectionery and snack products > Snack products* | Organic products > Organic delicatessen products, gourmet, general provisions and health foods > Organic nuts, almonds, kernels | Organic products > Organic delicatessen products, gourmet, general provisions and health foods > Organic snack products",5,Nichols Farms,"Clean Label (organic, natural and non-GMO products) Convenience & Snacking Kosher Organic products Plant-Based Proteins or Food (vegetarian, vegan) Sustainably Produced or Packed",Products (Manufacturer's brand) for the food wholesale and retail trade Products for food service and catering Products for the food processing industry,Australia Brazil Canada China Colombia East Africa Germany India Japan Mexico Middle East New Zealand North Africa Northern Europe Others Central America Others Eastern Europe Others Oceania Others South America South Africa South East Asia Southern Europe Türkiye USA West Africa Western Europe,,https://www.anuga.com/exhibitor/_nicholsfarms/
OKKO SUPER FOODS,Mexico,10.2,F079,"Calzada Club Atlas Norte 535, 45623 Tlaquepaque",http://www.okkosuperfoods.com,Fine Food,"Delicatessen products, gourmet food and staple food | Drinks | Frozen food and ice cream products | Hot beverages | Organic products","Delicatessen products, gourmet food and staple food > General provisions and staple foods > Sugar | Delicatessen products, gourmet food and staple food > Nutrients > Rice  (non-chilled) | Delicatessen products, gourmet food and staple food > Nutrients > Rice products | Delicatessen products, gourmet food and staple food > Nutrients > Grains | Delicatessen products, gourmet food and staple food > Nutrients > Oat products | Delicatessen products, gourmet food and staple food > Nutrients > Cereals | Delicatessen products, gourmet food and staple food > Nutrients > Other nutrients | Delicatessen products, gourmet food and staple food > Dried fruit and vegetables > Nuts | Delicatessen products, gourmet food and staple food > Dried fruit and vegetables > Almonds | Delicatessen products, gourmet food and staple food > Dried fruit and vegetables > Pistachio nuts | Delicatessen products, gourmet food and staple food > Confectionery and snack products > Chocolate* | Delicatessen products, gourmet food and staple food > Confectionery and snack products > Other cocoa and chocolate products* | Delicatessen products, gourmet food and staple food > Confectionery and snack products > Snack products* | Delicatessen products, gourmet food and staple food > Dietary supplements > Dietary supplements | Delicatessen products, gourmet food and staple food > Reform products and functional food > Protein-containing products | Delicatessen products, gourmet food and staple food > Reform products and functional food > Lactose-free food | Delicatessen products, gourmet food and staple food > Reform products and functional food > Gluten-free food | Delicatessen products, gourmet food and staple food > Reform products and functional food > Low salt products | Delicatessen products, gourmet food and staple food > Reform products and functional food > Other dietetic foods | Delicatessen products, gourmet food and staple food > Sports nutrition > Snacks/bars | Drinks > Non-alcoholic beverages > Soft drinks | Drinks > Raw materials, reagents and additives > Fruit-juice concentrates | Drinks > Raw materials, reagents and additives > Sweeteners | Frozen food and ice cream products > Frozen fruit and vegetables > Frozen fruit products | Hot beverages > Coffee > Coffee | Organic products > Organic delicatessen products, gourmet, general provisions and health foods > Organic rice and rice products | Organic products > Organic delicatessen products, gourmet, general provisions and health foods > Organic cereals, muesli, cornflakes | Organic products > Organic delicatessen products, gourmet, general provisions and health foods > Other organic nutrients | Organic products > Organic delicatessen products, gourmet, general provisions and health foods > Organic nuts, almonds, kernels | Organic products > Organic delicatessen products, gourmet, general provisions and health foods > Organic cocoa and chocolate products | Organic products > Organic delicatessen products, gourmet, general provisions and health foods > Organic snack products",31,OKKO VUELA,"Clean Label (organic, natural and non-GMO products) Organic products Plant-Based Proteins or Food (vegetarian, vegan) Superfoods & Ancient Grains",Provided products (private label) for the food and wholesale and retail trade,Canada Mexico USA,,https://www.anuga.com/exhibitor/_okkosuperfoods/
Old Fashioned Cheese,United States of America,10.2,I051,"650 Furnace St, Mayville ,WI 53050-1248",,Fine Food,"Dairy products | Delicatessen products, gourmet food and staple food","Dairy products > Cream and cream products > Aerosol cream | Dairy products > Cheese > Processed cheese and preparations | Dairy products > Cheese > Cream cheese with added ingredients | Dairy products > Dairy products for the Out of Home market > Cheese for the Out of Home market | Delicatessen products, gourmet food and staple food > Ready-meals and soup products > Sauces and gravies (non-chilled) | Delicatessen products, gourmet food and staple food > Delicatessen sauces and seasonings > Mayonnaise | Delicatessen products, gourmet food and staple food > Delicatessen sauces and seasonings > Grill sauce/barbecue sauce | Delicatessen products, gourmet food and staple food > Delicatessen sauces and seasonings > Salsa Sauce | Delicatessen products, gourmet food and staple food > Confectionery and snack products > Snack products* | Delicatessen products, gourmet food and staple food > Delicatessen products, gourmet food and staple food for theOut of Home market > Confectionery and snack products for the Out of Home market | Delicatessen products, gourmet food and staple food > Reform products and functional food > Gluten-free food",11,Aldi Dollar General Herdez Kong Kraft Old Dutch On the Border Sam''s Club TopCo Walmart,Convenience & Snacking Gourmet & Specialty Food private label,Products (Manufacturer's brand) for the food wholesale and retail trade Products for food service and catering Provided products (private label) for the food and wholesale and retail trade,Canada China Germany Japan Mexico Middle East Northern Europe Others Central America Others South America Southern Europe USA Western Europe,,https://www.anuga.com/exhibitor/_oldfash/
Organic Flavour Company BV,Netherlands,P4.1,Passage+Halle+4+Halle+5+A066+B067,"Turbinestraat 12, 3903 LW VEENENDAAL",http://www.ofc.nl,Organic,Hot beverages | Organic products,"Hot beverages > Tea > Black tea | Hot beverages > Tea > Green tea | Hot beverages > Tea > Fruit tea | Hot beverages > Tea > Herbal tea | Hot beverages > Tea > Other teas | Hot beverages > Tea > Plant extracts | Organic products > Organic delicatessen products, gourmet, general provisions and health foods > Organic herbs and spices | Organic products > Organic hot beverages > Organic tea",8,,"Clean Label (organic, natural and non-GMO products) private label",Provided products (private label) for the food and wholesale and retail trade,Germany Northern Europe Others Eastern Europe Southern Europe Western Europe,,https://www.anuga.com/exhibitor/_ofc/
palacios SRL,Argentina,3.2,B063a,"tucuman 2470, 1636 Olivos",http://secretosdemipais.com,Bread & Bakery,"Delicatessen products, gourmet food and staple food | Organic products","Delicatessen products, gourmet food and staple food > Confectionery and snack products > Snack products* | Organic products > Organic delicatessen products, gourmet, general provisions and health foods > Organic rice and rice products",2,.ORG Paradores Nacionales RIANITOS,,,Canada Germany Northern Europe Southern Europe USA Western Europe,,https://www.anuga.com/exhibitor/_secretosdemipais/
Paraná Trading,Brazil,3.1,D021,"RUA JOAO WYCLIFF 111, 86050-450 Londrina",http://wwe.paranatrading.com.br,Fine Food,"Delicatessen products, gourmet food and staple food | Frozen food and ice cream products","Delicatessen products, gourmet food and staple food > General provisions and staple foods > Salt | Delicatessen products, gourmet food and staple food > Delicatessen sauces and seasonings > Chutneys | Delicatessen products, gourmet food and staple food > Delicatessen sauces and seasonings > Herbs and spices | Delicatessen products, gourmet food and staple food > Delicatessen sauces and seasonings > Grill sauce/barbecue sauce | Delicatessen products, gourmet food and staple food > Confectionery and snack products > Snack products* | Delicatessen products, gourmet food and staple food > Sports nutrition > Snacks/bars | Delicatessen products, gourmet food and staple food > Sports nutrition > Other | Frozen food and ice cream products > Ice cream > Plant-based ice cream",8,Ôdicasa Rocha Alimentos Victa Foods,"Convenience & Snacking Free from, Health & Functional Food Gourmet & Specialty Food private label Superfoods & Ancient Grains Sustainably Produced or Packed",Products (Manufacturer's brand) for the food wholesale and retail trade Provided products (private label) for the food and wholesale and retail trade,Canada Colombia Mexico Others Central America Others South America USA West Africa Western Europe,,https://www.anuga.com/exhibitor/_paranatrading/
PECANINIS INC,United States of America,10.2,I063,"Suite 252 Ne Loop 410, San Antonio ,TX 78216-8406",https://www.pecaninis.com,Fine Food,"Delicatessen products, gourmet food and staple food | Organic products","Delicatessen products, gourmet food and staple food > Dried fruit and vegetables > Nuts | Delicatessen products, gourmet food and staple food > Confectionery and snack products > Chocolate* | Delicatessen products, gourmet food and staple food > Confectionery and snack products > Pralines* | Delicatessen products, gourmet food and staple food > Confectionery and snack products > Confectionery products from kernels* | Delicatessen products, gourmet food and staple food > Confectionery and snack products > Snack products* | Organic products > Organic delicatessen products, gourmet, general provisions and health foods > Organic nuts, almonds, kernels",6,Pecaninis,"Clean Label (organic, natural and non-GMO products) Kosher Organic products private label",Products (Manufacturer's brand) for the food wholesale and retail trade Products for food service and catering Products for the food processing industry Provided products (private label) for the food and wholesale and retail trade,Canada China Germany India Japan Mexico Middle East Northern Europe Others Eastern Europe Others South America Russia South Africa South East Asia Southern Europe Türkiye USA Western Europe,,https://www.anuga.com/exhibitor/_pecaninis/
Primm AB,Sweden,B.1,Boulevard+195%2C+Boulevard+195l,"Branavägen 19, 828 30 Edsbyn",https://fibr.se,Start-up Area,"Bread, baked goods and spreads","Bread, baked goods and spreads > Long-life baked goods > Biscuits and crackers | Bread, baked goods and spreads > Long-life baked goods > Muesli bars/muesli baked goods | Bread, baked goods and spreads > Glutenfree baked goods > Glutenfree baked goods | Bread, baked goods and spreads > Glutenfree baked goods > Gluten-free baking mixes | Bread, baked goods and spreads > Bread, baked goods and spreads for the Out of Home market > Long-life baked goods for the Out of Home market | Bread, baked goods and spreads > Bread, baked goods and spreads for the Out of Home market > Glutenfree baked goods for the Out of Home market",6,FIBR,"Clean Label (organic, natural and non-GMO products) Free from, Health & Functional Food",Products (Manufacturer's brand) for the food wholesale and retail trade,Australia Canada Germany New Zealand Northern Europe Others Eastern Europe USA Western Europe,,https://www.anuga.com/exhibitor/_fibr/
"Q PLUS CONCEPT CO.,LTD.",Thailand,11.3,G018,"340 Bangbauthong-Suphanburi 139, Banglen",http://www.qplusgroup.com,Fine Food,"Delicatessen products, gourmet food and staple food | Organic products","Delicatessen products, gourmet food and staple food > General provisions and staple foods > Raw materials and process materials | Delicatessen products, gourmet food and staple food > General provisions and staple foods > Food additives | Delicatessen products, gourmet food and staple food > Ready-meals and soup products > Ready-meals (non-chilled) | Delicatessen products, gourmet food and staple food > Ready-meals and soup products > Ingredients for ready-meals (non-chilled) | Delicatessen products, gourmet food and staple food > Ready-meals and soup products > Seasonings | Delicatessen products, gourmet food and staple food > Delicatessen sauces and seasonings > Herbs and spices | Delicatessen products, gourmet food and staple food > Confectionery and snack products > Snack products* | Delicatessen products, gourmet food and staple food > Delicatessen products, gourmet food and staple food for theOut of Home market > Ready-meals and soup products for the Out of Home market | Organic products > Organic delicatessen products, gourmet, general provisions and health foods > Organic rice and rice products | Organic products > Organic delicatessen products, gourmet, general provisions and health foods > Organic ready-meals (non-chilled) | Organic products > Organic delicatessen products, gourmet, general provisions and health foods > Organic seasonings and sauce seasonings | Organic products > Organic delicatessen products, gourmet, general provisions and health foods > Organic herbs and spices",12,CHUENJAI ENJOY PAULA''S FARMSTEAD Sutharos TANGTOH,Halal Kosher Organic products private label,Products (Manufacturer's brand) for the food wholesale and retail trade Products for food service and catering Products for the food processing industry Provided products (private label) for the food and wholesale and retail trade,Australia Canada China Germany India Middle East New Zealand South East Asia USA Western Europe,,https://www.anuga.com/exhibitor/q_plus_concept_col/
Refresco Deutschland GmbH,Germany,7.1,E018,"Speicker Str. 8, 41061 Mönchengladbach",https://www.refresco.com/en/,Drinks,Drinks,"Drinks > Non-alcoholic beverages > Fruit juices | Drinks > Non-alcoholic beverages > Fruit nectars | Drinks > Non-alcoholic beverages > Mineral water | Drinks > Non-alcoholic beverages > Spring water | Drinks > Non-alcoholic beverages > Spa water | Drinks > Non-alcoholic beverages > Artificially carbonated water | Drinks > Non-alcoholic beverages > Carbonated fruit juice drinks | Drinks > Non-alcoholic beverages > Soft drinks | Drinks > Non-alcoholic beverages > Caffeinated cold drinks | Drinks > Non-alcoholic beverages > Energy drinks | Drinks > Non-alcoholic beverages > Mixed fruit juice/mineral water drinks | Drinks > Non-alcoholic beverages > Iced tea | Drinks > Non-alcoholic beverages > Soya-based drinks | Drinks > Non-alcoholic beverages > Health-promoting drinks | Drinks > Non-alcoholic beverages > Sports drinks | Drinks > Non-alcoholic beverages > Tea-based drinks | Drinks > Non-alcoholic beverages > Fruit juice drinks | Drinks > Non-alcoholic beverages > Coldbrew coffee | Drinks > Non-alcoholic beverages > Coldbrew tea | Drinks > Non-alcoholic beverages > Bubble Tea | Drinks > Non-alcoholic beverages > Other non-alcoholic drinks | Drinks > Beer and mixed beer drinks > Beer | Drinks > Beer and mixed beer drinks > Non-alcoholic beer | Drinks > Wine, sparkling wine and Champagne > Apple wines/Cider | Drinks > Wine, sparkling wine and Champagne > Fruit and berry wines | Drinks > Spirits > Spirits from wine distillates | Drinks > Spirits > Spirits based on grain or starch | Drinks > Spirits > Fruit-based spirits | Drinks > Spirits > Rum | Drinks > Spirits > Liqueur | Drinks > Spirits > Vermouth | Drinks > Spirits > Aperitifs | Drinks > Spirits > Alcoholic drinks with fruit | Drinks > Spirits > Alcopops | Drinks > Spirits > Vodka | Drinks > Spirits > Whisky | Drinks > Spirits > Tequila | Drinks > Spirits > Cocktails | Drinks > Spirits > Gin | Drinks > Spirits > Non-alcoholic cocktails | Drinks > Spirits > Non-alcoholic spirits | Drinks > Spirits > Other spirits | Drinks > Spirits > Other alcoholic drinks",43,,"Plant-Based Proteins or Food (vegetarian, vegan) private label",Provided products (private label) for the food and wholesale and retail trade,Germany Northern Europe Others Eastern Europe Southern Europe Türkiye Western Europe,,https://www.anuga.com/exhibitor/_refresco/
RPF GROUP,Brazil,9.1,D044,"RODOVIA IBIPORA SERTANOPOLIS KM 02, 86200-000 IBIPORA",http://www.rpfgroup.com.br,Meat,"Meat, sausage, game and poultry","Meat, sausage, game and poultry > Meat (unprocessed) > Pork | Meat, sausage, game and poultry > Meat products > Lard and suet",2,RAINHA ALIMENTOS,,Products (Manufacturer's brand) for the food wholesale and retail trade Products for food service and catering Products for the food processing industry,Australia China Japan New Zealand Others South America Russia South Africa South East Asia,,https://www.anuga.com/exhibitor/_rpfgroup/
Salvita SAS,Argentina,3.1,C070,"Aut circunv.Oeste km4, 37 villa San Lorenzo N/A, 4401 Salta",http://www.salvitaalimentos.com,Fine Food,"Delicatessen products, gourmet food and staple food","Delicatessen products, gourmet food and staple food > Nutrients > Pulses",1,SALVITA,,,Northern Europe Others Eastern Europe Southern Europe Türkiye,,https://www.anuga.com/exhibitor/_salvitaalimentos/
SANTA FE GLOBAL,Argentina,4.1,C098,"BV PELLEGRINI 3100, 3000 SANTA FE",http://santafe.gov.ar,"Associations, organisations, trade press, services, IT Fine Food","Associations, organisations, trade press, services, IT","Associations, organisations, trade press, services, IT > Associations and organisations > Ministeries, government agencies",1,Santa Fe Global,"Convenience & Snacking Free from, Health & Functional Food Gourmet & Specialty Food Halal Kosher Organic products Plant-Based Proteins or Food (vegetarian, vegan) private label Superfoods & Ancient Grains",,Brazil Canada Colombia Germany Mexico Northern Europe Others Central America Others Eastern Europe Others South America Russia Southern Europe Türkiye USA Western Europe,,https://www.anuga.com/exhibitor/_santafe/
Sezen Gida Mad. Tar. ve Hayv. Urun. Tic. ve San. Ltd. Sti.,Türkiye,2.2,B036,"Baglar Mah. Endustri Sok. Kozan No:7, Adana",http://www.anavarzabal.com,Bread & Bakery,"Bread, baked goods and spreads","Bread, baked goods and spreads > Spreads > Honey",1,Anavarza Bal,Halal Kosher private label,Products (Manufacturer's brand) for the food wholesale and retail trade Products for food service and catering Products for the food processing industry Provided products (private label) for the food and wholesale and retail trade,Australia Brazil Canada China Colombia East Africa Germany India Japan Mexico Middle East New Zealand North Africa Northern Europe Others Central America Others Eastern Europe Others Oceania Others South America Russia South Africa South East Asia Southern Europe Türkiye USA West Africa Western Europe,,https://www.anuga.com/exhibitor/_anavarzabal/
"Shandong Guanghua Agri Cultural Pro Product Co., Ltd.",China,1.2,N027,"Juan Shandong Industry Development Zone,, 276600 Linyi ,Shandong",http://www.guanghuapeanut.com,Frozen Food,"Fresh convenience food, fresh delicatessen, fish, fruit & vegetables | Frozen food and ice cream products","Fresh convenience food, fresh delicatessen, fish, fruit & vegetables > Fresh ready-meals > Other fresh ready-meals | Frozen food and ice cream products > Frozen ready-meals > Other frozen ready-meals",2,,,,Mexico Others Eastern Europe Others South America Russia South Africa South East Asia USA Western Europe,,https://www.anuga.com/exhibitor/_guanghuapeanut/
SNACKVILLE,Ecuador,1.2,A040,"AV DE LOS SHYRIS S/N VIA AMAGUAÑA, QUITO",http://www.mazal.ec,Fine Food,"Bread, baked goods and spreads | Delicatessen products, gourmet food and staple food | Frozen food and ice cream products","Bread, baked goods and spreads > Fine baked goods > Other fine baked goods | Bread, baked goods and spreads > Long-life baked goods > Biscuits and crackers | Bread, baked goods and spreads > Spreads > Jams | Bread, baked goods and spreads > Spreads > Fruit spreads | Bread, baked goods and spreads > Spreads > Peanut butter | Delicatessen products, gourmet food and staple food > Dried fruit and vegetables > Nuts | Delicatessen products, gourmet food and staple food > Dried fruit and vegetables > Almonds | Delicatessen products, gourmet food and staple food > Confectionery and snack products > Chocolate* | Delicatessen products, gourmet food and staple food > Confectionery and snack products > Other cocoa and chocolate products* | Delicatessen products, gourmet food and staple food > Confectionery and snack products > Snack products* | Frozen food and ice cream products > Frozen ready-meals > Frozen snacks/Finger food",11,MAZAL SNACKVILLE,Convenience & Snacking Gourmet & Specialty Food private label,Products (Manufacturer's brand) for the food wholesale and retail trade Products for food service and catering Provided products (private label) for the food and wholesale and retail trade,Australia Brazil Canada Colombia Germany Mexico New Zealand Northern Europe Others Central America Others Eastern Europe Others Oceania Others South America Russia Southern Europe Türkiye USA Western Europe,,https://www.anuga.com/exhibitor/_mazal/
SURFOOD S.A.,Argentina,3.1,C076,"AVENIDA DORREGO 1789, 1414 BUENOS AIRES",http://crestongrains.com.ar,Fine Food,"Fresh convenience food, fresh delicatessen, fish, fruit & vegetables","Fresh convenience food, fresh delicatessen, fish, fruit & vegetables > Raw ingredients and auxiliary agents for chilled foods > Other raw ingredients and auxiliary agents",1,CRESTON GRAINS,,Products (Manufacturer's brand) for the food wholesale and retail trade Products for the food processing industry Provided products (private label) for the food and wholesale and retail trade,Brazil Canada China Colombia East Africa Germany India Japan Mexico Middle East North Africa Northern Europe Others Central America Others Eastern Europe Others South America Russia South Africa South East Asia Southern Europe Türkiye USA West Africa Western Europe,,https://www.anuga.com/exhibitor/_crestongrains/
Texas Peanut Producers Board,United States of America,10.2,H063,"1821 N Lake Forest Dr, Mckinney ,TX 75071-7660",http://www.texaspeanuts.com,Fine Food,"Associations, organisations, trade press, services, IT | Delicatessen products, gourmet food and staple food | Organic products","Associations, organisations, trade press, services, IT > Associations and organisations > Organisations | Delicatessen products, gourmet food and staple food > Confectionery and snack products > Confectionery products from kernels* | Delicatessen products, gourmet food and staple food > Confectionery and snack products > Snack products* | Organic products > Organic delicatessen products, gourmet, general provisions and health foods > Organic nuts, almonds, kernels | Organic products > Organic delicatessen products, gourmet, general provisions and health foods > Organic snack products",5,Texas Peanuts,"Convenience & Snacking Gourmet & Specialty Food Organic products Plant-Based Proteins or Food (vegetarian, vegan)",Products (Manufacturer's brand) for the food wholesale and retail trade Products for food service and catering Products for the food processing industry Provided products (private label) for the food and wholesale and retail trade,USA,,https://www.anuga.com/exhibitor/_texaspeanutboard/
Trade Experts Rafal Mietlicki Sp. K.,Poland,9.1,A030,"Ks. Ignacego Skorupki 41, 05-091 Zabki",http://trade.agro.pl,Meat,"Meat, sausage, game and poultry","Meat, sausage, game and poultry > Meat (unprocessed) > Pork | Meat, sausage, game and poultry > Meat (unprocessed) > Beef | Meat, sausage, game and poultry > Meat (unprocessed) > Poultry",3,,,Products (Manufacturer's brand) for the food wholesale and retail trade,Western Europe,,https://www.anuga.com/exhibitor/_trade/
U.S. Dry Bean Council,United States of America,10.2,G078,"19 S Main St, Frankenmuth ,MI 48734-1641",http://www.usdrybeans.com,Fine Food,"Associations, organisations, trade press, services, IT | Delicatessen products, gourmet food and staple food","Associations, organisations, trade press, services, IT > Associations and organisations > Associations | Delicatessen products, gourmet food and staple food > General provisions and staple foods > Raw materials and process materials | Delicatessen products, gourmet food and staple food > General provisions and staple foods > Starches | Delicatessen products, gourmet food and staple food > General provisions and staple foods > Gelling and binding agents | Delicatessen products, gourmet food and staple food > General provisions and staple foods > Other general provisions and staple foods",5,,"Plant-Based Proteins or Food (vegetarian, vegan) Superfoods & Ancient Grains",Products for the food processing industry,Australia Brazil Canada China Colombia East Africa Germany India Japan Mexico Middle East New Zealand North Africa Northern Europe Others Central America Others Eastern Europe Others Oceania Others South America Russia South Africa South East Asia Southern Europe Türkiye USA West Africa Western Europe,,https://www.anuga.com/exhibitor/_dmcclellan/
UCHU Spice,Peru,3.1,B006,"Carrera Panamericana Norte Km1024+500, 26060 Sullana",http://www.uchuspice.com,Fine Food,"Delicatessen products, gourmet food and staple food","Delicatessen products, gourmet food and staple food > General provisions and staple foods > Semi-finished products (non-chilled) | Delicatessen products, gourmet food and staple food > General provisions and staple foods > Fruit and vegetable powder | Delicatessen products, gourmet food and staple food > General provisions and staple foods > Other general provisions and staple foods | Delicatessen products, gourmet food and staple food > Canned food > Vegetable preserves | Delicatessen products, gourmet food and staple food > Canned food > Pickled products | Delicatessen products, gourmet food and staple food > Canned food > Other preserves | Delicatessen products, gourmet food and staple food > Delicatessen sauces and seasonings > Vinegar | Delicatessen products, gourmet food and staple food > Delicatessen sauces and seasonings > Chutneys | Delicatessen products, gourmet food and staple food > Delicatessen sauces and seasonings > Herbs and spices | Delicatessen products, gourmet food and staple food > Delicatessen sauces and seasonings > Salsa Sauce | Delicatessen products, gourmet food and staple food > Delicatessen sauces and seasonings > Other seasonings and seasoning sauces | Delicatessen products, gourmet food and staple food > Dried fruit and vegetables > Dried vegetables | Delicatessen products, gourmet food and staple food > Delicatessen products, gourmet food and staple food for theOut of Home market > Dried fruit and vegetables for the Out of Home market",13,UCHU Spice,"Clean Label (organic, natural and non-GMO products) Gourmet & Specialty Food Halal Kosher",Products (Manufacturer's brand) for the food wholesale and retail trade Products for food service and catering Products for the food processing industry Provided products (private label) for the food and wholesale and retail trade,Australia Brazil Germany Japan Middle East New Zealand Northern Europe Others Central America Others Eastern Europe Others Oceania Others South America South East Asia Southern Europe Western Europe,,https://www.anuga.com/exhibitor/_uchuspice/
VIET PHI AGRICULTURE JSC,Vietnam,CF,Confexhall+A030+B039,"8A, Zone 4, Binh Trung Ward 2, Ho Chi Minh",http://www.vietphi.com.vn,Fine Food,"Delicatessen products, gourmet food and staple food","Delicatessen products, gourmet food and staple food > General provisions and staple foods > Raw materials and process materials | Delicatessen products, gourmet food and staple food > General provisions and staple foods > Other general provisions and staple foods",2,VietPhi Cashews,,,,,https://www.anuga.com/exhibitor/_vietphi/
VILKS SIA,Latvia,7.1,G057a,,,,,,,,,,,,https://www.anuga.com/exhibitor/_vilksgroup/
Villa Vainilla,Mexico,3.1,C078+D079,"Calle 21 372, 97302 Chablekal",http://www.villavainilla.mx,Fine Food,"Delicatessen products, gourmet food and staple food | Organic products","Delicatessen products, gourmet food and staple food > General provisions and staple foods > Raw materials and process materials | Delicatessen products, gourmet food and staple food > General provisions and staple foods > Concentrates (liquid and powder) | Delicatessen products, gourmet food and staple food > General provisions and staple foods > Baking agents and basic ingredients for baking | Delicatessen products, gourmet food and staple food > General provisions and staple foods > Vanilla/vanillin sugar | Organic products > Organic delicatessen products, gourmet, general provisions and health foods > Organic general provisions and staple foods | Organic products > Organic delicatessen products, gourmet, general provisions and health foods > Organic herbs and spices",6,Villa Vainilla,"Clean Label (organic, natural and non-GMO products) Gourmet & Specialty Food Halal Kosher Organic products Plant-Based Proteins or Food (vegetarian, vegan) private label",Products (Manufacturer's brand) for the food wholesale and retail trade Products for food service and catering Products for the food processing industry Provided products (private label) for the food and wholesale and retail trade,Canada Colombia Germany Japan Mexico Middle East Others Central America Others South America South East Asia USA Western Europe,,https://www.anuga.com/exhibitor/_villavainilla/
Vitamizu Sp. z o.o.,Poland,7.1,F018,"Andrzeja Struga 78/a33, 90-557 Lodz",https://vitamizu.com/,Drinks,Drinks,Drinks > Non-alcoholic beverages > Fruit juices | Drinks > Non-alcoholic beverages > Carbonated fruit juice drinks | Drinks > Non-alcoholic beverages > Soft drinks | Drinks > Non-alcoholic beverages > Caffeinated cold drinks | Drinks > Non-alcoholic beverages > Energy drinks | Drinks > Non-alcoholic beverages > Mixed fruit juice/mineral water drinks | Drinks > Non-alcoholic beverages > Iced tea | Drinks > Non-alcoholic beverages > Sports drinks | Drinks > Non-alcoholic beverages > Tea-based drinks | Drinks > Non-alcoholic beverages > Fruit juice drinks | Drinks > Non-alcoholic beverages > Other non-alcoholic drinks,11,Vitamizu,Convenience & Snacking private label Sustainably Produced or Packed,Products (Manufacturer's brand) for the food wholesale and retail trade Provided products (private label) for the food and wholesale and retail trade,Australia Brazil Canada China Colombia Germany India Mexico New Zealand Northern Europe Others Eastern Europe Russia South Africa South East Asia Southern Europe Türkiye USA Western Europe,,https://www.anuga.com/exhibitor/vitamizu_sp_z_oo/
WHITE PEARL RICE MILLS LTD,Pakistan,11.3,E032a,"SOLGIN KHARL JALAL PUR BHATTIAN, 52110 HAFIZABAD",https://whitepearlgroup.com/,Fine Food,"Delicatessen products, gourmet food and staple food","Delicatessen products, gourmet food and staple food > General provisions and staple foods > Raw materials and process materials",1,MALIKO WHITE PEARL 92 WHITE PEARL GOLD WHITE PEARL PRIME WHITE PEARL ROYAL,"Clean Label (organic, natural and non-GMO products) Halal Kosher private label Superfoods & Ancient Grains",Products (Manufacturer's brand) for the food wholesale and retail trade Products for food service and catering Products for the food processing industry Provided products (private label) for the food and wholesale and retail trade,Australia Canada China Germany Japan Middle East Northern Europe Others Eastern Europe South Africa Southern Europe Türkiye USA Western Europe,,https://www.anuga.com/exhibitor/_whitepearlgroup/
Wyandot Inc.,United States of America,5.1,C051,"135 Wyandot Ave, Marion ,OH 43302-1595",http://www.wyandotsnacks.com,Organic,"Delicatessen products, gourmet food and staple food | Organic products","Delicatessen products, gourmet food and staple food > Confectionery and snack products > Snack products* | Organic products > Organic delicatessen products, gourmet, general provisions and health foods > Organic cereals, muesli, cornflakes | Organic products > Organic Free From, Health & Functional Foods > Organic gluten-free products",3,"Luke's Organic, Private Label","Clean Label (organic, natural and non-GMO products) Convenience & Snacking Kosher Organic products private label Superfoods & Ancient Grains Sustainably Produced or Packed",Products (Manufacturer's brand) for the food wholesale and retail trade Products for food service and catering Provided products (private label) for the food and wholesale and retail trade,Australia Canada China Germany Japan Mexico New Zealand South East Asia USA Western Europe,,https://www.anuga.com/exhibitor/_wyandotsnacks/
Xurmalad,Netherlands,B.1,Boulevard+144,"Vincent van Goghlaan 64, 1816 VR ALKMAAR",http://www.xurmalad.com,Fine Food,"Delicatessen products, gourmet food and staple food","Delicatessen products, gourmet food and staple food > Canned food > Fruit preserves | Delicatessen products, gourmet food and staple food > Delicatessen sauces and seasonings > Tomato paste, concentrate and puree | Delicatessen products, gourmet food and staple food > Delicatessen sauces and seasonings > Other seasonings and seasoning sauces | Delicatessen products, gourmet food and staple food > Dried fruit and vegetables > Dried fruit | Delicatessen products, gourmet food and staple food > Dried fruit and vegetables > Truffles | Delicatessen products, gourmet food and staple food > Confectionery and snack products > Snack products*",6,Xurmalad,"Convenience & Snacking Free from, Health & Functional Food Gourmet & Specialty Food private label",Products (Manufacturer's brand) for the food wholesale and retail trade Products for the food processing industry Provided products (private label) for the food and wholesale and retail trade,Australia Canada Germany Mexico New Zealand North Africa Northern Europe Others Central America Others Eastern Europe Others Oceania Others South America Russia Southern Europe Türkiye USA Western Europe,,https://www.anuga.com/exhibitor/_xurmalad/
Yrasema Group S.A.,Paraguay,7.1,G028,"Ruta Tobati-Atyra, Cia. Bernardino Caballero, 030403 Atyra",http://www.yrabella.com,Drinks,Drinks,Drinks > Non-alcoholic beverages > Mineral water,1,YRABELLA,,Products (Manufacturer's brand) for the food wholesale and retail trade,Brazil Canada China Colombia Germany India Japan Mexico Middle East Northern Europe Others Eastern Europe Others South America Russia Southern Europe Türkiye USA Western Europe,,https://www.anuga.com/exhibitor/_yrabella/
,Ukraine,11.1,G064,"Marshal Malinovsky St. 16a, 65022 Odessa",http://alhamwi.com.ua,Fine Food,"Delicatessen products, gourmet food and staple food","Delicatessen products, gourmet food and staple food > General provisions and staple foods > Flour | Delicatessen products, gourmet food and staple food > Nutrients > Pulses | Delicatessen products, gourmet food and staple food > Nutrients > Grains | Delicatessen products, gourmet food and staple food > Nutrients > Oat products | Delicatessen products, gourmet food and staple food > Nutrients > Cornflakes | Delicatessen products, gourmet food and staple food > Dried fruit and vegetables > Dried fruit",6,ALHAMWI,"Free from, Health & Functional Food Organic products",Provided products (private label) for the food and wholesale and retail trade,East Africa Germany India North Africa Northern Europe South East Asia Southern Europe Türkiye Western Europe,,https://www.anuga.com/exhibitor/alhamwi/
,Uzbekistan,5.1,B079+C078,"Samarkand 77, Samarkand",,Chilled & Fresh Food,"Delicatessen products, gourmet food and staple food","Delicatessen products, gourmet food and staple food > Dried fruit and vegetables > Dried fruit",1,Frutaseca,Halal,,China Germany Northern Europe Russia South East Asia Southern Europe Türkiye Western Europe,,https://www.anuga.com/exhibitor/baxriddin_agro_impe/
A/S Cesvaines piens,Latvia,10.1,G028b,"Rupnicas 1, LV-4871 Cesvaine",http://www.cesvainespiens.lv,Dairy,Dairy products,Dairy products > Cheese > Slicing cheese/semi-hard cheese | Dairy products > Cheese > Semi-solid sliced cheese | Dairy products > Cheese > Low calorie cheese,3,Cesvaines piens,Halal Organic products private label,Products (Manufacturer's brand) for the food wholesale and retail trade Products for food service and catering Products for the food processing industry Provided products (private label) for the food and wholesale and retail trade,Canada China Germany Middle East Northern Europe Others Eastern Europe Southern Europe USA Western Europe,,https://www.anuga.com/exhibitor/cesvaines_piens_a/
JAUNPILS PIENOTAVA AS,Latvia,10.1,G028a,"Jaunpils, LV-3145 Jaunpils",https://jaunpilspienotava.lv/,Dairy,Dairy products,Dairy products > Milk and dairy products > Natural yoghurt | Dairy products > Milk and dairy products > Lactose free milk/dairy products | Dairy products > Cream and cream products > Sour cream | Dairy products > Cheese > Slicing cheese/semi-hard cheese | Dairy products > Cheese > Soft cheese | Dairy products > Cheese > Processed cheese and preparations | Dairy products > Cheese > Pasta-filata cheese | Dairy products > Butter > Cream butter | Dairy products > Desserts > Other desserts,9,Jaunpils,private label,Products (Manufacturer's brand) for the food wholesale and retail trade Provided products (private label) for the food and wholesale and retail trade,Australia Canada Germany Northern Europe Southern Europe USA Western Europe,,https://www.anuga.com/exhibitor/jaunpils_pienotava/
,Azerbaijan,5.2,B068g,"Zagatala region,village Yukhary Tala, AZ1000 Zagatala",https://khan-el.com/contact,Fine Food,"Delicatessen products, gourmet food and staple food","Delicatessen products, gourmet food and staple food > Dried fruit and vegetables > Nuts",1,,,Products (Manufacturer's brand) for the food wholesale and retail trade,Australia Brazil Canada China Colombia East Africa Germany India Japan Mexico Middle East New Zealand North Africa Northern Europe Others Central America Others Eastern Europe Others Oceania Others South America Russia South Africa South East Asia Southern Europe Türkiye USA West Africa Western Europe,,https://www.anuga.com/exhibitor/khan-el_llc/
"Lat Eko Food, SIA",Latvia,5.1,F001,"Muizas iela 18a, LV-2164 Adazi",https://www.latekofood.lv/en,Organic,"Delicatessen products, gourmet food and staple food | Organic products","Delicatessen products, gourmet food and staple food > Delicatessen sauces and seasonings > Ketchup | Organic products > Organic delicatessen products, gourmet, general provisions and health foods > Organic general provisions and staple foods | Organic products > Organic meat, meat products and meat substitute products > Organic meat products | Organic products > Organic fresh convenience, fish and fish substitute products > Other organic side dishes/ingredients | Organic products > Organic milk and dairy products, Milk substitute products > Organic milk and dairy products | Organic products > Organic milk and dairy products, Milk substitute products > Other organic milk and dairy products | Organic products > Organic bread, baked goods and spreads > Organic jams and spreads | Organic products > Organic bread, baked goods and spreads > Other organic spreads | Organic products > Organic drinks > Organic fruit juices | Organic products > Organic Free From, Health & Functional Foods > Organic reform products and functional foods | Organic products > Organic Free From, Health & Functional Foods > Organic gluten-free products | Organic products > Organic products for the Out of Home market > Organic delicatessen products, gourmet, general provisions and health foods for the Out of Home market | Organic products > Organic products for the Out of Home market > Organic meat, meat products and meat substitute products for the Out of Home market | Organic products > Organic products for the Out of Home market > Organic fresh convenience, fish and fish substitute products for the Out of Home market | Organic products > Organic products for the Out of Home market > Organic milk and dairy products, Milk substitute products for the Out of Home market | Organic products > Organic products for the Out of Home market > Organic bread, baked goods and spreads for the Out of Home market | Organic products > Organic products for the Out of Home market > Organic drinks for the Out of Home market | Organic products > Organic products for the Out of Home market > Organic Free From, Health & Functional Foods for the Out ofHome market",18,RUDOLFS and PRIVATE LABEL RUDOLFS ORGANIC,"Clean Label (organic, natural and non-GMO products) Free from, Health & Functional Food Gourmet & Specialty Food Halal Organic products Plant-Based Proteins or Food (vegetarian, vegan) private label Sustainably Produced or Packed",Products (Manufacturer's brand) for the food wholesale and retail trade Provided products (private label) for the food and wholesale and retail trade,Australia China Germany Japan New Zealand Northern Europe Others Eastern Europe Others Oceania South East Asia Southern Europe Türkiye Western Europe,,https://www.anuga.com/exhibitor/lat_eko_food_sialat_eko_food/
,Uzbekistan,10.2,A023,"Kulbaipoyon Andijoni, 140303 Samarkand",http://nnpraisins.uz,Fine Food,"Delicatessen products, gourmet food and staple food","Delicatessen products, gourmet food and staple food > Dried fruit and vegetables > Dried fruit",1,NNP Raisins,Gourmet & Specialty Food,Products (Manufacturer's brand) for the food wholesale and retail trade,Australia Brazil Canada Germany New Zealand Northern Europe Others Eastern Europe Southern Europe USA Western Europe,,https://www.anuga.com/exhibitor/navobod_naslli_parr/
,Georgia,7.1,G061,"ozurgeti vil.dvabzu, 3505 ozurgeti",https://www.facebook.com/profile.php?id=100076218696363,Drinks,Hot beverages,Hot beverages > Tea > Black tea | Hot beverages > Tea > Green tea | Hot beverages > Tea > Fruit tea | Hot beverages > Tea > Herbal tea,4,Chanitea,"Clean Label (organic, natural and non-GMO products)",Products for food service and catering Provided products (private label) for the food and wholesale and retail trade,Germany Western Europe,,https://www.anuga.com/exhibitor/rcheuli_2021_ltd/
,Latvia,7.1,F058a,"Dzirnavu iela 2, LV-4219 Valmiermuiza, Valmieras pagast",http://valmiermuiza.lv,Drinks,Drinks | Organic products,Drinks > Non-alcoholic beverages > Carbonated fruit juice drinks | Drinks > Non-alcoholic beverages > Soft drinks | Drinks > Non-alcoholic beverages > Sports drinks | Drinks > Beer and mixed beer drinks > Beer | Drinks > Beer and mixed beer drinks > Non-alcoholic beer | Drinks > Beer and mixed beer drinks > Mixed beer drinks | Drinks > Beer and mixed beer drinks > Craft Beer | Organic products > Organic drinks > Organic soft-drinks,8,GARDUMUTI VALMIERMUIŽA WOLMARSHOF,"Clean Label (organic, natural and non-GMO products) Convenience & Snacking Free from, Health & Functional Food Gourmet & Specialty Food Organic products Plant-Based Proteins or Food (vegetarian, vegan) private label Sustainably Produced or Packed",Products (Manufacturer's brand) for the food wholesale and retail trade Products for food service and catering Products for the food processing industry Provided products (private label) for the food and wholesale and retail trade,Germany Northern Europe Others Eastern Europe Southern Europe Western Europe,,https://www.anuga.com/exhibitor/valmiermuizas_alus/
,Ukraine,CF,Confexhall+B022,,,,,,,,,,,,https://www.anuga.com/exhibitor/viji_trade_llc/
GICA,Tunisia,11.3,C040b,"Avenue Taieb Mhiri 77, 1002 Tunis",http://www.gica.tn,"Associations, organisations, trade press, services, IT Fine Food","Associations, organisations, trade press, services, IT | Delicatessen products, gourmet food and staple food","Associations, organisations, trade press, services, IT > Associations and organisations > Associations | Associations, organisations, trade press, services, IT > Associations and organisations > Ministeries, government agencies | Delicatessen products, gourmet food and staple food > Canned food > Canned fruit and pulpes | Delicatessen products, gourmet food and staple food > Canned food > Vegetable preserves | Delicatessen products, gourmet food and staple food > Canned food > Pickled products | Delicatessen products, gourmet food and staple food > Canned food > Fish preserves | Delicatessen products, gourmet food and staple food > Canned food > Preserved antipasti | Delicatessen products, gourmet food and staple food > Canned food > Olives",8,Canned Food Industries Group,Gourmet & Specialty Food Halal Kosher Organic products private label Superfoods & Ancient Grains Sustainably Produced or Packed,Products (Manufacturer's brand) for the food wholesale and retail trade Products for food service and catering Products for the food processing industry Provided products (private label) for the food and wholesale and retail trade,Brazil Canada Colombia East Africa Germany Mexico North Africa Northern Europe Others Central America Others Eastern Europe Others South America Russia South Africa Southern Europe Türkiye USA West Africa Western Europe,,https://www.anuga.com/exhibitor/_21671782633/
100 Mistérios,Portugal,4.1,A051+B058,,,,,,,,,,,,https://www.anuga.com/exhibitor/100_misterios/
11er Nahrungsmittel GmbH,Austria,11.2,F012,,,,,,,,,,,,https://www.anuga.com/exhibitor/11er_nahrungsmittel/
Storteboom Food Group B.V.,Netherlands,9.1,D020+D024,,,,,,,,,,,,https://www.anuga.com/exhibitor/2_sisters_storteboom/
2BOX  (JuiceBox & TeaBox),Greece,8.1,C062,,,,,,,,,,,,https://www.anuga.com/exhibitor/2box_juicebox_-_te/
2VD sprl,Belgium,5.2,D050a,,,,,,,,,,,,https://www.anuga.com/exhibitor/2vd/
"3 SEASONS FRUIT INDUSTRY CO., LTD.",Thailand,5.1,E087,,,,,,,,,,,,https://www.anuga.com/exhibitor/3_seasons_fruit/
3A BIOTECH SL,Spain,7.1,A042,,,,,,,,,,,,https://www.anuga.com/exhibitor/3a_biotech_sl/
4-Chef SRL,Italy,5.1,C064,"Via delle Pasque Veronesi 4/6, 37051 BOVOLONE (VR)",http://www.saporeeto.it,Chilled & Fresh Food,"Fresh convenience food, fresh delicatessen, fish, fruit & vegetables | Frozen food and ice cream products | Meat, sausage, game and poultry","Fresh convenience food, fresh delicatessen, fish, fruit & vegetables > Fish, shellfish and seafood > Fish products/seafood | Fresh convenience food, fresh delicatessen, fish, fruit & vegetables > Fresh side dishes / ingredients > Fresh sauces and dressings | Fresh convenience food, fresh delicatessen, fish, fruit & vegetables > Fresh side dishes / ingredients > Fresh pasta | Fresh convenience food, fresh delicatessen, fish, fruit & vegetables > Fresh ready-meals > Fresh meat-based ready-meals | Fresh convenience food, fresh delicatessen, fish, fruit & vegetables > Fresh ready-meals > Fresh fish-based ready-meals | Fresh convenience food, fresh delicatessen, fish, fruit & vegetables > Fresh ready-meals > Other fresh ready-meals | Frozen food and ice cream products > Frozen fish and seafood > Frozen fish products | Frozen food and ice cream products > Frozen ready-meals > Frozen pasta | Frozen food and ice cream products > Frozen ready-meals > Forzen meat-based ready-meals | Frozen food and ice cream products > Frozen ready-meals > Other frozen ready-meals | Meat, sausage, game and poultry > Meat-based convenience products > Ready-meals with meat",11,Saporeeto,"Clean Label (organic, natural and non-GMO products) Gourmet & Specialty Food Plant-Based Proteins or Food (vegetarian, vegan) private label",Products (Manufacturer's brand) for the food wholesale and retail trade,Canada China Germany Japan Middle East Northern Europe Others Eastern Europe Russia South East Asia Southern Europe USA Western Europe,,https://www.anuga.com/exhibitor/4-chef_srl/
4.0 caffe srl,Italy,11.2,C037,"Via Provinciale per Lecce 83, 72100 BRINDISI (BR)",http://www.quarantacaffe.it,Fine Food,Hot beverages,Hot beverages > Coffee > Coffee | Hot beverages > Coffee > Espresso | Hot beverages > Coffee > Coffee pads/capsules,3,CAFFE QUARANTA,"Halal Organic products Plant-Based Proteins or Food (vegetarian, vegan) private label Sustainably Produced or Packed",Products (Manufacturer's brand) for the food wholesale and retail trade Products for food service and catering Products for the food processing industry Provided products (private label) for the food and wholesale and retail trade,Australia Brazil Canada China Colombia East Africa Germany India Japan Mexico Middle East New Zealand North Africa Northern Europe Others Central America Others Eastern Europe Others Oceania Others South America Russia South Africa South East Asia Southern Europe Türkiye USA West Africa Western Europe,,https://www.anuga.com/exhibitor/40_caffe_srl/
528 Productions BV,Belgium,4.1,A069,"Groenbek 32, 8790 Waregem",http://www.528.co,Frozen Food,Frozen food and ice cream products,Frozen food and ice cream products > Ice cream > Ice cubes,1,528,Convenience & Snacking private label,Products (Manufacturer's brand) for the food wholesale and retail trade Products for food service and catering Products for the food processing industry Provided products (private label) for the food and wholesale and retail trade,Australia Brazil Canada China Colombia Germany India Japan Mexico Middle East New Zealand North Africa Northern Europe Others Central America Others Eastern Europe Others Oceania Others South America South East Asia Southern Europe Türkiye USA Western Europe,,https://www.anuga.com/exhibitor/528_productions_bv/
5L S.A.,Argentina,9.1,A008,"Av. Tratado del Pilar 150, B1630 Pilar",http://www.grupo5l.com,Meat,"Meat, sausage, game and poultry","Meat, sausage, game and poultry > Meat (unprocessed) > Pork",1,GRUPO 5L Grupo 5L,,Products (Manufacturer's brand) for the food wholesale and retail trade Products for food service and catering Products for the food processing industry Provided products (private label) for the food and wholesale and retail trade,China East Africa Middle East Others Eastern Europe Russia South East Asia West Africa,,https://www.anuga.com/exhibitor/5l_sa/
7 spices co,Egypt,2.1,B065,"2012 Ring Road, Near Carrefour Maadi, Cairo",http://www.sevenspicesco.com,Fine Food,"Delicatessen products, gourmet food and staple food","Delicatessen products, gourmet food and staple food > Delicatessen sauces and seasonings > Herbs and spices",1,,,,,,https://www.anuga.com/exhibitor/7_spices_co/
8th Avenue Food & Provisions,Canada,11.2,D027,"Citizen Court 30, Markham ,ON L6G 1C4",http://www.8ave.com,Fine Food,"Bread, baked goods and spreads","Bread, baked goods and spreads > Spreads > Peanut butter",1,Nut N Better,private label,Products (Manufacturer's brand) for the food wholesale and retail trade Products for food service and catering Products for the food processing industry Provided products (private label) for the food and wholesale and retail trade,Canada Colombia Germany Japan Mexico Middle East Others Central America USA,,https://www.anuga.com/exhibitor/8th_avenue_food_-_pr/
Amdie,Morocco,11.3,A040+B049,"Centre Mahaj Ryad, Avenue Attine, Business 5 & 7 -, Rabat",http://amdie.gov.ma,Fine Food,"Associations, organisations, trade press, services, IT","Associations, organisations, trade press, services, IT > Associations and organisations > Organisations",1,,,,,,https://www.anuga.com/exhibitor/a/
Frystmat Mena Foods Aktiebolag,Sweden,9.1,E027,"Marieholmsgatan 64, 415 02 Göteborg",https://frystmat.com/,Meat,"Fresh convenience food, fresh delicatessen, fish, fruit & vegetables | Meat, sausage, game and poultry","Fresh convenience food, fresh delicatessen, fish, fruit & vegetables > Cut fruit and vegetables > Cut vegetables | Fresh convenience food, fresh delicatessen, fish, fruit & vegetables > Cut fruit and vegetables > Pre-cooked vegetables | Meat, sausage, game and poultry > Meat (unprocessed) > Beef | Meat, sausage, game and poultry > Meat (unprocessed) > Veal | Meat, sausage, game and poultry > Meat (unprocessed) > Poultry | Meat, sausage, game and poultry > Meat (unprocessed) > Lamb and goat | Meat, sausage, game and poultry > Meat (unprocessed) > Game | Meat, sausage, game and poultry > Meat (unprocessed) > Buffalo meat | Meat, sausage, game and poultry > Meat (unprocessed) > Offal",9,Frystmat,"Halal Plant-Based Proteins or Food (vegetarian, vegan)",Products (Manufacturer's brand) for the food wholesale and retail trade Products for food service and catering Products for the food processing industry Provided products (private label) for the food and wholesale and retail trade,East Africa Middle East North Africa South Africa West Africa,,https://www.anuga.com/exhibitor/a_frystmat/
A MAR ES ESPECTACULAR,Spain,11.1,C036,"Calle Sant Feliú 7, 08340 Vilassar de Mar",http://www.amarespectacular.com,Fine Food,"Delicatessen products, gourmet food and staple food","Delicatessen products, gourmet food and staple food > Canned food > Canned fruit and pulpes | Delicatessen products, gourmet food and staple food > Canned food > Fish preserves | Delicatessen products, gourmet food and staple food > Canned food > Olives | Delicatessen products, gourmet food and staple food > Delicatessen sauces and seasonings > Other seasonings and seasoning sauces | Delicatessen products, gourmet food and staple food > Delicatessen products, gourmet food and staple food for theOut of Home market > Delicatessen sauces and seasonings for the Out of Home market | Delicatessen products, gourmet food and staple food > Delicatessen products, gourmet food and staple food for theOut of Home market > Confectionery and snack products for the Out of Home market",6,A MAR es Espectacular,"Convenience & Snacking Free from, Health & Functional Food Gourmet & Specialty Food Sustainably Produced or Packed",Products (Manufacturer's brand) for the food wholesale and retail trade,Germany Northern Europe Others Eastern Europe Southern Europe Western Europe,,https://www.anuga.com/exhibitor/a_mar_es_espectaculamar_es_espectacular/
Mondial Foods B.V.,Netherlands,6.1,E061,"Smeenkhof 12 A, 7429 AX COLMSCHATE",http://www.mondialfoods.com,Meat,Dairy products | Frozen food and ice cream products,Dairy products > Cheese > Hard cheese | Dairy products > Cheese > Slicing cheese/semi-hard cheese | Dairy products > Cheese > Soft cheese | Dairy products > Dried milk products > Milk powder | Frozen food and ice cream products > Frozen fruit and vegetables > Frozen vegetable products | Frozen food and ice cream products > Frozen fruit and vegetables > Frozen potato products | Frozen food and ice cream products > Frozen meat > Frozen meat products | Frozen food and ice cream products > Frozen meat > Frozen poultry products | Frozen food and ice cream products > Frozen meat > Other frozen meat | Frozen food and ice cream products > Frozen fish and seafood > Frozen fish products,10,,Halal,,East Africa Middle East Others Central America South East Asia West Africa,,https://www.anuga.com/exhibitor/a_mondial_foodsmondial_foods/
PAGYSA PAMUK GIDA YERLI URUNLER TIC. VE SAN. A.S.,Türkiye,10.2,C025,"Sehit Fethi Bey Caddesi 32/6, 35210 Izmir",http://www.pagysa.com,Fine Food,"Delicatessen products, gourmet food and staple food | Organic products","Delicatessen products, gourmet food and staple food > Dried fruit and vegetables > Dried fruit | Delicatessen products, gourmet food and staple food > Dried fruit and vegetables > Dates | Delicatessen products, gourmet food and staple food > Dried fruit and vegetables > Figs | Delicatessen products, gourmet food and staple food > Dried fruit and vegetables > Dried vegetables | Delicatessen products, gourmet food and staple food > Dried fruit and vegetables > Nuts | Delicatessen products, gourmet food and staple food > Dried fruit and vegetables > Almonds | Delicatessen products, gourmet food and staple food > Confectionery and snack products > Snack products* | Organic products > Organic delicatessen products, gourmet, general provisions and health foods > Dried organic fruit and vegetables",8,,"Convenience & Snacking Free from, Health & Functional Food Gourmet & Specialty Food Halal Kosher Organic products Plant-Based Proteins or Food (vegetarian, vegan) private label",Products (Manufacturer's brand) for the food wholesale and retail trade Products for food service and catering Products for the food processing industry Provided products (private label) for the food and wholesale and retail trade,Australia Brazil Canada China Germany India Japan Mexico Middle East New Zealand Northern Europe Others Eastern Europe Others Oceania Russia South East Asia Southern Europe USA Western Europe,,https://www.anuga.com/exhibitor/a_nova_fruitspagysa_pamuk/
A PIZZA VULCANO FOOD GOURMET,Italy,4.1,C017,"Via Pazzigno 117, 80146 NAPOLI (NA)",http://www.apizza.it,Frozen Food,Frozen food and ice cream products,Frozen food and ice cream products > Frozen ready-meals > Frozen pizzas,1,,"Clean Label (organic, natural and non-GMO products) Gourmet & Specialty Food Halal private label",,Australia Canada China Germany Japan Middle East Northern Europe USA Western Europe,,https://www.anuga.com/exhibitor/a_pizza_vulcano_food/
A&E Solutions Consultants Ltd,Cyprus,11.2,F040,"Klimis 17, 7101 Larnaca",http://www.artima.com.cy,Fine Food,"Bread, baked goods and spreads | Delicatessen products, gourmet food and staple food | Drinks | Fresh convenience food, fresh delicatessen, fish, fruit & vegetables | Frozen food and ice cream products | Meat, sausage, game and poultry","Bread, baked goods and spreads > Raw materials/ingredients/auxiliary agents for baking > Raw materials/ingredients | Bread, baked goods and spreads > Raw materials/ingredients/auxiliary agents for baking > Seasonings | Delicatessen products, gourmet food and staple food > General provisions and staple foods > Raw materials and process materials | Delicatessen products, gourmet food and staple food > General provisions and staple foods > Food additives | Delicatessen products, gourmet food and staple food > General provisions and staple foods > Concentrates (liquid and powder) | Delicatessen products, gourmet food and staple food > General provisions and staple foods > Gelling and binding agents | Delicatessen products, gourmet food and staple food > General provisions and staple foods > Yeast | Delicatessen products, gourmet food and staple food > General provisions and staple foods > Breadcrumbs | Delicatessen products, gourmet food and staple food > Delicatessen sauces and seasonings > Herbs and spices | Delicatessen products, gourmet food and staple food > Delicatessen sauces and seasonings > Other seasonings and seasoning sauces | Drinks > Raw materials, reagents and additives > Aromas, essences and extracts | Drinks > Raw materials, reagents and additives > Other additives | Fresh convenience food, fresh delicatessen, fish, fruit & vegetables > Raw ingredients and auxiliary agents for chilled foods > Aromas, flavours | Fresh convenience food, fresh delicatessen, fish, fruit & vegetables > Raw ingredients and auxiliary agents for chilled foods > Other raw ingredients and auxiliary agents | Frozen food and ice cream products > Raw ingredients and auxiliary agents for frozen products > Aromas, flavours | Frozen food and ice cream products > Raw ingredients and auxiliary agents for frozen products > Other raw ingredients and auxiliary agents | Meat, sausage, game and poultry > Raw ingredients and auxiliary agents for butchers > Seasoning mixtures and marinades | Meat, sausage, game and poultry > Raw ingredients and auxiliary agents for butchers > Other raw ingredients for butchers",18,Artima Food Ingredients Artima Pro Hungry Labels,"Alternative Proteins (insects, lab cultured proteins) Clean Label (organic, natural and non-GMO products) Convenience & Snacking Plant-Based Proteins or Food (vegetarian, vegan)",Products (Manufacturer's brand) for the food wholesale and retail trade Products for food service and catering Products for the food processing industry Provided products (private label) for the food and wholesale and retail trade,Australia China Middle East Southern Europe USA,,https://www.anuga.com/exhibitor/a-e_solutions_consul/
"A&J Korea Co., Ltd.","Korea, Republic of",1.2,F015,,,,,,,,,,,,https://www.anuga.com/exhibitor/a-j_korea_co_ltd/
A&Y Food Industries Pvt Ltd,Pakistan,11.3,E032,,,,,,,,,,,,https://www.anuga.com/exhibitor/a-y_food_industries/
"A+Z Risnovsky, Halasz",Slovakia,10.2,B091,,,,,,,,,,,,https://www.anuga.com/exhibitor/a_z_risnovskyhalasz/
A-Grosik PSH Jacek Wolkowicz,Poland,2.1,E046,,,,,,,,,,,,https://www.anuga.com/exhibitor/a-grosik_psihjacek_wolkowicz/
A-LIMA-BIS SP. Z O.O.,Poland,10.1,C070+C078,,,,,,,,,,,,https://www.anuga.com/exhibitor/a-lima/
A. Barbagallo Di Mauro srl,Italy,5.2,A041+A049,,,,,,,,,,,,https://www.anuga.com/exhibitor/a_barbagallo_di_mau/
AS A. Le Coq,Estonia,7.1,E017,,,,,,,,,,,,https://www.anuga.com/exhibitor/a_le_coq_as/
A. Rieper AG,Italy,11.2,G026,,,,,,,,,,,,https://www.anuga.com/exhibitor/a_rieper_ag/
A. Zorbas & Sons Ltd.,Cyprus,4.2,B017,,,,,,,,,,,,https://www.anuga.com/exhibitor/a_zorbas_-_sonszorbas_-_sons/
A.AGATHOKLEOUS LTD,Cyprus,11.2,F048b,"TASOU ISAAK 11, 7571 LARNACA",https://www.kingofolives.com.cy/,Fine Food,"Delicatessen products, gourmet food and staple food | Organic products","Delicatessen products, gourmet food and staple food > Oils and fats > Vegetable oils | Delicatessen products, gourmet food and staple food > Oils and fats > Olive oil | Delicatessen products, gourmet food and staple food > Oils and fats > Rapeseed oil | Delicatessen products, gourmet food and staple food > Oils and fats > Sunflower oil | Organic products > Organic delicatessen products, gourmet, general provisions and health foods > Organic olives",5,KING EST. 1985 THE KING OF OLIVES,Kosher Organic products private label Superfoods & Ancient Grains,Products (Manufacturer's brand) for the food wholesale and retail trade Products for food service and catering Products for the food processing industry Provided products (private label) for the food and wholesale and retail trade,Australia Brazil Canada China Colombia Germany India Japan Mexico Middle East New Zealand Northern Europe Others Central America Others Eastern Europe Others Oceania Others South America Russia South Africa South East Asia Southern Europe USA Western Europe,,https://www.anuga.com/exhibitor/aagathokleous/
A.B. Export Import LLC,Ukraine,2.1,D012,"Kniazhyi Zaton 16 D, 02095 Kyiv",https://uvas-oilsun.com.ua/,Fine Food,"Delicatessen products, gourmet food and staple food","Delicatessen products, gourmet food and staple food > Oils and fats > Sunflower oil",1,UVAS,Gourmet & Specialty Food private label,Products (Manufacturer's brand) for the food wholesale and retail trade Products for food service and catering Provided products (private label) for the food and wholesale and retail trade,East Africa Germany North Africa Northern Europe Others Eastern Europe Russia South Africa Southern Europe Türkiye West Africa Western Europe,,https://www.anuga.com/exhibitor/ab_export_import_l/
"A.E.C. Canning Co., Ltd.",Thailand,11.3,G044,"Rama 2 44/5, 74000 Samutsakhon",http://www.aeccanning.co,Fine Food,"Delicatessen products, gourmet food and staple food","Delicatessen products, gourmet food and staple food > Canned food > Fish preserves",1,Fish bite,Halal Kosher Superfoods & Ancient Grains,Products (Manufacturer's brand) for the food wholesale and retail trade Products for food service and catering Products for the food processing industry Provided products (private label) for the food and wholesale and retail trade,Australia Middle East New Zealand North Africa USA,,https://www.anuga.com/exhibitor/aec_canning/
"A.N.J.distribution, s.r.o.",Slovakia,4.1,E093,"Diakovska 9, 927 01 Sala",http://www.anj-distribution.com,Fine Food,"Delicatessen products, gourmet food and staple food","Delicatessen products, gourmet food and staple food > Dietary supplements > Dietary supplements | Delicatessen products, gourmet food and staple food > Reform products and functional food > Functional foods | Delicatessen products, gourmet food and staple food > Reform products and functional food > Protein-containing products | Delicatessen products, gourmet food and staple food > Reform products and functional food > Food products for weight loss | Delicatessen products, gourmet food and staple food > Reform products and functional food > Gluten-free food | Delicatessen products, gourmet food and staple food > Reform products and functional food > Food containing fructose and/or artificial sweeteners | Delicatessen products, gourmet food and staple food > Sports nutrition > Snacks/bars | Delicatessen products, gourmet food and staple food > Sports nutrition > Shakes/drinks | Delicatessen products, gourmet food and staple food > Sports nutrition > Other",9,Gam´s Powerlogy Tigernuts,"Free from, Health & Functional Food Plant-Based Proteins or Food (vegetarian, vegan) private label",Products (Manufacturer's brand) for the food wholesale and retail trade Provided products (private label) for the food and wholesale and retail trade,,,https://www.anuga.com/exhibitor/anjdistribution/
A.P. POLYCARPOU AND SONS FARM LTD,Cyprus,10.1,B030a,"Dimokratias Str., 4, 4601 Limassol",https://www.apolycarpou.com,Dairy,Dairy products,Dairy products > Milk and dairy products > Natural yoghurt | Dairy products > Cheese > Soft cheese | Dairy products > Cheese > Goat cheese | Dairy products > Cheese > Sheep's milk cheese,4,POLYCARPOU,Gourmet & Specialty Food,Products (Manufacturer's brand) for the food wholesale and retail trade,Canada Japan New Zealand USA,,https://www.anuga.com/exhibitor/ap_polycarpou_and/
A.R. Tartufi srkl,Italy,11.2,C056,"Frazione delle Palombare 5, 05031 ARRONE (TR)",http://www.valnerinatartufi.com,Fine Food,"Delicatessen products, gourmet food and staple food | Drinks","Delicatessen products, gourmet food and staple food > Delicatessen sauces and seasonings > Mayonnaise | Delicatessen products, gourmet food and staple food > Delicatessen sauces and seasonings > Ketchup | Delicatessen products, gourmet food and staple food > Delicatessen sauces and seasonings > Pesto | Delicatessen products, gourmet food and staple food > Delicatessen sauces and seasonings > Salsa Sauce | Delicatessen products, gourmet food and staple food > Delicatessen sauces and seasonings > Other seasonings and seasoning sauces | Delicatessen products, gourmet food and staple food > Dried fruit and vegetables > Truffles | Delicatessen products, gourmet food and staple food > Delicatessen products, gourmet food and staple food for theOut of Home market > Delicatessen sauces and seasonings for the Out of Home market | Drinks > Raw materials, reagents and additives > Aromas, essences and extracts",8,A.R. Tartufi Valnerina Tartufi,Gourmet & Specialty Food Halal Kosher private label,Products (Manufacturer's brand) for the food wholesale and retail trade Products for food service and catering Products for the food processing industry,Australia Brazil Canada China Colombia East Africa Germany India Japan Mexico Middle East New Zealand North Africa Northern Europe Others Central America Others Eastern Europe Others Oceania Others South America Russia South Africa South East Asia Southern Europe Türkiye USA West Africa Western Europe,,https://www.anuga.com/exhibitor/ar_tartufi_srkl/
Aachener Printen- und Schokoladenfabrik Henry Lambertz GmbH & Co. KG,Germany,3.2,A010+A018,"Borchersstr. 18 - 20, 52072 Aachen",http://www.lambertz.de,Bread & Bakery,"Bread, baked goods and spreads | Delicatessen products, gourmet food and staple food","Bread, baked goods and spreads > Fine baked goods > Pyramid cake | Bread, baked goods and spreads > Fine baked goods > Stollen | Bread, baked goods and spreads > Fine baked goods > Fine baked goods in cans | Bread, baked goods and spreads > Fine baked goods > Other fine baked goods | Bread, baked goods and spreads > Long-life baked goods > Gingerbread | Bread, baked goods and spreads > Long-life baked goods > Russian bread, meringue | Bread, baked goods and spreads > Long-life baked goods > Macaroons | Bread, baked goods and spreads > Long-life baked goods > Florentines | Bread, baked goods and spreads > Long-life baked goods > Muesli bars/muesli baked goods | Bread, baked goods and spreads > Long-life baked goods > Long-life baked goods in cans | Delicatessen products, gourmet food and staple food > Confectionery and snack products > Chocolate* | Delicatessen products, gourmet food and staple food > Confectionery and snack products > Pralines* | Delicatessen products, gourmet food and staple food > Confectionery and snack products > Snack products*",13,Lambertz (Aachener Printen- und Schokoladenfabrik,Organic products,Products (Manufacturer's brand) for the food wholesale and retail trade Provided products (private label) for the food and wholesale and retail trade,Australia Brazil Canada China Colombia Germany Japan Mexico Middle East Northern Europe Others Central America Others Eastern Europe Others South America South Africa South East Asia Southern Europe Türkiye USA Western Europe,"Aachener Printen- und Schokoladenfabrik Henry Lambertz GmbH & Co. KG, founded in 1688 Since 1688, the oldest sweet brand in Germany has been providing moments of indulgence",https://www.anuga.com/exhibitor/aachener_printenlambertz/
AAK Foodservice & Retail,United Kingdom,10.2,F063,"King George Dock, HULL HU9 5PX",https://aakfoodservice.com,Fine Food,"Delicatessen products, gourmet food and staple food","Delicatessen products, gourmet food and staple food > Oils and fats > Vegetable oils | Delicatessen products, gourmet food and staple food > Oils and fats > Olive oil | Delicatessen products, gourmet food and staple food > Oils and fats > Rapeseed oil | Delicatessen products, gourmet food and staple food > Oils and fats > Grapeseed oil | Delicatessen products, gourmet food and staple food > Oils and fats > Sesame oil | Delicatessen products, gourmet food and staple food > Oils and fats > Sunflower oil | Delicatessen products, gourmet food and staple food > Oils and fats > Other Oils | Delicatessen products, gourmet food and staple food > Delicatessen products, gourmet food and staple food for theOut of Home market > Oils and fats for the Out of Home market",8,International Collection Lion Prep Prep Deli Prep Premium Sizzola,"Clean Label (organic, natural and non-GMO products) Plant-Based Proteins or Food (vegetarian, vegan) private label",Products (Manufacturer's brand) for the food wholesale and retail trade Products for food service and catering Provided products (private label) for the food and wholesale and retail trade,Australia Brazil Canada China Colombia East Africa Germany India Japan Mexico Middle East New Zealand North Africa Northern Europe Others Central America Others Eastern Europe Others Oceania Others South America Russia South Africa South East Asia Southern Europe Türkiye USA West Africa Western Europe,,https://www.anuga.com/exhibitor/aakaak_international/
Aakansha-Naturprodukte GmbH,Germany,2.1,F050,"Grandweg 66a, 22529 Hamburg",https://www.aakansha-naturprodukte.com/,Fine Food,"Alternatives | Bread, baked goods and spreads | Delicatessen products, gourmet food and staple food | Organic products","Alternatives > Alternative meat products > Vegan meat alternatives | Bread, baked goods and spreads > Glutenfree baked goods > Glutenfree baked goods | Delicatessen products, gourmet food and staple food > Nutrients > Pulses | Delicatessen products, gourmet food and staple food > Delicatessen sauces and seasonings > Herbs and spices | Delicatessen products, gourmet food and staple food > Dietary supplements > Dietary supplements | Organic products > Organic delicatessen products, gourmet, general provisions and health foods > Organic herbs and spices | Organic products > Organic delicatessen products, gourmet, general provisions and health foods > Organic cocoa and chocolate products",7,,"Clean Label (organic, natural and non-GMO products) Gourmet & Specialty Food Halal Kosher Organic products Plant-Based Proteins or Food (vegetarian, vegan) private label Superfoods & Ancient Grains",Products for the food processing industry,Germany Northern Europe Others Eastern Europe Southern Europe Western Europe,,https://www.anuga.com/exhibitor/aakansha-naturproduk/
AAKSH BEVERAGES Pvt Ltd,India,8.1,A119,"LBS Marg, Gold Crest Business Park 414, 400086 Mumbai",https://www.aaksh.com,Hot Beverages,Hot beverages,Hot beverages > Coffee > Coffee | Hot beverages > Coffee > Specialty coffees | Hot beverages > Coffee > Barley/malt/corn coffee | Hot beverages > Coffee > Coffee pads/capsules | Hot beverages > Coffee > Instant hot beverages,5,AVEON CAFE,private label,Products (Manufacturer's brand) for the food wholesale and retail trade Products for food service and catering Products for the food processing industry Provided products (private label) for the food and wholesale and retail trade,Australia East Africa Germany India Japan Middle East New Zealand North Africa Northern Europe Others Eastern Europe Others Oceania Russia South Africa South East Asia Southern Europe Türkiye USA West Africa Western Europe,,https://www.anuga.com/exhibitor/aaksh_beverages/
Aaswad Foods,India,11.3,F037a,"Metoda GIDC, 360021 Rajkot",http://www.aaswadexports.com,Fine Food,"Delicatessen products, gourmet food and staple food | Drinks | Frozen food and ice cream products","Delicatessen products, gourmet food and staple food > General provisions and staple foods > Raw materials and process materials | Delicatessen products, gourmet food and staple food > General provisions and staple foods > Sugar | Delicatessen products, gourmet food and staple food > General provisions and staple foods > Salt | Delicatessen products, gourmet food and staple food > General provisions and staple foods > Flour | Delicatessen products, gourmet food and staple food > General provisions and staple foods > Starches | Delicatessen products, gourmet food and staple food > General provisions and staple foods > Baking powder | Delicatessen products, gourmet food and staple food > Nutrients > Rice  (non-chilled) | Delicatessen products, gourmet food and staple food > Nutrients > Rice products | Delicatessen products, gourmet food and staple food > Nutrients > Pulses | Delicatessen products, gourmet food and staple food > Nutrients > Grains | Delicatessen products, gourmet food and staple food > Nutrients > Semolina | Delicatessen products, gourmet food and staple food > Nutrients > Oat products | Delicatessen products, gourmet food and staple food > Nutrients > Buckwheat products | Delicatessen products, gourmet food and staple food > Nutrients > Durum wheat products | Delicatessen products, gourmet food and staple food > Nutrients > Cornflakes | Delicatessen products, gourmet food and staple food > Canned food > Canned fruit and pulpes | Delicatessen products, gourmet food and staple food > Canned food > Pickled products | Delicatessen products, gourmet food and staple food > Canned food > Fish preserves | Delicatessen products, gourmet food and staple food > Ready-meals and soup products > Ready-meals (non-chilled) | Delicatessen products, gourmet food and staple food > Ready-meals and soup products > Seasonings | Delicatessen products, gourmet food and staple food > Ready-meals and soup products > Sauces and gravies (non-chilled) | Delicatessen products, gourmet food and staple food > Dried fruit and vegetables > Dried fruit | Delicatessen products, gourmet food and staple food > Dried fruit and vegetables > Dates | Delicatessen products, gourmet food and staple food > Dried fruit and vegetables > Dried vegetables | Delicatessen products, gourmet food and staple food > Dried fruit and vegetables > Nuts | Delicatessen products, gourmet food and staple food > Dried fruit and vegetables > Almonds | Delicatessen products, gourmet food and staple food > Dried fruit and vegetables > Pistachio nuts | Delicatessen products, gourmet food and staple food > Oils and fats > Vegetable oils | Delicatessen products, gourmet food and staple food > Oils and fats > Sesame oil | Delicatessen products, gourmet food and staple food > Oils and fats > Sunflower oil | Delicatessen products, gourmet food and staple food > Oils and fats > Other Oils | Delicatessen products, gourmet food and staple food > Delicatessen products, gourmet food and staple food for theOut of Home market > Ready-meals and soup products for the Out of Home market | Drinks > Non-alcoholic beverages > Fruit juices | Drinks > Non-alcoholic beverages > Soft drinks | Drinks > Non-alcoholic beverages > Tea-based drinks | Frozen food and ice cream products > Frozen fruit and vegetables > Frozen fruit products | Frozen food and ice cream products > Frozen fruit and vegetables > Frozen vegetable products | Frozen food and ice cream products > Frozen ready-meals > Frozen ready-meal ingredients | Frozen food and ice cream products > Frozen ready-meals > Frozen snacks/Finger food",39,Annam,,Products (Manufacturer's brand) for the food wholesale and retail trade,Germany Northern Europe Others Eastern Europe Russia Southern Europe Türkiye Western Europe,,https://www.anuga.com/exhibitor/aaswad/
AAYLEX HOSPITALITY,Romania,9.1,B050,"Nicolae Caramfil 71-73, Bucharest",http://www.cocorico.ro,Meat,"Fresh convenience food, fresh delicatessen, fish, fruit & vegetables | Meat, sausage, game and poultry","Fresh convenience food, fresh delicatessen, fish, fruit & vegetables > Fresh ready-meals > Fresh meat-based ready-meals | Fresh convenience food, fresh delicatessen, fish, fruit & vegetables > Other chilled products > Chilled baked goods | Meat, sausage, game and poultry > Meat (unprocessed) > Poultry | Meat, sausage, game and poultry > Meat products > Smoked sausage | Meat, sausage, game and poultry > Meat products > Other raw sausage | Meat, sausage, game and poultry > Meat products > Other cooked sausage | Meat, sausage, game and poultry > Meat products > Mortadella | Meat, sausage, game and poultry > Meat products > Poultry Sausage | Meat, sausage, game and poultry > Meat products > Smoked products | Meat, sausage, game and poultry > Meat products > Other meat products | Meat, sausage, game and poultry > Meat-based convenience products > Ready-meals with meat | Meat, sausage, game and poultry > Meat-based convenience products > Meat snacks | Meat, sausage, game and poultry > Meat-based convenience products > Meat for barbecuing | Meat, sausage, game and poultry > Meat, sausage, game and poultry for the Out of Home market > Meat (unprocessed) for the Out of Home market | Meat, sausage, game and poultry > Meat, sausage, game and poultry for the Out of Home market > Meat products  for the Out of Home market",15,COCORICO,"Clean Label (organic, natural and non-GMO products) Free from, Health & Functional Food Gourmet & Specialty Food Halal private label Sustainably Produced or Packed",Products (Manufacturer's brand) for the food wholesale and retail trade Products for food service and catering,East Africa Germany Middle East North Africa Northern Europe Others Eastern Europe South Africa Southern Europe West Africa Western Europe,,https://www.anuga.com/exhibitor/aaylex_hospitality/
AAYLEX ONE SA,Romania,9.1,A059,"Nicolae Caramfil 71-73, 014142 Bucharest",https://cocorico.ro/en/,Meat,"Meat, sausage, game and poultry","Meat, sausage, game and poultry > Meat (unprocessed) > Poultry | Meat, sausage, game and poultry > Meat products > Smoked sausage | Meat, sausage, game and poultry > Meat products > Other raw sausage | Meat, sausage, game and poultry > Meat products > Mortadella | Meat, sausage, game and poultry > Meat products > Poultry Sausage | Meat, sausage, game and poultry > Meat products > Smoked products | Meat, sausage, game and poultry > Meat-based convenience products > Ready-meals with meat | Meat, sausage, game and poultry > Meat-based convenience products > Meat snacks",8,COCORICO,"Clean Label (organic, natural and non-GMO products) Convenience & Snacking Free from, Health & Functional Food Gourmet & Specialty Food Halal Sustainably Produced or Packed",Products (Manufacturer's brand) for the food wholesale and retail trade Products for food service and catering Provided products (private label) for the food and wholesale and retail trade,China East Africa Middle East North Africa Northern Europe Others Eastern Europe South Africa Southern Europe West Africa Western Europe,,https://www.anuga.com/exhibitor/aaylex_one_sa/
A.B. Technologies Alimentaires,France,10.1,B011a,,,,,,,,,,,,https://www.anuga.com/exhibitor/ab_technologies/
AB Vilkyskiu pienine,Lithuania,10.1,A021,"Prano Lukosaicio st. 14, 99254 Vilkyskiai",https://vilvigroup.eu/,Dairy,Dairy products | Frozen food and ice cream products,Dairy products > Cheese > Slicing cheese/semi-hard cheese | Dairy products > Desserts > Other desserts | Dairy products > Dried milk products > Whey powder | Frozen food and ice cream products > Frozen dairy products > Frozen dairy products,4,VILVI,Convenience & Snacking Halal Kosher private label,Products (Manufacturer's brand) for the food wholesale and retail trade Provided products (private label) for the food and wholesale and retail trade,,,https://www.anuga.com/exhibitor/ab_vilkyskiu_pienine/
AB Vilniaus pergalė,Lithuania,10.2,E042,,,,,,,,,,,,https://www.anuga.com/exhibitor/ab_vilniaus_pergal_vilniaus_pergale/
Abada Trade LLC,Kyrgyzstan,11.3,C051,,,,,,,,,,,,https://www.anuga.com/exhibitor/abada_trade/
Abalioglu Lezita Gida San. A.S.,Türkiye,9.1,E040,,,,,,,,,,,,https://www.anuga.com/exhibitor/abalioglu/
Abbondanza del Pane,Italy,5.2,B040,,,,,,,,,,,,https://www.anuga.com/exhibitor/abbondanza_del_pane/
ABC Fruits,India,8.1,D011,,,,,,,,,,,,https://www.anuga.com/exhibitor/abc_fruits/
"ABC Global Resources, USA.",United States of America,10.2,G060,,,,,,,,,,,,https://www.anuga.com/exhibitor/abc_global_https://www.ausstellerdaten.de/asdb5/resources/
"ABD Khan Co., Ltd.",Thailand,11.3,G051,,,,,,,,,,,,https://www.anuga.com/exhibitor/abd_khan/
Abhaja SIA,Latvia,5.2,B057,,,,,,,,,,,,https://www.anuga.com/exhibitor/abhaja_sia/
Abhiram International Private Limited,India,11.3,G027,"Plot No. G-919, Metoda GIDC Gate No. 3, 360021 Rajkot",http://www.abhiraminternational.com,Fine Food,"Delicatessen products, gourmet food and staple food | Drinks | Frozen food and ice cream products","Delicatessen products, gourmet food and staple food > General provisions and staple foods > Raw materials and process materials | Delicatessen products, gourmet food and staple food > General provisions and staple foods > Salt | Delicatessen products, gourmet food and staple food > General provisions and staple foods > Flour | Delicatessen products, gourmet food and staple food > Canned food > Canned fruit and pulpes | Delicatessen products, gourmet food and staple food > Oils and fats > Vegetable oils | Delicatessen products, gourmet food and staple food > Oils and fats > Sesame oil | Delicatessen products, gourmet food and staple food > Oils and fats > Sunflower oil | Drinks > Beer and mixed beer drinks > Beer | Drinks > Wine, sparkling wine and Champagne > White wines | Drinks > Spirits > Rum | Drinks > Spirits > Whisky | Frozen food and ice cream products > Frozen fruit and vegetables > Frozen vegetable products | Frozen food and ice cream products > Frozen ready-meals > Frozen snacks/Finger food | Frozen food and ice cream products > Frozen ready-meals > Other frozen ready-meals",14,ITS Kathmandu,Convenience & Snacking,Products (Manufacturer's brand) for the food wholesale and retail trade Products for food service and catering,Germany Northern Europe Others Eastern Europe Southern Europe Western Europe,,https://www.anuga.com/exhibitor/abhiram_internationa/
Abido Spices,Lebanon,2.1,E011a%2C+E011gE019g,"Makhzumi street, Beirut",http://www.abido.com,Fine Food,"Delicatessen products, gourmet food and staple food","Delicatessen products, gourmet food and staple food > Delicatessen sauces and seasonings > Herbs and spices",1,Abido spices,,Products (Manufacturer's brand) for the food wholesale and retail trade Products for food service and catering Provided products (private label) for the food and wholesale and retail trade,Australia Brazil China Colombia East Africa Japan Mexico Middle East New Zealand North Africa Others Oceania South Africa West Africa,,https://www.anuga.com/exhibitor/abido_spices/
ABIEC Brazilian Beef Exporters Association INDÚSTRIAS EXPORTADORAS DE CARNES,Brazil,6.1,E072a,"Jardim Paulistano Av. Brigadeiro Faria Lima 1912, 14 andar, 01451-000 São Paulo",https://www.abiec.com.br/en/,"Associations, organisations, trade press, services, IT Meat","Associations, organisations, trade press, services, IT","Associations, organisations, trade press, services, IT > Associations and organisations",1,Brazilian Beef,,,,,https://www.anuga.com/exhibitor/abiecbrazilian_beef/
ABP,Ireland,6.1,A050+B051,"John Street 1, Ardee A92C92H",http://www.abpfoodgroup.com,Meat,"Meat, sausage, game and poultry","Meat, sausage, game and poultry > Meat (unprocessed) > Beef | Meat, sausage, game and poultry > Meat (unprocessed) > Lamb and goat | Meat, sausage, game and poultry > Meat (unprocessed) > Offal",3,Irish Nature,Organic products private label Sustainably Produced or Packed,Products (Manufacturer's brand) for the food wholesale and retail trade Products for food service and catering Products for the food processing industry Provided products (private label) for the food and wholesale and retail trade,,,https://www.anuga.com/exhibitor/abp/
BRAZILIAN ASSOCIATION OF ANIMAL PROTEIN,Brazil,9.1,C041,"Av Bigadeiro Faria Lima 1912, 01451-001 São Paulo",http://www.abpa-br.org,"Associations, organisations, trade press, services, IT Frozen Food","Associations, organisations, trade press, services, IT","Associations, organisations, trade press, services, IT > Associations and organisations > Associations",1,ABPA Brazilian Breeders Brazilian Chicken Brazilian Duck Brazilian Egg Brazilian Pork,,,,,https://www.anuga.com/exhibitor/abpabrazilian_associatio/
ABS Commerce & Industrial GmbH,Germany,2.2,B029,"Bockenheimer Landstr. 51-53, 60325 Frankfurt",http://en.angelyeast.com,Bread & Bakery,"Bread, baked goods and spreads","Bread, baked goods and spreads > Bread (fresh, frozen, partly-baked) > Baking mixes",1,Angel Yeast,"Alternative Proteins (insects, lab cultured proteins) Clean Label (organic, natural and non-GMO products) Plant-Based Proteins or Food (vegetarian, vegan) Sustainably Produced or Packed",Products (Manufacturer's brand) for the food wholesale and retail trade Products for food service and catering Products for the food processing industry Provided products (private label) for the food and wholesale and retail trade,Germany Northern Europe Others Eastern Europe Russia Southern Europe Türkiye Western Europe,,https://www.anuga.com/exhibitor/abs_commerce_-_indus/
Abu Odeh Bros. Co. Ltd.,Jordan,2.1,E025a,"Amman Development Street Sahab, 425685 Amman",https://www.abuodehbros.com/,Fine Food,"Delicatessen products, gourmet food and staple food","Delicatessen products, gourmet food and staple food > Canned food > Olives | Delicatessen products, gourmet food and staple food > Delicatessen sauces and seasonings > Tomato paste, concentrate and puree | Delicatessen products, gourmet food and staple food > Delicatessen sauces and seasonings > Herbs and spices | Delicatessen products, gourmet food and staple food > Dried fruit and vegetables > Nuts | Delicatessen products, gourmet food and staple food > Oils and fats > Olive oil",5,Elbasha and Mandi,"Free from, Health & Functional Food Halal private label Sustainably Produced or Packed",Products (Manufacturer's brand) for the food wholesale and retail trade Provided products (private label) for the food and wholesale and retail trade,Germany Northern Europe Russia South Africa Southern Europe West Africa Western Europe,,https://www.anuga.com/exhibitor/abu_odeh/
Acaí Amazonas Industria e Comercio Ltda.,Brazil,3.1,C029,"Avenida Prefeito Nelson Souza, Rod PA 437 - Zona Urbana 3736, 68250-000 OBIDOS",http://www.acaiamazonas.com.br,Fine Food,"Dairy products | Delicatessen products, gourmet food and staple food | Drinks | Frozen food and ice cream products | Organic products","Dairy products > Cream and cream products > Pasteurised cream | Delicatessen products, gourmet food and staple food > General provisions and staple foods > Raw materials and process materials | Delicatessen products, gourmet food and staple food > General provisions and staple foods > Raw ingredients (fruit) | Delicatessen products, gourmet food and staple food > General provisions and staple foods > Fruit and vegetable powder | Delicatessen products, gourmet food and staple food > Canned food > Fruit preserves | Delicatessen products, gourmet food and staple food > Dried fruit and vegetables > Dried fruit | Delicatessen products, gourmet food and staple food > Dietary supplements > Dietary supplements | Delicatessen products, gourmet food and staple food > Reform products and functional food > Functional foods | Delicatessen products, gourmet food and staple food > Reform products and functional food > Lactose-free food | Delicatessen products, gourmet food and staple food > Reform products and functional food > Gluten-free food | Delicatessen products, gourmet food and staple food > Sports nutrition > Other | Drinks > Non-alcoholic beverages > Fruit juices | Drinks > Non-alcoholic beverages > Energy drinks | Drinks > Raw materials, reagents and additives > Fruit purée | Frozen food and ice cream products > Frozen fruit and vegetables > Frozen fruit products | Frozen food and ice cream products > Ice cream > Other ice products | Frozen food and ice cream products > Frozen dairy products > Frozen dairy products | Organic products > Organic delicatessen products, gourmet, general provisions and health foods > Dried organic fruit and vegetables | Organic products > Organic delicatessen products, gourmet, general provisions and health foods > Organic food for babies and children | Organic products > Organic delicatessen products, gourmet, general provisions and health foods > Other organic dietetic food | Organic products > Frozen organic products > Frozen organic fruit and vegetable products | Organic products > Organic drinks > Organic fruit juices",22,Açaí Amazonas Vibe Açaí,"Gourmet & Specialty Food Halal Kosher Organic products Plant-Based Proteins or Food (vegetarian, vegan) private label",Products (Manufacturer's brand) for the food wholesale and retail trade Products for food service and catering Products for the food processing industry Provided products (private label) for the food and wholesale and retail trade,Australia Brazil Canada China Germany India Japan Middle East New Zealand Northern Europe Others Central America Others South America Southern Europe USA Western Europe,,https://www.anuga.com/exhibitor/acai_amazonas/
Accademia Olearia SRL,Italy,11.1,A051+A057,"Regione Ungias, 07041 ALGHERO (SS)",http://www.accademiaolearia.it,Fine Food,"Delicatessen products, gourmet food and staple food | Drinks | Organic products","Delicatessen products, gourmet food and staple food > Canned food > Olives | Delicatessen products, gourmet food and staple food > Delicatessen sauces and seasonings > Vinegar | Delicatessen products, gourmet food and staple food > Oils and fats > Olive oil | Drinks > Wine, sparkling wine and Champagne > White wines | Organic products > Organic delicatessen products, gourmet, general provisions and health foods > Organic oils and fats",5,Accademia Olearia Argei,"Clean Label (organic, natural and non-GMO products) Gourmet & Specialty Food Organic products private label",,Australia China Germany Japan New Zealand USA Western Europe,,https://www.anuga.com/exhibitor/accademiaolearia/
Acecook Vietnam Joint Stock Company,Vietnam,CF,Confexhall+A031,,,,,,,,,,,,https://www.anuga.com/exhibitor/acecook_vietnam_join/
Suministros Agroebro S.L.,Spain,P4.1,Passage+Halle+4+Halle+5+B035,,,,,,,,,,,,https://www.anuga.com/exhibitor/aceite_artajosuministros_agroebro/
Aceites Oro Bailén Galgon 99 S.L.,Spain,11.1,E020a,,,,,,,,,,,,https://www.anuga.com/exhibitor/aceite_oro_bailen/
Aceitera General Deheza / AGD,Argentina,3.1,B074c,,,,,,,,,,,,https://www.anuga.com/exhibitor/aceitera_general/
"Aceites Vicente Perez, S.L.",Spain,10.2,C022,,,,,,,,,,,,https://www.anuga.com/exhibitor/aceitesaceites_vicente_pere/
Aceites Abril S.L.,Spain,11.1,E016,,,,,,,,,,,,https://www.anuga.com/exhibitor/aceites_abril/
ACEITES ALBERT S.A.,Spain,11.1,A036,,,,,,,,,,,,https://www.anuga.com/exhibitor/aceites_albert/
"Aceites Arredondo, S.L.",Spain,11.1,E020c,,,,,,,,,,,,https://www.anuga.com/exhibitor/aceites_arredondo_s/
"ACEITES DE LAS HERAS, S.L.U.",Spain,11.1,A024,,,,,,,,,,,,https://www.anuga.com/exhibitor/aceites_de_las_heras/
Aceites Garcia de la Cruz S.L.,Spain,11.1,D019a,,,,,,,,,,,,https://www.anuga.com/exhibitor/aceites_garcia/
Aceites Málaga SL,Spain,11.1,C027,,,,,,,,,,,,https://www.anuga.com/exhibitor/aceites_malaga_sl/
ACEITES MORAL SL,Spain,11.1,E028d,,,,,,,,,,,,https://www.anuga.com/exhibitor/aceites_moral_sl/
ACEITES OILTOPIA,Spain,11.1,D015,,,,,,,,,,,,https://www.anuga.com/exhibitor/aceites_oiltopia/
ACEITES YBARRA S.A,Spain,11.1,F009,,,,,,,,,,,,https://www.anuga.com/exhibitor/aceites_ybarra_sa/
Aceitunas Guadalquivir SL,Spain,11.1,F009a,,,,,,,,,,,,https://www.anuga.com/exhibitor/aceitunasaceitunas/
Aceitunas Losada S.L.,Spain,11.1,E020d,,,,,,,,,,,,https://www.anuga.com/exhibitor/aceitunas/
Aceitunas Cazorla S.L.,Spain,11.1,A021,,,,,,,,,,,,https://www.anuga.com/exhibitor/aceitunas_cazorla/
Aceitunas Karina SL,Spain,11.1,A010b,,,,,,,,,,,,https://www.anuga.com/exhibitor/aceitunas_karina/
ACEITUNAS LA TORTOLA SL,Spain,11.1,E024,,,,,,,,,,,,https://www.anuga.com/exhibitor/aceitunas_la_tortola/
Aceitunas Merino S.A.,Spain,11.1,E030,,,,,,,,,,,,https://www.anuga.com/exhibitor/aceitunas_merino/
"Aceitunas Torrent, S.L.",Spain,11.1,D021a,,,,,,,,,,,,https://www.anuga.com/exhibitor/aceitunas_torrent/
Acemoglu Gida San. ve Tic. A.S.,Türkiye,CF,Confexhall+F010+G011,,,,,,,,,,,,https://www.anuga.com/exhibitor/acemoglu_gida/
Acetaia Bellei,Italy,10.2,D082,,,,,,,,,,,,https://www.anuga.com/exhibitor/bellei/
Acetaia Borgo Castello S.R.L.,Italy,11.2,A039,,,,,,,,,,,,https://www.anuga.com/exhibitor/acetaia_borgo/
Acetaia Cazzola e Fiorini. S.r.L.,Italy,11.2,D018a,,,,,,,,,,,,https://www.anuga.com/exhibitor/acetaia_cazzolae_fiorini/
Acetaia Giusti Srl,Italy,10.2,A028,,,,,,,,,,,,https://www.anuga.com/exhibitor/acetaia_gi/
Acetaia Giuseppe Cremonini s.r.l.,Italy,11.2,F021,"Via Foschiero 1142, 41057 SPILAMBERTO (MO)",https://www.acetaiacremonini.com/,Fine Food,"Delicatessen products, gourmet food and staple food","Delicatessen products, gourmet food and staple food > Delicatessen sauces and seasonings > Vinegar | Delicatessen products, gourmet food and staple food > Delicatessen sauces and seasonings > Other seasonings and seasoning sauces",2,,Gourmet & Specialty Food Halal Kosher private label,Products (Manufacturer's brand) for the food wholesale and retail trade,Germany Northern Europe Others Eastern Europe Russia South East Asia Southern Europe Türkiye USA Western Europe,"Acetaia Giuseppe Cremonini Acetaia Giuseppe Cremonini is a new generation company located on a 40,000 square metre farm estate",https://www.anuga.com/exhibitor/acetaia_giuseppe/
Acetaia i Solai,Italy,5.1,D032,"Strada Nazionale per Carpi Nord 1581, 41123 MODENA (MO)",http://www.isolai.it,Organic,"Delicatessen products, gourmet food and staple food | Organic products","Delicatessen products, gourmet food and staple food > Delicatessen sauces and seasonings > Vinegar | Organic products > Organic delicatessen products, gourmet, general provisions and health foods > Organic seasonings and sauce seasonings",2,,"Clean Label (organic, natural and non-GMO products) Gourmet & Specialty Food Kosher Organic products private label",Products (Manufacturer's brand) for the food wholesale and retail trade Products for food service and catering Provided products (private label) for the food and wholesale and retail trade,Australia Brazil China Colombia East Africa Germany India Japan Mexico Middle East New Zealand North Africa Northern Europe Others Central America Others Eastern Europe Others Oceania Others South America Russia South Africa South East Asia Southern Europe Türkiye USA West Africa Western Europe,,https://www.anuga.com/exhibitor/acetaia_i_solai/
ACETAIA LEONARDI Srl,Italy,10.2,C029,"Via Mazzacavallo 62, 41043 FORMIGINE (MO)",http://www.acetaialeonardi.it,Fine Food,"Delicatessen products, gourmet food and staple food | Drinks | Organic products","Delicatessen products, gourmet food and staple food > Delicatessen sauces and seasonings > Vinegar | Delicatessen products, gourmet food and staple food > Delicatessen sauces and seasonings > Tomato paste, concentrate and puree | Delicatessen products, gourmet food and staple food > Delicatessen sauces and seasonings > Soy sauce | Delicatessen products, gourmet food and staple food > Delicatessen sauces and seasonings > Salsa Sauce | Delicatessen products, gourmet food and staple food > Delicatessen sauces and seasonings > Other seasonings and seasoning sauces | Delicatessen products, gourmet food and staple food > Oils and fats > Olive oil | Delicatessen products, gourmet food and staple food > Confectionery and snack products > Chocolate* | Delicatessen products, gourmet food and staple food > Confectionery and snack products > Pralines* | Delicatessen products, gourmet food and staple food > Confectionery and snack products > Other confectionery* | Delicatessen products, gourmet food and staple food > Delicatessen products, gourmet food and staple food for theOut of Home market > Delicatessen sauces and seasonings for the Out of Home market | Drinks > Non-alcoholic beverages > Syrups | Drinks > Non-alcoholic beverages > Other non-alcoholic drinks | Organic products > Organic delicatessen products, gourmet, general provisions and health foods > Organic olives | Organic products > Organic delicatessen products, gourmet, general provisions and health foods > Organic salad dressings | Organic products > Organic delicatessen products, gourmet, general provisions and health foods > Organic oils and fats",15,ACETAIA LEONARDI 1871,"Gourmet & Specialty Food Organic products Plant-Based Proteins or Food (vegetarian, vegan) private label",Products (Manufacturer's brand) for the food wholesale and retail trade Products for food service and catering Provided products (private label) for the food and wholesale and retail trade,Australia Brazil Canada China Colombia East Africa Germany India Japan Mexico Middle East New Zealand North Africa Northern Europe Others Central America Others Eastern Europe Others Oceania Others South America Russia South Africa South East Asia Southern Europe Türkiye USA West Africa Western Europe,,https://www.anuga.com/exhibitor/acetaia_leonardi_sracetaia_leonardi_187/
Società Agricola Acetaia Sereni S.R.L.,Italy,10.2,B088,"Via Marcello Finzi 597, 41122 MODENA (MO)",http://www.acetaiasereni.com,Fine Food,"Delicatessen products, gourmet food and staple food | Organic products","Delicatessen products, gourmet food and staple food > Delicatessen sauces and seasonings > Vinegar | Delicatessen products, gourmet food and staple food > Oils and fats > Olive oil | Organic products > Organic delicatessen products, gourmet, general provisions and health foods > Organic salad dressings | Organic products > Organic delicatessen products, gourmet, general provisions and health foods > Organic seasonings and sauce seasonings",4,Acetaia Sereni Il Vignola Tenuta Sereni Valpanaro,Gourmet & Specialty Food Organic products private label,Products (Manufacturer's brand) for the food wholesale and retail trade Products for food service and catering,Brazil Canada China Colombia Germany India Japan Middle East Northern Europe Russia South East Asia USA,,https://www.anuga.com/exhibitor/acetaia_sereni/
Acetaia Terra del Tuono Soc. Agr. Srl,Italy,11.2,A032,"Via Paolo Monzani 5, 42122 REGGIO EMILIA (RE)",https://www.terradeltuono.it,Fine Food,"Delicatessen products, gourmet food and staple food | Drinks | Organic products","Delicatessen products, gourmet food and staple food > Delicatessen sauces and seasonings > Salat dressings (non-chilled) | Delicatessen products, gourmet food and staple food > Delicatessen sauces and seasonings > Vinegar | Delicatessen products, gourmet food and staple food > Delicatessen sauces and seasonings > Other seasonings and seasoning sauces | Drinks > Non-alcoholic beverages > Soft drinks | Drinks > Non-alcoholic beverages > Other non-alcoholic drinks | Organic products > Organic delicatessen products, gourmet, general provisions and health foods > Organic salad dressings | Organic products > Organic delicatessen products, gourmet, general provisions and health foods > Organic seasonings and sauce seasonings",7,Antica Acetaia della Marchesa Terra del Tuono,"Clean Label (organic, natural and non-GMO products) Gourmet & Specialty Food Organic products private label Sustainably Produced or Packed",Products (Manufacturer's brand) for the food wholesale and retail trade Products for food service and catering Provided products (private label) for the food and wholesale and retail trade,Australia Brazil Canada China Colombia Germany India Japan Mexico Middle East New Zealand North Africa Northern Europe Others Central America Others Eastern Europe Others Oceania Others South America Russia South Africa South East Asia Southern Europe USA Western Europe,,https://www.anuga.com/exhibitor/acetaia_terra_del_tu/
Villa Modena Srl,Italy,11.2,C050a,"Piazza Aldo Moro 9, 41013 CASTELFRANCO EMILIA (MO)",http://www.villamodena.it,Fine Food,"Delicatessen products, gourmet food and staple food","Delicatessen products, gourmet food and staple food > Delicatessen sauces and seasonings > Salat dressings (non-chilled) | Delicatessen products, gourmet food and staple food > Delicatessen sauces and seasonings > Vinegar | Delicatessen products, gourmet food and staple food > Delicatessen sauces and seasonings > Other seasonings and seasoning sauces | Delicatessen products, gourmet food and staple food > Delicatessen products, gourmet food and staple food for theOut of Home market > Delicatessen sauces and seasonings for the Out of Home market",4,EQUILIBRIUM FRUTTOLOSA MR BRUSCHETTA NOBILI 1868 VILLA MODENA,"Clean Label (organic, natural and non-GMO products) Gourmet & Specialty Food Organic products private label",Products (Manufacturer's brand) for the food wholesale and retail trade Products for food service and catering Products for the food processing industry Provided products (private label) for the food and wholesale and retail trade,Australia Brazil Canada China Colombia East Africa Germany India Japan Mexico Middle East New Zealand North Africa Northern Europe Others Central America Others Eastern Europe Others Oceania Others South America Russia South Africa South East Asia Southern Europe Türkiye USA West Africa Western Europe,,https://www.anuga.com/exhibitor/acetaia_villa/
Acetificio Andrea Milano S.R.L.,Italy,5.2,A028,,,,,,,,,,,,https://www.anuga.com/exhibitor/acetificio/
Acetificio Marcello de Nigris SRL,Italy,5.2,A010+B019,,,,,,,,,,,,https://www.anuga.com/exhibitor/acetificio_marcello/
Acetificio Varvello S.R.L.,Italy,11.2,A010a,,,,,,,,,,,,https://www.anuga.com/exhibitor/acetificio_varvello/
Aceto Balsamico del Duca 1891,Italy,11.2,C039,,,,,,,,,,,,https://www.anuga.com/exhibitor/aceto_balsamico_del/
Società Agricola Acetomodena Società Semplice,Italy,11.3,C014a,,,,,,,,,,,,https://www.anuga.com/exhibitor/acetomodena_societa/
Acetum S.p.A.,Italy,11.2,E059,,,,,,,,,,,,https://www.anuga.com/exhibitor/acetum_spa/
Achdut ltd Simsam food ltd,Israel,5.2,C051,,,,,,,,,,,,https://www.anuga.com/exhibitor/achdut_ltd/
"Achim Co., Ltd","Korea, Republic of",5.1,A068c,,,,,,,,,,,,https://www.anuga.com/exhibitor/achim_co_ltd/
ELEFTHERIOS G. ELEFTHERIOU (ACHNAGA,Cyprus,10.1,B038a,,,,,,,,,,,,https://www.anuga.com/exhibitor/achnagal/
Acme Fate International Ltd.,China,P9.1,Passage+Halle+2+Halle+3+A002d,,,,,,,,,,,,https://www.anuga.com/exhibitor/acme_fate_internatio/
Aconcagua Foods S.A.,Chile,3.1,A073,,,,,,,,,,,,https://www.anuga.com/exhibitor/aconcagua_foods/
Acosta Snacks SAS,Ecuador,3.1,A028,,,,,,,,,,,,https://www.anuga.com/exhibitor/acosta_snacks_sas/
Acqua Filette Srl,Italy,5.2,A030+B031,,,,,,,,,,,,https://www.anuga.com/exhibitor/acqua_filette/
Acquaroma Srl,Italy,8.1,E095,,,,,,,,,,,,https://www.anuga.com/exhibitor/acquaroma_srl/
ACTIVEPLUS BLUE COMPANY LIMITED,Thailand,2.2,F053a,,,,,,,,,,,,https://www.anuga.com/exhibitor/activeplus_blue_comp/
AD Klanica so ladilnik Strumica,Republic of North Macedonia,6.1,A073,,,,,,,,,,,,https://www.anuga.com/exhibitor/ad_klanica_so_ladiln/
AD Tarim San. ve Tic. A.S.,Türkiye,11.3,B013,,,,,,,,,,,,https://www.anuga.com/exhibitor/ad_tarim_san/
ADA,Morocco,11.3,A040+B049,,,,,,,,,,,,https://www.anuga.com/exhibitor/ada/
ADALBERT'S Sp. z o.o.,Poland,7.1,F018,,,,,,,,,,,,https://www.anuga.com/exhibitor/adalberts_sp_z_oo/
Adalilar Kuruyemis A.S.,Türkiye,11.3,B012a,,,,,,,,,,,,https://www.anuga.com/exhibitor/adalilar_nutsadalilar_kuruyemis/
Adam Spices Trading and Production,Vietnam,1.2,N008,,,,,,,,,,,,https://www.anuga.com/exhibitor/adam_spices_trading/
ADAMEXPO,Sri Lanka,1.2,G025,,,,,,,,,,,,https://www.anuga.com/exhibitor/adamexpo/
Adazi Meat House Ltd.,Latvia,7.1,C024,,,,,,,,,,,,https://www.anuga.com/exhibitor/adazi/
ADECOAGRO,Argentina,3.1,B068,,,,,,,,,,,,https://www.anuga.com/exhibitor/adecoagro/
Adler Schwarzwald GmbH & Co. KG,Germany,7.1,A028,,,,,,,,,,,,https://www.anuga.com/exhibitor/adler_schwarzwald_gmadler_schwarzwald/
Adnan Khudari & Sons Trading Co.,Jordan,2.1,D024b,,,,,,,,,,,,https://www.anuga.com/exhibitor/adnankhudari/
AD'OCC - SUD DE FRANCE L'OCCITANIE,France,10.2,G033,,,,,,,,,,,,https://www.anuga.com/exhibitor/adocc_region_occitan/
Adonis Spices,Lebanon,2.1,E017,,,,,,,,,,,,https://www.anuga.com/exhibitor/adonis_spices/
Adriano Vinci - Agenzia Rappresentanze,Germany,7.1,A039,,,,,,,,,,,,https://www.anuga.com/exhibitor/adriano_vinci_-_agen/
ADU FOOD GROUP LIMITED,China,2.1,D023,,,,,,,,,,,,https://www.anuga.com/exhibitor/adu_food_group/
ADUCKTIVE FOOD SDN BHD,Malaysia,1.2,N010+O011,,,,,,,,,,,,https://www.anuga.com/exhibitor/aducktive_food_sdn_b/
ADUGS PRODUCTION,Latvia,2.2,A052,,,,,,,,,,,,https://www.anuga.com/exhibitor/adugs_production/
AGRICULTURAL COOPERATIVES UNION AEGHION S.A,Greece,10.2,H017,,,,,,,,,,,,https://www.anuga.com/exhibitor/aeghion/
Aeolikos SA Dairy Industry,Greece,10.1,B044,,,,,,,,,,,,https://www.anuga.com/exhibitor/aeolikos_sa_dairy_in/
Aerzener Brot und Kuchen GmbH,Germany,3.2,C021+C029,,,,,,,,,,,,https://www.anuga.com/exhibitor/aerzenerbrot_und_kuchen/
AFFCO New Zealand Ltd,New Zealand,6.1,C111+C119,,,,,,,,,,,,https://www.anuga.com/exhibitor/affco/
Affish bv,Netherlands,5.1,B033,,,,,,,,,,,,https://www.anuga.com/exhibitor/affish_bv/
AFI IMPEX PERU SAC,Peru,3.1,B019,,,,,,,,,,,,https://www.anuga.com/exhibitor/afi_impex_peru_sac/
Associazione Formaggi Italiani DOP e IGP (AFIDOP),Italy,10.1,G070+G078,,,,,,,,,,,,https://www.anuga.com/exhibitor/afidop/
AFOI D. AVRAMOULI,Greece,10.1,A044,,,,,,,,,,,,https://www.anuga.com/exhibitor/afoi_d_avramouli/
AFOI DINAKI E.E PIYI DINAKI,Greece,8.1,E031a,,,,,,,,,,,,https://www.anuga.com/exhibitor/afoi_dinaki_ee/
AFOI LEONTIADI AE,Greece,4.2,B081+C080,,,,,,,,,,,,https://www.anuga.com/exhibitor/afoi_leontiadileontidai_afoi/
AFP advanced food products llc,United States of America,10.2,G058,,,,,,,,,,,,https://www.anuga.com/exhibitor/afp_advanced/
AFRIBURST PTY LTD ta Two in a Bush,South Africa,11.1,A050+B059,,,,,,,,,,,,https://www.anuga.com/exhibitor/afriburst_pty_ltd_ta/
AFRICABIS,Morocco,11.3,A040+B049,,,,,,,,,,,,https://www.anuga.com/exhibitor/africabis/
Afrimex Trading,Tunisia,11.3,C046d,,,,,,,,,,,,https://www.anuga.com/exhibitor/afrimex_trading/
AG Barr Soft Drinks,United Kingdom,8.1,D118,,,,,,,,,,,,https://www.anuga.com/exhibitor/ag_barr_soft_drinks/
AG Chavin,Peru,4.2,D057,,,,,,,,,,,,https://www.anuga.com/exhibitor/ag_chavin/
"AGARAS, UAB",Lithuania,7.1,A025,,,,,,,,,,,,https://www.anuga.com/exhibitor/agaras/
Agarikus BG  LTD,Bulgaria,3.1,D076,,,,,,,,,,,,https://www.anuga.com/exhibitor/agarikus/
Productos Selectos de Agave SPR de RL de CV,Mexico,5.1,E070,,,,,,,,,,,,https://www.anuga.com/exhibitor/agave/
Age well,Saudi Arabia,CF,Confexhall+E031,,,,,,,,,,,,https://www.anuga.com/exhibitor/age_well/
AGENCIA PROCORDOBA SOCIEDAD DE ECONOMIA,Argentina,4.1,C090,,,,,,,,,,,,https://www.anuga.com/exhibitor/agencia_procordoba_s/
Agenzia LAORE Sardegna,Italy,11.1,A051+A057,,,,,,,,,,,,https://www.anuga.com/exhibitor/agenzia_laore_sardeglaore_sardegna/
Agile Development SRL,Romania,9.1,C068,,,,,,,,,,,,https://www.anuga.com/exhibitor/agile_development_sr/
"AGOTZAINA, S. L.",Spain,P4.1,Passage+Halle+4+Halle+5+B015,,,,,,,,,,,,https://www.anuga.com/exhibitor/agotzaina_s_l/
AGRA' CONTADO DEGLI ACQUAVIVA Srl,Italy,11.2,A016a,,,,,,,,,,,,https://www.anuga.com/exhibitor/agra_contadoagra_contado_degli/
Agral SA,Belgium,10.1,B020e,,,,,,,,,,,,https://www.anuga.com/exhibitor/agral_sa/
AGRANELA LLC,Serbia,11.1,D043a,,,,,,,,,,,,https://www.anuga.com/exhibitor/agranela/
Agrar KO,Republic of North Macedonia,11.1,G058,,,,,,,,,,,,https://www.anuga.com/exhibitor/agrar/
Agrarco,Azerbaijan,5.2,B068g,,,,,,,,,,,,https://www.anuga.com/exhibitor/agrarco/
Agrarfrost GmbH,Germany,4.1,B029,,,,,,,,,,,,https://www.anuga.com/exhibitor/agrarfrost/
Agrarmarkt Austria Marketing GesmbH,Austria,10.1,C025,,,,,,,,,,,,https://www.anuga.com/exhibitor/agrarmarktaustria/
Agregare Holding B.V.,Netherlands,P4.1,Passage+Halle+4+Halle+5+A043a,,,,,,,,,,,,https://www.anuga.com/exhibitor/agregareagregare_holding/
Agrexpo S.A.,Greece,10.2,G020,,,,,,,,,,,,https://www.anuga.com/exhibitor/agrexpo/
Group Export Agri-food,Canada,11.2,C029,,,,,,,,,,,,https://www.anuga.com/exhibitor/agri_food/
AGRI INTERNATIONAL LLC,United States of America,10.2,H071,,,,,,,,,,,,https://www.anuga.com/exhibitor/agri_internationalfresco/
Agri Verdi Foods,Egypt,2.1,C063,,,,,,,,,,,,https://www.anuga.com/exhibitor/agri_verdi_foodsagriverdi/
AGRIAL MEAT DIVISION,France,9.1,B037a,,,,,,,,,,,,https://www.anuga.com/exhibitor/agrial_meat_division/
AGRICO DTL,Poland,7.1,C070,,,,,,,,,,,,https://www.anuga.com/exhibitor/agrico/
AGRICOLA ARIZTIA LTDA,Chile,9.1,C070,,,,,,,,,,,,https://www.anuga.com/exhibitor/ariztia/
Agricola International,Romania,9.1,B058,,,,,,,,,,,,https://www.anuga.com/exhibitor/agricola/
Agricola Due Vittorie Srl,Italy,11.2,E017,,,,,,,,,,,,https://www.anuga.com/exhibitor/agricola_due_vittori/
Agricola Filippone,Italy,11.2,B041,,,,,,,,,,,,https://www.anuga.com/exhibitor/agricola_filipponefiippone/
AGRICOLA FOIS ILARIO,Italy,11.1,A051+A057,,,,,,,,,,,,https://www.anuga.com/exhibitor/agricola_fois_ilario/
Agrícola Knelsen S.A,Paraguay,5.1,C059+D058,,,,,,,,,,,,https://www.anuga.com/exhibitor/agricola_knelsen_sa/
AGRICOLA PEDDIO SAS,Italy,11.1,A051+A057,,,,,,,,,,,,https://www.anuga.com/exhibitor/agricola_peddio_sas/
Agricola Schweigert SA,Paraguay,3.1,C081+D081,,,,,,,,,,,,https://www.anuga.com/exhibitor/agricola_schweigert/
Azienda Agricola Scyavuru srl,Italy,2.2,F057,,,,,,,,,,,,https://www.anuga.com/exhibitor/agricola_scvavuruazienda_agricola/
Agrícola Y Comercial Dona Patricia Lim.,Chile,3.1,B063,,,,,,,,,,,,https://www.anuga.com/exhibitor/agricola_y_comercial/
Agricon Business,Brazil,3.1,C021c,,,,,,,,,,,,https://www.anuga.com/exhibitor/agricon_business/
Agricultura y Conservas S.A.,Spain,11.1,C018a,,,,,,,,,,,,https://www.anuga.com/exhibitor/agriconsaagricultura_y_conser/
Agricultores Federados Argentinos,Argentina,3.1,B078a,,,,,,,,,,,,https://www.anuga.com/exhibitor/agricultores_federad/
Agricultural & Processed Food Products Export Development Authorithy,India,11.3,F031gF039g,,,,,,,,,,,,https://www.anuga.com/exhibitor/agriculturalapeda/
Agricultural cooperative,Kyrgyzstan,11.3,C051,,,,,,,,,,,,https://www.anuga.com/exhibitor/mail/
Agricultural Cooperative Arxaia Oleneia STAMNA OLIVES,Greece,10.2,H039,,,,,,,,,,,,https://www.anuga.com/exhibitor/agricultural_coopera/
AGRICULTURAL COOPERATIVE CHALASTRA A,Greece,11.2,F056c,,,,,,,,,,,,https://www.anuga.com/exhibitor/chalastrarice/
AGRICULTURAL COOPERATIVE OF KRITSA,Greece,11.2,G061,,,,,,,,,,,,https://www.anuga.com/exhibitor/gmail/
Agricultural cooperatives of the Kyrgyz,Kyrgyzstan,11.3,C051,,,,,,,,,,,,https://www.anuga.com/exhibitor/gmail_2/
Agricultural Corp. Very Good Food,"Korea, Republic of",5.2,B067,,,,,,,,,,,,https://www.anuga.com/exhibitor/agricultural_corp_v/
Agricultural Marketing Centre Ltd.,Hungary,5.2,C030,,,,,,,,,,,,https://www.anuga.com/exhibitor/agricultural_marketi/
"AGRICULTURAS DIVERSAS, S.L.",Spain,7.1,B069,,,,,,,,,,,,https://www.anuga.com/exhibitor/agriculturas_diversa/
Canada - Agriculture and Agri-Food Canada,Canada,11.2,D041%2C+C040gD049g,,,,,,,,,,,,https://www.anuga.com/exhibitor/agriculturecanada/
Agrideavallillo s.r.l.,Italy,11.2,A012a,,,,,,,,,,,,https://www.anuga.com/exhibitor/agrideavallillo_sr/
AgriFood Trade BV,Netherlands,10.2,C091,,,,,,,,,,,,https://www.anuga.com/exhibitor/agrifood_t/
AGRIFREEZ SAS,France,4.2,B037,,,,,,,,,,,,https://www.anuga.com/exhibitor/agrifreez_sas/
AGRIGOLD INTERNATIONAL,Tunisia,11.3,D045,,,,,,,,,,,,https://www.anuga.com/exhibitor/agrigold_internation/
AGRIM Pte Ltd,Indonesia,1.2,K007,,,,,,,,,,,,https://www.anuga.com/exhibitor/agrim/
Agrindo Ltd.,Bulgaria,10.2,E032,,,,,,,,,,,,https://www.anuga.com/exhibitor/agrindo_ltd/
AGRINO - EV. GE PISTIOLAS S.A,Greece,10.2,H046,,,,,,,,,,,,https://www.anuga.com/exhibitor/agrino_-_ev_ge_pist/
Agrioil SPA,Italy,5.2,C047,,,,,,,,,,,,https://www.anuga.com/exhibitor/agrioil/
AGRISAR USA INC,United States of America,9.1,B016,,,,,,,,,,,,https://www.anuga.com/exhibitor/agrisar_usa_inc/
AGRISTO nv,Belgium,4.1,E069,,,,,,,,,,,,https://www.anuga.com/exhibitor/agristo/
Agro Aceitunera S.A.,Argentina,4.1,B093,,,,,,,,,,,,https://www.anuga.com/exhibitor/agro_aceitunera_sa/
AGRO CITY LLC,Uzbekistan,5.1,B079+C078,,,,,,,,,,,,https://www.anuga.com/exhibitor/agro_city_llc/
Agro Fergi SAC,Peru,3.1,B015,,,,,,,,,,,,https://www.anuga.com/exhibitor/agro_fergi/
AGRO QUEEN SP. Z O.O.,Poland,6.1,A071,,,,,,,,,,,,https://www.anuga.com/exhibitor/agro_queen/
Agro Servicios Terminel,Mexico,3.1,C078+D079,,,,,,,,,,,,https://www.anuga.com/exhibitor/agro_servicios_termi/
Agro Sevilla Aceitunas SCA,Spain,11.1,B009a,,,,,,,,,,,,https://www.anuga.com/exhibitor/agro_sevilla/
Agro-Florentina Sh.P.K.,Kosovo,2.1,E012,,,,,,,,,,,,https://www.anuga.com/exhibitor/agro-florentina/
Agro-Handel Sp. z o.o.,Poland,6.1,E110,,,,,,,,,,,,https://www.anuga.com/exhibitor/agro-handelagro_hande/
Agro-Haribec inc.,Canada,11.2,D035,,,,,,,,,,,,https://www.anuga.com/exhibitor/agro-haribec/
Agro-Wit Malinowska Agnieszka,Poland,5.1,C083,,,,,,,,,,,,https://www.anuga.com/exhibitor/agro-wit_malinowska/
AGRO. ARG. S.R.L.,Argentina,3.1,B074a,,,,,,,,,,,,https://www.anuga.com/exhibitor/agro_arg_srl/
"AgroAguiar - Agroindústria, SA",Portugal,11.1,F053,,,,,,,,,,,,https://www.anuga.com/exhibitor/agroaguiar/
AgroEknor Ltd,Nigeria,8.1,A015a,,,,,,,,,,,,https://www.anuga.com/exhibitor/agroeknor_ltd/
Agroexport SRL,Bolivia,4.1,D098+C091,,,,,,,,,,,,https://www.anuga.com/exhibitor/agroexport/
Agrofin Agrocommodities SA,Argentina,3.1,B072,,,,,,,,,,,,https://www.anuga.com/exhibitor/agrofin_agrocommodit/
AGROFINO FOODS S.A.C,Peru,3.1,B013,,,,,,,,,,,,https://www.anuga.com/exhibitor/agrofino/
Agrofirma Pole LLC,Ukraine,5.2,D057,,,,,,,,,,,,https://www.anuga.com/exhibitor/agrofirma_pole/
FE Organic Systems,Ukraine,2.1,E027,,,,,,,,,,,,https://www.anuga.com/exhibitor/agrofusionfe_integrated/
"Agrogentra & Co.,Ltd.Xiamen",China,5.2,E054,,,,,,,,,,,,https://www.anuga.com/exhibitor/agrogentra/
AGROHALL LTD,Canada,11.2,C034a,,,,,,,,,,,,https://www.anuga.com/exhibitor/agrohall_ltd/
AGROINDUSTRIA FRUTOS DE ORO SAC,Peru,4.2,E050,,,,,,,,,,,,https://www.anuga.com/exhibitor/agroindustria_frutos/
Agroindustria Qualita do Brasil Ltda.,Brazil,8.1,B039a,,,,,,,,,,,,https://www.anuga.com/exhibitor/agroindustria_qualit/
Agroindustrial y comercial Superfruit li,Chile,3.1,B067a,,,,,,,,,,,,https://www.anuga.com/exhibitor/agroindustrial/
AGROINDUSTRIAL ARAGONESA SA,Spain,11.1,B020a,,,,,,,,,,,,https://www.anuga.com/exhibitor/agroindustrial_arago/
Agroindustrial Montana Azul,Costa Rica,3.1,B010+B018,,,,,,,,,,,,https://www.anuga.com/exhibitor/agroindustrial_monta/
Agroleader ASIA,Kazakhstan,P6.1,Passage+Halle+10+Halle+11+009,,,,,,,,,,,,https://www.anuga.com/exhibitor/agroleader_asia/
Agrolegumi S.p.A.,Italy,5.2,B029a,,,,,,,,,,,,https://www.anuga.com/exhibitor/agrolegumi/
Agroline Georgian walnut enterprise,Georgia,11.1,D050,,,,,,,,,,,,https://www.anuga.com/exhibitor/agrolinegeorgian_walnut_ente/
Agroline Sp. z o.o. Sp.k.,Poland,9.1,A020,,,,,,,,,,,,https://www.anuga.com/exhibitor/agroline/
Agromar,Chile,3.1,B071,,,,,,,,,,,,https://www.anuga.com/exhibitor/agromar/
AGROMAR INDUSTRIAL S.A.,Peru,4.2,E052,,,,,,,,,,,,https://www.anuga.com/exhibitor/agromar_industrial/
AGROMASS BRASIL IMPORTACAO EXPORTACAO,Brazil,6.1,D077,,,,,,,,,,,,https://www.anuga.com/exhibitor/agromass_brasil_impo/
Agromir JV LLC,Uzbekistan,5.1,B079+C078,,,,,,,,,,,,https://www.anuga.com/exhibitor/agromir/
Agromonte - RossoCiliegino Agricola s.r.l. società a socio unico,Italy,11.2,F029,,,,,,,,,,,,https://www.anuga.com/exhibitor/agromonte/
AGRONEGOCIOS WIRACCOCHA DEL PERÚ S.A.C.,Peru,3.1,A008,,,,,,,,,,,,https://www.anuga.com/exhibitor/agronegocios_wiracco/
Agronik Ltd,Bulgaria,5.1,F013,,,,,,,,,,,,https://www.anuga.com/exhibitor/agronik/
AGRONOMIA AGRO FOOD INNOVATION SRL,Romania,9.1,A051b,,,,,,,,,,,,https://www.anuga.com/exhibitor/agronomia_agro_food/
Agropal West Africa,Ghana,5.2,C059,,,,,,,,,,,,https://www.anuga.com/exhibitor/agropal_west_africa/
AGROPARTNER DOO SERBIA,Serbia,4.2,B068,,,,,,,,,,,,https://www.anuga.com/exhibitor/agropartner/
"Agropecuaria Carrasco, S.L.",Spain,11.1,E030,,,,,,,,,,,,https://www.anuga.com/exhibitor/agropecuaria_carrascarrasco/
Agropecuaria Produza S.A.,Paraguay,5.1,C059+D058,,,,,,,,,,,,https://www.anuga.com/exhibitor/agropecuaria_produza/
AGROPHOENIX SA,Greece,8.1,E031,,,,,,,,,,,,https://www.anuga.com/exhibitor/agrophoenix/
Agroprimus S.A.,Argentina,3.1,C072,,,,,,,,,,,,https://www.anuga.com/exhibitor/agroprimus/
Agroprodsnek,Ukraine,5.2,E058,,,,,,,,,,,,https://www.anuga.com/exhibitor/agroprodsnek/
Agrosemcu Srl,Romania,2.2,D017,,,,,,,,,,,,https://www.anuga.com/exhibitor/agrosemcu/
AgroSprint,Hungary,4.2,C061,,,,,,,,,,,,https://www.anuga.com/exhibitor/agrosprint/
Agrosud S.A.,Argentina,3.1,B070,,,,,,,,,,,,https://www.anuga.com/exhibitor/agrosud_sa/
Agrosuper comercializadora de alimentos LTDA,Chile,6.1,E100,,,,,,,,,,,,https://www.anuga.com/exhibitor/agrosuper/
Agrotecnología y Servicios S.A.,Argentina,3.1,C064,,,,,,,,,,,,https://www.anuga.com/exhibitor/agrotecnologia_y_ser/
AGROTIS L.T.D.,Greece,10.2,I034,,,,,,,,,,,,https://www.anuga.com/exhibitor/agrotis/
Agrover SRL,Italy,11.1,E031,,,,,,,,,,,,https://www.anuga.com/exhibitor/agrover/
AGROVIM S.A.,Greece,10.2,G040,,,,,,,,,,,,https://www.anuga.com/exhibitor/agrovim_sa/
Agrozan Tarim Urun. Gida Urun. Ith. Ihr. San. Ve Tic. Ltd. Sti.,Türkiye,11.3,B034a,,,,,,,,,,,,https://www.anuga.com/exhibitor/agrozan_tarim_urunle/
"Agrucapers, S.A.",Spain,11.1,B029,,,,,,,,,,,,https://www.anuga.com/exhibitor/agrucapersagrucapers/
Agrumaria Reggina s.r.l.,Italy,8.1,E056,,,,,,,,,,,,https://www.anuga.com/exhibitor/agrumaria_reggina/
Agrupacion de Cooperativas Valle del Jerte,Spain,11.1,A022,,,,,,,,,,,,https://www.anuga.com/exhibitor/agrupacionjerte/
AGRUPAL Agrupación Industria Alimentaria Murcia,Spain,11.1,B030+C031,,,,,,,,,,,,https://www.anuga.com/exhibitor/agrupal/
AGT Food and Ingredients Inc.,Canada,11.2,C021,,,,,,,,,,,,https://www.anuga.com/exhibitor/agt_food_and_ingredi/
agthia group egypt,Egypt,4.2,A099,,,,,,,,,,,,https://www.anuga.com/exhibitor/agthia_group_egypt/
Agthia Grup Icecek ve Dagitim San. Tic. Ltd. Sti.,Türkiye,7.1,G037,,,,,,,,,,,,https://www.anuga.com/exhibitor/agthia_grup_icecek_v/
Sociedade da Água de Monchique,Portugal,11.1,F049,,,,,,,,,,,,https://www.anuga.com/exhibitor/agua_monchique/
AGUGIARO & FIGNA MOLINI - LE 5 STAGIONI,Italy,11.2,E044,,,,,,,,,,,,https://www.anuga.com/exhibitor/agugiaro_e_figna/
AHAEANLAND LTD,Greece,10.2,H039,,,,,,,,,,,,https://www.anuga.com/exhibitor/ahaeanland_ltd/
Agriculture & Horticulture Development Board,United Kingdom,6.1,D041a,,,,,,,,,,,,https://www.anuga.com/exhibitor/ahdbeblex/
AHDB,United Kingdom,10.1,F019,,,,,,,,,,,,https://www.anuga.com/exhibitor/ahdb/
AHIMSA VEGE HEALTH FOOD INDUSTRIES SDN B,Malaysia,1.2,N010+O011,,,,,,,,,,,,https://www.anuga.com/exhibitor/ahimsa_vege_health_f/
AHMAD TEA (UK) LIMITED,United Kingdom,8.1,C079,,,,,,,,,,,,https://www.anuga.com/exhibitor/ahmad_teatea/
Ahmetoglu Konserve Tar. ve Gida Ur. Im. / Hay Tur. Ins. Akry. Nak. Paz. Ith. Ihr / San.  Tic. Ltd. Sti,Türkiye,11.3,C039,,,,,,,,,,,,https://www.anuga.com/exhibitor/ahmetoglu_konserve_t/
Aho' Pizza Lab S.R.L.,Italy,5.1,C034,,,,,,,,,,,,https://www.anuga.com/exhibitor/aho/
AHT FOODS,Iran,10.2,D089a,,,,,,,,,,,,https://www.anuga.com/exhibitor/aht/
AIA Agricola Italiana Alimentare S.p.A.,Italy,7.1,C060+D061,,,,,,,,,,,,https://www.anuga.com/exhibitor/aia_agricola_italian/
Agroindustrias AIB S.A.,Peru,4.2,E066,,,,,,,,,,,,https://www.anuga.com/exhibitor/aibagroindustrias/
AIB Foods Ltd,United Kingdom,10.2,F065,,,,,,,,,,,,https://www.anuga.com/exhibitor/aib_foods_ltd/
AIGRE S.A.,Greece,10.2,I033,,,,,,,,,,,,https://www.anuga.com/exhibitor/aigre_sa/
AIGREMONT,Belgium,2.2,E035,,,,,,,,,,,,https://www.anuga.com/exhibitor/aigremont/
Aigua Sant Aniol,Spain,11.1,C030a,,,,,,,,,,,,https://www.anuga.com/exhibitor/aigua_sant_aniol/
COMPAGNIE CHERIFIENNE DE CHOCOLATERIE,Morocco,11.3,A040+B049,,,,,,,,,,,,https://www.anuga.com/exhibitor/aiguebellechocolaterie/
air up GmbH,Germany,7.1,E019,,,,,,,,,,,,https://www.anuga.com/exhibitor/air_up/
Air Up Inc.,United States of America,B.1,Boulevard+194l%2C+Boulevard+194,,,,,,,,,,,,https://www.anuga.com/exhibitor/air_up_inc/
Aires de Jaen SL,Spain,11.1,F025,,,,,,,,,,,,https://www.anuga.com/exhibitor/aires_de_jaen/
AIXBIO GmbH,Germany,B.1,Boulevard+083,,,,,,,,,,,,https://www.anuga.com/exhibitor/aixbio_gmbh/
Aiya Europe GmbH,Germany,P4.1,Passage+Halle+4+Halle+5+B068,,,,,,,,,,,,https://www.anuga.com/exhibitor/aiya/
AJC International Inc./AJC Group,United States of America,9.1,A011,,,,,,,,,,,,https://www.anuga.com/exhibitor/ajc_internationalajc_group/
AJE Group,Peru,3.1,B008,,,,,,,,,,,,https://www.anuga.com/exhibitor/aje_group/
Macaronade de Castel,France,4.2,B051,,,,,,,,,,,,https://www.anuga.com/exhibitor/ajinomoto_-_macarona/
Ajinomoto Istanbul Gida San. ve Tic. Ltd. Sti.,Türkiye,11.3,B032b,,,,,,,,,,,,https://www.anuga.com/exhibitor/ajinomoto_istanbul_gajinomoto_istanbul/
AGRO JUICE PROCESSING SA-AJP,Morocco,11.3,A040+B049,,,,,,,,,,,,https://www.anuga.com/exhibitor/ajpagro_juice_processin/
Akbar Brothers (Pvt) Ltd.,Sri Lanka,8.1,C081,,,,,,,,,,,,https://www.anuga.com/exhibitor/akbar_brot/
Akbas Gida ve Tekstil San. Dis Tic. A.S.,Türkiye,5.1,D047,,,,,,,,,,,,https://www.anuga.com/exhibitor/akbas/
Akdaglar Kuru Gida Ith. Ihr. San. Tic. Ltd. Sti.,Türkiye,11.3,A026,,,,,,,,,,,,https://www.anuga.com/exhibitor/akdaglar/
Akdeniz Entegre Gida San. A.S.,Türkiye,9.1,E042,,,,,,,,,,,,https://www.anuga.com/exhibitor/akdeniz/
"AKE RICE MILL CO., LTD.",Thailand,11.3,H018a,,,,,,,,,,,,https://www.anuga.com/exhibitor/ake_rice_mill/
Mediterranen Fishery and Animal Products Exporters Association,Türkiye,7.1,D060a,,,,,,,,,,,,https://www.anuga.com/exhibitor/akib_-_mediterranean/
Akila Cikolata Gida San. ve Tic. Ltd. Sti.,Türkiye,2.2,B033a,,,,,,,,,,,,https://www.anuga.com/exhibitor/akila_cikolata_gida/
Akkilic Gida Ve Tarim Urunleri San. Tic. Ltd. Sti.,Türkiye,11.3,C026,,,,,,,,,,,,https://www.anuga.com/exhibitor/akkilic/
Aklife Gida Tur. Eg. Ins. San. ve Tic. Ltd. Sti.,Türkiye,7.1,G025,,,,,,,,,,,,https://www.anuga.com/exhibitor/aklife/
Akmemis Gida Tekstil Paz. San. ve Tic. Ltd. Sti.,Türkiye,11.3,C033a,,,,,,,,,,,,https://www.anuga.com/exhibitor/akmemis/
AKO S.A.,Poland,2.2,B011,,,,,,,,,,,,https://www.anuga.com/exhibitor/ako_sa/
AKSAM SP. Z O.O.,Poland,2.2,D014,,,,,,,,,,,,https://www.anuga.com/exhibitor/aksam/
Akselin Herkkupaja Oy,Finland,10.2,A070a,,,,,,,,,,,,https://www.anuga.com/exhibitor/akselin_herkkupaja/
Akshaya Robust International Trading L.L,United Arab Emirates,2.1,A018,,,,,,,,,,,,https://www.anuga.com/exhibitor/akshaya_robust_inter/
Aktaslar Lezzet Grubu Gida A.S.,Türkiye,4.1,D069a,,,,,,,,,,,,https://www.anuga.com/exhibitor/p_aktaslar_lezzetaktaslar_lezzet_grub/
Aktina S.A.,Greece,2.2,D029,,,,,,,,,,,,https://www.anuga.com/exhibitor/aktina/
Akyuz Group Gida San. Ve Tic. A.S.,Türkiye,11.3,E031+E035,,,,,,,,,,,,https://www.anuga.com/exhibitor/akyuz/
Al Amira Nuts,Lebanon,2.1,E017a,,,,,,,,,,,,https://www.anuga.com/exhibitor/al_amira_nuts/
Al Baraka Factory- M.O Group,Egypt,2.1,A059b,,,,,,,,,,,,https://www.anuga.com/exhibitor/al_baraka_factory/
Al Barakah Dates Factory LLC,United Arab Emirates,CF,Confexhall+D019,,,,,,,,,,,,https://www.anuga.com/exhibitor/al_barakah_dates/
Al Demashqi Tahina & Halawa,Palestine,10.2,E078,,,,,,,,,,,,https://www.anuga.com/exhibitor/al_demashqi_tahina_-/
Al-Garas for spices and herbs,Egypt,2.1,A059,,,,,,,,,,,,https://www.anuga.com/exhibitor/al_garasal-garas_for_spices/
Al Jameel International,United Arab Emirates,10.2,D010b,,,,,,,,,,,,https://www.anuga.com/exhibitor/al_jameel_internatio/
Al Jood Food,Oman,2.1,B016,,,,,,,,,,,,https://www.anuga.com/exhibitor/al_jood_food/
AL KABIR SPECIALTY FOODS LLP,India,3.1,A011,,,,,,,,,,,,https://www.anuga.com/exhibitor/al_kabir_specialty_f/
Al Kanater sal,Lebanon,2.1,E019,,,,,,,,,,,,https://www.anuga.com/exhibitor/al_kanater/
AL MANSOUR GROUP,Egypt,4.2,B084,,,,,,,,,,,,https://www.anuga.com/exhibitor/al_mansour_group/
AL Proteins,India,9.1,C066,,,,,,,,,,,,https://www.anuga.com/exhibitor/al_proteins/
Al Rabie Saudi Foods Co,Saudi Arabia,CF,Confexhall+F025,,,,,,,,,,,,https://www.anuga.com/exhibitor/al_rabie_saudi_foods/
AL RAMA FOOD PROCESSING INDUSTRIES LLC,United Arab Emirates,CF,Confexhall+C036,,,,,,,,,,,,https://www.anuga.com/exhibitor/al_rama_food_process/
Al rehab group,Egypt,2.1,A063,,,,,,,,,,,,https://www.anuga.com/exhibitor/al_rehab_group/
al shrouk co for crops export,Egypt,2.1,B056b,,,,,,,,,,,,https://www.anuga.com/exhibitor/al_shrouk_co_for_cro/
AL WAHAB RICE MILLS PVT LTD,Pakistan,5.1,F020,,,,,,,,,,,,https://www.anuga.com/exhibitor/al_wahab_rice/
Al-Ahmadiyya Dates Company,Saudi Arabia,5.1,A048,,,,,,,,,,,,https://www.anuga.com/exhibitor/al-ahmadiyya_dates_c/
Al-Gyas Exports Pvt Ltd,India,1.2,K020,,,,,,,,,,,,https://www.anuga.com/exhibitor/al-gyas_exports/
Al-Haj Mahmoud habibah and sons,Jordan,2.1,D022,,,,,,,,,,,,https://www.anuga.com/exhibitor/al-haj_mohoud_habiba/
Al Khair Exports,India,11.3,F030a,,,,,,,,,,,,https://www.anuga.com/exhibitor/al-khair/
ALAHLAM CO. FOR FOOD PRODUCTS,Syria,11.1,C063,,,,,,,,,,,,https://www.anuga.com/exhibitor/alahlam/
ALKARAMAH DOUGH PRODUCTION COMPANY LTD.,Saudi Arabia,CF,Confexhall+E030a,,,,,,,,,,,,https://www.anuga.com/exhibitor/alakaramah_dough/
Alamal for Agricultural Crops,Egypt,2.1,B056,,,,,,,,,,,,https://www.anuga.com/exhibitor/alamal_for_agricultu/
ALAMEERA FOOD INDUSTRIES,United Arab Emirates,CF,Confexhall+C038,,,,,,,,,,,,https://www.anuga.com/exhibitor/alameera_food_indust/
alamir for manufactring &reparing,Egypt,2.1,C050,,,,,,,,,,,,https://www.anuga.com/exhibitor/alamir_for_manufactr/
Alan Zeytin ve Gida A.S.,Türkiye,11.3,D009,,,,,,,,,,,,https://www.anuga.com/exhibitor/alan_zeytincilik_san/
Alarko Gida Sanayi ve Ticaret A.S.,Türkiye,11.3,D046,,,,,,,,,,,,https://www.anuga.com/exhibitor/alarko_gida_sanayi_v/
Alaseel Dates,Saudi Arabia,CF,Confexhall+E031a,,,,,,,,,,,,https://www.anuga.com/exhibitor/alaseel_dates/
Albedo Gida San. ve Tic. Ltd. Sti.,Türkiye,11.3,B021a,,,,,,,,,,,,https://www.anuga.com/exhibitor/albedo_gida_san_tic/
Albert Herz GmbH,Germany,10.1,E061,,,,,,,,,,,,https://www.anuga.com/exhibitor/albert_herz/
Alborz International Import-Export & Consulting GmbH,Germany,2.1,D028,,,,,,,,,,,,https://www.anuga.com/exhibitor/alborz_international/
Alca Foods Ltda,Brazil,3.1,C024b,,,,,,,,,,,,https://www.anuga.com/exhibitor/alca_foods/
Alca Corp.,United States of America,8.1,E030,,,,,,,,,,,,https://www.anuga.com/exhibitor/alca_trading/
Alcala Oliva S.A.,Spain,11.1,F011e,,,,,,,,,,,,https://www.anuga.com/exhibitor/alcala_oliva/
Alcar Uno S.P.A.,Italy,7.1,A029,,,,,,,,,,,,https://www.anuga.com/exhibitor/alcar_unouno/
"Alcurnia Alimentación, SLU",Spain,11.1,B014,,,,,,,,,,,,https://www.anuga.com/exhibitor/alcurnia_alimentacio/
ALDINO SRL - PASTIFICIO MENNUCCI,Italy,11.2,B038a,,,,,,,,,,,,https://www.anuga.com/exhibitor/aldinopastificio_mennucci/
Aldoha Foods,Egypt,2.1,D050a,,,,,,,,,,,,https://www.anuga.com/exhibitor/aldoha_foodseldoha_foods/
Aldurra for General Trading and Investment Company Ltd.,Jordan,3.1,D011,,,,,,,,,,,,https://www.anuga.com/exhibitor/aldurra/
ALEMAN PARAGUAYO CANADIENSE S.A. ALPACASA,Paraguay,3.1,C081+D081,,,,,,,,,,,,https://www.anuga.com/exhibitor/aleman_paraguayo_can/
ALEMAR S.A,Argentina,3.1,B072a,,,,,,,,,,,,https://www.anuga.com/exhibitor/alemar_sa/
Alesayi Beverage Co. Ltd,Saudi Arabia,8.1,B068,,,,,,,,,,,,https://www.anuga.com/exhibitor/alesayi_beverage_com/
JSC Alevista,Lithuania,9.1,E068,,,,,,,,,,,,https://www.anuga.com/exhibitor/alevista/
SC ALEX STAR SRL,Romania,11.2,G034,,,,,,,,,,,,https://www.anuga.com/exhibitor/alex-star_srl/
ALEXANDER S.A.,Greece,11.2,F058b,,,,,,,,,,,,https://www.anuga.com/exhibitor/alexander_sa/
ALEXANDROS & SOTIRIS BOUDOURIS C.O.,Greece,10.1,A050,,,,,,,,,,,,https://www.anuga.com/exhibitor/alexandros_-_sotiris/
ALEXINGREDIENTS INC,Canada,4.2,E070,,,,,,,,,,,,https://www.anuga.com/exhibitor/alexingredients/
alfa - Athanasios D. Koukoutaris SA,Greece,4.1,D050+C059,,,,,,,,,,,,https://www.anuga.com/exhibitor/alfa_athanasioskoukoutaris/
Alfa Global Tuk. Mad. Tic. Ltd. Sti.,Türkiye,7.1,G027,,,,,,,,,,,,https://www.anuga.com/exhibitor/alfa_global_tuk_mad/
ALFA LEONE - BASANIOTIS SA,Greece,10.2,I025,,,,,,,,,,,,https://www.anuga.com/exhibitor/alfa_leone_-_basanio/
,Moldova,10.2,A075,,,,,,,,,,,,https://www.anuga.com/exhibitor/alfa-nistru/
ALFAFROST S.A.E,Egypt,4.2,E048,,,,,,,,,,,,https://www.anuga.com/exhibitor/alfafrost/
ALFAGEL SAS,France,4.2,C048,,,,,,,,,,,,https://www.anuga.com/exhibitor/alfagel/
Alfi s.r.l.,Italy,11.2,A011,,,,,,,,,,,,https://www.anuga.com/exhibitor/alfi/
ALFIERO,Belgium,4.1,D082,,,,,,,,,,,,https://www.anuga.com/exhibitor/alfiero/
Alfonso García López SA CONSERVAS PESCAMAR,Spain,5.2,C046a,,,,,,,,,,,,https://www.anuga.com/exhibitor/alfonso_garcia_lopez/
Alfonso Sellitto Spa,Italy,5.2,C029,,,,,,,,,,,,https://www.anuga.com/exhibitor/alfonso_se/
Alfrus srl,Italy,10.2,A037,,,,,,,,,,,,https://www.anuga.com/exhibitor/alfrus/
alfursan international for food,Egypt,2.1,C054,,,,,,,,,,,,https://www.anuga.com/exhibitor/alfursan_internation/
AlgMighty,Netherlands,1.2,D028+E029,,,,,,,,,,,,https://www.anuga.com/exhibitor/algmighty/
ALI APRICOT LLC,Tajikistan,11.3,B048,,,,,,,,,,,,https://www.anuga.com/exhibitor/ali_apricot_llc/
Ali.Com. Import/Export S.R.L.,Italy,11.3,C012a,,,,,,,,,,,,https://www.anuga.com/exhibitor/alicom/
Alibem Alimentos AS,Brazil,9.1,D046a,,,,,,,,,,,,https://www.anuga.com/exhibitor/alibem_alimentos/
ALICOS SRL,Italy,11.2,C041a,,,,,,,,,,,,https://www.anuga.com/exhibitor/alicos/
ALIF,Portugal,4.1,A051+B058,,,,,,,,,,,,https://www.anuga.com/exhibitor/alif/
Alimad Food S.A.,Belgium,2.2,D047,,,,,,,,,,,,https://www.anuga.com/exhibitor/alimad_food/
ALIMANI,Morocco,11.3,A040+B049,,,,,,,,,,,,https://www.anuga.com/exhibitor/alimani/
Alimenta Produzioni S.r.l.,Italy,3.2,C068,,,,,,,,,,,,https://www.anuga.com/exhibitor/alimenta_produzioni/
Alimentaria SA,Argentina,3.1,B078,,,,,,,,,,,,https://www.anuga.com/exhibitor/alimentaria_sa/
Alimentastic Food Innovation GmbH,Austria,11.2,G024a,,,,,,,,,,,,https://www.anuga.com/exhibitor/alimentastic_food_in/
Alimentias S.L.,Spain,10.1,E038,,,,,,,,,,,,https://www.anuga.com/exhibitor/alimentias/
ALIMAR S.A.,Argentina,3.1,B074b,,,,,,,,,,,,https://www.anuga.com/exhibitor/alimentos_de_argenti/
"Alimentos Iberandalus, S.L.",Spain,11.1,F013,,,,,,,,,,,,https://www.anuga.com/exhibitor/alimentos_iberandalu/
ALIMENTOS KAMUK,Costa Rica,3.1,B010+B018,,,,,,,,,,,,https://www.anuga.com/exhibitor/alimentos_kamuk/
Alimentos Mora Cué S.A.,Paraguay,5.1,C059+D058,,,,,,,,,,,,https://www.anuga.com/exhibitor/alimentos_mora_cue_s/
Alimentos Polar Europa,Spain,11.1,G031,,,,,,,,,,,,https://www.anuga.com/exhibitor/alimentos_polar/
"ALIMENTOS RANCHERA, S.L",Spain,11.1,E030,,,,,,,,,,,,https://www.anuga.com/exhibitor/alimentos_ranchera/
ALIMENTOS TRES G S.A DE C.V,Mexico,P4.1,Passage+Halle+4+Halle+5+A041a,,,,,,,,,,,,https://www.anuga.com/exhibitor/alimentos_tres_g_sa/
Alimentos y Conservas del Ecuador SA Ecuaconservas,Ecuador,3.1,A028,,,,,,,,,,,,https://www.anuga.com/exhibitor/alimentos_y_conserva/
"Aliminter, S.A.",Spain,11.1,B011,,,,,,,,,,,,https://www.anuga.com/exhibitor/aliminter/
Alimpex Food a.s.,Czech Republic,7.1,C024a,,,,,,,,,,,,https://www.anuga.com/exhibitor/alimpex_food/
Alinor SpA,Italy,5.1,C039,,,,,,,,,,,,https://www.anuga.com/exhibitor/alinor/
"INTERAL, S.A. / ALINTER, S.A.U.",Spain,P4.1,Passage+Halle+4+Halle+5+A038,,,,,,,,,,,,https://www.anuga.com/exhibitor/alinter_sauinteral/
Alion Vegetables & Fruits Co. Ltd.,Cyprus,5.1,B071,,,,,,,,,,,,https://www.anuga.com/exhibitor/alion_vegetables/
Alis srl,Italy,11.2,E021,,,,,,,,,,,,https://www.anuga.com/exhibitor/alis/
Alisur S.A.C.,Peru,3.1,B001,,,,,,,,,,,,https://www.anuga.com/exhibitor/alisur/
Alisya Pastacilik Gida San. Ve. Tic. A.S.,Türkiye,4.1,C028,,,,,,,,,,,,https://www.anuga.com/exhibitor/alisya_froalisya/
Alize International,France,9.1,C014,,,,,,,,,,,,https://www.anuga.com/exhibitor/alize_international/
Aljameel International Co. Kinza / Lift up,Saudi Arabia,7.1,F031,,,,,,,,,,,,https://www.anuga.com/exhibitor/aljameel_i/
Jamones Aljomar S.A.,Spain,7.1,B043,,,,,,,,,,,,https://www.anuga.com/exhibitor/aljomar/
Alkan Zeytincilik Gida Ins. Pet. Nak. Tic. ve San. Ltd. Sti.,Türkiye,11.3,D033,,,,,,,,,,,,https://www.anuga.com/exhibitor/alkan_zeytincilik_gi/
ALKHAMMASH COMPANY FOR INDUSTRY,Saudi Arabia,CF,Confexhall+F031a,,,,,,,,,,,,https://www.anuga.com/exhibitor/alkhammash_company_f/
Alkhier Food B.V.,Netherlands,11.1,C057,,,,,,,,,,,,https://www.anuga.com/exhibitor/alkhier_fo/
All Good Bakery B.V.,Netherlands,P4.1,Passage+Halle+4+Halle+5+A058,,,,,,,,,,,,https://www.anuga.com/exhibitor/all_good_bakery_bv/
All India Rice Exporters Association,India,11.3,H024,,,,,,,,,,,,https://www.anuga.com/exhibitor/all_india_rice/
Japan Curry Manufacturers Association,Japan,2.1,B028,,,,,,,,,,,,https://www.anuga.com/exhibitor/all_japan_curry_manu/
All Joy Foods LTD,South Africa,11.1,A050+B059,,,,,,,,,,,,https://www.anuga.com/exhibitor/all_joy_foods/
All Nuts Srl,Romania,2.2,D019a,,,,,,,,,,,,https://www.anuga.com/exhibitor/all_nuts/
All Organic Treasures GmbH,Germany,1.2,B032,,,,,,,,,,,,https://www.anuga.com/exhibitor/all_organic_treasure/
All-Fish Handelsgesellschaft mbH,Germany,4.2,B031,,,,,,,,,,,,https://www.anuga.com/exhibitor/all-fish/
All4trade B.V.,Netherlands,11.3,B040,,,,,,,,,,,,https://www.anuga.com/exhibitor/all4tradeall4trade/
Allanasons PVT. Ltd.,India,6.1,C110,,,,,,,,,,,,https://www.anuga.com/exhibitor/allanasons/
ALLCOMEX INTL. BUSINESS,Brazil,3.1,D021a,,,,,,,,,,,,https://www.anuga.com/exhibitor/allcomex_intl_busin/
Alldra B.V.,Netherlands,11.1,G032a,,,,,,,,,,,,https://www.anuga.com/exhibitor/alldra/
Alliance Océane & Charcutière,France,9.1,B037b,,,,,,,,,,,,https://www.anuga.com/exhibitor/alliance_oceane_-_ch/
Alliance Zone Inc.,Canada,11.2,C023,,,,,,,,,,,,https://www.anuga.com/exhibitor/alliance_zone/
Allied International Corp.,United States of America,10.2,G072,,,,,,,,,,,,https://www.anuga.com/exhibitor/allied_international/
Allive Europe JSC,Lithuania,10.2,F047,,,,,,,,,,,,https://www.anuga.com/exhibitor/allive_europe/
ALLJUICEMED SL,Spain,8.1,A006,,,,,,,,,,,,https://www.anuga.com/exhibitor/alljuicemed/
allproevent,Türkiye,1.2,H028,,,,,,,,,,,,https://www.anuga.com/exhibitor/allproevent/
Allreasons,Latvia,B.1,Boulevard+193,,,,,,,,,,,,https://www.anuga.com/exhibitor/allreasons/
almadinah farm factory for dates,Saudi Arabia,CF,Confexhall+E036,,,,,,,,,,,,https://www.anuga.com/exhibitor/almadinah_farm_facto/
ALMAMEAT,Spain,6.1,D083,,,,,,,,,,,,https://www.anuga.com/exhibitor/almameat_slu/
ALMANSA ORIGIN DENOMINATION,Spain,P4.1,Passage+Halle+4+Halle+5+A031,,,,,,,,,,,,https://www.anuga.com/exhibitor/almansa_origin_denom/
Almarai Company,Saudi Arabia,CF,Confexhall+E035,,,,,,,,,,,,https://www.anuga.com/exhibitor/almarai_company/
Almas Kavir Khoshab,Iran,10.2,D089b,,,,,,,,,,,,https://www.anuga.com/exhibitor/almas_kavir_khoshab/
Almathaq Alarabi For Bakeries and Sweets,Saudi Arabia,CF,Confexhall+E025,,,,,,,,,,,,https://www.anuga.com/exhibitor/almathaq_alarabi_for/
Almazaras de la Subbetica SL,Spain,11.1,F029,,,,,,,,,,,,https://www.anuga.com/exhibitor/almazaras/
ALMENDRAS DONAIRE SL,Spain,11.1,E026,,,,,,,,,,,,https://www.anuga.com/exhibitor/almendras_donaire_sl/
"Almendras Llopis, S.A.U.",Spain,11.1,F008a,,,,,,,,,,,,https://www.anuga.com/exhibitor/almendras_llopis/
"ALMENDRERA DEL SUR, SCA",Spain,11.1,F017,,,,,,,,,,,,https://www.anuga.com/exhibitor/almendrera_del_sur/
Almme S.A.,Greece,10.2,F009a,,,,,,,,,,,,https://www.anuga.com/exhibitor/almme/
almonairy for corn proudcts,Egypt,2.1,D055a,,,,,,,,,,,,https://www.anuga.com/exhibitor/almonairy_for_corn_p/
Almond Board of Australia,Australia,10.2,B069,,,,,,,,,,,,https://www.anuga.com/exhibitor/almond_board/
Almond Products Hatzigeorgiou S.A,Greece,10.2,H043,,,,,,,,,,,,https://www.anuga.com/exhibitor/almond_products/
Almonds Cremades,Spain,11.1,A014,,,,,,,,,,,,https://www.anuga.com/exhibitor/almonds_cremades/
Almondy AB,Sweden,4.1,B090,,,,,,,,,,,,https://www.anuga.com/exhibitor/almondy/
ALMURJAN FOR CANNED FOOD L.L.C.,Jordan,2.1,D022a,,,,,,,,,,,,https://www.anuga.com/exhibitor/almurjan_for_canned/
Alnada Company for Food Industries,Egypt,8.1,C046,,,,,,,,,,,,https://www.anuga.com/exhibitor/alnada_company_for_f/
Alò Puglia Food group srl,Italy,11.2,A028,,,,,,,,,,,,https://www.anuga.com/exhibitor/alo_puglia_food/
Alobari & Alopare GbR,Germany,2.1,B018,,,,,,,,,,,,https://www.anuga.com/exhibitor/alobari_-_alopare_gb/
"alp Bayern/Bayerisches Staatsministerium für Ernährung, Landwirtschaft u. Forsten und Tourismus",Germany,10.2,A032+B035,,,,,,,,,,,,https://www.anuga.com/exhibitor/alp_bayern/
Alp Senn AG,Switzerland,10.1,B021a,,,,,,,,,,,,https://www.anuga.com/exhibitor/alp_senn/
Alpdrinks GmbH,Austria,11.2,G013,,,,,,,,,,,,https://www.anuga.com/exhibitor/alpdrinks/
ALPE SPA,Italy,5.2,A030+B031,,,,,,,,,,,,https://www.anuga.com/exhibitor/alpe_surgelati/
Alpenhain Käsespezialitäten GmbH,Germany,10.1,H019,,,,,,,,,,,,https://www.anuga.com/exhibitor/alpenhain/
Alpex Ceylon Tea (Pvt) Ltd,Sri Lanka,1.2,G029,,,,,,,,,,,,https://www.anuga.com/exhibitor/alpex_ceylon_tea_pv/
Alpha Gefsi Edesmata S.A.,Greece,10.1,B046,,,,,,,,,,,,https://www.anuga.com/exhibitor/alpha_gefsi/
"Alpine Foods Co.,Ltd.",Thailand,11.3,H025,,,,,,,,,,,,https://www.anuga.com/exhibitor/alpine_foods/
Alpirsbacher Klosterbräu Glauner GmbH,Germany,10.2,C050,,,,,,,,,,,,https://www.anuga.com/exhibitor/alpirsbacherklosterbra/
AlQassim factory for foods,Saudi Arabia,CF,Confexhall+F039,,,,,,,,,,,,https://www.anuga.com/exhibitor/alqassim_factory_for/
ALSAHL GROUP HOILDING,Libya,5.2,E070,,,,,,,,,,,,https://www.anuga.com/exhibitor/alsahl_gro/
alsalwa meat factory,Bahrain,6.1,A097,,,,,,,,,,,,https://www.anuga.com/exhibitor/alsalwa_meat_factory/
GRUPO ALSUR,Spain,11.1,E012a,,,,,,,,,,,,https://www.anuga.com/exhibitor/alsur/
Alta Kraina LLC (Catanzaro Eurasia),Ukraine,5.1,D053,,,,,,,,,,,,https://www.anuga.com/exhibitor/alta_kraina/
Altas Yag Su ve Tar. Ur. Gida Ins Oto. Nak. San. ve Tic. A.S.,Türkiye,11.3,B024a,,,,,,,,,,,,https://www.anuga.com/exhibitor/altas/
ALTE Foods,Ukraine,4.2,B021,,,,,,,,,,,,https://www.anuga.com/exhibitor/alte_foods/
Altera Food DOO,Republic of North Macedonia,11.1,G056,,,,,,,,,,,,https://www.anuga.com/exhibitor/altera_food_doo/
ALTERNATIVA 3,Spain,11.1,C038,,,,,,,,,,,,https://www.anuga.com/exhibitor/alternativa3/
ALTHO BRETS,France,10.2,F028,,,,,,,,,,,,https://www.anuga.com/exhibitor/altho_brets/
Altin Petek Besin Üretim San. Tic. Ltd. Sti.,Türkiye,2.2,A032,,,,,,,,,,,,https://www.anuga.com/exhibitor/altin/
Altintop Kuruyemis Gida San ve Tic. A. S.,Türkiye,11.2,F054,,,,,,,,,,,,https://www.anuga.com/exhibitor/altintop/
Altiparmak Gida Sanayi ve Ticaret A.S.,Türkiye,3.2,B048,,,,,,,,,,,,https://www.anuga.com/exhibitor/altiparmakbalparmak/
Altunkaya Ins. Nak. Gida Tic. A.S.,Türkiye,11.3,D030,,,,,,,,,,,,https://www.anuga.com/exhibitor/altunkaya/
Altunsa Gida Sanayi ve Ticaret A.S.,Türkiye,11.3,D034,,,,,,,,,,,,https://www.anuga.com/exhibitor/altunsa_gida_sanayi/
ALUKSNES PUTNU FERMA SIA,Latvia,10.1,G028d,,,,,,,,,,,,https://www.anuga.com/exhibitor/aluksnes_putnu_ferma/
Alvarez Camacho,Spain,P6.1,Passage+Halle+10+Halle+11+011a,,,,,,,,,,,,https://www.anuga.com/exhibitor/alvarez_camacho/
Alvinesa Natural Ingredients S.A.,Spain,11.1,E014a,,,,,,,,,,,,https://www.anuga.com/exhibitor/alvinesa_natural_ing/
Alviva Ukraine LLC,Ukraine,5.2,D056,,,,,,,,,,,,https://www.anuga.com/exhibitor/alviva_ukraine_llc/
Alvoar Lácteos S/A / Embaré,Brazil,3.1,B028c,,,,,,,,,,,,https://www.anuga.com/exhibitor/alvoar_lacteos/
Alzaytouna for chocolate & confectionery,Jordan,2.1,E021,,,,,,,,,,,,https://www.anuga.com/exhibitor/alzaytouna_for_choco/
"AM HONEY - ANDALUZA DE MIELES, S.L.",Spain,11.1,D021,,,,,,,,,,,,https://www.anuga.com/exhibitor/am_honey_andaluza_de/
Gesco S.C.A. - Amadori,Italy,11.2,F019a,,,,,,,,,,,,https://www.anuga.com/exhibitor/amadori/
Amalthea Group,Netherlands,10.1,G063,,,,,,,,,,,,https://www.anuga.com/exhibitor/amalthea_group/
Amalthia S.A.,Greece,10.2,H020,,,,,,,,,,,,https://www.anuga.com/exhibitor/amalthia/
Amana Foods Gida,Türkiye,7.1,D069,,,,,,,,,,,,https://www.anuga.com/exhibitor/amana_foods_gida/
AMANDO LOZA ALONSO SA,Spain,7.1,C049,,,,,,,,,,,,https://www.anuga.com/exhibitor/amando_loza_alonso_s/
Amann Kaffee GmbH,Austria,11.2,G015,,,,,,,,,,,,https://www.anuga.com/exhibitor/amann/
Amar International,India,1.2,J029,,,,,,,,,,,,https://www.anuga.com/exhibitor/amar_international/
AMAR SINGH CHAWAL WALA,India,11.3,G029,,,,,,,,,,,,https://www.anuga.com/exhibitor/amar_singh_chawal_walal_qilla_basmati_ri/
Amarin Thai Beverage,Thailand,7.1,G041d,,,,,,,,,,,,https://www.anuga.com/exhibitor/amarin_thai_beverage/
Amber Pasta JSC,Lithuania,10.2,E036a,,,,,,,,,,,,https://www.anuga.com/exhibitor/amber/
Ambrosi S.P.A,Italy,10.1,B050+A051,,,,,,,,,,,,https://www.anuga.com/exhibitor/ambrosi/
Ambrosia Oils (1976) Ltd.,Cyprus,11.2,F048,,,,,,,,,,,,https://www.anuga.com/exhibitor/ambrosia_oils/
G.B. AMBROSOLI SPA,Italy,3.2,C071,,,,,,,,,,,,https://www.anuga.com/exhibitor/ambrosoli/
AMD Verde for Export,Egypt,5.1,F053,,,,,,,,,,,,https://www.anuga.com/exhibitor/amd_verde_for_export/
Ameco,Netherlands,6.1,B010+C011,,,,,,,,,,,,https://www.anuga.com/exhibitor/ameco/
Amedei S.r.l.,Italy,2.2,C055,,,,,,,,,,,,https://www.anuga.com/exhibitor/amedei/
Ameed Food Industries,Jordan,8.1,A108,,,,,,,,,,,,https://www.anuga.com/exhibitor/ameed/
AMEEN PRODUCTS SDN BHD,Malaysia,1.2,N010+O011,,,,,,,,,,,,https://www.anuga.com/exhibitor/ameen_products_sdn_b/
AMEFRUITS GARLICS,Spain,11.1,A031,,,,,,,,,,,,https://www.anuga.com/exhibitor/amefruits_garlics/
AMENDOBRAS Imp. e Exp. de Amendoim SA,Brazil,3.1,D025a,,,,,,,,,,,,https://www.anuga.com/exhibitor/amendobras/
"Amendouro, S.A.",Portugal,11.1,F055,,,,,,,,,,,,https://www.anuga.com/exhibitor/amendouro/
USA Poultry & Egg Export Council,United States of America,9.1,B026,,,,,,,,,,,,https://www.anuga.com/exhibitor/americanegg_board/
American Beverage Marketers,United States of America,8.1,D054,,,,,,,,,,,,https://www.anuga.com/exhibitor/american_beverage/
American Donut d.o.o.,Croatia,4.1,C011,,,,,,,,,,,,https://www.anuga.com/exhibitor/american_donut_doo/
American Garden,United States of America,10.2,G052,,,,,,,,,,,,https://www.anuga.com/exhibitor/american_garden/
American Popcorn Company Ltd.,Bulgaria,11.2,F034,,,,,,,,,,,,https://www.anuga.com/exhibitor/american_popcorn/
"American Trading International, Inc.",United States of America,10.2,H051,,,,,,,,,,,,https://www.anuga.com/exhibitor/american_t/
"Aimeiyasha (Shandong) Food Technology Co., Ltd.",China,1.2,O039,,,,,,,,,,,,https://www.anuga.com/exhibitor/ameyasha_shandong/
Ameztoi Anaiak SL,Spain,11.1,B049a,,,,,,,,,,,,https://www.anuga.com/exhibitor/ameztoianaiak/
Amica Chips SPA,Italy,11.2,F013,,,,,,,,,,,,https://www.anuga.com/exhibitor/amica/
Amir Rice Mills (Private) Limited,Pakistan,11.3,E040a,,,,,,,,,,,,https://www.anuga.com/exhibitor/amir_rice_mills_pri/
Ammerland Trading GmbH,Germany,10.1,G030,,,,,,,,,,,,https://www.anuga.com/exhibitor/ammerlandtrading/
Ammerland America Corp.,United States of America,10.1,G030,,,,,,,,,,,,https://www.anuga.com/exhibitor/ammerland_america_co/
Ammerland Asia Pacific Pte. Ltd.,Singapore,10.1,G030,,,,,,,,,,,,https://www.anuga.com/exhibitor/ammerland_asia/
Ammerland Hungary Kft.,Hungary,10.1,G030,,,,,,,,,,,,https://www.anuga.com/exhibitor/ammerland_hungary/
Ammerland Iberica S.L.U.,Spain,10.1,G030,,,,,,,,,,,,https://www.anuga.com/exhibitor/ammerland_iberica/
AMMU INC,India,7.1,F025a,,,,,,,,,,,,https://www.anuga.com/exhibitor/ammu_inc/
AMPHOREUS B&P AMPHOREUS P.C,Greece,10.2,I015a,,,,,,,,,,,,https://www.anuga.com/exhibitor/amphoreus_b-p_amphor/
"Ample Agro Product Co., Ltd",Cambodia,4.1,D094,,,,,,,,,,,,https://www.anuga.com/exhibitor/ample_agro_product_c/
Ampol Food Processing Ltd.,Thailand,CF,Confexhall+A039,,,,,,,,,,,,https://www.anuga.com/exhibitor/ampol_food/
Amri Bio,Switzerland,5.1,F091,,,,,,,,,,,,https://www.anuga.com/exhibitor/amri_bio/
"AMRU Rice (Cambodia) Co., Ltd",Cambodia,2.1,B011+B019,,,,,,,,,,,,https://www.anuga.com/exhibitor/amru_rice_cambodia/
AMUSE CROQUE Bv,Belgium,4.1,B060,,,,,,,,,,,,https://www.anuga.com/exhibitor/amuse_croque_bv/
Amvrosia Gourmet - Stilianidi P. & Co.,Greece,10.2,G008,,,,,,,,,,,,https://www.anuga.com/exhibitor/amvrosia_gourmet_-_s/
An Gida Urunleri Uretim ve Pazarlama A.S.,Türkiye,11.3,B015a,,,,,,,,,,,,https://www.anuga.com/exhibitor/an_gida_urunleri/
"An Hui Beibao Foods Co.,Ltd",China,CF,Confexhall+D070a,,,,,,,,,,,,https://www.anuga.com/exhibitor/an_hui_beibao_foods/
AN KHANG FOODS JSC,Vietnam,CF,Confexhall+B030+C039,,,,,,,,,,,,https://www.anuga.com/exhibitor/an_khang_foods_jsc/
ANABTAWI SWEETS,Palestine,10.2,E078,,,,,,,,,,,,https://www.anuga.com/exhibitor/anabtawi_sweets/
ANADOLU ETAP PENKON GIDA VE ICECEK ÜRÜNLERI SANAYI VE TICARET A.S.,Türkiye,8.1,E078,,,,,,,,,,,,https://www.anuga.com/exhibitor/anadolu/
ANAGENNISI RICEMILLS SA AGROTOPOS,Greece,11.2,F056,,,,,,,,,,,,https://www.anuga.com/exhibitor/anagennisi_ricemillsagrotopos/
Anaghanjali Organic,India,P9.1,Passage+Halle+2+Halle+3+016,,,,,,,,,,,,https://www.anuga.com/exhibitor/anaghanjali_organic/
Exportadora Anakena Ltda.,Chile,3.1,B073,,,,,,,,,,,,https://www.anuga.com/exhibitor/anakena_exportador/
Ananas Impex Sh.p.k,Kosovo,2.1,D008b,,,,,,,,,,,,https://www.anuga.com/exhibitor/ananas_impex_shpk/
ANATOLIA KONSERVECILIK A.S.,Türkiye,11.3,B037,,,,,,,,,,,,https://www.anuga.com/exhibitor/anatoliakonservecilik/
ANAX FOODS PC,Greece,10.2,I014,,,,,,,,,,,,https://www.anuga.com/exhibitor/anax_foods_pc/
ANBER Inc.,Japan,7.1,F045,,,,,,,,,,,,https://www.anuga.com/exhibitor/anber/
AND ICE P.C.,Greece,4.1,D014,,,,,,,,,,,,https://www.anuga.com/exhibitor/and_ice_pc/
Andalucia Nuts,United States of America,10.2,H077,,,,,,,,,,,,https://www.anuga.com/exhibitor/andalucia_nuts/
Andalucía TRADE Agencia Empresarial para la Transformación y el Desarrollo Económico,Spain,11.1,F027a%2C+F013a%2C+F029f%2C+F025a%2C+F011f%2C+F013f,,,,,,,,,,,,https://www.anuga.com/exhibitor/andalucia_trade/
Anderson Watts Ltd.,Canada,11.2,C020,,,,,,,,,,,,https://www.anuga.com/exhibitor/anderson_wattsmr_noodles/
Andes Alimentos & Bebidas,Peru,3.1,B004,,,,,,,,,,,,https://www.anuga.com/exhibitor/andes_alimentos/
Andes Harvest,Argentina,3.1,B076a,,,,,,,,,,,,https://www.anuga.com/exhibitor/andes_harvest/
Andreoli SA,Argentina,3.1,C062,,,,,,,,,,,,https://www.anuga.com/exhibitor/andreoli/
Andriani S.p.A,Italy,11.2,D058,,,,,,,,,,,,https://www.anuga.com/exhibitor/andriani/
Andros S.N.C.,France,3.2,A061,,,,,,,,,,,,https://www.anuga.com/exhibitor/andros/
Andrushivskyi Dairy plant LLC,Ukraine,10.1,B045,,,,,,,,,,,,https://www.anuga.com/exhibitor/andrushivskyi_dairy/
Anduronda Import GmbH,Germany,4.2,A041,,,,,,,,,,,,https://www.anuga.com/exhibitor/anduronda_import/
"ANETO NATURAL, S.L.U",Spain,5.1,F091,,,,,,,,,,,,https://www.anuga.com/exhibitor/aneto_natural/
ANFACO-CYTMA,Spain,5.2,D041a,,,,,,,,,,,,https://www.anuga.com/exhibitor/anfaco-cytma/
ANGEL CAMACHO ALIMENTACION,Spain,11.1,G008a,,,,,,,,,,,,https://www.anuga.com/exhibitor/angel_camacho_alimen/
ANGEL FOODS,Greece,10.2,G026,,,,,,,,,,,,https://www.anuga.com/exhibitor/angel_foods/
Angel Sarasa E Hijos S.A. / ACEITUNAS Y ENCURTIDOS EL CABILDO,Spain,P4.1,Passage+Halle+4+Halle+5+B043,,,,,,,,,,,,https://www.anuga.com/exhibitor/angel_sarasa_e_hijos/
Angimex-Kitoku Limited Company,Vietnam,CF,Confexhall+A030+B039,,,,,,,,,,,,https://www.anuga.com/exhibitor/angimex-kitoku_limit/
Angulas Aguinaga SAU,Spain,5.1,A050,,,,,,,,,,,,https://www.anuga.com/exhibitor/angulas/
"Anhui Clever Mama Food Science and Technology Co., Ltd.",China,2.2,A057c,,,,,,,,,,,,https://www.anuga.com/exhibitor/anhui_clever_mama_fo/
"Anhui Jinnuo Food Co., Ltd",China,1.2,M018,,,,,,,,,,,,https://www.anuga.com/exhibitor/anhui_jinnuo_food_co/
"Anhui Lingmao Food Co., Ltd",China,8.1,A121,,,,,,,,,,,,https://www.anuga.com/exhibitor/anhui_lingmao_food_c/
"Anhui Oriental Orchard Biotechnology CO.,LTD",China,5.1,C088,,,,,,,,,,,,https://www.anuga.com/exhibitor/anhui_oriental_orcha/
"Anhui Qiangwang Flavouring Food Co.,Ltd",China,4.1,B008b,,,,,,,,,,,,https://www.anuga.com/exhibitor/anhui_qiangwang/
"Anhui Shengchen Food Co.,Ltd.",China,1.2,N036,,,,,,,,,,,,https://www.anuga.com/exhibitor/anhui_shengchen_food/
"Anhui Sinofarms Co., Ltd",China,P1.1,Passage+Halle+2+Halle+4+010,,,,,,,,,,,,https://www.anuga.com/exhibitor/anhui_sinofarms_co/
"Anhui Tea Group Co., Ltd.",China,8.1,A122,,,,,,,,,,,,https://www.anuga.com/exhibitor/anhui_tea_group_co/
"Anhui Yanzhifang Foods Co.,ltd.",China,1.2,E044a,,,,,,,,,,,,https://www.anuga.com/exhibitor/anhui_yanzhifang_foo/
ANHUI ZIZIGO FOOD TECHNOLOGY CO.LTD,China,5.1,A090c,,,,,,,,,,,,https://www.anuga.com/exhibitor/anhui_zizigo_food_te/
ANICAV,Italy,5.1,F041,,,,,,,,,,,,https://www.anuga.com/exhibitor/anicav/
Anigozi LLC,Georgia,11.1,D056,,,,,,,,,,,,https://www.anuga.com/exhibitor/anigozi_llc/
Animex Foods Sp. z o.o.,Poland,7.1,D040+E041,,,,,,,,,,,,https://www.anuga.com/exhibitor/animexsmithfield/
ANJO FARMS AND NANOINOVATION INC.,Philippines,1.2,N011+M010,,,,,,,,,,,,https://www.anuga.com/exhibitor/anjo_farms_and_nanoi/
ANKAS DEL SUR SRL / ANKAS DEL SUR,Argentina,3.1,D067,,,,,,,,,,,,https://www.anuga.com/exhibitor/ankas_del_sur_srl/
ANKO-AGROTRADE,Ukraine,CF,Confexhall+B020a,,,,,,,,,,,,https://www.anuga.com/exhibitor/anko-agrotrade/
ANMOL Industries Limited,India,2.2,E010,,,,,,,,,,,,https://www.anuga.com/exhibitor/anmol/
S.C. Annabella Fabrica de Conserve Raureni S.A.,Romania,10.2,E051,,,,,,,,,,,,https://www.anuga.com/exhibitor/annabella_fabrica/
ANONA TRADE EOOD,Bulgaria,4.2,B009,,,,,,,,,,,,https://www.anuga.com/exhibitor/anona_trade/
Anova Seafood BV,Netherlands,5.1,B033,,,,,,,,,,,,https://www.anuga.com/exhibitor/anova_seafood/
Anshul Trading Company,India,11.3,F039,,,,,,,,,,,,https://www.anuga.com/exhibitor/anshul_traanvi_exim/
Ansu Gida Paz. Tic. LTD,Türkiye,2.2,F059,,,,,,,,,,,,https://www.anuga.com/exhibitor/ansu_gida_paz_tic/
ANTAAR&S SRL,Italy,5.2,A031,,,,,,,,,,,,https://www.anuga.com/exhibitor/antaar-s/
Antalya Yenigun Gida San. ve Tic. A.S.,Türkiye,2.2,A036a,,,,,,,,,,,,https://www.anuga.com/exhibitor/antalya_yenigun_gida/
Antepsan Kuruyemis Gida San. ve Tic. A.S..,Türkiye,2.2,B034a,,,,,,,,,,,,https://www.anuga.com/exhibitor/antepsan_kuruyemis_gantepsan/
Antgida Gida Tarim Turizm Enerji ve Demir Celik San. Tic. A.S.,Türkiye,11.3,B028,,,,,,,,,,,,https://www.anuga.com/exhibitor/forazeytin/
Toms Confectionery Group A/S,Denmark,5.2,D030,,,,,,,,,,,,https://www.anuga.com/exhibitor/anthon_bergtoms_group/
Antica Gastronomia Srl,Italy,11.2,C039a,,,,,,,,,,,,https://www.anuga.com/exhibitor/antica_gastronomiagastronomi/
Antica Torroneria Piemontese,Italy,11.2,A012b,,,,,,,,,,,,https://www.anuga.com/exhibitor/antica_torroneria/
Antiche Cascine,Italy,4.1,A050,,,,,,,,,,,,https://www.anuga.com/exhibitor/antiche_cascine/
Antik Kuruyemis San. ve Tic. Ltd. Sti.,Türkiye,11.3,A028,,,,,,,,,,,,https://www.anuga.com/exhibitor/antik_kuruyemis/
Antimo Caputo Srl,Italy,11.2,E037,,,,,,,,,,,,https://www.anuga.com/exhibitor/antimo_caputo_srl/
Antonelli Industrie Dolciarie Spa,Italy,2.2,D053,,,,,,,,,,,,https://www.anuga.com/exhibitor/antonelli/
Anverally & Sons (PVT) Ltd.,Sri Lanka,8.1,B091,,,,,,,,,,,,https://www.anuga.com/exhibitor/anverally/
ANZCO Foods Limited,New Zealand,6.1,B111,,,,,,,,,,,,https://www.anuga.com/exhibitor/anzco_food/
AOIL LLC,Ukraine,5.2,E059,,,,,,,,,,,,https://www.anuga.com/exhibitor/aoil_llc/
Aoste SNC,France,9.1,C036,,,,,,,,,,,,https://www.anuga.com/exhibitor/aoste_snc/
Apache Group LLC,Armenia,2.1,D058+E059,,,,,,,,,,,,https://www.anuga.com/exhibitor/apache_group/
Asociatia pentru Promovarea Alimentului Romanesc - APAR,Romania,5.1,D039gD033g,,,,,,,,,,,,https://www.anuga.com/exhibitor/apar/
APEA - Asociacion de Productores Exportadores Argentinos,Argentina,6.1,D036,,,,,,,,,,,,https://www.anuga.com/exhibitor/apea/
Aperitivo Kollektiv GmbH,Germany,B.1,Boulevard+140,,,,,,,,,,,,https://www.anuga.com/exhibitor/aperitivo_kollektiv/
"APERITIVOS CASTILLO, S.L.",Spain,11.3,B033a,,,,,,,,,,,,https://www.anuga.com/exhibitor/aperitivos_castillo/
"APERITIVOS FLAPER, S.L.U.",Spain,11.1,D019,,,,,,,,,,,,https://www.anuga.com/exhibitor/aperitivos_flaper/
Apetit Ruoka Oy,Finland,10.2,A066,,,,,,,,,,,,https://www.anuga.com/exhibitor/apetit_ruoka/
Apex Coco and Solar Energy Limited,India,5.1,D082,,,,,,,,,,,,https://www.anuga.com/exhibitor/apex_coco/
ApexBrasil - Brazilian Trade and Investment Promoçao de Exportaçoes e Investimentos,Brazil,3.1,D028,,,,,,,,,,,,https://www.anuga.com/exhibitor/apex-brasilapex_brasil/
APICOLA COSTACHE SRL,Romania,11.3,E022,,,,,,,,,,,,https://www.anuga.com/exhibitor/apicola_costache_srl/
"APICOLA DE TIEDRA, S.L.",Spain,2.2,B050a,,,,,,,,,,,,https://www.anuga.com/exhibitor/apicola_de_tiedra_s/
"APÍCOLA SOLVEN, S.L.",Spain,11.1,E030,,,,,,,,,,,,https://www.anuga.com/exhibitor/apicola_solven_sl/
APICRIS NATURA SRL,Romania,11.3,F015a,,,,,,,,,,,,https://www.anuga.com/exhibitor/apicris_natura_srl/
APICULTURA DEL RIO SL,Spain,2.2,B050e,,,,,,,,,,,,https://www.anuga.com/exhibitor/apicultura_del_rio_s/
Apidava Srl,Romania,5.1,D037,,,,,,,,,,,,https://www.anuga.com/exhibitor/apidava/
Apifera,Moldova,4.1,D098+C091,,,,,,,,,,,,https://www.anuga.com/exhibitor/apifera/
Apimel d.o.o.,Croatia,11.1,F033a,,,,,,,,,,,,https://www.anuga.com/exhibitor/apimel/
APIPHEN sarl,Switzerland,3.1,C046,,,,,,,,,,,,https://www.anuga.com/exhibitor/apiphen_sarl/
Apiprodex SRL,Romania,5.1,D031,,,,,,,,,,,,https://www.anuga.com/exhibitor/apiprodex/
Apis India Limited,India,2.2,A019,,,,,,,,,,,,https://www.anuga.com/exhibitor/apis_india/
APIS-VITA D.o.o.,Slovenia,11.1,E038,,,,,,,,,,,,https://www.anuga.com/exhibitor/apis-vita_doo/
"Apisol, S.A. / APISOL honey by nature",Spain,11.1,E011a,,,,,,,,,,,,https://www.anuga.com/exhibitor/apisol/
APISROM SRL,Romania,2.2,E007,,,,,,,,,,,,https://www.anuga.com/exhibitor/apisrom/
APLV SARL,Madagascar,11.1,A058,,,,,,,,,,,,https://www.anuga.com/exhibitor/aplv_sarl/
APM Impulse Slu,Spain,6.1,C099,,,,,,,,,,,,https://www.anuga.com/exhibitor/apm_impulse/
APOrtha Food GmbH,Germany,P1.1,Passage+Halle+2+Halle+4+002,,,,,,,,,,,,https://www.anuga.com/exhibitor/aportha_food_gmbh/
appellando GmbH,Germany,B1.1,Boulevard+048,,,,,,,,,,,,https://www.anuga.com/exhibitor/appellando/
SO Appenzeller Käse GmbH,Switzerland,10.1,C028,,,,,,,,,,,,https://www.anuga.com/exhibitor/appenzellerkase/
Apple Valley Foods Inc,Canada,11.2,D023,,,,,,,,,,,,https://www.anuga.com/exhibitor/apple_valley_foods_i/
"Apple's Island (Thailand) Co., Ltd.",Thailand,11.3,H023a,,,,,,,,,,,,https://www.anuga.com/exhibitor/apples_island_thai/
Aprin Dis Tic. Ltd. Sti.,Türkiye,11.3,C017,,,,,,,,,,,,https://www.anuga.com/exhibitor/aprin/
Apulia Food Srl,Italy,2.2,C057,,,,,,,,,,,,https://www.anuga.com/exhibitor/apulia_food/
AQUA ANA MESRUBAT A.S.,Türkiye,8.1,B052,,,,,,,,,,,,https://www.anuga.com/exhibitor/aqua_ana_mesrubat_a/
Aquaculture Stewardship Council (ASC),United Kingdom,B1.1,Boulevard+048,,,,,,,,,,,,https://www.anuga.com/exhibitor/aquaculture_stewards/
AQUANESSO GmbH,Germany,B.1,Boulevard+181%2C+Boulevard+181l,,,,,,,,,,,,https://www.anuga.com/exhibitor/aquanesso_gmbh/
Aquaprole Inc,Canada,6.1,E060,,,,,,,,,,,,https://www.anuga.com/exhibitor/aquaprole/
Ara Gevorgyan Misha PE,Armenia,11.3,C049,,,,,,,,,,,,https://www.anuga.com/exhibitor/ara_gevorgyan_misha/
Arabatzis Michail S.A.,Greece,4.1,D051+D059,,,,,,,,,,,,https://www.anuga.com/exhibitor/arabatzishellenic_dough/
Arabesque Europa GmbH,Germany,2.1,A016,,,,,,,,,,,,https://www.anuga.com/exhibitor/arabesque_europa_gmb/
"Aragón Exterior, S.A.U",Spain,4.2,B069,,,,,,,,,,,,https://www.anuga.com/exhibitor/aragon_exterior_sa/
ARAGRO Sunny Fruits LLC,Uzbekistan,11.3,B046,,,,,,,,,,,,https://www.anuga.com/exhibitor/aragro_sunny_fruits/
"Aram Co., Ltd.","Korea, Republic of",7.1,F048,,,,,,,,,,,,https://www.anuga.com/exhibitor/aram/
ARANCINE SICILIANE SRL,Italy,5.2,A041+A049,,,,,,,,,,,,https://www.anuga.com/exhibitor/arancine_siciliane_s/
"ARAWOOM CO.,LTD","Korea, Republic of",5.1,A060b,,,,,,,,,,,,https://www.anuga.com/exhibitor/arawoom_coltd/
Arbaza,Brazil,3.1,B028a,,,,,,,,,,,,https://www.anuga.com/exhibitor/arbaza/
Arbi Dario Spa,Italy,4.1,B021,,,,,,,,,,,,https://www.anuga.com/exhibitor/arbi_dario_spa/
Arcecarne,Spain,7.1,B057,,,,,,,,,,,,https://www.anuga.com/exhibitor/arcecarne/
Arctic Food Lab,Finland,10.2,A070c,,,,,,,,,,,,https://www.anuga.com/exhibitor/arctic_food_lab/
ARDI GIFT,Morocco,11.3,A040+B049,,,,,,,,,,,,https://www.anuga.com/exhibitor/ardi_gift/
Ardo foods nv,Belgium,4.2,E011,,,,,,,,,,,,https://www.anuga.com/exhibitor/ardo/
Arduenna Spirit Company,Belgium,7.1,F014,,,,,,,,,,,,https://www.anuga.com/exhibitor/arduenna_spirit_comp/
Aregi LLC,Armenia,4.1,D098+C091,,,,,,,,,,,,https://www.anuga.com/exhibitor/aregi_llc/
Aretol d.o.o.,Serbia,4.2,B020,,,,,,,,,,,,https://www.anuga.com/exhibitor/aretol/
Argal Alimentación S.A.,Spain,7.1,B038,,,,,,,,,,,,https://www.anuga.com/exhibitor/argal_alimentacionargal/
ARGALL SRL,Argentina,6.1,C032,,,,,,,,,,,,https://www.anuga.com/exhibitor/argall/
Argencrops S.A.,Argentina,3.1,B066,,,,,,,,,,,,https://www.anuga.com/exhibitor/argencrops/
Argensun S.A.,Argentina,3.1,B062,,,,,,,,,,,,https://www.anuga.com/exhibitor/argensun/
Argenti Lemon S.A.,Argentina,8.1,D012,,,,,,,,,,,,https://www.anuga.com/exhibitor/argenti_lemon_sa/
Fundación Argentina para la promoción de Inversiones y Comercio International Internacional,Argentina,3.1,C068,,,,,,,,,,,,https://www.anuga.com/exhibitor/argentina/
Argentine Beef Promotion Institute Instituto de Promocion de la Carne Vacuna Argentina (IPCVA),Argentina,6.1,E020+E038,,,,,,,,,,,,https://www.anuga.com/exhibitor/argentine_beefipcva/
ARGEON OLIVE OIL,Greece,11.2,G064,,,,,,,,,,,,https://www.anuga.com/exhibitor/argeon_olive_oil/
Argex International S.A.,Argentina,9.1,D053a,,,,,,,,,,,,https://www.anuga.com/exhibitor/argex_international/
ZPH Argo Sp. z o.o.,Poland,10.2,C026,,,,,,,,,,,,https://www.anuga.com/exhibitor/argo/
Ari Susam Sanayi ve Ticaret A.S.,Türkiye,11.3,A018a,,,,,,,,,,,,https://www.anuga.com/exhibitor/ari_susam_sanayi/
Ariana Holding GmbH,Germany,B1.1,Boulevard+063,,,,,,,,,,,,https://www.anuga.com/exhibitor/ariana_holding_gmbh/
ARIKA s.r.o.,Slovakia,10.2,B091,,,,,,,,,,,,https://www.anuga.com/exhibitor/arika_sro/
Ariza B.V.,Netherlands,8.1,E050,,,,,,,,,,,,https://www.anuga.com/exhibitor/ariza/
Ark Konservecilik Yapi Ins. Tar. Urn. Amb. Nak. Gida Dan. Hiz. Ith. Ihr. San. Tic. Ltd. Sti.,Türkiye,11.3,C032a,,,,,,,,,,,,https://www.anuga.com/exhibitor/ark_konservecilik/
"Arkhum (Shandong) Health Technology Co., Ltd.",China,1.2,M022,,,,,,,,,,,,https://www.anuga.com/exhibitor/arkhum_shandong_he/
Arkmen LLC,Ukraine,3.1,A030a,,,,,,,,,,,,https://www.anuga.com/exhibitor/arkmen/
ARM CHIR LLC,Armenia,2.1,D058+E059,,,,,,,,,,,,https://www.anuga.com/exhibitor/arm_chir_llc/
Arm Nature LLC,Armenia,11.3,C049,,,,,,,,,,,,https://www.anuga.com/exhibitor/arm_nature_llc/
Armada Gida Tic. San. A.S.,Türkiye,11.3,C039a,,,,,,,,,,,,https://www.anuga.com/exhibitor/armada_gida_ticaret/
Armada Tarim San. ve Tic. A.S.,Türkiye,11.3,B034,,,,,,,,,,,,https://www.anuga.com/exhibitor/armada_tarim_san_ve/
De Angelis Food Srl Verum Bevi più Naturale,Italy,5.1,B039,,,,,,,,,,,,https://www.anuga.com/exhibitor/armando_de_angelis/
Armateni LLC,Armenia,11.3,C049,,,,,,,,,,,,https://www.anuga.com/exhibitor/armateni_llc/
Armavir Fruit LLC,Armenia,11.3,C049,,,,,,,,,,,,https://www.anuga.com/exhibitor/armavir_fruit_llc/
Armbruster W. Teigwarenfabrik GmbH,Germany,10.2,B068,,,,,,,,,,,,https://www.anuga.com/exhibitor/armbruster/
Armcom,Pakistan,5.1,D089,,,,,,,,,,,,https://www.anuga.com/exhibitor/armcom/
Armor Slice Solutions. PURLOM,Spain,7.1,A046,,,,,,,,,,,,https://www.anuga.com/exhibitor/armor_slice_solution/
ARNAOUTELIS S.A.,Greece,11.2,E038,,,,,,,,,,,,https://www.anuga.com/exhibitor/arnaoutelis_sa/
Fromageries Arnaud SAS,France,10.1,B019a,,,,,,,,,,,,https://www.anuga.com/exhibitor/arnaudfromageries/
Aroma Agrotech Pvt Ltd,India,CF,Confexhall+G042,,,,,,,,,,,,https://www.anuga.com/exhibitor/aroma_agrotech/
Aroma Bursa Meyve Sulari ve Gida San. A.S.,Türkiye,7.1,G017,,,,,,,,,,,,https://www.anuga.com/exhibitor/aroma_bursaroma_bursa_fruit_ju/
Aroma Olymp GmbH,Germany,5.1,D078,,,,,,,,,,,,https://www.anuga.com/exhibitor/aroma_olymp_gmbh/
"AromaIberica Serrana, S.L. (Aromais)",Spain,7.1,A044,,,,,,,,,,,,https://www.anuga.com/exhibitor/aromaiberica/
Aromatica Siciliana Srl,Italy,5.2,A041+A049,,,,,,,,,,,,https://www.anuga.com/exhibitor/aromatica_siciliana/
ARON FOODS,India,11.3,H028a,,,,,,,,,,,,https://www.anuga.com/exhibitor/aron_foods/
AROUND NOON LTD,United Kingdom,10.2,E060a,,,,,,,,,,,,https://www.anuga.com/exhibitor/around_noon_ltd/
ARRE BEEF S.A.,Argentina,6.1,E019,,,,,,,,,,,,https://www.anuga.com/exhibitor/arrebeef_sa/
Arrigoni Battista SpA,Italy,10.1,B022,,,,,,,,,,,,https://www.anuga.com/exhibitor/arrigoni_battista/
Arrocera del Pirineo S.C.L.,Spain,11.1,B026,,,,,,,,,,,,https://www.anuga.com/exhibitor/arrocera/
Arrocerias Antonio Tomas S.L.,Spain,11.1,A032,,,,,,,,,,,,https://www.anuga.com/exhibitor/arrocerias_antonio/
Arrow Juice Factory /For Bottling & Production,Saudi Arabia,CF,Confexhall+D020,,,,,,,,,,,,https://www.anuga.com/exhibitor/arrow_juicjuice_fact/
Arroz Frocom - Uruguayan Rice Mill,Uruguay,P4.1,Passage+Halle+4+Halle+5+A047,,,,,,,,,,,,https://www.anuga.com/exhibitor/_frocom/
ARROZEIRA PELOTAS IND. COM. CEREAIS LTDA,Brazil,3.1,C029a,,,,,,,,,,,,https://www.anuga.com/exhibitor/arrozeira_pelotas_in/
Arsarp,Italy,11.2,A008,,,,,,,,,,,,https://www.anuga.com/exhibitor/arsarp/
Arslanlar Baharat San. ve Tic. A.S.,Türkiye,11.3,C027b,,,,,,,,,,,,https://www.anuga.com/exhibitor/arslanar/
Artashat Cannery OJSC,Armenia,2.1,D058+E059,,,,,,,,,,,,https://www.anuga.com/exhibitor/artashat_cannery_ojs/
Artashat LLC,Armenia,2.1,D058+E059,,,,,,,,,,,,https://www.anuga.com/exhibitor/artashat_llc/
Arte Bianca SRL,Italy,11.2,E018,,,,,,,,,,,,https://www.anuga.com/exhibitor/arte_bianca/
ARTENAY FOODS,France,10.2,G017,,,,,,,,,,,,https://www.anuga.com/exhibitor/artenay_foods/
SC Artesans del Sucre SRL,Romania,11.3,E010a,,,,,,,,,,,,https://www.anuga.com/exhibitor/artesans_del_sucre/
Artexport Hanoi,Vietnam,CF,Confexhall+E050+F059,,,,,,,,,,,,https://www.anuga.com/exhibitor/artexport_hanoi/
Artibel srl,Italy,5.2,A038+B039,,,,,,,,,,,,https://www.anuga.com/exhibitor/artibelarlia_francesco/
Artigiana Genovese S.r.l.,Italy,11.2,C050,,,,,,,,,,,,https://www.anuga.com/exhibitor/artigiana_genovese/
Artisan Biscuits Ltd.,United Kingdom,10.2,F061,,,,,,,,,,,,https://www.anuga.com/exhibitor/artisan_biscuits/
Artisan Roasters AG,Switzerland,5.1,D021,,,,,,,,,,,,https://www.anuga.com/exhibitor/artisan_roasters_ag/
Artislach NV,Belgium,9.1,C033,,,,,,,,,,,,https://www.anuga.com/exhibitor/artislach/
Artland Foodservice GmbH,Germany,6.1,B070+C079,,,,,,,,,,,,https://www.anuga.com/exhibitor/artland_foodservice/
ARTOMA SA,Greece,4.2,E088,,,,,,,,,,,,https://www.anuga.com/exhibitor/artoma_sa/
ARVANITI FROMAGERIE,Greece,10.1,H009,,,,,,,,,,,,https://www.anuga.com/exhibitor/arvanitis/
As Besin Gida San. ve Tic. Ltd. Sti.,Türkiye,11.3,A022b,,,,,,,,,,,,https://www.anuga.com/exhibitor/as_besin_gida/
AS Holding d.o.o.,Bosnia and Herzegovina,11.1,F039c,,,,,,,,,,,,https://www.anuga.com/exhibitor/as_holding/
AS Tukuma Piens,Latvia,10.1,G028,,,,,,,,,,,,https://www.anuga.com/exhibitor/as_tukuma_piens/
AS Värska Originaal,Estonia,8.1,B013,,,,,,,,,,,,https://www.anuga.com/exhibitor/as_vaerska_originaal/
"ASAICHIBAN Co.,LTD",Japan,2.1,B046,,,,,,,,,,,,https://www.anuga.com/exhibitor/asaichiban_coltd/
"Asamurasaki Co.,Ltd.",Japan,2.1,C039a,,,,,,,,,,,,https://www.anuga.com/exhibitor/asamurasaki_coltd/
Asandas and Sons Private Limited,India,4.1,A079,,,,,,,,,,,,https://www.anuga.com/exhibitor/asandas_an/
ASAT,Morocco,11.3,A040+B049,,,,,,,,,,,,https://www.anuga.com/exhibitor/asat/
ASCO DRINK MACHINES Produktions- und Handels GmbH,Austria,8.1,E120,,,,,,,,,,,,https://www.anuga.com/exhibitor/asco_drink_machines/
Aseptic Peruvian Fruit S.A.,Peru,4.2,D051,,,,,,,,,,,,https://www.anuga.com/exhibitor/aseptic_peruvian_fru/
Ashbourne Meat Processors,Ireland,6.1,A046,,,,,,,,,,,,https://www.anuga.com/exhibitor/ashbourne/
Asia Coconut Processing JSC,Vietnam,8.1,A025,,,,,,,,,,,,https://www.anuga.com/exhibitor/asia_coconut_process/
Asia Europe Trade Co. SA,Belgium,11.2,G048,,,,,,,,,,,,https://www.anuga.com/exhibitor/asia_europe_trade/
Asia Express Food B.V.,Netherlands,2.1,D048,,,,,,,,,,,,https://www.anuga.com/exhibitor/asia_express/
Asia Food Technology JSC,Vietnam,1.2,J028,,,,,,,,,,,,https://www.anuga.com/exhibitor/asia_food/
Asia Trade Haus GmbH,Germany,2.1,D025,,,,,,,,,,,,https://www.anuga.com/exhibitor/asia_trade_haus_gmbh/
Asian Food Group,Netherlands,2.1,C011,,,,,,,,,,,,https://www.anuga.com/exhibitor/asian_food_group/
Asian sea corporation public company PLC,Thailand,4.2,A077,,,,,,,,,,,,https://www.anuga.com/exhibitor/asian_sea_corporatio/
"Asiatic Agro Industry Co., Ltd.",Thailand,2.1,D019,,,,,,,,,,,,https://www.anuga.com/exhibitor/asiatic_agro/
ASL CORN ELIT LLC,Uzbekistan,5.1,B079+C078,,,,,,,,,,,,https://www.anuga.com/exhibitor/asl_corn_elit_llc/
Aslanaga Ciftligi Süt Ürünleri San. Tic,Türkiye,10.1,H036,,,,,,,,,,,,https://www.anuga.com/exhibitor/aslanaga_ciftligi_sue/
ASLI MAGAZACILIK VE UNLU MAMULLER ÜRETIM,Türkiye,3.2,B018a,,,,,,,,,,,,https://www.anuga.com/exhibitor/asli_ma_azacilik_ve/
Asma Findik Entegre San. Tic. Ltd. Sti.,Türkiye,11.3,B015b,,,,,,,,,,,,https://www.anuga.com/exhibitor/asma_findik_entegre/
Asociación Argentina de Angus,Argentina,6.1,D033,,,,,,,,,,,,https://www.anuga.com/exhibitor/asociacion_argentina/
ASOCIATIA PATRONALA A AVICULTORILOR,Moldova,9.1,D069,,,,,,,,,,,,https://www.anuga.com/exhibitor/asociatia_patronala/
ASOLO DOLCE S.P.A.,Italy,2.2,C029,,,,,,,,,,,,https://www.anuga.com/exhibitor/asolo_dolce/
"Aspirise (Dalian) International Trade Co., LTD",China,5.1,A090b,,,,,,,,,,,,https://www.anuga.com/exhibitor/aspirise_dalian_in/
ASPIS S.A.,Greece,8.1,E010,,,,,,,,,,,,https://www.anuga.com/exhibitor/aspis_sahellenic/
AsRopa Food GmbH,Germany,11.3,H009,,,,,,,,,,,,https://www.anuga.com/exhibitor/asropa_food/
Assia Mare Ltd,Cyprus,11.2,F048a,,,,,,,,,,,,https://www.anuga.com/exhibitor/assia_mareassia_mare/
Iran Pistachio Association,Iran,10.2,I048,,,,,,,,,,,,https://www.anuga.com/exhibitor/association_iran/
Assoprol,Italy,5.2,A051,,,,,,,,,,,,https://www.anuga.com/exhibitor/assoprol/
AST Popcorn Ltd,Bulgaria,3.1,A038a,,,,,,,,,,,,https://www.anuga.com/exhibitor/ast_popcorn/
ASTA GROUPE,Morocco,11.3,A040+B049,,,,,,,,,,,,https://www.anuga.com/exhibitor/asta_groupe/
ASTERIA,United Arab Emirates,9.1,A048,,,,,,,,,,,,https://www.anuga.com/exhibitor/asteria/
"Asteriscos e Reticências, S.A.",Portugal,8.1,C059,,,,,,,,,,,,https://www.anuga.com/exhibitor/asteriscos/
Astghik Galstyan PE,Armenia,11.3,C049,,,,,,,,,,,,https://www.anuga.com/exhibitor/astghik_galstyan_pe/
Astl & Mucki GmbH,Austria,B.1,Boulevard+132,,,,,,,,,,,,https://www.anuga.com/exhibitor/astl_-_mucki_gmbh/
Astorino Pasta,Italy,11.2,D008,,,,,,,,,,,,https://www.anuga.com/exhibitor/astorino_pasta/
P.P.H.U. Astra Sp. z o.o.,Poland,5.2,E041,,,,,,,,,,,,https://www.anuga.com/exhibitor/astra/
ASTRONUT Co.,Iran,2.1,E056,,,,,,,,,,,,https://www.anuga.com/exhibitor/astronut/
Atacama Dried fruit SpA,Chile,3.1,B065a,,,,,,,,,,,,https://www.anuga.com/exhibitor/atacama_dried_fruit/
Athena Marketing International,United States of America,10.2,I080,,,,,,,,,,,,https://www.anuga.com/exhibitor/athena_marketingbig_train/
Ati Gida Petrol Otogaz Insaat Pazarlama San. ve Tic. Ltd. Sti.,Türkiye,11.3,A014b,,,,,,,,,,,,https://www.anuga.com/exhibitor/ati_gida_petrol_otog/
Atif Tarim Urunleri Gida San. ve Tic. A.S.,Türkiye,11.3,C023a,,,,,,,,,,,,https://www.anuga.com/exhibitor/atif_tarim_urunleri/
ATLANTIC HARVEST GROUP,Morocco,11.3,A040+B049,,,,,,,,,,,,https://www.anuga.com/exhibitor/atlantic_harvest_gro/
Atlantica Foods,Brazil,8.1,B018,,,,,,,,,,,,https://www.anuga.com/exhibitor/atlantica_foods/
Atlantika International sia,Latvia,5.1,A040,,,,,,,,,,,,https://www.anuga.com/exhibitor/atlantika/
Atlas Foods (Pvt) Ltd,Pakistan,11.3,G047a,,,,,,,,,,,,https://www.anuga.com/exhibitor/atlas_foods/
Atlas Premium Ltd.,Latvia,5.1,A040g,,,,,,,,,,,,https://www.anuga.com/exhibitor/atlas_premium_ltd/
Atria Finland Ltd,Finland,7.1,A058,,,,,,,,,,,,https://www.anuga.com/exhibitor/atria_finl/
ATS MATIN (Asr Tejarat Sazan Matin),Iran,10.2,D083,,,,,,,,,,,,https://www.anuga.com/exhibitor/ats_matin_asr_tejar/
ATTAOUFIK DES DATTES,Tunisia,11.3,C047,,,,,,,,,,,,https://www.anuga.com/exhibitor/attaoufik_des_dattes/
Attianese SPA,Italy,11.2,B011,,,,,,,,,,,,https://www.anuga.com/exhibitor/attianese/
Region of Attica,Greece,10.2,I008,,,,,,,,,,,,https://www.anuga.com/exhibitor/atticaregion_of_attica/
ATTIKA-KARACHALIOS SA,Greece,10.2,H008,,,,,,,,,,,,https://www.anuga.com/exhibitor/attika-karachalios_s/
"Attiki Bee Culturing Co, Alexandros Pittas S.A.",Greece,10.2,H044,,,,,,,,,,,,https://www.anuga.com/exhibitor/attiki_bee_culturing/
Atyab Alkaram International Company Ltd Roast Maestro,Saudi Arabia,CF,Confexhall+E034,,,,,,,,,,,,https://www.anuga.com/exhibitor/atyab_alkaram_intern/
A.U.F. Egypt,Egypt,2.1,C056a,,,,,,,,,,,,https://www.anuga.com/exhibitor/auf_egyptauf_egypt/
Augusta Trading,Netherlands,4.2,A060,,,,,,,,,,,,https://www.anuga.com/exhibitor/augusta_trading_vof/
Aureli Mario ss agricola,Italy,8.1,C051,,,,,,,,,,,,https://www.anuga.com/exhibitor/aureli_mario/
"AURELIO CASTRO Y GONZALEZ, S.A.",Spain,7.1,B051a,,,,,,,,,,,,https://www.anuga.com/exhibitor/aurelio_castro_y_gon/
Aurora Coop,Brazil,9.1,C048,,,,,,,,,,,,https://www.anuga.com/exhibitor/aurora_alimentos/
Australien Premium Dried Fruits Pty. Ltd,Australia,10.2,A080,,,,,,,,,,,,https://www.anuga.com/exhibitor/australien_premium_d/
Austria Juice GmbH,Austria,8.1,B059,,,,,,,,,,,,https://www.anuga.com/exhibitor/austria_juice/
"AUTOR FOODS (Conservas de Autor, S.A)",Spain,11.1,A020,,,,,,,,,,,,https://www.anuga.com/exhibitor/autorconsevas/
AVA S.A.,Argentina,3.1,C066,,,,,,,,,,,,https://www.anuga.com/exhibitor/ava_sa/
SC AVA STAR SRL,Romania,9.1,A058,,,,,,,,,,,,https://www.anuga.com/exhibitor/ava_star_srl/
Avalon Foods Sp. z o.o.,Poland,6.1,B013,,,,,,,,,,,,https://www.anuga.com/exhibitor/avalon_foods/
AVEIRO MAROC (Groupe Bicha),Morocco,11.3,A040+B049,,,,,,,,,,,,https://www.anuga.com/exhibitor/aveiro_marocgroupe_bicha/
AVEM d.o.o.,Croatia,4.1,C013,,,,,,,,,,,,https://www.anuga.com/exhibitor/avem_doo/
Avenatur Oy,Finland,1.2,C037,,,,,,,,,,,,https://www.anuga.com/exhibitor/avenatur_ltd/
AVENO nv,Belgium,4.1,D021,,,,,,,,,,,,https://www.anuga.com/exhibitor/aveno/
Aves Enerji Yag ve Gida San. A.S.,Türkiye,11.3,E047,,,,,,,,,,,,https://www.anuga.com/exhibitor/aves/
Avgoustinos Food Industry Ltd.,Cyprus,4.2,B019,,,,,,,,,,,,https://www.anuga.com/exhibitor/avgoustinos_food/
Avi-Giis,Romania,9.1,A057a,,,,,,,,,,,,https://www.anuga.com/exhibitor/avi_giis/
Avicarvil SRL,Romania,9.1,C059,,,,,,,,,,,,https://www.anuga.com/exhibitor/avicarvil/
Avieta SA,Belgium,4.1,C040,,,,,,,,,,,,https://www.anuga.com/exhibitor/avieta/
Aviko B.V.,Netherlands,4.1,E001,,,,,,,,,,,,https://www.anuga.com/exhibitor/aviko/
AVO-WERKE August Beisse GmbH,Germany,6.1,C109+B110,,,,,,,,,,,,https://www.anuga.com/exhibitor/avo-werke/
Avod Kurutulmus Gida A.S.,Türkiye,10.2,C089,,,,,,,,,,,,https://www.anuga.com/exhibitor/avod_kurutulmus/
AVOMIX. S.L,Spain,11.1,F027,,,,,,,,,,,,https://www.anuga.com/exhibitor/avomix/
AVROMAK LLC,Azerbaijan,5.2,B068g,,,,,,,,,,,,https://www.anuga.com/exhibitor/avromak/
AVRORA LLC,Azerbaijan,5.2,B068g,,,,,,,,,,,,https://www.anuga.com/exhibitor/avrora_llc/
AXAIKO ENTELVAIS SA,Greece,10.2,H039,,,,,,,,,,,,https://www.anuga.com/exhibitor/axaiko_entelvais_sa/
Axedum,Moldova,9.1,D069,,,,,,,,,,,,https://www.anuga.com/exhibitor/axedum/
AYAAN EXPORT HOUSE,India,11.3,F032,,,,,,,,,,,,https://www.anuga.com/exhibitor/ayaan_export_house/
Ayal Kaas B.V.,Netherlands,P4.1,Passage+Halle+4+Halle+5+A059,,,,,,,,,,,,https://www.anuga.com/exhibitor/ayal_kaas_bv/
Aybaklar Tarim Urunleri Gida San. A.S.,Türkiye,11.3,B012b,,,,,,,,,,,,https://www.anuga.com/exhibitor/aybaklar_aaybaklar_tarim/
AYDIN KURUYEMIS SAN. VE TIC. A.S,Türkiye,10.2,B071,,,,,,,,,,,,https://www.anuga.com/exhibitor/aydinaydin_kuruyemis/
Aydin Badem Ceviz Tar. ve Gida Urun Paz Tic. Ltd. Sti.,Türkiye,11.3,B027a,,,,,,,,,,,,https://www.anuga.com/exhibitor/aydin_badem_ceviz_t/
Aydogmus Zeytinleri Gida San. ve Tic. Ltd. Sti.,Türkiye,11.3,A014,,,,,,,,,,,,https://www.anuga.com/exhibitor/aydogmus_zeytinleri/
Aysan Zeytin Gida Urun. San. ve Tic. Ltd. Sti.,Türkiye,11.3,B027,,,,,,,,,,,,https://www.anuga.com/exhibitor/aysan_zeytin/
AZ MANUFACTURING & TRADING COMPANY SARL,Lebanon,2.1,E013b,,,,,,,,,,,,https://www.anuga.com/exhibitor/az_manufacturing_-_t/
Az. Agr. Fisicaro Sebastiana,Italy,11.2,E008,,,,,,,,,,,,https://www.anuga.com/exhibitor/az_agr_fisicaro_se/
AZ.AG.Principe Pignatelli di Monteroduni,Italy,11.2,A008,,,,,,,,,,,,https://www.anuga.com/exhibitor/azagprincipe/
"AZACONSA, SL",Spain,11.1,A030b,,,,,,,,,,,,https://www.anuga.com/exhibitor/azaconsa/
Azamet Pro,Moldova,10.2,D019,,,,,,,,,,,,https://www.anuga.com/exhibitor/azametbiateca/
"Azcoa - Azeites do Coa, LDA",Portugal,11.1,E048,,,,,,,,,,,,https://www.anuga.com/exhibitor/azcoa/
Azeol – Sociedade de Azeites e Óleos da Estremadura S.A.,Portugal,11.1,F059,,,,,,,,,,,,https://www.anuga.com/exhibitor/azeol/
Export and Investment Promotion Agency of the Republic of Azerbaijan - AZPROMO,Azerbaijan,8.1,B020,,,,,,,,,,,,https://www.anuga.com/exhibitor/azerbaijanazpromo/
Azerbaijan Fish Farm LLC,Azerbaijan,8.1,B020,,,,,,,,,,,,https://www.anuga.com/exhibitor/azerbaijan_fish_farm/
Azerstar LLC,Azerbaijan,5.2,B068g,,,,,,,,,,,,https://www.anuga.com/exhibitor/azerstar/
Azersun Holding,Azerbaijan,5.2,B068g,,,,,,,,,,,,https://www.anuga.com/exhibitor/azersun/
AZGRANATA,Azerbaijan,8.1,B020,,,,,,,,,,,,https://www.anuga.com/exhibitor/azgranata/
Acetaia Castelli,Italy,10.2,E087,,,,,,,,,,,,https://www.anuga.com/exhibitor/azienda_agricolalotti_danilo/
Azienda Agricola Barbuscia,Italy,5.2,A001,,,,,,,,,,,,https://www.anuga.com/exhibitor/azienda_agricola/
Azienda Agricola Alessia Marras,Italy,11.1,A051+A057,,,,,,,,,,,,https://www.anuga.com/exhibitor/azienda_agricola_ale/
Azienda agricola Andrea Caterina,Italy,11.2,A008,,,,,,,,,,,,https://www.anuga.com/exhibitor/azienda_agricola_and/
Azienda Agricola de Marco srl,Italy,5.2,B040,,,,,,,,,,,,https://www.anuga.com/exhibitor/azienda_agricola_de/
Azienda Agricola La Gentile,Italy,5.2,A030+B031,,,,,,,,,,,,https://www.anuga.com/exhibitor/azienda_agricola_la/
Azienda Agricola Mammarella,Italy,11.2,A008,,,,,,,,,,,,https://www.anuga.com/exhibitor/azienda_agricola_mam/
Azienda Agricola Mulino Martino,Italy,11.2,B017,,,,,,,,,,,,https://www.anuga.com/exhibitor/azienda_agricola_mul/
AZIENDA AGRICOLA SALVATORE PAPARELLA,Italy,11.2,B025,,,,,,,,,,,,https://www.anuga.com/exhibitor/azienda_agricola_sal/
Azienda Agricola San Salvatore,Italy,5.2,B040,,,,,,,,,,,,https://www.anuga.com/exhibitor/azienda_agricola_san/
AZIENDA AGRICOLA ULIVETO SRL,Italy,5.2,C039,,,,,,,,,,,,https://www.anuga.com/exhibitor/azienda_agricola_uli/
Azienda Casearia del Levante s.r.l.,Italy,5.2,C035,,,,,,,,,,,,https://www.anuga.com/exhibitor/azienda_casearia_del/
AZIENDA VITIVINICOLA CASA DI GRAZIA DI FRANCESCO MARIA GRAZIA,Italy,5.2,A001,,,,,,,,,,,,https://www.anuga.com/exhibitor/azienda_vitivinicola/
A.D.R. Spa - Aziende Dolciarie Riun,Italy,11.2,D018,,,,,,,,,,,,https://www.anuga.com/exhibitor/aziende_dolciarie/
AZUL NATURAL BEEF S.A.,Argentina,6.1,D028,,,,,,,,,,,,https://www.anuga.com/exhibitor/azul_natural_beef_s/
AZZAYT S.L.,Spain,11.1,C014a,,,,,,,,,,,,https://www.anuga.com/exhibitor/azzayt_agrolaimentar/
B HEALTHY Ltd.,United Kingdom,3.2,B068,,,,,,,,,,,,https://www.anuga.com/exhibitor/b_healthydiablo_sugar_free/
B K DEHY FOODS,India,1.2,K021,,,,,,,,,,,,https://www.anuga.com/exhibitor/b_k_dehy_foods/
B&B Food World B.V.,Netherlands,10.2,F070,,,,,,,,,,,,https://www.anuga.com/exhibitor/b-b_food_world_bv/
B&G Srl,Italy,10.2,D088,,,,,,,,,,,,https://www.anuga.com/exhibitor/b-g/
B&S B.V.,Netherlands,10.2,D061,,,,,,,,,,,,https://www.anuga.com/exhibitor/b-s/
"B-BEST INTER SERVICE CO., LTD.",Thailand,11.3,G034,,,,,,,,,,,,https://www.anuga.com/exhibitor/b-best_inter_service/
Unimer S.A.,Morocco,11.3,A040+B049,,,,,,,,,,,,https://www.anuga.com/exhibitor/b_unimer/
B.B.F Company,Kosovo,2.1,D008c,,,,,,,,,,,,https://www.anuga.com/exhibitor/bbf_company/
B.F. AGRO-INDUSTRIALE S.r.l.,Italy,10.2,A048,,,,,,,,,,,,https://www.anuga.com/exhibitor/bf_agro-industrial/
B5 Dis Ticaret ve Gida Sanayi Ltd. Sti.,Türkiye,10.2,E047,,,,,,,,,,,,https://www.anuga.com/exhibitor/b5_dis_ticaret_ve_gi/
BABA SIDI HERBS,Morocco,11.3,A040+B049,,,,,,,,,,,,https://www.anuga.com/exhibitor/baba_sidi_herbs/
Bach Snacks S.A.L.,Lebanon,11.3,B042,,,,,,,,,,,,https://www.anuga.com/exhibitor/bach_snacksbach_snacks_sal/
Back-Shop Tiefkühl GmbH,Germany,3.2,C038,,,,,,,,,,,,https://www.anuga.com/exhibitor/back_shop/
Bäckerei Evertzberg GmbH & Co. KG,Germany,3.1,B057,,,,,,,,,,,,https://www.anuga.com/exhibitor/baeckerei/
Bad Heilbrunner GmbH & Co. KG,Germany,5.1,F091,,,,,,,,,,,,https://www.anuga.com/exhibitor/bad_heilbrunner_natuheilbrunne/
Bafarat Industrial Group,Saudi Arabia,CF,Confexhall+E028,,,,,,,,,,,,https://www.anuga.com/exhibitor/bafarat_industrial/
Bafas S. Sons S.A.,Greece,10.1,A046,,,,,,,,,,,,https://www.anuga.com/exhibitor/bafas/
Bagci Gida San. ve Tic. Ltd. Sti.,Türkiye,11.3,C032,,,,,,,,,,,,https://www.anuga.com/exhibitor/bagci_gida_ve_enerji/
Baha Eldeen Al-Bustanji & partners Co,Jordan,2.1,D020,,,,,,,,,,,,https://www.anuga.com/exhibitor/baha_eldeen_al-busta/
Baharoglu Tarim Urunleri San. Ve Tic. A.s.,Türkiye,11.3,A015,,,,,,,,,,,,
Bahce Gida San. ve Tic. Ltd. Sti.,Türkiye,7.1,F028,,,,,,,,,,,,
BAHCIVAN GIDA SAN. VE TIC A.S.,Türkiye,10.1,A068,,,,,,,,,,,,
Hubert Bahlmann GmbH & Co Versandschlachterei Spezialmischfutterwerk KG,Germany,6.1,A018,,,,,,,,,,,,
Bai Elim Company LLC,Kyrgyzstan,11.3,C051,,,,,,,,,,,,
Baijay International Private Limited,India,1.2,G010,,,,,,,,,,,,
Baikal Getränke GmbH,Germany,7.1,E016,,,,,,,,,,,,
BAIO FOOD SRL,Italy,5.2,A041+A049,,,,,,,,,,,,
Productos Congelados Bajo Cero,Costa Rica,4.1,C041,,,,,,,,,,,,
Bakerman GmbH & Co. KG,Germany,4.1,E031,,,,,,,,,,,,
"Bakery Food Investment, LLC",Ukraine,CF,Confexhall+C027,,,,,,,,,,,,
Bakewell Biscuits Pvt. Ltd.,India,2.2,E012,,,,,,,,,,,,
Bakkalim Tarim Orman ve Gida Urunleri Madencilik Tekstil Hayv. San. ve Tic. Ltd. Sti.,Türkiye,11.3,A012,,,,,,,,,,,,
Bakker Wiltink,Netherlands,11.1,G038,,,,,,,,,,,,
Bakker seeds,Netherlands,5.1,F029,,,,,,,,,,,,
BAKOMA Sp. z o.o.,Poland,10.1,A027a,,,,,,,,,,,,
Baktar Tarim Urun. Gida San. ve Tic. Ltd. Sti,Türkiye,2.2,B036a,,,,,,,,,,,,
EGETAD GIDA SAN.TIC.A.S.,Türkiye,11.2,G009,,,,,,,,,,,,
BAKTAT Zeytin San. ve Tic. A.S.,Türkiye,11.1,G049,,,,,,,,,,,,
Baladna Holding Gmbh,Germany,5.2,E044,,,,,,,,,,,,
Gebr. Baldauf GmbH & Co. KG,Germany,5.1,F081,,,,,,,,,,,,
Balkan Agricultural Ltd.,Bulgaria,5.2,C063,,,,,,,,,,,,
BALNOVA SP. Z O.O.,Poland,6.1,E110,,,,,,,,,,,,
Balocco S.p.A.,Italy,3.2,A010a,,,,,,,,,,,,
Baloglu Gida Tarim Urun. Akar. Mot. / Arac. San. Tic. Ltd. Sti.,Türkiye,11.3,B023a,,,,,,,,,,,,
BALPro e. V.,Germany,1.2,D030,,,,,,,,,,,,
AS Balsnack International Holding,Estonia,2.2,D038,,,,,,,,,,,,
Baltas naktis,Latvia,3.2,B017,,,,,,,,,,,,
"Baltic Seaberry, SIA",Latvia,5.1,F011,,,,,,,,,,,,
Baltic Foods,Lithuania,6.1,B118,,,,,,,,,,,,
Baltic stars international SIA,Latvia,8.1,C100,,,,,,,,,,,,
Baltima Sp. z o.o.,Poland,10.1,H020,,,,,,,,,,,,
"Bamboo House Food Co., Ltd.",Taiwan,2.1,A003,,,,,,,,,,,,
"Bando Foods Co,. Ltd.",Japan,2.1,B038,,,,,,,,,,,,
SIA BANGA LTD,Latvia,5.1,A040,,,,,,,,,,,,
"Bangkok Flavour Ltd., Part.",Thailand,11.3,G032a,,,,,,,,,,,,
Bangkok Ranch Public Company Limited,Thailand,9.1,E049,,,,,,,,,,,,
Banhoek Chilli Oil,South Africa,11.1,A050+B059,,,,,,,,,,,,
Bannan Dis Ticaret Cimento ve Gida Urn. San. ve Tic. Ltd. Sti.,Türkiye,7.1,D062,,,,,,,,,,,,
Bansal Finefoods Pvt. Ltd.,India,11.3,F024,,,,,,,,,,,,
"Banskobystrický pivovar, a.s.",Slovakia,10.2,B091,,,,,,,,,,,,
"Baoding Sanyuan Food Packing Co.,Lt",China,5.2,C074,,,,,,,,,,,,
"Baoji City Xiangwei Shizu Culinary Culture Management Group Co.,Ltd.",China,P9.1,Passage+Halle+2+Halle+3+A001d,,,,,,,,,,,,
"BAOJI OASIER NUTRI-TECH CO.,LTD",China,CF,Confexhall+C042,,,,,,,,,,,,
"Baoqing County Huabao Agricultural By-Products Co.,Ltd.",China,1.2,I030a,,,,,,,,,,,,
"Jinxingyuan Agricultural Products Co.,Lt",China,5.1,A079,,,,,,,,,,,,
Baoqing County Sheng Feng Agricultural Products Co. Ltd,China,2.2,A011a,,,,,,,,,,,,
"Baoqing Hengyi Agricultural Products Co.,Ltd",China,1.2,I032a,,,,,,,,,,,,
"Baoqing xingda agricultural products processing Co., Ltd",China,CF,Confexhall+C051,,,,,,,,,,,,
"Baoqing Zhongqing Agricultural and Sideline Products Co., Ltd",China,1.2,M030a,,,,,,,,,,,,
Bar Italia Srl,Italy,11.2,C054a,,,,,,,,,,,,
Baraka De Conditionnement des Dattes,Tunisia,11.3,D043b,,,,,,,,,,,,
Barakat Isfara LLC,Tajikistan,11.3,B048,,,,,,,,,,,,
Barba Stathis S. A.,Greece,4.2,C051,,,,,,,,,,,,
Barbara Luijckx sp. z o.o.,Poland,3.1,C042,,,,,,,,,,,,
Barbera Caffè SpA,Italy,8.1,C080,,,,,,,,,,,,
BARGY UKRAINE LLC,Ukraine,5.2,E058g,,,,,,,,,,,,
Barlovento SA,Spain,5.2,C046b,,,,,,,,,,,,
BARON INTERNATIONAL DOO,Slovenia,10.2,F072,,,,,,,,,,,,
Barra Mansa,Brazil,6.1,E070a,,,,,,,,,,,,
Bartex Sp. z o.o.,Poland,10.1,C070+C078,,,,,,,,,,,,
"Basamh Marketing Co, ltd.",Saudi Arabia,CF,Confexhall+D024,,,,,,,,,,,,
Bashan Agro Gida San. Ve Tic. A.S.,Türkiye,11.3,C028,,,,,,,,,,,,
Basic commodities for food trade Shaban group,Jordan,2.1,F058,,,,,,,,,,,,
Basilur Tea Export (Pvt) Ltd,Sri Lanka,8.1,C118,,,,,,,,,,,,
Basque Country Euskadi Fundación HAZI,Spain,11.1,B045,,,,,,,,,,,,
Bassett & Walker International Inc. Trade Cafe,Canada,6.1,E060,,,,,,,,,,,,
BASSO FEDELE & FIGLI SRL,Italy,5.2,A010+B019,,,,,,,,,,,,
Basso Sebastiano Srl,Italy,10.1,G080a,,,,,,,,,,,,
Cárnica Batallé S.A.,Spain,6.1,A090+A096,,,,,,,,,,,,
Batian Nuts LTD,Kenya,5.2,C059,,,,,,,,,,,,
BATOOK CHEWING GUM,Saudi Arabia,CF,Confexhall+E020,,,,,,,,,,,,
BATRADE FOOD PRODUCTS,Argentina,3.1,C073,,,,,,,,,,,,
BAULI SLOVAKIA & CZECH REPUBLIC s.r.o.,Slovakia,4.1,D091,,,,,,,,,,,,
Bäumle Organização de Feiras,Brazil,,,,,,,,,,,,,,
Theo Bauwens NV,Belgium,7.1,E061,,,,,,,,,,,,
"Bayannaoer City Shengsheng Grain & Oil Co., Ltd",China,5.2,C062,,,,,,,,,,,,
"BAYANNAOER CITY WEIMEI FOODS CO.,LTD",China,5.1,A087,,,,,,,,,,,,
"Bayannaoer Longxing Trading Co.,Ltd",China,2.2,E062,,,,,,,,,,,,
"Bayannaoer Rongda Co.,LTD",China,1.2,E042,,,,,,,,,,,,
"BAYANNAOERCITY YIGUANGHE TRADE CO.,LTD",China,5.1,A086b,,,,,,,,,,,,
"BAYANNOER LIYA FOOD CO.,LTD",China,2.2,A013a,,,,,,,,,,,,
"BAYANNUR SHENYU FOOD CO., LTD",China,2.2,A011,,,,,,,,,,,,
"Bayannur Xinrun Zhiheng Trade Co., Ltd",China,5.2,C062a,,,,,,,,,,,,
Bayede! Royal Signature Wines Pty Ltd,South Africa,11.1,A060,,,,,,,,,,,,
Bayer. Pilze & Waldfrüchte Uwe Niklas GmbH,Germany,4.2,B010,,,,,,,,,,,,
Bayernland eG,Germany,10.1,E071+E079,,,,,,,,,,,,
"Bayinnaoer City Chentai Industry and Trade Co., Ltd",China,1.2,K046a,,,,,,,,,,,,
BBG SPIRITS,Latvia,7.1,G057b,,,,,,,,,,,,
"BLUE OCEAN FOOD AND DRINKS CO., LTD.",Thailand,11.3,G038,,,,,,,,,,,,
BD INCIR Urt. Paz. Gida Tar. Ins. San. ve Tic. Ltd. Sti,Türkiye,11.3,A028b,,,,,,,,,,,,
Be Truffle,Italy,11.2,C049a,,,,,,,,,,,,
Beach Cooperative Grain Company,United States of America,10.2,G079,,,,,,,,,,,,
Beagley Copperman B.V.,Netherlands,10.2,A008,,,,,,,,,,,,
BEANSTALK FOODS SL,Spain,1.2,C039,,,,,,,,,,,,
BEATRICE COMERCIO IMPORTACAO E EXPORTACAO DE AMENDOIM LTDA BEATRICE PEANUTS,Brazil,3.1,D023a,,,,,,,,,,,,
Orkla Foods Danmark A/S,Denmark,3.2,C020,,,,,,,,,,,,
Bebidas Chiamulera,Brazil,8.1,B039,,,,,,,,,,,,
Beckford's Rum c/o Zen Experiential Ltd,United Kingdom,7.1,E025,,,,,,,,,,,,
Bee Maid Honey Ltd.,Canada,11.2,D045,,,,,,,,,,,,
"Beef House, s.r.o.",Slovakia,7.1,A035a,,,,,,,,,,,,
Beemster Cheese / CONO Kaasmakers,Netherlands,10.1,B060,,,,,,,,,,,,
Beijing Fuyinong Chestnuts Co Ltd,China,5.1,C086a,,,,,,,,,,,,
"BEIJING SALION FOODS CO.,LTD.",China,CF,Confexhall+B050,,,,,,,,,,,,
"Beijing Taste Good Food Co.,Ltd",China,1.2,A018,,,,,,,,,,,,
BEIJING THOMAS FOOD CORPORATON,China,1.2,M032,,,,,,,,,,,,
Beimer Meat B.V.,Netherlands,6.1,A118,,,,,,,,,,,,
Filotas Belas & Son S.A.,Greece,10.1,H023,,,,,,,,,,,,
Belberry BV,Belgium,2.1,B031,,,,,,,,,,,,
Belgaufre SRL  Zoning Tournai Quest,Belgium,4.1,C087,,,,,,,,,,,,
LOUAGE & CRAEYNEST NV / Belgian Butter Design,Belgium,10.1,H030a,,,,,,,,,,,,
Belgian Chocolate Creations BV,Belgium,2.1,B035,,,,,,,,,,,,
Belgian Pork Group NV,Belgium,6.1,C078,,,,,,,,,,,,
BELGIUM PREMIUM BRANDS II,Belgium,2.2,C046,,,,,,,,,,,,
Wallonia Export & Investment Agency,Belgium,2.2,C042,,,,,,,,,,,,
BELITE EAS,Paraguay,3.1,C081+D081,,,,,,,,,,,,
Bella Bulgaria SA,Bulgaria,4.1,E038,,,,,,,,,,,,
Bellei Luigi & Figli srl - Acentai Belle,Italy,P1.1,Passage+Halle+2+Halle+4+002,,,,,,,,,,,,
BELMA,Morocco,11.3,A040+B049,,,,,,,,,,,,
Belmoca NV,Belgium,8.1,B098,,,,,,,,,,,,
Belourthe,Belgium,10.1,B020f,,,,,,,,,,,,
Beltane Naturkost GmbH,Germany,5.1,F053,,,,,,,,,,,,
Beltion SRL,Italy,5.2,C037a,,,,,,,,,,,,
Benmoussa et compagnies des Dattes,Tunisia,11.3,D047a,,,,,,,,,,,,
Ben Tre Coconut Investment JSC,Vietnam,8.1,A023,,,,,,,,,,,,
Beneo GmbH,Germany,1.2,B007+C009,,,,,,,,,,,,
BENEOLIVA Scdad. Coop,Spain,11.1,A037,,,,,,,,,,,,
"Urkabe Benetan, S.A.",Spain,4.2,D020,,,,,,,,,,,,
Benlian Foods LTD,Serbia,11.1,C048,,,,,,,,,,,,
Bentre Import Export Joint-Stock Corporation (Betrimex),Vietnam,1.2,B037,,,,,,,,,,,,
BENTTE COMPANY FOR INDUSTRY,Saudi Arabia,CF,Confexhall+E024,,,,,,,,,,,,
Berberian Nut Company,United States of America,10.2,H072,,,,,,,,,,,,
Berctic Oy,Finland,10.2,A070a,,,,,,,,,,,,
SALUMIFICIO FRATELLI BERETTA SPA,Italy,7.1,B020+C021,,,,,,,,,,,,
Beretta Farms,Canada,6.1,E068,,,,,,,,,,,,
Bergader Privatkäserei GmbH,Germany,10.1,E049+F048,,,,,,,,,,,,
Bergia Distributiebedrijven B.V.,Netherlands,P4.1,Passage+Halle+4+Halle+5+A049,,,,,,,,,,,,
Berglandmilch eGen,Austria,10.1,D022,,,,,,,,,,,,
Bergmilch Südtirol Gen. u. landw. Ges.,Italy,10.1,B028,,,,,,,,,,,,
Bergpracht Milchwerk GmbH & Co. KG,Germany,10.1,D071,,,,,,,,,,,,
Beripan SL,Spain,P4.1,Passage+Halle+4+Halle+5+A034,,,,,,,,,,,,
Berkiz Gida San. Ve. Tic. A.S.,Türkiye,11.3,B020,,,,,,,,,,,,
"Berli Jucker Public Co.,Ltd.",Thailand,11.3,H021,,,,,,,,,,,,
"BERNAL ALIMENTACION, S.L.",Spain,P4.1,Passage+Halle+4+Halle+5+A039,,,,,,,,,,,,
Berneri SpA,Italy,10.1,G081,,,,,,,,,,,,
Berrico FoodCompany bv,Netherlands,11.2,C026,,,,,,,,,,,,
Berrymark NV/SA,Belgium,4.1,A071,,,,,,,,,,,,
BERTAGNI 1882 SPA,Italy,4.1,A070,,,,,,,,,,,,
Berte Qvarn,Sweden,10.2,A050,,,,,,,,,,,,
V. Besana Spa,Italy,5.2,A010+B019,,,,,,,,,,,,
Bese Helvacilik Sekerleme San. ve Tic. A.S.,Türkiye,2.2,C037,,,,,,,,,,,,
Besler Gida San. Ve Tic. Ltd. Sti.,Türkiye,11.3,D029,,,,,,,,,,,,
Besler Kuruyemis ve Gida Maddeleri Imalat ve Paz. Tic. A.S.,Türkiye,2.2,A033,,,,,,,,,,,,
Bessan Makarna Gida San. Ve Tic. A.S.,Türkiye,11.3,B023,,,,,,,,,,,,
Egyptian Canning Company -,Egypt,8.1,C048,,,,,,,,,,,,
Best Drinks Company,Poland,7.1,G032,,,,,,,,,,,,
Best food TI,Republic of North Macedonia,11.1,G056a,,,,,,,,,,,,
BEST ITALIAN SELECTION S.R.L,Italy,11.2,B063,,,,,,,,,,,,
Best Produce,Mexico,10.2,F079,,,,,,,,,,,,
Best Tastes Technology LLC,Uzbekistan,11.3,B046,,,,,,,,,,,,
Best-Farmer - Actividades Agro-Pecuárias,Portugal,9.1,A066,,,,,,,,,,,,
Bestinvestin (Pty) Ltd,South Africa,11.1,A050+B059,,,,,,,,,,,,
BeSweet,Moldova,5.2,B058a,,,,,,,,,,,,
Beta Gida Sanayi ve Ticaret Anonim Sirketi,Türkiye,8.1,B081,,,,,,,,,,,,
BETA-12-IVANOVI Ltd.,Bulgaria,5.2,E038,,,,,,,,,,,,
BETAGRO PUBLIC COMPANY LIMITED,Thailand,9.1,B061+C060,,,,,,,,,,,,
Beth-El Food Ltd.,Israel,5.2,B050,,,,,,,,,,,,
Torres y Ribelles S.A,Spain,11.1,D025,,,,,,,,,,,,
Better Beef,Brazil,6.1,E070a,,,,,,,,,,,,
Better Day Beverages GmbH,Germany,B.1,Boulevard+197,,,,,,,,,,,,
BetterBody Foods,United States of America,5.1,C051,,,,,,,,,,,,
Verum - Bevi più Naturale SRL con Unico Socio,Italy,5.1,B039,,,,,,,,,,,,
Bevo d.o.o.,Slovenia,1.2,B029,,,,,,,,,,,,
Beyeler Lebensmittel AG,Switzerland,3.1,D047,,,,,,,,,,,,
BEYER S.A.S,France,10.2,G049,,,,,,,,,,,,
Beyond Meat EU B.V.,Netherlands,6.1,E040,,,,,,,,,,,,
TH FOOD GmbH Beysfood,Germany,9.1,D061,,,,,,,,,,,,
BG LINE EUROPE LTD,Bulgaria,2.2,C018,,,,,,,,,,,,
"Bgv, S.r.o.",Slovakia,10.2,B091,,,,,,,,,,,,
Bhavna Pte Ltd,Singapore,2.1,B029,,,,,,,,,,,,
BHJ A/S,Denmark,6.1,A039,,,,,,,,,,,,
BIA SPA,Italy,10.2,A048,,,,,,,,,,,,
Bianchi Coffee Ltd,Bulgaria,8.1,C078,,,,,,,,,,,,
BIANCOFORNO SPA,Italy,3.2,A039,,,,,,,,,,,,
Bibita,Kosovo,8.1,D008,,,,,,,,,,,,
Bibite Polara S.R.L.,Italy,11.2,D055a,,,,,,,,,,,,
Bicafé - Torrefacção e Comércio de Café Lda,Portugal,8.1,B097,,,,,,,,,,,,
Bich Chi Food Company,Vietnam,CF,Confexhall+A030+B039,,,,,,,,,,,,
Bidfood Czech Republic s.r.o.,Czech Republic,9.1,A060,,,,,,,,,,,,
BIFIX Wojciech Piasecki Sp.j.,Poland,8.1,B065,,,,,,,,,,,,
Bifood Sp. z o.o.,Poland,5.2,D042,,,,,,,,,,,,
Big Brands Group Meftah S.K.A.,Poland,11.1,F056,,,,,,,,,,,,
Big Brands Türkiye,Türkiye,3.1,B039a,,,,,,,,,,,,
BIG MAN NUTRITION S.L.,Spain,7.1,E038,,,,,,,,,,,,
Bijenhof BV,Belgium,2.1,B053,,,,,,,,,,,,
Bilken Tarim Gida San. Tic. Ltd. Sti.,Türkiye,9.1,E048,,,,,,,,,,,,
BIMAL Group,Bosnia and Herzegovina,11.1,F037a,,,,,,,,,,,,
Neu - Bimbo Donuts Iberia,Spain,3.2,A011,,,,,,,,,,,,
Bimed d.o.o.,Slovenia,11.1,E038,,,,,,,,,,,,
Binbogalar Tarim Urun. ve Ins. San. ve Tic. Ltd. Sti.,Türkiye,11.3,C013a,,,,,,,,,,,,
BINDAAS FOODS PRIVATE LIMITED,India,3.1,D014,,,,,,,,,,,,
Binder International GmbH & Co. KG,Germany,4.2,E070,,,,,,,,,,,,
"Binggrae Co., Ltd.","Korea, Republic of",5.2,C016,,,,,,,,,,,,
BIO AREAS SRL FDS FOOD,Italy,5.1,D042,,,,,,,,,,,,
Bio Aus Dänemark,Denmark,5.1,F071+F079,,,,,,,,,,,,
Bio Breadness GmbH,Germany,3.2,A040+A048,,,,,,,,,,,,
Bio Bulgaria Ltd.,Bulgaria,P4.1,Passage+Halle+4+Halle+5+A063,,,,,,,,,,,,
bio-familia AG,Switzerland,3.1,D059,,,,,,,,,,,,
Bio Freshi B.V.,Netherlands,P4.1,Passage+Halle+4+Halle+5+A066+B067,,,,,,,,,,,,
Bio Italy Nature Srl,Italy,11.2,B057,,,,,,,,,,,,
Bio Verde Srl,Italy,5.2,B014,,,,,,,,,,,,
Bio Verlag GmbH,Germany,5.1,F086,,,,,,,,,,,,
bio-vivo sp zoo,Poland,CF,Confexhall+A010+B019,,,,,,,,,,,,
BIOAGRIWORLD S.R.L.,Italy,5.2,B040,,,,,,,,,,,,
BioAlmond Georgia,Georgia,11.1,D052,,,,,,,,,,,,
BIOCOMERCIO S.L.U,Spain,5.1,E072,,,,,,,,,,,,
BioConcept-Gardenia Sp. z o.o.,Poland,5.2,D044a,,,,,,,,,,,,
Biodattes Algerie,Algeria,5.1,C087,,,,,,,,,,,,
Biodistribuciones Terra,Colombia,3.1,D030+D048,,,,,,,,,,,,
Biofino GmbH & Co. KG,Germany,9.1,D028,,,,,,,,,,,,
"Biofrescos Comércio de Produtos Alimentares, Lda.",Portugal,4.1,A051+B058,,,,,,,,,,,,
BIOGAMI Ltd.,Lithuania,11.1,G016a,,,,,,,,,,,,
Biogelart SRL,Italy,5.1,C029,,,,,,,,,,,,
Bioitalia srl Società Benefit,Italy,5.1,D030,,,,,,,,,,,,
Biolab SRL,Italy,1.2,D010,,,,,,,,,,,,
Bionat S.A,Belgium,5.2,E051,,,,,,,,,,,,
Bioorigin Fruits,Tunisia,CF,Confexhall+E010+F019,,,,,,,,,,,,
Biorom Ralex SRL,Romania,5.1,D035a,,,,,,,,,,,,
biosanica GmbH,Germany,10.2,A080,,,,,,,,,,,,
Biosca Tamara,Tunisia,CF,Confexhall+E010+F019,,,,,,,,,,,,
BIOSPICEFOODS EXPORTAÇÃO E IMPORTAÇÃO,Brazil,3.1,C026b,,,,,,,,,,,,
Biotamra srl,Belgium,2.1,B059,,,,,,,,,,,,
BioTech USA Kft.,Hungary,4.1,E094,,,,,,,,,,,,
"Biovela-Utenos mesa, UAB",Lithuania,6.1,A111,,,,,,,,,,,,
BIP Holland B.V.,Netherlands,3.1,B040,,,,,,,,,,,,
Biraghi S.p.A.,Italy,10.1,H053,,,,,,,,,,,,
Biriz Kuruyemis Toprak Mah. ve Nak. San. Ve Tic. Ltd. Sti.,Türkiye,11.3,C011,,,,,,,,,,,,
Ölmühle Birnstingl GmbH,Austria,5.1,F082+E083,,,,,,,,,,,,
BIRRA PEJA JSC,Kosovo,8.1,A068,,,,,,,,,,,,
Bisca A/S,Denmark,5.2,D034a,,,,,,,,,,,,
Biscotti Tsoungari S.A.,Greece,2.2,D021,,,,,,,,,,,,
BISCOTTIFICIO VERONA S.r.l.,Italy,2.2,A054,,,,,,,,,,,,
BISCUITERIE DE L'ABBAYE SA,France,10.2,F010,,,,,,,,,,,,
Biscuiterie Latour,France,2.2,C030,,,,,,,,,,,,
Biscuiterie Thijs NV,Belgium,2.1,A030,,,,,,,,,,,,
BISCUITS BOUVARD,France,3.2,A038,,,,,,,,,,,,
I-HOT INTERGOODS HOUSE OF TASTE A/S,Denmark,2.2,E056a,,,,,,,,,,,,
Mounir Bissat Factories,Lebanon,2.1,E015b,,,,,,,,,,,,
Bistorya Gida San. Tic. A.S.,Türkiye,4.1,B089,,,,,,,,,,,,
BITECONE,France,10.2,G027,,,,,,,,,,,,
BIVCOM PRIM,Moldova,5.2,B058c,,,,,,,,,,,,
"BIXA, SOCIEDAD ANONIMA",Guatemala,2.1,E047,,,,,,,,,,,,
Bizerta Agri Industry,Tunisia,11.3,C042c,,,,,,,,,,,,
"Qingdao Bolan Group Co., Ltd.",China,1.2,I039,,,,,,,,,,,,
Black Tea Exports (Pvt) Ltd.,Sri Lanka,8.1,C119,,,,,,,,,,,,
BLED CONSERVES,Morocco,11.3,A040+B049,,,,,,,,,,,,
Blends Ltd,United Kingdom,8.1,D094,,,,,,,,,,,,
Bloomin Foods Ltd,United Kingdom,10.2,G051,,,,,,,,,,,,
Blue Marlin S.R.L,Italy,11.1,A051+A057,,,,,,,,,,,,
Blue Bird foods Factory LLC,United Arab Emirates,CF,Confexhall+D025,,,,,,,,,,,,
Blue Diamond Growers,United States of America,10.2,G068,,,,,,,,,,,,
Blue Market Foods SAC,Peru,3.1,A002,,,,,,,,,,,,
"Blue Ocean Im-Export Co., Ltd.",Vietnam,11.3,D028,,,,,,,,,,,,
"Blue Spice Co., Ltd.",Thailand,11.3,G034a,,,,,,,,,,,,
Blue Water Shipping A/S,Denmark,6.1,E080,,,,,,,,,,,,
BLUESPOT INDUSTRIES SDN BHD,Malaysia,8.1,A027,,,,,,,,,,,,
BMC SRL,Italy,5.2,A041+A049,,,,,,,,,,,,
"Bundesministerium für Landwirtschaft, Ernährung und Heimat (BMLEH)",Germany,10.2,C041+C049,,,,,,,,,,,,
BMG FOODS IMPORTAÇÃO E EXPORTAÇÃO LTDA,Brazil,9.1,D042b,,,,,,,,,,,,
Bayerische Milchindustrie eG,Germany,10.1,E068,,,,,,,,,,,,
BML Food Group Holland BV,Netherlands,4.2,D078,,,,,,,,,,,,
BNG Group a.s.,Czech Republic,10.2,A024,,,,,,,,,,,,
BOADAS 1880,Spain,7.1,D041a,,,,,,,,,,,,
BOAREX LIMITED,Hong Kong,1.2,M011b,,,,,,,,,,,,
ECO-SNACK LLC,Ukraine,5.2,E058,,,,,,,,,,,,
The Boba Man BV,Netherlands,7.1,F015,,,,,,,,,,,,
Bobble Bobble srl,Italy,8.1,E097b,,,,,,,,,,,,
Bobeldijk Food Group,Netherlands,1.2,E031,,,,,,,,,,,,
Boboli Benelux B.V.,Netherlands,2.2,B049a,,,,,,,,,,,,
Klaus Böcker GmbH,Germany,8.1,E011,,,,,,,,,,,,
BOCON S.r.l.,Italy,4.1,C078,,,,,,,,,,,,
Bodegas Sanviver,Spain,11.1,C022a,,,,,,,,,,,,
Bodensee Käse AG,Switzerland,10.1,C022,,,,,,,,,,,,
T. Boer & Zn B.V.,Netherlands,6.1,B010+C011,,,,,,,,,,,,
Boermarke B.V.,Netherlands,1.2,A030+B031,,,,,,,,,,,,
Boettger Food Ingredients GmbH,Germany,10.2,D021,,,,,,,,,,,,
Bofillex. s.r.o.,Czech Republic,7.1,F065a,,,,,,,,,,,,
Bogutti Sp. z o.o.,Poland,2.2,C017,,,,,,,,,,,,
Boi Bras,Brazil,6.1,E077,,,,,,,,,,,,
Boi Brasil,Brazil,6.1,D072,,,,,,,,,,,,
Bokamoso Foods Pty Ltd t/a Moedi Wines & Bee Loved Honey,South Africa,11.1,A060,,,,,,,,,,,,
Bolido for Food Industry Trade and Packing,Egypt,2.1,A051b,,,,,,,,,,,,
Bollingberg Seeds,United States of America,10.2,G079,,,,,,,,,,,,
Bolton OÜ,Estonia,1.2,A028,,,,,,,,,,,,
Bom Principio Alimentos,Brazil,3.1,B020c,,,,,,,,,,,,
Bomadek Sp. z o.o.,Poland,9.1,D031+E038,,,,,,,,,,,,
Bombieri S.p.A.,Italy,11.3,D020,,,,,,,,,,,,
Bomix Indústria e Comércio Ltda,Brazil,3.1,D021,,,,,,,,,,,,
BONA Zaklady Spozywcze,Poland,11.1,C054,,,,,,,,,,,,
Bonafarm Zrt.,Hungary,9.1,B030,,,,,,,,,,,,
Boname GmbH,Germany,8.1,C049,,,,,,,,,,,,
BONARO AGRO GRUP,Moldova,5.2,B056b,,,,,,,,,,,,
"Bonavita, Spol. s r.o.",Czech Republic,10.2,D040,,,,,,,,,,,,
F.LLI Bonci snc,Italy,11.2,A022a,,,,,,,,,,,,
Boneta Ithalat Ihracat A.S.,Türkiye,2.2,A034b,,,,,,,,,,,,
BONFISSUTO SRL,Italy,5.2,A019,,,,,,,,,,,,
Bongetta Formaggi srl,Italy,10.1,D016,,,,,,,,,,,,
BONN BISCUITS PRIVATE LIMITED,India,2.2,E023,,,,,,,,,,,,
Bonna Tea (Kaihua),China,8.1,B111b,,,,,,,,,,,,
Bonnin Hnos S.H.,Argentina,9.1,D055,,,,,,,,,,,,
Bonoil Ltd.,Bulgaria,11.1,F063,,,,,,,,,,,,
BONOLIO SRL,Italy,5.2,C017,,,,,,,,,,,,
Bonomelli SRL,Italy,11.2,E010,,,,,,,,,,,,
BONOMI S.p.A.,Italy,3.2,C011,,,,,,,,,,,,
BONSICILIA DI ALESSANDRO GRASSI,Italy,5.2,A019,,,,,,,,,,,,
Bontà Lucane Srl,Italy,2.2,C053,,,,,,,,,,,,
Boortmalt NV,Belgium,B.1,Boulevard+098,,,,,,,,,,,,
Bopepor SL,Spain,6.1,E080a,,,,,,,,,,,,
Bora Foods Private Limited,India,11.3,G023,,,,,,,,,,,,
Bord Bia,Ireland,4.1,D037,,,,,,,,,,,,
BORDE SAS,France,10.2,F010,,,,,,,,,,,,
Borges Agricultural and Industrial Edible Oils - Borges BaIEO,Spain,11.1,D031b,,,,,,,,,,,,
Borges Branded Foods,Spain,P4.1,Passage+Halle+4+Halle+5+A061,,,,,,,,,,,,
Heinrich Borgmeier GmbH & Co. KG,Germany,9.1,E011,,,,,,,,,,,,
BOROMIR,Romania,3.2,B028,,,,,,,,,,,,
Borras S.L.,Spain,11.1,E028a,,,,,,,,,,,,
BORRELLI LAVORAZIONE PRODOTTI ALIM. SRL,Italy,5.1,B020,,,,,,,,,,,,
Bösch Boden Spies GmbH & Co. KG,Germany,10.2,A080,,,,,,,,,,,,
Böseler Goldschmaus GmbH & Co. KG,Germany,6.1,C100,,,,,,,,,,,,
"Boshide Preserved Fruit Co., Ltd.",China,5.2,A060,,,,,,,,,,,,
,Lithuania,7.1,F062,,,,,,,,,,,,
Bostana Food Industries,Egypt,4.2,B090,,,,,,,,,,,,
BOSTON AGREX LLC,United States of America,9.1,A010%2C+B028,,,,,,,,,,,,
BOTANIKA FARM S.A.,Poland,11.1,C054a,,,,,,,,,,,,
Botebo Farming (Pty) Ltd,South Africa,11.1,A050+B059,,,,,,,,,,,,
BOTZAKIS S.A. CRETA OIL,Greece,5.1,C068,,,,,,,,,,,,
Boudjebel Sa VACPA,Tunisia,10.2,D012,,,,,,,,,,,,
Boulangerie-Pâtisserie JP BAEKE SrL,Belgium,2.2,D043,,,,,,,,,,,,
La Boulangere & Co,France,2.2,D031,,,,,,,,,,,,
Boutique Beverages Bottling Int'l Ltd,Cyprus,7.1,G058,,,,,,,,,,,,
Bouvard Pro France,France,2.2,D058,,,,,,,,,,,,
"Box, Tray and Giraffe Oy",Finland,11.1,B048,,,,,,,,,,,,
Boyrazoglu Tarim Tic. ve San. Ltd. Sti.,Türkiye,7.1,G031,,,,,,,,,,,,
BOZARING,Tunisia,11.3,C041,,,,,,,,,,,,
"Bozhou Conska Food Co., Ltd",China,1.2,E044,,,,,,,,,,,,
Boztat Gida Ltd. Sti.,Türkiye,11.3,A009gA015g,,,,,,,,,,,,
BP CRUDI D'ITALIA SRL,Italy,7.1,D057,,,,,,,,,,,,
BPI A/S,Denmark,6.1,B112,,,,,,,,,,,,
BRA INTERNATIONAL PACKER AND EXPORTER OF DATES – BRADATES,Tunisia,11.3,C040c,,,,,,,,,,,,
Bradava,Latvia,5.1,A040,,,,,,,,,,,,
BRADJUS LLC,Uzbekistan,5.1,B079+C078,,,,,,,,,,,,
BRAHOLIVES OLIVES EXPORT,Greece,11.2,G021a,,,,,,,,,,,,
Brain Box LLC,Ukraine,5.1,D059,,,,,,,,,,,,
F.lli Branca S.P.A.  Agrumaria,Italy,8.1,E011,,,,,,,,,,,,
Brand Factory Ltd,United Kingdom,10.2,F051a,,,,,,,,,,,,
Brand Food Zrt.,Hungary,1.2,E010,,,,,,,,,,,,
Brand Masters B.V.,Netherlands,11.1,E021,,,,,,,,,,,,
Brand Oita Exportation Promotion Council,Japan,2.1,B040,,,,,,,,,,,,
P. Brändle GmbH,Germany,10.2,C052,,,,,,,,,,,,
BRANDSXPASION TRADE SLL,Spain,11.1,B021,,,,,,,,,,,,
Brasimex,Brazil,9.1,C042,,,,,,,,,,,,
Brasserie de Saint Omer,France,8.1,C039,,,,,,,,,,,,
Brasserie du Borinage,Belgium,7.1,F010,,,,,,,,,,,,
Brasserie du Val de Sambre,Belgium,7.1,G015,,,,,,,,,,,,
Brasserie Meteor,France,8.1,C037b,,,,,,,,,,,,
BRATIA DONKI LTD,Bulgaria,10.2,E069,,,,,,,,,,,,
Bratia Pepech Ltd,Bulgaria,1.2,E016,,,,,,,,,,,,
Bravo Foods SRL,Italy,11.2,F030,,,,,,,,,,,,
Brazzale S.p.A.,Italy,10.1,C019+D018,,,,,,,,,,,,
Bre.Ma Group s.r.l,Italy,10.2,E041,,,,,,,,,,,,
BREACKFAST FOOD PRODUCTION SRL,Romania,11.3,E012a,,,,,,,,,,,,
Brecon Foods Inc.,Canada,4.2,A019,,,,,,,,,,,,
Breitsamer + Ulrich GmbH & Co. KG,Germany,10.2,C071,,,,,,,,,,,,
Brevis Ltd.,Bulgaria,10.2,C060,,,,,,,,,,,,
Brewery De Bie nv,Belgium,7.1,E031,,,,,,,,,,,,
Brewguru,"Korea, Republic of",7.1,E066,,,,,,,,,,,,
"BREZAL FOODS, S.L.",Spain,11.1,D023a,,,,,,,,,,,,
Bridor S.A.S.,France,3.2,A040+A048,,,,,,,,,,,,
Bright Act Middle East LLC,United Arab Emirates,2.1,B010,,,,,,,,,,,,
"Bright Food (Group) Co., Ltd.",China,1.2,E035,,,,,,,,,,,,
Milchhof Brixen Gen. u. landw. Ges. / B,Italy,10.1,B028,,,,,,,,,,,,
Brinkers Food B.V.,Netherlands,3.2,A028,,,,,,,,,,,,
BRIOCHE PASQUIER,France,4.2,B045,,,,,,,,,,,,
Bristot Srl,Italy,11.2,A018a,,,,,,,,,,,,
Brite Drinks Ltd,United Kingdom,B.1,Boulevard+176,,,,,,,,,,,,
JSC Brivais Vilnis,Latvia,5.1,A040,,,,,,,,,,,,
BroadGrain Commodities Inc.,Canada,11.2,C028,,,,,,,,,,,,
Brökelmann + Co. Ölmühle GmbH + Co.,Germany,10.2,B060,,,,,,,,,,,,
Bromex,Poland,11.1,C058,,,,,,,,,,,,
Broonson International,Canada,6.1,E060,,,,,,,,,,,,
"Brotherfood Quality, S.L.",Spain,7.1,B052,,,,,,,,,,,,
Brousse Vergez S.A.,France,10.2,F019,,,,,,,,,,,,
Brouwerij Egmond,Netherlands,P4.1,Passage+Halle+4+Halle+5+A066+B067,,,,,,,,,,,,
H. & J. Brüggen KG,Germany,10.2,B039,,,,,,,,,,,,
Josef Brüninghoff GmbH & Co. KG,Germany,6.1,C108,,,,,,,,,,,,
BRZESC SIPA spolka komandytowa,Poland,10.2,C026,,,,,,,,,,,,
BSP Foods (Private) Limited,Pakistan,11.3,E042b,,,,,,,,,,,,
BSP LARTI S.A.,Argentina,3.1,B062a,,,,,,,,,,,,
BST INC,"Korea, Republic of",5.2,A061a,,,,,,,,,,,,
Bubee Hungary Kft.,Hungary,7.1,E056a,,,,,,,,,,,,
BUDIMKA LLC,Serbia,11.1,D047,,,,,,,,,,,,
Budmo zdorovi,Ukraine,5.2,E058g,,,,,,,,,,,,
Colombian Coffee Growers Federation,Colombia,8.1,C119a,,,,,,,,,,,,
Buhara Baharat Gida San. Ve Tic. Ltd. Sti.,Türkiye,11.3,A014a,,,,,,,,,,,,
Buitelaar Group,United Kingdom,6.1,C042,,,,,,,,,,,,
BULAYCI KARDESLER GIDA SAN. VE TIC. A.S.,Türkiye,2.2,A030a,,,,,,,,,,,,
Bulchicken JSC,Bulgaria,9.1,C071,,,,,,,,,,,,
Bulent Tansug Kuru Meyve Tar. Urn. Gida San. Tic. Ltd. Sti,Türkiye,4.2,A070,,,,,,,,,,,,
Bulgari Agostino SRL,Italy,2.2,C053a,,,,,,,,,,,,
Bulgarian Wild Mushrooms,Bulgaria,3.1,D060,,,,,,,,,,,,
Bulla Regia,Tunisia,11.3,C044d,,,,,,,,,,,,
Bullmeat BV,Netherlands,4.2,C089,,,,,,,,,,,,
Bulutlar Kuruyemis Tarim Urun. Gida Ins. Nak. Paz. San. ve Tic. Ltd. Sti.,Türkiye,11.3,B024b,,,,,,,,,,,,
BUMIMAS MARKETING SDN BHD,Malaysia,4.1,A090,,,,,,,,,,,,
Bundesvereinigung der Deutschen Ernährungsindustrie e.V. (BVE),Germany,10.2,A040,,,,,,,,,,,,
Buono (Thailand) Public Company Limited,Thailand,4.2,A073,,,,,,,,,,,,
Buram GmbH,Germany,3.2,A030,,,,,,,,,,,,
Bürger GmbH & Co. KG,Germany,10.2,D051,,,,,,,,,,,,
Business France,France,10.2,E028%2C+F020,,,,,,,,,,,,
Business Joensuu,Finland,10.2,A070a,,,,,,,,,,,,
BUSINESS REPUBLIC AGNIESZKA WIERZBICKA-BAXTER,Poland,CF,Confexhall+A020+B029,,,,,,,,,,,,
Business Sweden,Sweden,10.2,A050,,,,,,,,,,,,
Business Without Borders Gida Tic A.S,Türkiye,1.2,D021,,,,,,,,,,,,
Bustos y Beltran S.A,Argentina,6.1,D037a,,,,,,,,,,,,
Butterball,United States of America,9.1,A021,,,,,,,,,,,,
Buttercup Farmhouse (Pty) Ltd,South Africa,11.1,A050+B059,,,,,,,,,,,,
Butterfly Poultry Limited,United Kingdom,9.1,C009,,,,,,,,,,,,
Bundesverband des Deutschen Lebensmittelhandels e.V. (BVLH),Germany,B1.1,Boulevard+045%2C+Boulevard+048%2C+Boulevard+049%2C+Boulevard+047%2C+Boulevard+042,,,,,,,,,,,,
BVTCHER sp. z o.o.,Poland,11.1,C050b,,,,,,,,,,,,
BW Handels- und Vertriebs GmbH,Germany,7.1,A010+B011,,,,,,,,,,,,
"BY Foods, SA",Portugal,4.1,C050,,,,,,,,,,,,
"Byul Food Co.., Ltd.","Korea, Republic of",1.2,I019,,,,,,,,,,,,
CRM s.p.a,Italy,5.1,C033,,,,,,,,,,,,
C. Vale Cooperativa Agroindustrial,Brazil,9.1,D046,,,,,,,,,,,,
C.I. Uniban S.A,Colombia,3.1,D078%2C+D031,,,,,,,,,,,,
CA.FORM s.r.l.,Italy,10.1,E040,,,,,,,,,,,,
MARFRIG URUGUAY - CLEDINOR,Uruguay,6.1,A100+B109,,,,,,,,,,,,
Cabezuelo Foods S.L.,Spain,4.2,E022,,,,,,,,,,,,
CACAO CRUDO Srl,Italy,11.2,C049,,,,,,,,,,,,
Cafe Asia,United Kingdom,10.2,F071,,,,,,,,,,,,
Cafe Sati,France,10.2,F044,,,,,,,,,,,,
Café Tostado de Exportación SA de CV,Mexico,8.1,E040,,,,,,,,,,,,
CAFE TRES CORACOES S.A,Brazil,3.1,C027,,,,,,,,,,,,
CAFEA GmbH,Germany,8.1,D071,,,,,,,,,,,,
Cafés 5 Quinas S.A.,Portugal,11.1,F057,,,,,,,,,,,,
"Cafés Baque, S.L.",Spain,11.1,B041,,,,,,,,,,,,
Cafesca,Mexico,7.1,E062,,,,,,,,,,,,
Cafetex S.A.,Greece,8.1,B061,,,,,,,,,,,,
Caffe Gioia Labcaffè s.a.s.,Italy,11.2,B031a,,,,,,,,,,,,
Caffè Aiello S.r.l.,Italy,11.2,D008,,,,,,,,,,,,
Caffè Borbone Srl,Italy,11.2,E018a,,,,,,,,,,,,
Caffe brasiliano di Chiara,Brazil,3.1,B024c,,,,,,,,,,,,
Caffè Carraro S.p.A.,Italy,8.1,C091,,,,,,,,,,,,
Caffè Mokambo Srl,Italy,8.1,B109,,,,,,,,,,,,
Caffe Trombetta SPA,Italy,8.1,D095,,,,,,,,,,,,
CAFFE' L'ANTICO SRL,Italy,11.2,A026,,,,,,,,,,,,
Caffen S.r.l.,Italy,11.2,C045a,,,,,,,,,,,,
SCEA LA CAILLE DES VOSGES,France,9.1,B033,,,,,,,,,,,,
Cakran Gida ve Yag San. Ith. Ihr. Paz. Ltd. Sti.,Türkiye,11.3,B010b,,,,,,,,,,,,
Calabria food S.R.L.,Italy,11.2,D008,,,,,,,,,,,,
Calabrian Pasta,Italy,11.2,D008,,,,,,,,,,,,
"Calbee Kaitsuka Sweet Potato, Inc.",Japan,2.1,B046,,,,,,,,,,,,
Calbu Spa,Chile,3.1,A072,,,,,,,,,,,,
"Calconut, S.L.",Spain,10.2,E011a,,,,,,,,,,,,
"Caldos del Norte, S.L. - Calnort",Spain,P4.1,Passage+Halle+4+Halle+5+B045,,,,,,,,,,,,
CALFRA S.R.L.,Italy,5.1,B069,,,,,,,,,,,,
CALIBRO LLC,Serbia,11.1,D041c,,,,,,,,,,,,
Calidad Pascual S.A.U.,Spain,10.1,E031,,,,,,,,,,,,
California Prune Board,United Kingdom,10.2,H061,,,,,,,,,,,,
California Walnut Commission,Germany,10.2,H055,,,,,,,,,,,,
Calimenta Agroindustria SA,Portugal,2.2,E041,,,,,,,,,,,,
Calipso SRL,Romania,8.1,E015,,,,,,,,,,,,
Caliskan Tarim Urun. Ins. Taah. Teks. San. ve Tic. Ltd. Sti.,Türkiye,11.3,B021,,,,,,,,,,,,
Giacinto Callipo Conserve Alimentari S.r.l.,Italy,11.2,E020,,,,,,,,,,,,
Calvo Distribucion Alimentaria SLU,Spain,11.1,F020,,,,,,,,,,,,
Color Brands,United States of America,8.1,D050,,,,,,,,,,,,
CIAJ - Cámara Alimenticia de Jalisco,Mexico,10.2,F079,,,,,,,,,,,,
Camara Paraguaya de Carnes,Paraguay,6.1,E098,,,,,,,,,,,,
Camardo SpA,Italy,11.2,A008,,,,,,,,,,,,
Cambodia Rice Federation (CRF),Cambodia,,,,,,,,,,,,,,
Cambodia Rice Federation,Cambodia,2.1,B011+B019,,,,,,,,,,,,
CAMEL SHPK,Kosovo,2.1,D008,,,,,,,,,,,,
Camil,Brazil,3.1,B024,,,,,,,,,,,,
Campa LLC,Georgia,7.1,G061a,,,,,,,,,,,,
CAMPERO S.A.,Argentina,4.1,B099b,,,,,,,,,,,,
Campino,Portugal,11.1,E044b,,,,,,,,,,,,
Campisi Citrus Srl,Italy,4.1,B080,,,,,,,,,,,,
CAMPO D'ORO S.r.l.,Italy,11.2,B039a,,,,,,,,,,,,
Campofrio Food Group Deutschland GmbH,Germany,10.2,D069,,,,,,,,,,,,
Campofrio Food Group SAU,Spain,7.1,C058,,,,,,,,,,,,
"Campomar Nature, S.L.",Spain,11.1,A039,,,,,,,,,,,,
Can Bech - GB Artesanos Gastronomicos S.L.U.,Spain,11.1,D039a,,,,,,,,,,,,
Canada Beef,Canada,6.1,E064,,,,,,,,,,,,
Canada Packers,Canada,6.1,E060,,,,,,,,,,,,
Canada Pork,Canada,6.1,E060,,,,,,,,,,,,
CANADA TRADE INC.,Canada,11.2,D037,,,,,,,,,,,,
Canadian Bison,Canada,6.1,E064,,,,,,,,,,,,
Canadian Rangeland Bison,Canada,6.1,E068a,,,,,,,,,,,,
Canah International,Romania,P4.1,Passage+Halle+4+Halle+5+A061a,,,,,,,,,,,,
Canammeats,Canada,6.1,E060,,,,,,,,,,,,
Canat Kuruyemiscilik Gida San ve Tic Ltd. Sti.,Türkiye,10.2,C079,,,,,,,,,,,,
Cancilar Day. Tuk. Mal. Gida. Ltd. Sti.,Türkiye,11.3,A022,,,,,,,,,,,,
Candido Miro S.A (Serpis Olives),Spain,P4.1,Passage+Halle+4+Halle+5+B008,,,,,,,,,,,,
CANDY RUSH LLC,Serbia,11.1,D049b,,,,,,,,,,,,
CANIGOOIL SL,Spain,11.1,C030a,,,,,,,,,,,,
Cannelle Bakery SIA,Latvia,4.1,C031,,,,,,,,,,,,
Canuti Tradizione Italiana SRL,Italy,4.2,D040,,,,,,,,,,,,
CanWorld Foods Ltd.,Canada,6.1,E060,,,,,,,,,,,,
Cape Dried Fruit Packers,South Africa,10.2,E091,,,,,,,,,,,,
Cape Herb & Spice,South Africa,5.2,D037,,,,,,,,,,,,
Cape Honeybush Tea Company,South Africa,11.1,A050+B059,,,,,,,,,,,,
"Capel Vinos, S.A.",Spain,8.1,E118,,,,,,,,,,,,
CAPERSMED,Morocco,11.3,A040+B049,,,,,,,,,,,,
Capital Resources SHPK (KRACO),Albania,8.1,D081,,,,,,,,,,,,
CAPPAC B.V.,Netherlands,8.1,D109,,,,,,,,,,,,
CAPRICHOS DEL PALADAR SLU,Spain,11.1,B019,,,,,,,,,,,,
CAPRISAF,Morocco,11.3,A040+B049,,,,,,,,,,,,
"CAPS FOOD SYSTEMS ES, S.L.",Spain,10.2,C083,,,,,,,,,,,,
Capurso Azienda Casearia Srl,Italy,10.1,A030,,,,,,,,,,,,
Caramelos Cerdán S.L.,Spain,11.1,B010,,,,,,,,,,,,
Acetificio Carandini Emilio Spa,Italy,10.2,A074,,,,,,,,,,,,
Embutidos Carchelejo S.L.U.,Spain,7.1,C043a,,,,,,,,,,,,
Cardinal marcantonio Barbarigo,Italy,7.1,E035a,,,,,,,,,,,,
Cargill Protein Poland Sp z.o.o,Poland,9.1,D031+E038,,,,,,,,,,,,
Cargills Ceylon PLC,Sri Lanka,1.2,G015,,,,,,,,,,,,
"Carlos (Fujian) Food Co., Ltd.",China,2.2,B003,,,,,,,,,,,,
"Carnes Selectas 2000, S.A.U.",Spain,6.1,A021,,,,,,,,,,,,
J COLOMER GROUP,Spain,6.1,C086,,,,,,,,,,,,
Carnicas Coviher S.l.,Spain,7.1,B042,,,,,,,,,,,,
Carnicas Galar S.L.,Spain,P4.1,Passage+Halle+4+Halle+5+B030,,,,,,,,,,,,
"Carnicas Torrecaza, S.L.",Spain,7.1,C041,,,,,,,,,,,,
"Càrniques de Juià, S.A.",Spain,6.1,A038,,,,,,,,,,,,
Caro Import S.L.,Spain,2.2,D048,,,,,,,,,,,,
CAROLINA HONEST,Spain,P4.1,Passage+Halle+4+Halle+5+A003,,,,,,,,,,,,
caroube distrib,Morocco,11.3,A040+B049,,,,,,,,,,,,
Empresas Carozzi S.A.,Chile,3.1,B061a,,,,,,,,,,,,
Carpe Diem Raisins,South Africa,5.2,E048,,,,,,,,,,,,
Carpisa Foods S.L.,Spain,6.1,A075,,,,,,,,,,,,
Carrière GmbH Committed To Taste,Germany,8.1,E018,,,,,,,,,,,,
Carriere Family Farms,United States of America,10.2,H074a,,,,,,,,,,,,
Carron Lodge Ltd,United Kingdom,10.1,B018,,,,,,,,,,,,
Erasmi & Carstens GmbH,Germany,3.1,A056,,,,,,,,,,,,
"Carter Pecan Arnco, Inc.",United States of America,10.2,H067a,,,,,,,,,,,,
Carthage Food,Tunisia,11.3,D041,,,,,,,,,,,,
Cartier Saada SA,Morocco,11.3,A040+B049,,,,,,,,,,,,
CAS Exportaciones S.R.L.,Argentina,3.1,B076,,,,,,,,,,,,
Casabella srl,Italy,11.2,B036,,,,,,,,,,,,
CASA DE VINURI COTNARI SA,Romania,11.3,E024,,,,,,,,,,,,
Casa Del Gelato S.p.A.,Italy,4.1,B080,,,,,,,,,,,,
CASA MAESTRI TEQUILA DISTILLERY,Mexico,7.1,E062,,,,,,,,,,,,
"CASA RICARDO,S.A",Spain,10.2,B090,,,,,,,,,,,,
"Casa Santona, S.A.",Spain,11.1,C024b,,,,,,,,,,,,
CasaFolino Srl Società Benefit,Italy,11.2,C008+D009,,,,,,,,,,,,
Casale Madonna Grande,Italy,11.2,A008,,,,,,,,,,,,
Casale Paradiso SRL,Italy,10.2,C021,,,,,,,,,,,,
Casalini SRL,Italy,2.2,A040+A048,,,,,,,,,,,,
Casanova Food srl,Italy,11.2,D059,,,,,,,,,,,,
CASCINA BELVEDERE SRL,Italy,11.2,B040a,,,,,,,,,,,,
Casearia Cioffi S.p.A.,Italy,10.1,A008,,,,,,,,,,,,
CASEARIA DI SANT’ANNA COOP,Italy,10.1,G049,,,,,,,,,,,,
BUSTI FORMAGGI S.p.A,Italy,10.1,G060+G068,,,,,,,,,,,,
Caseificio Cavola sca,Italy,10.1,H056,,,,,,,,,,,,
Caseificio dell'Alta Langa srl,Italy,10.1,H080,,,,,,,,,,,,
Caseificio Elda Srl,Italy,10.1,F020,,,,,,,,,,,,
Caseificio il Fiorino Srl.,Italy,10.1,G060+G068,,,,,,,,,,,,
Caseificio Albiero Srl,Italy,10.1,G054,,,,,,,,,,,,
CASEIFICIO ANTONIO GARAU DAL 1880 SRL,Italy,11.1,A051+A057,,,,,,,,,,,,
Caseificio Comellini Spa,Italy,10.1,G056a,,,,,,,,,,,,
La Contadina soc. coop. a.r.l.,Italy,10.1,F020,,,,,,,,,,,,
Caseificio Fratelli Castellan Srl,Italy,11.2,A034,,,,,,,,,,,,
Caseificio La Nuova Casearia srl,Italy,10.1,F059a,,,,,,,,,,,,
Caseificio Maldera S.R.L.,Italy,10.1,H066,,,,,,,,,,,,
Caseificio Maremma S.R.L.,Italy,10.1,G060+G068,,,,,,,,,,,,
Caseificio Palazzo Spa,Italy,10.1,D060,,,,,,,,,,,,
Caseificio Sociale Manciano SocAgrCoop,Italy,10.1,G060+G068,,,,,,,,,,,,
Casibeans BVBA,Belgium,10.2,C090,,,,,,,,,,,,
CASIMEX SARL,France,10.2,A049,,,,,,,,,,,,
Caspian Event Organisers,Azerbaijan,8.1,B020g,,,,,,,,,,,,
CASSUA SL,Spain,5.2,C042a,,,,,,,,,,,,
Castaing Foies Gras,France,10.2,G011,,,,,,,,,,,,
Castanhas Ouro Verde,Brazil,3.1,C020c,,,,,,,,,,,,
"CASTE SK, a. s.",Slovakia,4.1,E093,,,,,,,,,,,,
Castelfood Srl,Italy,11.2,C031a,,,,,,,,,,,,
CASTELLANA DE CARNES SA,Spain,7.1,A052a,,,,,,,,,,,,
CASTLE INGREDIENTS S.A.,Belgium,1.2,D013,,,,,,,,,,,,
CATALIMENT S.L.,Spain,11.1,B025,,,,,,,,,,,,
catchfree AG,Switzerland,B.1,Boulevard+150,,,,,,,,,,,,
Cavanna Olii di Sandro Cavanna & C. SNC,Italy,5.2,C019,,,,,,,,,,,,
Cavataio Paolo Srl.,Italy,5.2,A041+A049,,,,,,,,,,,,
Caytas Gida Paz. ve Rek. Hizm. San. ve Tic. A.S.,Türkiye,7.1,G019,,,,,,,,,,,,
"CB COCONUTS CO.,LTD.",Thailand,7.1,F025,,,,,,,,,,,,
Centre for the Promotion of Imports (CBI),Netherlands,5.2,C059,,,,,,,,,,,,
CBL Global Foods Ltd.,Sri Lanka,1.2,G028,,,,,,,,,,,,
CBS Foods GmbH,Germany,B.1,Boulevard+107,,,,,,,,,,,,
CCF Centre de Conditionnement des Fruits,Tunisia,CF,Confexhall+E010+F019,,,,,,,,,,,,
CDM FOOD SRL,Italy,5.2,C033a,,,,,,,,,,,,
CDM International B.V.,Netherlands,P4.1,Passage+Halle+4+Halle+5+A051,,,,,,,,,,,,
CDS Hackner GmbH,Germany,6.1,D105,,,,,,,,,,,,
Cebel Zeytin ve Tarim Urunleri Gida San. Tic. Ltd. Sti.,Türkiye,11.3,B017a,,,,,,,,,,,,
"Cecinas Pablo, S.A.",Spain,7.1,A050b,,,,,,,,,,,,
Cedrob S.A.,Poland,9.1,C031,,,,,,,,,,,,
Cedrob Foods S.A.,Poland,9.1,C031,,,,,,,,,,,,
Celayir Zeytin Gida ve Ambalaj San. ve Tic. Ltd. Sti.,Türkiye,11.3,B010a,,,,,,,,,,,,
Celebes Coconut Corporation,Philippines,1.2,H029,,,,,,,,,,,,
Celikler Gida Endustri San. ve Tic A.S.,Türkiye,2.2,A031a,,,,,,,,,,,,
Celikler Group Dis Tic. A.S.,Türkiye,7.1,F013,,,,,,,,,,,,
CELPO spol. s r.o.,Slovakia,1.2,D036a,,,,,,,,,,,,
CENTRAL DE CARNES MADRID NORTE S.A.,Spain,6.1,A014,,,,,,,,,,,,
CENTRAL HIGHLANDS TEA COMPANY LIMITED,Kenya,8.1,A060a,,,,,,,,,,,,
Central Vista (M) Sdn Bhd,Malaysia,1.2,I014,,,,,,,,,,,,
Centrale del Latte del Molise SrL,Italy,11.2,A008,,,,,,,,,,,,
Centro Tartufi Molise,Italy,11.2,A008,,,,,,,,,,,,
Centro Tecnologico Agropecuario S.A.,Argentina,3.1,B070a,,,,,,,,,,,,
Centro Yerbatero Paraguayo,Paraguay,3.1,C081+D081,,,,,,,,,,,,
CENTROSUR S.C.A.,Spain,11.1,D025a,,,,,,,,,,,,
Centro Empresas Procesadoras Avicolas (CEPA),Argentina,9.1,D051,,,,,,,,,,,,
CEPEX-TUNISIA EXPORT,Tunisia,11.3,D049%2C+D047b%2C+C041,,,,,,,,,,,,
Cerbona Élelmiszergyártó Zrt.,Hungary,4.1,E090a,,,,,,,,,,,,
Industrias Cerdeimar S.L.,Spain,5.2,C044a,,,,,,,,,,,,
"CEREALIS, a.s.",Czech Republic,11.2,G028,,,,,,,,,,,,
Cérélia Netherlands B.V.,Netherlands,4.1,B040,,,,,,,,,,,,
Ceremony Gida San. ve Tic. A.S.,Türkiye,2.2,C033,,,,,,,,,,,,
Cerera Foods JSC,Lithuania,10.2,E044,,,,,,,,,,,,
SG Ceresco Inc.,Canada,11.2,C025,,,,,,,,,,,,
Cerreto srl,Italy,5.2,B043,,,,,,,,,,,,
Cesar Nieto Iberico,Spain,7.1,A054a,,,,,,,,,,,,
Cesare Fiorucci Spa,Italy,7.1,D050,,,,,,,,,,,,
Cevik Gida ve Tarim Urun. Nak. Yem. Ins. Teks. Tur. Temz. Isl. San. ve Tic. Ltd. Sti.,Türkiye,11.3,B011a,,,,,,,,,,,,
Ceyem Commodities (PVT) Ltd.,Sri Lanka,8.1,A099,,,,,,,,,,,,
Ceylbee International (Pvt) Ltd,Sri Lanka,1.2,G013,,,,,,,,,,,,
Ceylon Biscuits Ltd,Sri Lanka,2.2,E033a,,,,,,,,,,,,
Ceylon Eco Spices (Pvt) Ltd,Sri Lanka,1.2,F010,,,,,,,,,,,,
Ceylon Exports & Trading Pvt Ltd,Sri Lanka,1.2,G029a,,,,,,,,,,,,
Ceylon Fresh Teas (Pvt) Ltd.,Sri Lanka,8.1,A071,,,,,,,,,,,,
Ceylon Tea Land Pvt Ltd.,Sri Lanka,8.1,B083,,,,,,,,,,,,
Ceylon Tropicana (Pvt) Ltd.,Sri Lanka,1.2,F026a,,,,,,,,,,,,
CF Gastro Service GmbH & Co. KG,Germany,P2.1,Passage+Halle+3+Halle+11+003,,,,,,,,,,,,
CG FOODS EUROPE LLC,Serbia,11.1,C040gD049g,,,,,,,,,,,,
CGM S.p.A.,Italy,4.1,D020,,,,,,,,,,,,
"Chabaa Bangkok Co., Ltd.",Thailand,11.3,H037,,,,,,,,,,,,
"Chaitip Co., Ltd.",Thailand,11.3,H018,,,,,,,,,,,,
Chaloner (SA) CC,South Africa,11.1,A050+B059,,,,,,,,,,,,
AIMAN ABO ALNASIR CHAMAIN,Syria,8.1,C100a,,,,,,,,,,,,
Chaman Lal Setia Exports Ltd.,India,11.3,G023a,,,,,,,,,,,,
Chamber of Magnesia / PREFECTURE OF THESSALY,Greece,11.2,G029,,,,,,,,,,,,
Chamber of Halkidiki,Greece,11.2,G056,,,,,,,,,,,,
Champiland,France,10.2,F014,,,,,,,,,,,,
"Chang Food Co.,Ltd",Thailand,11.3,H036,,,,,,,,,,,,
"INNER MONGOLIA CHANG LONG FOOD CO.,LTD",China,2.2,E060,,,,,,,,,,,,
"Changsha Basics Food Co., Ltd.",China,5.1,A086d,,,,,,,,,,,,
Changsha Nutrahealth Bio-Tech Co. L,China,7.1,G071,,,,,,,,,,,,
Chanh Thu Fruit Import-Export Group JSC,Vietnam,CF,Confexhall+E050+F059,,,,,,,,,,,,
CHARAGH DIN RICE AND GENERAL MILLS,Pakistan,11.3,E044a,,,,,,,,,,,,
CHARALAMBIDES CHRISTIS LTD.,Cyprus,10.1,A026%2C+B034,,,,,,,,,,,,
Charbonneaux Brabant,France,10.2,F038,,,,,,,,,,,,
Charcuterie Pierre Schmidt SAS,France,10.2,F048a,,,,,,,,,,,,
Charles Branding BV,Belgium,7.1,C034,,,,,,,,,,,,
"Chase Pecan, LP",United States of America,10.2,G074a,,,,,,,,,,,,
SCEA Chateau Des Granges D' Or,France,7.1,E040,,,,,,,,,,,,
Château Blanc,France,4.2,B059,,,,,,,,,,,,
CHATZIGAVRIILIDIS THEMISTOKLIS S.A.,Greece,4.2,D010,,,,,,,,,,,,
Chaudry&Goraya s.r.o.,Czech Republic,8.1,A061,,,,,,,,,,,,
CHAZZ CHIPS Gusania UAB,Lithuania,10.2,E040,,,,,,,,,,,,
CHEE SENG OIL FACTORY Pte Ltd,Singapore,2.1,A024a,,,,,,,,,,,,
Cheeseland Holland B.V.,Netherlands,P1.1,Passage+Halle+2+Halle+4+002,,,,,,,,,,,,
CHEF SEASONS GIDA SAN. VE TIC. A.S.,Türkiye,11.1,F048,,,,,,,,,,,,
"Chef's Choice Foods Manufacturer Co., Ltd.",Thailand,1.2,D012,,,,,,,,,,,,
Chefmaster Private Limited,Singapore,2.1,B022b,,,,,,,,,,,,
Chelak Tomorqa Xizmati LLC,Uzbekistan,11.3,B046,,,,,,,,,,,,
"Chengde Shenli Food Co., Ltd.",China,1.2,J031a,,,,,,,,,,,,
"Chengdu Mayaland Trading Co.,ltd",China,4.1,A024,,,,,,,,,,,,
Cherchi S.r.l.,Italy,11.2,A024a,,,,,,,,,,,,
"Cherry Central Cooperative, Inc.",United States of America,10.2,A080,,,,,,,,,,,,
"Cherubino Valsangiacomo, S.A.",Spain,8.1,A055,,,,,,,,,,,,
SAS Chevalier Maurice,France,9.1,B031,,,,,,,,,,,,
Chewy International Foods Ltd,Hong Kong,1.2,L010+M011,,,,,,,,,,,,
Chi Mei Frozen Food Co. Ltd.,Taiwan,4.2,D097,,,,,,,,,,,,
Chia Khim Lee Food Industries Pte Ltd,Singapore,8.1,A001,,,,,,,,,,,,
Chic & Basic 2010 S.L.,Spain,3.1,B039,,,,,,,,,,,,
"Chicken Masters of Belgium, NV",Belgium,9.1,D034,,,,,,,,,,,,
CHICKENS OF PINDOS,Greece,9.1,A040,,,,,,,,,,,,
CHICKLES GUM,Spain,11.1,C021,,,,,,,,,,,,
CHICOREE LEROUX,France,8.1,C037a,,,,,,,,,,,,
Chiefs AG,Switzerland,3.1,D057,,,,,,,,,,,,
"Chihade International, Inc.",United States of America,10.2,H071a,,,,,,,,,,,,
Chikoff Trading Pvt. Ltd.,India,3.1,A015a,,,,,,,,,,,,
Chill-Spritz Germany GmbH,Germany,B.1,Boulevard+153,,,,,,,,,,,,
Chilli No. 5,France,1.2,E020,,,,,,,,,,,,
"CHIM THAI Co.,Ltd.",Thailand,11.3,G036,,,,,,,,,,,,
Chin Huay Public Company Limited,Thailand,1.2,K027,,,,,,,,,,,,
"CHINA BEST (BEIJING) TRADING CO., LTD.",China,4.1,A020a,,,,,,,,,,,,
"China Mark Foods Trading Co., Ltd.",China,5.2,C072,,,,,,,,,,,,
"CHINA SHANXI INTERNATIONAL ECONOMIC AND TECHNICAL COOPERATION CO., LTD",China,CF,Confexhall+D070b,,,,,,,,,,,,
Chinatown Food Corporation Pte Ltd,Singapore,4.2,A088,,,,,,,,,,,,
"Chinwong Food Co., LTD",Thailand,11.3,H030,,,,,,,,,,,,
Chiodo Ferrante Srl,Italy,10.1,F051a,,,,,,,,,,,,
Chion S.A.,Greece,10.2,I045a,,,,,,,,,,,,
Chipeno AG,Switzerland,3.1,D053,,,,,,,,,,,,
Chippewa Valley Bean,United States of America,10.2,I051,,,,,,,,,,,,
Ronald A. Chisholm Limited,Canada,6.1,E062a,,,,,,,,,,,,
"Chiyi (Zhangzhou) Plastic Co., Ltd.",China,1.2,O027,,,,,,,,,,,,
Cho Heng Rice Vermicelli Factory Co. Ltd,Thailand,1.2,J013,,,,,,,,,,,,
Choc And Co SA,Belgium,2.2,D041a,,,,,,,,,,,,
Choco Group,Lithuania,5.1,F054,,,,,,,,,,,,
Notions Global Trading CO LLC,United Arab Emirates,CF,Confexhall+C034,,,,,,,,,,,,
Chocolate Lake Co.,Jordan,2.2,E011,,,,,,,,,,,,
Chocolates Simon Coll S.A.,Spain,11.1,E010b,,,,,,,,,,,,
"Chocolates Torras, S.A.",Spain,11.1,D039a,,,,,,,,,,,,
"Chocolates Valor, S.A.",Spain,P4.1,Passage+Halle+4+Halle+5+B006,,,,,,,,,,,,
Chocolitaly SRL,Italy,2.2,C059,,,,,,,,,,,,
Chocomoco Sp. z o.o,Poland,P9.1,Passage+Halle+2+Halle+3+A003,,,,,,,,,,,,
CHOCONASA - Comércio de Representacoes,Portugal,3.1,B038,,,,,,,,,,,,
CHOIROFARM LTD,Greece,10.2,I024,,,,,,,,,,,,
"Chongqing Dezhuang International Trading Co.,Ltd",China,1.2,H031a,,,,,,,,,,,,
"Chongqing Zhoujunji Hot-pot Food Co., Ltd.",China,5.2,D073,,,,,,,,,,,,
Choví International,Spain,5.1,A039+B038,,,,,,,,,,,,
Cacao Básico SAS Chuculat,Colombia,4.1,D098+C091,,,,,,,,,,,,
Chudleighs Ltd.,Canada,11.2,C024,,,,,,,,,,,,
Chuen Cheong Food Industries (Pte) Ltd,Singapore,2.1,B020a,,,,,,,,,,,,
"Chumak, JSC",Ukraine,CF,Confexhall+C021,,,,,,,,,,,,
"Guangzhou Chumboon Import & Export Trading Co., Ltd",China,5.1,A088a,,,,,,,,,,,,
Chungnam Techno Park,"Korea, Republic of",1.2,I017,,,,,,,,,,,,
"Churrasqueiras Rei dos Frangos, Lda.",Portugal,4.1,B051,,,,,,,,,,,,
"CHUZHOU FINE INTEREST I/E CO.,LTD.",China,1.2,M036,,,,,,,,,,,,
Chuzhou Runtai Halal Food Co. Ltd,China,1.2,M026,,,,,,,,,,,,
Cia Iguacu De Cafe Soluvel,Brazil,8.1,B031b,,,,,,,,,,,,
Ciavolino Roma International Srl,Italy,11.3,C018,,,,,,,,,,,,
CIBEL,Morocco,11.3,A040+B049,,,,,,,,,,,,
Cibo Vita Inc.,United States of America,10.2,D090,,,,,,,,,,,,
CIBUS MINNITI SRL,Italy,5.2,A038+B039,,,,,,,,,,,,
CIC Agri Produce Export (Pvt) Ltd.,Sri Lanka,1.2,F018,,,,,,,,,,,,
Cicek Salamura San. ve Tic. A.S.,Türkiye,11.3,B018a,,,,,,,,,,,,
CIEMME ALIMENTARI SRL,Italy,5.2,C041,,,,,,,,,,,,
Ciemme Liquori SPA,Italy,7.1,E044,,,,,,,,,,,,
CIHAN GENERAL TRADING COMPANY LTD,Iraq,8.1,D119,,,,,,,,,,,,
Cilento S.p.A.,Italy,10.1,G079,,,,,,,,,,,,
Ciloglu Gida A.S.,Türkiye,3.2,B018,,,,,,,,,,,,
CIMA-99 Ltd.,Bulgaria,3.2,B009,,,,,,,,,,,,
CIOCAP,Morocco,4.1,D098+C091,,,,,,,,,,,,
Circle Foods Limited,United Kingdom,9.1,A028,,,,,,,,,,,,
CIRILLO GROUP SPA,Italy,10.2,D079,,,,,,,,,,,,
Cisbra Agroindustrial Ltda,Brazil,3.1,B026,,,,,,,,,,,,
Cistér Industria de Produtos Alimentares,Portugal,11.1,F041,,,,,,,,,,,,
Citadelle Cooperative,Canada,11.2,C028a,,,,,,,,,,,,
Cité Gourmande,France,4.2,C054,,,,,,,,,,,,
Citres Spa,Italy,11.2,B035,,,,,,,,,,,,
Citrofood srl,Italy,8.1,D061,,,,,,,,,,,,
CitroGlobe S.r.l.,Italy,8.1,A043,,,,,,,,,,,,
Citrojugo S.A. de C.V.,Mexico,8.1,E110,,,,,,,,,,,,
Citromax S.A.C.I.,Argentina,8.1,D059,,,,,,,,,,,,
Citrus Juice Ltda.,Brazil,8.1,B037,,,,,,,,,,,,
Citrusvil S.A.,Argentina,8.1,C061,,,,,,,,,,,,
Citterio Giuseppe SPA,Italy,7.1,A060+B061,,,,,,,,,,,,
City Rice Import-Export Co. Ltd,Cambodia,2.1,B011+B019,,,,,,,,,,,,
Civita Food Kft.,Hungary,5.2,C036a,,,,,,,,,,,,
Cizmeci Gida Sanayi ve Ticaret A.S.,Türkiye,2.2,B053,,,,,,,,,,,,
CK FOOD SUPPLIERS BV,Belgium,5.2,D055a,,,,,,,,,,,,
CLAI S.C.A,Italy,7.1,C038,,,,,,,,,,,,
Clarebout potatoes N.V.,Belgium,4.1,E029,,,,,,,,,,,,
Organic Supermarket,Germany,5.1,F091,,,,,,,,,,,,
Pluimvee-Uitsnijderij Clazing Rosmalen,Netherlands,9.1,D009,,,,,,,,,,,,
Clearspring Limited,United Kingdom,5.1,D077,,,,,,,,,,,,
Clingon SA,Costa Rica,3.1,B010+B018,,,,,,,,,,,,
"CLUN, COOPERATIVAS LÁCTEAS UNIDAS",Spain,10.1,F032,,,,,,,,,,,,
Cluster Goods Inc.,United States of America,10.2,G066,,,,,,,,,,,,
"CM Premium Rice Co., Ltd. (CMP)",Thailand,1.2,F013,,,,,,,,,,,,
CMANA,Serbia,11.1,D043,,,,,,,,,,,,
"CMF&B Co.,Ltd","Korea, Republic of",5.2,A067,,,,,,,,,,,,
CNA SERVIZI AREZZO SCRL,Italy,4.1,C071,,,,,,,,,,,,
Cnabiotech Co Ltd,"Korea, Republic of",5.2,A062,,,,,,,,,,,,
CNI - Confederação Nacional da Indústria,Brazil,3.1,B022,,,,,,,,,,,,
"CNJ  NATURE  Co., Ltd.",China,8.1,A110a,,,,,,,,,,,,
CO.IND S.C.,Italy,11.2,E058,,,,,,,,,,,,
COAST CRANBERRIES LTD.,Canada,11.2,D033,,,,,,,,,,,,
Coasul Cooperativa Agroindustrial,Brazil,9.1,D044b,,,,,,,,,,,,
Coccia Sesto SRL,Italy,5.2,A030+B031,,,,,,,,,,,,
Cocoba Ltd,United Kingdom,10.2,E056,,,,,,,,,,,,
Cocodo Drink GbR,Germany,B.1,Boulevard+175,,,,,,,,,,,,
COCOTINE - PEP,France,4.2,C038,,,,,,,,,,,,
Cocrops Trading Limited,Nigeria,1.2,E017,,,,,,,,,,,,
Codan S.A.,Spain,11.1,C024a,,,,,,,,,,,,
CODIPSA,Paraguay,3.1,C081+D081,,,,,,,,,,,,
Coelsanus Industria Conserve Spa,Italy,10.2,D086,,,,,,,,,,,,
Theo Coertjens Int. N.V.,Belgium,7.1,E061,,,,,,,,,,,,
"Cofaco Acores, Indústria de Conservas, S.A",Portugal,2.1,D041,,,,,,,,,,,,
"Cofco-Shandong Vermicelli & Beans Imp/Exp.Co., Ltd.",China,CF,Confexhall+C048,,,,,,,,,,,,
Coffee Board of India,India,3.1,A015a,,,,,,,,,,,,
Coffee Promotion Sp. z o.o.,Poland,8.1,A067,,,,,,,,,,,,
"Coffee Sales Co., Ltd.",Thailand,8.1,C095,,,,,,,,,,,,
COFINA AGRO CEREALES SA,Argentina,4.1,B091a,,,,,,,,,,,,
COFISA Conservas de Peixe da Figueira,Portugal,4.1,A051+B058,,,,,,,,,,,,
"Cofrutos, S.A.",Spain,11.1,A014a,,,,,,,,,,,,
COJA PROMET LLC,Serbia,4.2,A067,,,,,,,,,,,,
Colab4Food,Portugal,11.1,E049,,,,,,,,,,,,
Colac bv,Belgium,2.1,B057,,,,,,,,,,,,
Colacchio Food S.R.L. La Pasta di Mamma Isa,Italy,11.2,C008+D009,,,,,,,,,,,,
Colagricola,Colombia,3.1,D030+D048,,,,,,,,,,,,
Colavita SpA,Italy,5.2,A039,,,,,,,,,,,,
Cold Alex for Food Processing,Egypt,4.2,A059,,,,,,,,,,,,
COLIAN SP. Z O.O,Poland,11.1,A062,,,,,,,,,,,,
Colla S.p.A,Italy,10.1,G050,,,,,,,,,,,,
COLLECTION TRAMIER,France,8.1,C035,,,,,,,,,,,,
Cologne Spirits GmbH,Germany,B.1,Boulevard+072%2C+Boulevard+072l,,,,,,,,,,,,
COLOMBIAN CHICKEN,Colombia,9.1,E069,,,,,,,,,,,,
COLOMBIAN EGG,Colombia,9.1,E069,,,,,,,,,,,,
Colombina S.A.,Colombia,3.1,D070,,,,,,,,,,,,
Colorcode Creative Agency Creative branding that connects,France,CF,Confexhall+E011+D010,,,,,,,,,,,,
Colussi Group Colussi SPA,Italy,11.2,E012,,,,,,,,,,,,
COMALIS SAS,France,9.1,B013,,,,,,,,,,,,
Comerandalus SL,Spain,11.1,E028b,,,,,,,,,,,,
COMERCIAL ACEITERA TOMAS PADILLA SL,Spain,11.1,F019a,,,,,,,,,,,,
"COMERCIAL GALLO, S.A.U",Spain,11.1,C017,,,,,,,,,,,,
"COMERCIAL GRANELL, S.L.",Spain,11.1,D017b,,,,,,,,,,,,
Comercial y Servicios Valle de Luz Ltd,Chile,3.1,B073a,,,,,,,,,,,,
Comercializadora Agromostazal SpA,Chile,3.1,A075,,,,,,,,,,,,
Comestibles Mapy S.A.S.,Colombia,3.1,D030+D048,,,,,,,,,,,,
Comex Company Srl,Italy,11.2,C052a,,,,,,,,,,,,
"Comfortly Food (Qingdao) Co., Ltd.",China,4.1,B078,,,,,,,,,,,,
Comfrut S.A.,Chile,3.1,A080,,,,,,,,,,,,
"Comifrio - ProdutosPrécozinhados,S.A.",Portugal,11.1,E052a,,,,,,,,,,,,
Commercial Lynks Inc,United States of America,10.2,G060,,,,,,,,,,,,
COMO FRESH PRODUCE LTD,Kenya,3.1,A023,,,,,,,,,,,,
comocap,Tunisia,11.3,C045,,,,,,,,,,,,
Comolive S.A.,France,10.2,G041,,,,,,,,,,,,
Compagnia Alimentare Italiana SpA,Italy,11.2,A020,,,,,,,,,,,,
COMPAGNIA DELLA PASTA S.R.L.,Italy,5.2,B053,,,,,,,,,,,,
Compagnia Mercantile D'Oltremare,Italy,11.2,D052,,,,,,,,,,,,
Compagnie Apicole,France,2.2,D035,,,,,,,,,,,,
Compañia Bernal S.A.,Argentina,6.1,E025,,,,,,,,,,,,
Compañia central pampeana SA,Argentina,6.1,D037,,,,,,,,,,,,
Compañia Auxiliar de Urbanizacion S.L.,Spain,11.1,D017,,,,,,,,,,,,
Compania Frutera La Paz S.A.,Costa Rica,4.1,C041,,,,,,,,,,,,
COMPANIA INDIILOR ORIENTALE PROD SRL.,Romania,11.3,E010,,,,,,,,,,,,
Compañia Procesadora de Productos Agricolas SAE - CPA SAE,Paraguay,3.1,C081+D081,,,,,,,,,,,,
Company Barakah Al-Sanabil for Mfg,Saudi Arabia,CF,Confexhall+E030,,,,,,,,,,,,
COMPANY TAMARA FOR MANUFACTURING,Saudi Arabia,2.1,E018,,,,,,,,,,,,
Compaxo vlees Zevenaar BV,Netherlands,6.1,A030,,,,,,,,,,,,
C.ALI.S.A. COMPLEJO ALIMENTARIO S.A.,Argentina,9.1,E056,,,,,,,,,,,,
Completeorganics GmbH,Germany,5.1,E080,,,,,,,,,,,,
COMPLEXE ALIMENTAIRE ZINE,Morocco,11.3,A040+B049,,,,,,,,,,,,
Comptoir du Cacao,France,10.2,E022,,,,,,,,,,,,
Comtemp - Companhia dos Temperos,Portugal,11.1,E050,,,,,,,,,,,,
Comtoise de Specialites Fromageres,France,10.2,G019,,,,,,,,,,,,
COMUNIDAD AUTÓNOMA REGIÓN DE MURCIA,Spain,11.1,B030+C031,,,,,,,,,,,,
Conal food Srl,Italy,11.2,C008+D009,,,,,,,,,,,,
Conallison S.A.,Argentina,6.1,D039a,,,,,,,,,,,,
CONAPI SOC. COOP. AGRICOLA,Italy,5.1,D036,,,,,,,,,,,,
Cooperativa Nacional de Productores de Leche (CONAPROLE),Uruguay,10.1,B009,,,,,,,,,,,,
Concept Fresh Vertriebsgesellschaft m.b.H.,Austria,10.1,C039,,,,,,,,,,,,
Condimenteria srl,Italy,11.2,B037,,,,,,,,,,,,
CONEJOS GALLEGOS COGAL S.COOP. GALLEGA,Spain,7.1,A040,,,,,,,,,,,,
Conestoga Meats Packers LTD,Canada,6.1,E060,,,,,,,,,,,,
Conexa Foods,Argentina,3.1,B064a,,,,,,,,,,,,
Confectionery Yarych LLC,Ukraine,2.2,C015,,,,,,,,,,,,
"Confeitaria Carlos Goncalves, Lda",Portugal,2.2,E057,,,,,,,,,,,,
Confetti Pelino SRL,Italy,11.2,B059,,,,,,,,,,,,
Confido Holding Limited,British Virgin Islands,2.1,D023,,,,,,,,,,,,
"CONGALSA, S.L.",Spain,4.2,D021,,,,,,,,,,,,
"Congelados de Navarra, S.A.U.",Spain,4.2,C039+D038,,,,,,,,,,,,
"CONGELADOS NORIBERICA, S.A.",Spain,5.2,D043,,,,,,,,,,,,
CONGELADOS PEDANEO S.A.,Spain,4.2,D059,,,,,,,,,,,,
Congo Brands Switzerland GmbH,Switzerland,7.1,E023a,,,,,,,,,,,,
Consar S.P.A.,Italy,11.2,D059a,,,,,,,,,,,,
"CONSEJO REGULADOR DE LA DENOMINACION DE ORIGEN PROTEGIDA JUMILLA,  DOP JUMILLA",Spain,P4.1,Passage+Halle+4+Halle+5+A031,,,,,,,,,,,,
"Conservas Calanda, S.L",Spain,11.1,B024,,,,,,,,,,,,
"Conservas del Noroeste, S.A. - Connorsa",Spain,5.2,D041,,,,,,,,,,,,
Conservas Pinhais & Cia,Portugal,4.1,A051+B058,,,,,,,,,,,,
Mariscadora,Spain,5.2,D045,,,,,,,,,,,,
"Conservas Alguazas, S.L.",Spain,11.1,B021b,,,,,,,,,,,,
CONSERVAS ARTESANAS GALLEGAS S.L.,Spain,5.2,D043a,,,,,,,,,,,,
"Conservas Cerqueira, S.A.",Spain,5.2,C042,,,,,,,,,,,,
CONSERVAS DANI S.A.U,Spain,11.1,C036,,,,,,,,,,,,
CONSERVAS DE CAMBADOS,Spain,5.2,C046,,,,,,,,,,,,
Conservas de Murcia S.L.,Spain,11.1,B011b,,,,,,,,,,,,
"Conservas El Cidacos, S.A.",Spain,11.1,E008,,,,,,,,,,,,
"Conservas El Raal, S.L.U.",Spain,11.1,A016a,,,,,,,,,,,,
"Alberto de Miguel, S.A.",Spain,11.1,C051,,,,,,,,,,,,
"Conservas Familia Conesa, S.L.",Spain,P4.1,Passage+Halle+4+Halle+5+A035,,,,,,,,,,,,
CONSERVAS FRISCOS S.A.,Spain,5.2,C048,,,,,,,,,,,,
CONSERVAS HOLA,Grenada,11.1,A034,,,,,,,,,,,,
Conservas La Brújula,Spain,5.2,D047,,,,,,,,,,,,
CONSERVAS MARTIKO S.A.,Spain,P4.1,Passage+Halle+4+Halle+5+B039,,,,,,,,,,,,
Conservas Martinez S.A.,Spain,11.1,A018,,,,,,,,,,,,
"CONSERVAS MEDRANO, S.L.",Spain,P4.1,Passage+Halle+4+Halle+5+B033,,,,,,,,,,,,
CONSERVAS OLASAGASTI SL,Spain,11.1,B041a,,,,,,,,,,,,
Conservas Ortiz S.A.,Spain,11.1,A048,,,,,,,,,,,,
CONSERVAS PORTOMAR,Spain,5.2,C048a,,,,,,,,,,,,
"Conservas Portugal Norte, LDA",Portugal,11.1,F051,,,,,,,,,,,,
"CONSERVAS RIA, S.A.",Spain,11.1,C012a,,,,,,,,,,,,
HIJOS DE JOSE SERRATS,Spain,11.1,A044,,,,,,,,,,,,
"JUSTO LÓPEZ VALCÁRCEL, S.A. CONSERVAS VALCÁRCEL",Spain,11.1,C029,,,,,,,,,,,,
"Conservas y Salazones Arlequin, S.L.",Spain,11.1,D010,,,,,,,,,,,,
Conserve Italia Soc. Coop Agricola,Italy,11.2,E014,,,,,,,,,,,,
Conserverie des Tuilières Arnaud,France,10.2,F025,,,,,,,,,,,,
Conserverie et Moutarderie Belge,Belgium,5.2,D054,,,,,,,,,,,,
Conserveries Marocaines DOHA,Morocco,11.3,A040+B049,,,,,,,,,,,,
Conserveries RIO DES ORO,Morocco,11.3,A040+B049,,,,,,,,,,,,
Consolidated Biscuits Co. Ltd.,Malta,2.2,A028,,,,,,,,,,,,
Consolidated Business Systems Limited,Sri Lanka,1.2,G019,,,,,,,,,,,,
Consorcio del Chorizo Espanol,Spain,7.1,A040a,,,,,,,,,,,,
"Consorcio Exportador Andaluz, S.L.",Spain,11.1,C020,,,,,,,,,,,,
Consorcio del Jamon Serrano Espanol,Spain,7.1,A045,,,,,,,,,,,,
Consortium du Jambon de Bayonne,France,7.1,D048,,,,,,,,,,,,
Consorzio del Formaggio Parmigiano Reggiano,Italy,10.1,H050+G051,,,,,,,,,,,,
Consorzio del Prosciutto di Parma,Italy,7.1,B018,,,,,,,,,,,,
Consorzio Gourm.it,Italy,10.1,G056,,,,,,,,,,,,
CONSORZIO IL BIOLOGICO SOC. COOP.,Italy,5.1,C031a%2C+C041a,,,,,,,,,,,,
Consorzio Tutela Mozzarella di Bufala Campana,Italy,10.1,G070+G078,,,,,,,,,,,,
Casalasco Società Agricola S.p.A.,Italy,11.2,D038,,,,,,,,,,,,
Consorzio di Tutela del Pistacchio di Raffadali D.O.P.,Italy,11.2,E008,,,,,,,,,,,,
Consorzio di Tutela Formaggio Caciocavallo Silano DCP,Italy,10.1,G070+G078,,,,,,,,,,,,
Consorzio di Tutela Valtellina Casera e Bitto,Italy,10.1,F057,,,,,,,,,,,,
CONSORZIO FIRENZE A TAVOLA,Italy,11.2,D018,,,,,,,,,,,,
Consorzio Italia del Gusto,Italy,11.2,E006,,,,,,,,,,,,
Consorzio Latterie Virgilio Soc. Arg. Coop.,Italy,10.1,D009,,,,,,,,,,,,
CONSORZIO OLIO DI ROMA IGP,Italy,5.2,A030+B031,,,,,,,,,,,,
Consorzio Salumi DOP Piacentini,Italy,7.1,E051,,,,,,,,,,,,
Consorzio Toscano D´Avitani GmbH,Germany,7.1,A035,,,,,,,,,,,,
Consorzio per la Tutela del Formaggio Asiago,Italy,10.1,G070+G078,,,,,,,,,,,,
Consorzio per la Tutela del Formaggio Pecorino Romano,Italy,10.1,E034,,,,,,,,,,,,
Consorzio Tutela Aceto Balsamico di Modena,Italy,5.2,A040,,,,,,,,,,,,
Consorzio Tutela Formaggio Gorgonzola,Italy,10.1,G070+G078,,,,,,,,,,,,
Consorzio Tutela Grana Padano,Italy,10.1,G070+G078,,,,,,,,,,,,
Consorzio Tutela Pecorino Toscano D.O.P,Italy,10.1,G060+G068,,,,,,,,,,,,
Consorzio Tutela Piave DOP,Italy,10.1,G070+G078,,,,,,,,,,,,
CONSORZIO TUTELA TALEGGIO,Italy,10.1,G070+G078,,,,,,,,,,,,
Consorzio Tutela Aceto Balsamico Tradizionale di Modena,Italy,5.2,A040,,,,,,,,,,,,
CONSORZIO TUTELA VINI DOC SALAPARUTA,Italy,5.2,A001,,,,,,,,,,,,
Constellation Cold Logistics,United Kingdom,P2.1,Passage+Halle+3+Halle+11+013,,,,,,,,,,,,
CONSUMA SPÓŁKA Z OGRANICZONĄ ODPOWIEDZIA,Poland,10.1,H020,,,,,,,,,,,,
Contec Foods SRL,Romania,11.3,E016,,,,,,,,,,,,
Contimax S.A.,Poland,11.1,A062,,,,,,,,,,,,
Continental Coffee SA,Switzerland,3.1,C058,,,,,,,,,,,,
CONVIVIO,Italy,5.1,C066,,,,,,,,,,,,
"Cool One Candy Toy Co.,Limited",Hong Kong,1.2,L012,,,,,,,,,,,,
Coolhull Farm Desserts,Ireland,4.1,D039,,,,,,,,,,,,
Coomans Trade Import BVBA,Belgium,6.1,A101,,,,,,,,,,,,
Coombe Castle International Ltd.,United Kingdom,10.1,G018,,,,,,,,,,,,
Coop. Agrícola Mixta de Monte Carlo Ltda,Argentina,8.1,B077,,,,,,,,,,,,
Cooperativa Col. Mult. Fernheim Ltda.,Paraguay,6.1,E098,,,,,,,,,,,,
Coop. Fernheim Ltda.,Paraguay,3.1,C081+D081,,,,,,,,,,,,
Cooperativa Chortitzer Ltda.,Paraguay,6.1,E098,,,,,,,,,,,,
Cooperativa Dalia Alimentos Ltda,Brazil,9.1,D040a,,,,,,,,,,,,
Cooperativa Liebig,Argentina,8.1,A078,,,,,,,,,,,,
Cooperativa Multiactiva Neuland Ltd.,Paraguay,6.1,E098,,,,,,,,,,,,
Cooperativa Yerbatera Andresito SL,Argentina,8.1,B077a,,,,,,,,,,,,
Cooperativa Yguazú Agrícola Ltda.,Paraguay,3.1,C081+D081,,,,,,,,,,,,
Coopérative agricole femmes Dades,Morocco,11.3,A040+B049,,,,,,,,,,,,
Cooperative Business International Inc.,United States of America,8.1,D097,,,,,,,,,,,,
Cooperative dayaate amra,Morocco,11.3,A040+B049,,,,,,,,,,,,
Cooperative De Safran - Krokos Kozanis,Greece,11.2,G025,,,,,,,,,,,,
Coopérative femmes souss,Morocco,11.3,A040+B049,,,,,,,,,,,,
COOPERATIVE OULD ABBAS,Morocco,11.3,A040+B049,,,,,,,,,,,,
Cooperative spinosa,Morocco,11.3,A040+B049,,,,,,,,,,,,
Cooperative Union Aomori Black Garlic Association,Japan,2.1,C027,,,,,,,,,,,,
COOPERBRAS,Poland,,,,,,,,,,,,,,
Cooperfrigu,Brazil,6.1,D078,,,,,,,,,,,,
Cooperl,France,6.1,B018,,,,,,,,,,,,
Cooreman NV,Belgium,9.1,C035a,,,,,,,,,,,,
Copacol,Brazil,9.1,C043,,,,,,,,,,,,
COPAYAN SA,Uruguay,6.1,A100+B109,,,,,,,,,,,,
Coperaguas Cooperativa Agroindustrial,Brazil,3.1,C028c,,,,,,,,,,,,
Coppenrath Feingebäck GmbH,Germany,3.2,C050,,,,,,,,,,,,
Azienda Agricola Coppini Arte Olearia,Italy,11.2,E048,,,,,,,,,,,,
Coppola Industria Alimentar / Coppola Foods,Italy,11.2,C056a,,,,,,,,,,,,
Copra,Brazil,3.1,C028,,,,,,,,,,,,
Cordeiro y Cia. S.R.L.,Argentina,8.1,A078a,,,,,,,,,,,,
COREN (Industrias Frigorificas del Louro S.A.),Spain,9.1,D026,,,,,,,,,,,,
CO.R.EX. Spa,Italy,11.2,A033,,,,,,,,,,,,
"Coreysa, S.A.",Spain,11.1,F021,,,,,,,,,,,,
Corman S.A.,Belgium,10.1,G021,,,,,,,,,,,,
Corn Global Gida A.S.,Türkiye,11.3,A010b,,,,,,,,,,,,
Cornish Sea Salt Co,United Kingdom,10.2,F065a,,,,,,,,,,,,
Cornwell Kft.,Hungary,7.1,E050b,,,,,,,,,,,,
CORPEI - Corporacion de Promocion de Exportaciones e Inversiones,Ecuador,3.1,A020a%2C+B029,,,,,,,,,,,,
Pechugon - Corporación Avícola S.A,Paraguay,9.1,E071,,,,,,,,,,,,
Corporacion Agroindustrial Amazonas SA,Bolivia,4.1,D098+C091,,,,,,,,,,,,
"Corporacion Alimentaria Guissona, S.A. bonArea",Spain,6.1,A068,,,,,,,,,,,,
Corporación Alimentaria Peñasanta S.A.,Spain,P4.1,Passage+Halle+4+Halle+5+B049,,,,,,,,,,,,
Corte Diletto ltd,Bulgaria,B.1,Boulevard+173%2C+Boulevard+173l,,,,,,,,,,,,
Corte Parma DE GmbH,Germany,7.1,E047,,,,,,,,,,,,
Indústria de Produtos Alimenticios Cory,Brazil,3.1,C027b,,,,,,,,,,,,
Costa d'Oro SPA,Italy,5.2,A051,,,,,,,,,,,,
COSTA E MONTENEGRO COM. IMP. EXP. LTDA,Brazil,3.1,D021a,,,,,,,,,,,,
"COSTA BRAVA MEDITERRANEAN FOODS, S.L.U.",Spain,6.1,B011,,,,,,,,,,,,
"COSTA FOOD MEAT, S.L.",Spain,6.1,A020+A028,,,,,,,,,,,,
Costa Ligure,Italy,5.2,C011,,,,,,,,,,,,
Costa Rica - Essential Costa Rica - Procomer,Costa Rica,3.1,B010+B018,,,,,,,,,,,,
Costadoro S.p.A.,Italy,8.1,D091a,,,,,,,,,,,,
Costatropic S.A.,Costa Rica,4.1,C041,,,,,,,,,,,,
Cosvap - Distretto della Pesca,Italy,5.1,A008,,,,,,,,,,,,
Cota Ltda.,Argentina,8.1,C068,,,,,,,,,,,,
COTAGRO COOPERATIVA AGROPECUARIA LIMITAD,Argentina,3.1,B060a,,,,,,,,,,,,
Cotolot Sarl,France,10.2,G015,,,,,,,,,,,,
Couniniotis Currants,Greece,10.2,H039,,,,,,,,,,,,
Country Style Foods LTD.,Sri Lanka,1.2,F028b,,,,,,,,,,,,
COVAP,Spain,6.1,D087,,,,,,,,,,,,
Covi,France,10.2,G025,,,,,,,,,,,,
Covinor SAS,France,10.2,G045,,,,,,,,,,,,
Cozzo Food Industries Sdn Bhd,Malaysia,3.1,B043,,,,,,,,,,,,
CPF (Thailand) Public Company Limited (Head Office),Thailand,9.1,C051+D050,,,,,,,,,,,,
CPT CORP,Vietnam,CF,Confexhall+B030+C039,,,,,,,,,,,,
CRADEL SRL,Italy,11.2,B051b,,,,,,,,,,,,
"Crain Walnut Shelling, Inc.",United States of America,10.2,I066,,,,,,,,,,,,
Cranswick Country Foods,United Kingdom,6.1,D043a,,,,,,,,,,,,
CRATEA FOODS PC CREATFOOD,Greece,10.2,A083,,,,,,,,,,,,
Cravium Gourmet Pvt. Ltd.,India,3.1,A015a,,,,,,,,,,,,
CREATEC s.r.o.,Slovakia,4.1,E093,,,,,,,,,,,,
CREATIVE FOOD,Spain,11.1,B015,,,,,,,,,,,,
Creative Pea Ltd,Israel,5.2,B050a,,,,,,,,,,,,
CREED SUPPLIES BV,Netherlands,B.1,Boulevard+206,,,,,,,,,,,,
CREMA LOMBARDI S.R.L.,Italy,5.2,B053,,,,,,,,,,,,
"Cremo SA , Suisse",Switzerland,10.1,C028a,,,,,,,,,,,,
cretan heritage PC,Greece,10.2,G020a,,,,,,,,,,,,
Region of Crete,Greece,11.2,G061b,,,,,,,,,,,,
Cris-Tim Family Holding S.R.L.,Romania,6.1,D079,,,,,,,,,,,,
CRISMARA CONFETTERIA ARTIGIANALE - I.D.C. SRL,Italy,11.2,A021,,,,,,,,,,,,
Crispo S.r.l.,Italy,3.1,C043,,,,,,,,,,,,
CRM ITALIA S.R.L. CONO ROMA,Italy,5.2,A030+B031,,,,,,,,,,,,
Croatian Chamber of Economy,Croatia,4.1,C015a,,,,,,,,,,,,
CROCO SRL,Romania,2.2,D060,,,,,,,,,,,,
"Croix Valley Foods St. Croix Brewhouse, LLC",United States of America,10.2,I051,,,,,,,,,,,,
Crop's NV,Belgium,4.2,B029+C028,,,,,,,,,,,,
Crossmount Farm and Cidery Ltd.,Canada,11.2,C032,,,,,,,,,,,,
Crosta Mollica,United Kingdom,4.1,D042,,,,,,,,,,,,
"Crown Products, Inc.",United States of America,10.2,G074,,,,,,,,,,,,
CROWN SRL,Moldova,5.2,B056a,,,,,,,,,,,,
D&D Italia S.p.A.,Italy,5.2,A010+B019,,,,,,,,,,,,
D'Angelo Pasta GmbH,Germany,5.1,F091,,,,,,,,,,,,
DEH D. Entrup-Haselbach GmbH & Co. KG,Germany,3.2,A021,,,,,,,,,,,,
Truffle Theory,Greece,10.2,H039,,,,,,,,,,,,
Dabbagh Foods Pty Ltd,Australia,6.1,C107,,,,,,,,,,,,
DABEX sp. z o.o.,Poland,8.1,B069,,,,,,,,,,,,
Dacsa Atlantic S.A.,Portugal,11.1,F043a,,,,,,,,,,,,
Dacsa Group,Spain,11.1,D029a,,,,,,,,,,,,
DADA,France,8.1,E120a,,,,,,,,,,,,
"DAE CHUN LAVER CO., LTD.","Korea, Republic of",5.1,A060a,,,,,,,,,,,,
"DAECHANG FOOD Co.,Ltd.","Korea, Republic of",5.1,A071,,,,,,,,,,,,
Daedong Korea Ginseng Co. Ltd.,"Korea, Republic of",5.2,A069a,,,,,,,,,,,,
"Daedoo Foods Co., Ltd.","Korea, Republic of",5.2,C020+D021,,,,,,,,,,,,
Daesang Corp.,"Korea, Republic of",5.2,C010+D011,,,,,,,,,,,,
Dagangasia Network Holding Sdn Bhd,Malaysia,1.2,I028,,,,,,,,,,,,
Daher International Food Company s.a.l.,Lebanon,11.3,A033,,,,,,,,,,,,
"DAIKYO FOODS CO.,LTD.",Japan,2.1,B036,,,,,,,,,,,,
Daily Dairy Holland B.V.,Netherlands,10.1,E032,,,,,,,,,,,,
"Daily Fresh Foods (Cambodia) Co., Ltd.",Cambodia,2.1,B011+B019,,,,,,,,,,,,
"Daily Rising (Shandong) Foods Co., Ltd.",China,4.2,E091c,,,,,,,,,,,,
"DAIRY 4 FUN, s.r.o.",Czech Republic,10.1,F081,,,,,,,,,,,,
Dairy Crest Ltd.,United Kingdom,10.1,G014,,,,,,,,,,,,
Dairy Farmers of Wisconsin,United States of America,10.1,H038,,,,,,,,,,,,
"DAIRY FOOD SPAIN, S.L.",Spain,10.1,F034a,,,,,,,,,,,,
Dairy Life Private Limited,Pakistan,11.3,E039a,,,,,,,,,,,,
Dairy Road,Denmark,5.2,E033,,,,,,,,,,,,
"DAISHO CO., LTD.",Japan,2.1,B042,,,,,,,,,,,,
"Daivida, UAB",Lithuania,7.1,A027,,,,,,,,,,,,
Daiya Foods Inc.,Canada,11.2,D031,,,,,,,,,,,,
DALIA FOODS,Morocco,11.3,A040+B049,,,,,,,,,,,,
"Dalian Luxe Foods International Sales Co.,Ltd",China,5.2,D061a,,,,,,,,,,,,
"Dalian EverGrain Co., Ltd",China,5.1,A080a,,,,,,,,,,,,
"Dalian Goodluck Agricultural Products Co., Ltd",China,P1.1,Passage+Halle+2+Halle+4+005,,,,,,,,,,,,
"Dalian Guanlin International Trade Co., Ltd",China,2.2,A015,,,,,,,,,,,,
Dalian Happy Fortunes Trading Co.Ltd.,China,1.2,G030,,,,,,,,,,,,
"Dalian HongRen Whole Grain Foodstuffs Co., Ltd",China,5.1,A084a,,,,,,,,,,,,
"DALIAN HONGYUAN AGRICULTURAL AND SIDELINE PRODUCTS CO., LTD",China,2.2,A004a,,,,,,,,,,,,
Dalian Jiahe Grain Co. Ltd.,China,P1.1,Passage+Halle+2+Halle+4+020a,,,,,,,,,,,,
"Dalian Jiahong Brothers Int'l Trading Co., Ltd.",China,1.2,H033,,,,,,,,,,,,
"Dalian Jinbaiwei Flour Products Co., Ltd",China,1.2,G034,,,,,,,,,,,,
"Dalian JinYu Foods Co., Ltd.",China,5.1,A083,,,,,,,,,,,,
"Dalian Kuoshen Bio-Fermenting Products Co., Ltd.",China,11.3,H036,,,,,,,,,,,,
"Dalian Rich Harvest Agricultural Products Imp&Exp Co.,Ltd",China,5.2,C066b,,,,,,,,,,,,
"Dalian Rongchang Foodstuff Co., LTd",China,4.2,E091a,,,,,,,,,,,,
"Dalian Tianpeng Food Co.,Ltd",China,4.1,A017,,,,,,,,,,,,
"Dalian Weifeng International Trade Co., Ltd.",China,5.1,C080a,,,,,,,,,,,,
"DALIAN WENJING WOODEN INDUSTRY CO.,LTD.",China,5.1,A086d,,,,,,,,,,,,
"Dalian Xinglongken Organic Products Co., Ltd.",China,5.1,A088,,,,,,,,,,,,
Dalla Costa Alimentare Srl,Italy,10.2,D080,,,,,,,,,,,,
Dallagiovanna Holding srl,Italy,11.2,B032,,,,,,,,,,,,
DALNUT S.A.,Argentina,3.1,B064,,,,,,,,,,,,
dalsa french fries,Egypt,4.2,A090,,,,,,,,,,,,
Dalter Alimentari SPA,Italy,10.1,B080,,,,,,,,,,,,
Damak Food Sp. z.o.o.,Poland,4.2,A048,,,,,,,,,,,,
Damak Gida San ve Tic. Ltd. Sti.,Türkiye,11.3,D033a,,,,,,,,,,,,
Damascus House Company  Tahini & Halawa,Palestine,10.2,E078,,,,,,,,,,,,
Damboriarena Escosteuy SRL Dambo - Rice Mill,Uruguay,P4.1,Passage+Halle+4+Halle+5+A047,,,,,,,,,,,,
Damhus GmbH & Co. KG,Germany,10.2,B036,,,,,,,,,,,,
Damiano S.p.A. Unipersonale,Italy,5.1,F038,,,,,,,,,,,,
DAMIANO SPINA SRL,Italy,5.2,C043a,,,,,,,,,,,,
DAMM GLOBAL BARCELONA,Spain,7.1,F017,,,,,,,,,,,,
Dan Cake A/S,Denmark,3.2,B049,,,,,,,,,,,,
Dana Europe OÜ,Estonia,10.1,A070,,,,,,,,,,,,
Danæg Denmark A/S,Denmark,10.1,E019,,,,,,,,,,,,
Danais S.A.,Greece,10.2,H014,,,,,,,,,,,,
"Dancing Tea Co., Ltd.",Taiwan,2.2,F052,,,,,,,,,,,,
Danem Gida San. ve Tic. A.S.,Türkiye,11.3,B025,,,,,,,,,,,,
DanePork A/S,Denmark,6.1,C118,,,,,,,,,,,,
Danis Porkmasters,Belgium,6.1,E010+E018,,,,,,,,,,,,
Danish Agriculture & Food Council,Denmark,5.1,D069+F068,,,,,,,,,,,,
Danish Crown A/S,Denmark,6.1,D051,,,,,,,,,,,,
Danish Foods Ltd.,Bangladesh,3.1,A029,,,,,,,,,,,,
Danone North America,United States of America,5.1,C051,,,,,,,,,,,,
Danpak Food Industries Pvt. Ltd.,Pakistan,3.1,B031,,,,,,,,,,,,
Danper,Peru,4.2,D058,,,,,,,,,,,,
Danpo A/S,Denmark,9.1,A038,,,,,,,,,,,,
Dansoy,Ukraine,5.2,E058g,,,,,,,,,,,,
DANVITA JSC,Lithuania,2.2,E052a,,,,,,,,,,,,
"Danyang  Yihe  Foods  Co., Ltd.",China,P1.1,Passage+Halle+2+Halle+4+004a,,,,,,,,,,,,
DAOUD GROVE,Tunisia,11.3,C041,,,,,,,,,,,,
A. Darbo AG,Austria,3.2,C019,,,,,,,,,,,,
DARDANEL DIS TICARET ANONIM SIRKETI,Türkiye,2.1,C018,,,,,,,,,,,,
Dare Foods Limited,Canada,11.2,D025,,,,,,,,,,,,
Daregal S.A.,France,4.2,C056,,,,,,,,,,,,
Dari Couspate,Morocco,11.3,A040+B049,,,,,,,,,,,,
DARI FOODS INTERNATIONAL,Belgium,11.3,B037b,,,,,,,,,,,,
Darlisad LLC,Ukraine,4.2,B007,,,,,,,,,,,,
DARMAN HERBAL LLC,Armenia,11.3,C049,,,,,,,,,,,,
Daroma Tzafona Idan Hatid Ltd,Israel,5.2,A050%2C+A050l,,,,,,,,,,,,
Darta NV,Belgium,4.2,D031,,,,,,,,,,,,
Das Superfoods Private Limited,India,3.1,D018a,,,,,,,,,,,,
Daskan Tarim ve Plastik Urun. San. ve Tic. A.S.,Türkiye,11.3,C029a,,,,,,,,,,,,
Datong Boxin Agricultural By- Product Co. Ltd.,China,5.1,C082a,,,,,,,,,,,,
"Datong Tonghuan Agricultural Products Management Co., Ltd.",China,5.1,B078,,,,,,,,,,,,
"Daumantai LT, UAB",Lithuania,10.2,D060,,,,,,,,,,,,
DAUPHIN PASTOUREAU,France,10.2,F027,,,,,,,,,,,,
Davia SpA,Italy,11.2,B044a,,,,,,,,,,,,
Dawn Farms,Ireland,6.1,A048,,,,,,,,,,,,
Dawn International Ltd,Ireland,6.1,B043,,,,,,,,,,,,
Dawn Meats Group UC,Ireland,6.1,B040+C041,,,,,,,,,,,,
Dawn Pork and Bacon,Ireland,6.1,B043,,,,,,,,,,,,
DAWTONA SP. Z O.O.,Poland,4.2,C091,,,,,,,,,,,,
Dawtona Frozen 2 Sp. z o.o.,Poland,4.2,C091,,,,,,,,,,,,
Day and Night LTD.,Bulgaria,3.1,C031,,,,,,,,,,,,
DAYWELLZ,"Korea, Republic of",5.2,B067a,,,,,,,,,,,,
"DB TOMATO (XIAMEN) INDUSTRY CO.,LTD.",China,1.2,J032,,,,,,,,,,,,
DBA - PROMET,Serbia,4.2,B064,,,,,,,,,,,,
DBG Deutsches Biogeschäft GmbH,Germany,10.1,A060,,,,,,,,,,,,
DCOOP,Spain,11.1,A008,,,,,,,,,,,,
DD International Private Limited,India,11.3,B039a,,,,,,,,,,,,
F.lli De Cecco di Filippo - Fara San Martino S.p.A.,Italy,11.2,D030,,,,,,,,,,,,
De Clemente Conserve SpA,Italy,10.2,D017,,,,,,,,,,,,
DE COLTESTI SRL,Romania,11.3,F017,,,,,,,,,,,,
De Graaf Bakeries,Netherlands,3.2,A060,,,,,,,,,,,,
De Groene Weg B.V.,Netherlands,P4.1,Passage+Halle+4+Halle+5+A066g+B067g,,,,,,,,,,,,
De Paoli Luigi & Figli,Italy,10.1,F020,,,,,,,,,,,,
DEA SOCIETA' BENEFIT SRL,Italy,11.2,B015b,,,,,,,,,,,,
Deas S.A.,Greece,11.2,F062,,,,,,,,,,,,
Debra Meat nv,Belgium,6.1,E010+E018,,,,,,,,,,,,
De Care Group Sp. z o.o. i Wspolnicy Sp. Komandytowo-Akcyina,Poland,10.2,D065,,,,,,,,,,,,
DECO INDUSTRIE SCPA,Italy,11.2,E058,,,,,,,,,,,,
Dedere Deutschland GmbH,Germany,2.2,A053a,,,,,,,,,,,,
DEEJAY DISTILLERIES PRIVATE LIMITED,India,7.1,F065,,,,,,,,,,,,
DEGAN ALIMENTOS,Brazil,3.1,C024c,,,,,,,,,,,,
Dehesa Barón de Ley,Spain,7.1,B040a,,,,,,,,,,,,
Dehidra,Lithuania,10.2,E044a,,,,,,,,,,,,
DEHOGA Nordrhein e.V.,Germany,B1.1,Boulevard+055,,,,,,,,,,,,
DeJong Cheese,Netherlands,10.1,E030,,,,,,,,,,,,
Del Alba S.A.,Colombia,3.1,D031,,,,,,,,,,,,
Del Monte (Germany) GmbH,Germany,10.2,B028,,,,,,,,,,,,
Del Oro S.A.,Costa Rica,4.2,C025,,,,,,,,,,,,
DEL SOLE COSTANTINO PASTIFICIO ARTIGIANA,Italy,11.2,B037a,,,,,,,,,,,,
Delafruit S.L.U.,Spain,8.1,D088,,,,,,,,,,,,
Delamaris d.o.o.,Slovenia,11.1,E038,,,,,,,,,,,,
Delaviuda Alimentacion SAU,Spain,11.1,A025,,,,,,,,,,,,
Delibreads Bakeries S.L.,Spain,B.1,Boulevard+133,,,,,,,,,,,,
"Delica Thai Co., Ltd.",Thailand,11.3,H048,,,,,,,,,,,,
DELICAT ALIMENT SL,Spain,P4.1,Passage+Halle+4+Halle+5+A037a,,,,,,,,,,,,
DELICDAY Sp. z o.o.,Poland,B.1,Boulevard+099,,,,,,,,,,,,
DELICE CONFECTIONERY GROUP LLC,Uzbekistan,5.1,B079+C078,,,,,,,,,,,,
Delicia PE,Ukraine,2.2,B014,,,,,,,,,,,,
"DELICIAS CORUÑA, S.L.",Spain,2.2,B019,,,,,,,,,,,,
Delicious Food,India,11.3,H020a,,,,,,,,,,,,
Delicius Rizzoli S.p.A. - Benefit Company,Italy,11.2,E010a,,,,,,,,,,,,
DELIFRANCE SA,France,3.2,C030,,,,,,,,,,,,
delikatessa GmbH,Germany,10.2,A018,,,,,,,,,,,,
Delimondo Handels GmbH & Co. KG,Germany,10.2,C038,,,,,,,,,,,,
Delinuts B.V.,Netherlands,2.1,C053,,,,,,,,,,,,
Deliorman Group OOD,Bulgaria,10.1,A052,,,,,,,,,,,,
DELIZIA S.p.A.,Italy,10.1,F061,,,,,,,,,,,,
Delizie Di Calabria S.R.L.,Italy,11.2,C008+D009,,,,,,,,,,,,
Delka SA,Belgium,5.2,D050,,,,,,,,,,,,
Della Peruta Vincenzo SpA,Italy,10.2,E081,,,,,,,,,,,,
DELLAVALLE SNC,Italy,7.1,B071,,,,,,,,,,,,
DELLI PAOLI & ASSOCIATI S.R.L. Unipersonale,Italy,11.2,A030,,,,,,,,,,,,
DELTA FOOD,Ukraine,CF,Confexhall+C023,,,,,,,,,,,,
Delta Food Industries FZC,United Arab Emirates,CF,Confexhall+C018,,,,,,,,,,,,
DELTA FOODS SA,Greece,10.1,A061,,,,,,,,,,,,
Delta Land for Food Industries,Egypt,2.1,C052,,,,,,,,,,,,
DELTA MARIS S.R.L.,Italy,5.1,A046,,,,,,,,,,,,
PT Delta Pasific Indotuna,Indonesia,1.2,K011+J010,,,,,,,,,,,,
Delta Trade doo,Bosnia and Herzegovina,11.1,F039b,,,,,,,,,,,,
Deltatrade SAS International,France,6.1,E091+E099,,,,,,,,,,,,
"DELTOP CO.,LTD","Korea, Republic of",5.2,A067a,,,,,,,,,,,,
DELUXE FOR INVESTMENTS,Egypt,4.2,A100a,,,,,,,,,,,,
DELY WAFELS SRL,Belgium,4.1,D086,,,,,,,,,,,,
DEMETRA SOCIETA' COOPERATIVA A MUTUALITA' PREVALENTE,Italy,5.1,D028,,,,,,,,,,,,
Demka GmbH,Germany,7.1,A020+B021,,,,,,,,,,,,
Denito ltd,Bulgaria,5.1,A049,,,,,,,,,,,,
Denizli Ev Baklavalari San. Tic. Ltd. Sti.,Türkiye,4.1,E062,,,,,,,,,,,,
Denizli Ozstar Dis Tic. Ltd. Sti.,Türkiye,8.1,B087,,,,,,,,,,,,
Denova Oil (Pty) Ltd,South Africa,11.1,A050+B059,,,,,,,,,,,,
Department of Foreign Trade,Thailand,11.3,H034,,,,,,,,,,,,
"DEPURA EXPLOTACIONES,S.L.",Spain,11.1,E030,,,,,,,,,,,,
Derana Marketing Services Pvt Ltd,Sri Lanka,1.2,G027,,,,,,,,,,,,
Derco Foods,United States of America,10.2,I081,,,,,,,,,,,,
Derivados Citricos S.A,Spain,11.1,B019a,,,,,,,,,,,,
"DERIVADOS DE MAÍZ ALIMENTICIO, S.A",Costa Rica,3.1,B010+B018,,,,,,,,,,,,
DERMISIS BISCUIT COMPANY S.A,Greece,2.2,A049,,,,,,,,,,,,
DERONI Ltd.,Bulgaria,10.2,C020,,,,,,,,,,,,
DERPAN SA,Romania,2.2,C010,,,,,,,,,,,,
Dervisoglu Bakliyat A.S.,Türkiye,11.3,C038,,,,,,,,,,,,
Descafecol S.A.S,Colombia,3.1,D031,,,,,,,,,,,,
DESDELSUR S.A.,Argentina,3.1,B066a,,,,,,,,,,,,
Desentis Food Group GmbH,Germany,4.2,B014,,,,,,,,,,,,
"Deshiburg Fruits International Co.,Ltd.",Uganda,CF,Confexhall+G070,,,,,,,,,,,,
"Desly Group Co., Ltd.",China,1.2,J038,,,,,,,,,,,,
Dessert Factory,Belgium,4.1,C089,,,,,,,,,,,,
detco egt add me,Egypt,2.1,B058a,,,,,,,,,,,,
Deutsche Extrakt Kaffee GmbH,Germany,8.1,D071,,,,,,,,,,,,
Deutscher Fachverlag GmbH <br>LZ MEDIEN,Germany,3.2,C028,,,,,,,,,,,,
DEVECI BRANDS B.V.,Netherlands,7.1,G048,,,,,,,,,,,,
Develey Senf & Feinkost GmbH,Germany,10.2,C051%2C+C051a,,,,,,,,,,,,
Development Agency of Serbia - RAS,Serbia,11.1,C048d,,,,,,,,,,,,
Devodier Prosciutti S.r.l.,Italy,11.2,E046,,,,,,,,,,,,
Devolli Corporation LLC,Kosovo,8.1,C088,,,,,,,,,,,,
"DEZHOU HESHI BROTHERS FOOD CO.,LTD",China,1.2,F048a,,,,,,,,,,,,
DFDS Nijmegen BV,Netherlands,B1.1,Boulevard+054,,,,,,,,,,,,
DFS Gida San. ve Tic. A.S,Türkiye,4.2,D032,,,,,,,,,,,,
Dhaval Agri Exports LLP,India,1.2,L029,,,,,,,,,,,,
DI LEO PIETRO S.P.A.,Italy,5.2,A010+B019,,,,,,,,,,,,
Di Marco Corrado srl,Italy,4.1,C080,,,,,,,,,,,,
DI MOLFETTA PANTALEO & C. SNC,Italy,11.2,A054,,,,,,,,,,,,
Di Sano Srl,Italy,5.2,B020+C021,,,,,,,,,,,,
Di Vita S.p.A.,Italy,11.1,C060,,,,,,,,,,,,
Diaco,Iran,2.1,E044,,,,,,,,,,,,
DIAL srl,Italy,4.1,A093,,,,,,,,,,,,
Diamond Food Product Co Ltd,Thailand,1.2,H020,,,,,,,,,,,,
Diamond Foods LLC,United States of America,10.2,I062,,,,,,,,,,,,
"Diamond Preserved Food Co.,Ltd",Thailand,11.3,H035,,,,,,,,,,,,
Diano Casearia SpA,Italy,10.1,D078,,,,,,,,,,,,
"DIATOSTA - INDUSTRIA ALIMENTAR, S.A.",Portugal,3.2,C062,,,,,,,,,,,,
Diavena Ltd,Bulgaria,10.2,E059,,,,,,,,,,,,
Dibe Hispania SL,Spain,6.1,B013a,,,,,,,,,,,,
DICAL S.R.L.,Italy,11.2,B017a,,,,,,,,,,,,
DICKE FOOD MAKES FUN GmbH,Germany,10.2,A078,,,,,,,,,,,,
Dicoco Agroindustrial LTDA,Brazil,8.1,B031a,,,,,,,,,,,,
Dicofoods NV,Belgium,4.2,C041,,,,,,,,,,,,
Didden SA,Belgium,2.1,A058e,,,,,,,,,,,,
die Kleine Küche,Netherlands,P4.1,Passage+Halle+4+Halle+5+A066+B067,,,,,,,,,,,,
DIEUMOT PTE LTD,Singapore,2.1,A028,,,,,,,,,,,,
Diforti SRL,Italy,5.1,B041,,,,,,,,,,,,
Dijo Baking Sp. z o.o.,Poland,2.2,D018,,,,,,,,,,,,
Dilmah Ceylon Tea Company PLC,Sri Lanka,8.1,C071,,,,,,,,,,,,
Dimdini LTD,Latvia,5.2,A056a,,,,,,,,,,,,
DIMES A.S,Türkiye,8.1,A058,,,,,,,,,,,,
Dimitar Madzharov-2 Ltd.,Bulgaria,10.1,H071,,,,,,,,,,,,
DIMITRA PARPARAS SA,Greece,10.2,G016,,,,,,,,,,,,
Dino Corsini srl,Italy,2.2,C059,,,,,,,,,,,,
Dip City Oy,Finland,9.1,C038,,,,,,,,,,,,
Dipasa Europe B.V.,Netherlands,10.2,B020,,,,,,,,,,,,
Dirección General de Promoción de Exportaciones,Chile,3.1,A071%2C+A065,,,,,,,,,,,,
DirectSTEP GmbH,Germany,1.2,J026,,,,,,,,,,,,
Discovery Coftea Ltd.,Uganda,8.1,A091,,,,,,,,,,,,
DISHA FOODS PRIVATE LIMITED,India,2.2,E013,,,,,,,,,,,,
Dismark Products S.L,Spain,7.1,E035,,,,,,,,,,,,
Distillati Group srl,Italy,7.1,F049,,,,,,,,,,,,
Distillerie de la Seine,France,8.1,C031a,,,,,,,,,,,,
DISTILLERIE DELL'ETNA SRL,Italy,5.2,A041+A049,,,,,,,,,,,,
Brezelbäckerei Ditsch Gmbh,Germany,3.2,C069+C061,,,,,,,,,,,,
DIVAS drink INTERNATIONAL a.s.,Slovakia,8.1,D013,,,,,,,,,,,,
F.Divella S.p.A.,Italy,11.2,E020,,,,,,,,,,,,
Joaquin Ayora S.A.U / JASA Internacional,Spain,11.1,D023,,,,,,,,,,,,
DJILI SOY - Dzhihangir lbryam ET,Bulgaria,2.1,C022,,,,,,,,,,,,
"DK COMMODITY CO., LTD",Vietnam,1.2,N008,,,,,,,,,,,,
DLS Company Sp. z.o.o,Poland,4.2,B007,,,,,,,,,,,,
DMHERMES TRADE s.r.o.,Czech Republic,5.1,D025,,,,,,,,,,,,
DMK Deutsches Milchkontor GmbH,Germany,10.1,D010+C011,,,,,,,,,,,,
DMR Unlu Mamüller Üretim Gida Toptan Perakende Ihracat A.S,Türkiye,4.1,D061a,,,,,,,,,,,,
Dnepropetrovsk Food Concentrates Plant,Ukraine,5.2,E058,,,,,,,,,,,,
LLC Poultry Complex Dniprovskiy,Ukraine,9.1,E053,,,,,,,,,,,,
Dnz-Deniz Dis Tic. San. ve Paz. Ltd. Sti,Türkiye,11.3,C029,,,,,,,,,,,,
Dobeles Dzirnavnieks AS,Latvia,11.1,F061,,,,,,,,,,,,
DOBROGEA BISCUIT SRL,Romania,2.2,D019,,,,,,,,,,,,
Doc's Ginger GmbH,Germany,B.1,Boulevard+147,,,,,,,,,,,,
"Docapesca - Portos e Lotas, S.A.",Portugal,4.1,A051+B058,,,,,,,,,,,,
Docile Alimentos Ltda,Brazil,3.1,D023,,,,,,,,,,,,
DODONI S.A.,Greece,B1.1,Boulevard+039,,,,,,,,,,,,
DOFREEZE LLC,United Arab Emirates,CF,Confexhall+D033a,,,,,,,,,,,,
DOGRAMANTZI M. SMLLC,Greece,10.2,H009a,,,,,,,,,,,,
DOK Kindersüßwaren GmbH,Germany,3.1,B040,,,,,,,,,,,,
Dolce Bontà srl,Italy,5.2,C037,,,,,,,,,,,,
Dolceria Alba S.p.A.,Italy,4.1,C049,,,,,,,,,,,,
Savini Srl,Italy,3.2,B032,,,,,,,,,,,,
Dolci Peccati Srl,Italy,11.2,D008,,,,,,,,,,,,
Dolciaria Ambrosiana Srl.,Italy,2.2,C052,,,,,,,,,,,,
Dolciaria Monardo S.r.l.,Italy,11.2,C008+D009,,,,,,,,,,,,
Dolciaria Cerasani,Italy,8.1,B109,,,,,,,,,,,,
Dolciaria Naldoni di Naldoni Luca,Italy,11.2,A014a,,,,,,,,,,,,
Dolcitalia Funghitalia,Italy,5.2,B048a,,,,,,,,,,,,
DOLFIN S.P.A.,Italy,11.2,E060,,,,,,,,,,,,
Dolomais SRL,Italy,11.2,A035,,,,,,,,,,,,
Doluvo Sdn Bhd,Malaysia,1.2,N010+O011,,,,,,,,,,,,
Domäsko s.r.o.,Slovakia,9.1,E065,,,,,,,,,,,,
DOMENIUL DRAGASI SRL,Romania,9.1,B050a,,,,,,,,,,,,
DOMORI SPA,Italy,11.2,B034a,,,,,,,,,,,,
"Domremy Co., Ltd.",Japan,2.1,B046a,,,,,,,,,,,,
Arabian Food Industries domty,Egypt,2.1,C052a,,,,,,,,,,,,
Domvil Saica,Argentina,9.1,E052,,,,,,,,,,,,
DON DON LLC,Serbia,4.2,B066,,,,,,,,,,,,
Don Gastronom Spain SL,Spain,11.1,B040,,,,,,,,,,,,
"Dong Feng County Cui Feng Food Co., Ltd",China,5.2,A060,,,,,,,,,,,,
"Dong Jyue Enterprise Co., Ltd.",Taiwan,7.1,G053,,,,,,,,,,,,
"DONGGANG CITY YIPENG FOODSTUFF CO., LTD.",China,4.1,B008g,,,,,,,,,,,,
"DONGHWACNF CO.,LTD","Korea, Republic of",5.2,A071,,,,,,,,,,,,
Dongwon Group,"Korea, Republic of",11.2,B010,,,,,,,,,,,,
"Dongwoonongsan Co.,Ltd","Korea, Republic of",5.2,B069,,,,,,,,,,,,
"Dongxiao Biotechnology Co.,Ltd.",China,CF,Confexhall+C043,,,,,,,,,,,,
"Dongying Minxing Foods Co., Ltd.",China,4.1,A015a,,,,,,,,,,,,
"Zhengzhou Donsen Foods Co., Ltd",China,1.2,I036,,,,,,,,,,,,
DOP SRL CAFFè PARTENOPE,Italy,11.2,B059a,,,,,,,,,,,,
Dora Int. Ithalat Ihracat ve Acenta Hizmetleri Ltd. Sti.,Türkiye,5.1,F040,,,,,,,,,,,,
Dorcas International Trade,Tunisia,11.3,C040,,,,,,,,,,,,
Dorchin Co.,Iran,10.2,D087,,,,,,,,,,,,
DORSAL Expoventure Pvt. Ltd.,India,CF,Confexhall+G012,,,,,,,,,,,,
Dost Findik San. ve Tic. Ltd. Sti.,Türkiye,11.3,B017b,,,,,,,,,,,,
Dost Food Production sp. z o.o.,Poland,9.1,B036,,,,,,,,,,,,
DOUZENIS OLIVE OILS SA,Greece,10.2,H012,,,,,,,,,,,,
Doves Farm Foods Ltd.,United Kingdom,10.2,E062b,,,,,,,,,,,,
DOVGAN GmbH,Germany,4.2,E038,,,,,,,,,,,,
Dovido Gida San. ve Tic. A.S.,Türkiye,2.2,C039,,,,,,,,,,,,
Dox group,Serbia,8.1,C068a,,,,,,,,,,,,
DR PARVEENSS GLOBAL SDN BHD,Malaysia,1.2,N010+O011,,,,,,,,,,,,
"Dr. Chung'S Food Co.,Ltd","Korea, Republic of",7.1,G049,,,,,,,,,,,,
Dr. Goerg GmbH,Germany,5.1,E089+F088,,,,,,,,,,,,
"DR.Diary CO., LTD.",Taiwan,P1.1,Passage+Halle+2+Halle+4+002,,,,,,,,,,,,
Dragsbaek A/S,Denmark,10.1,C049,,,,,,,,,,,,
Dreamfarm,Italy,1.2,C035,,,,,,,,,,,,
DREAMFIELD TAIWAN CORP.,Taiwan,7.1,G055,,,,,,,,,,,,
dreher bio gmbh,Germany,10.2,C050a,,,,,,,,,,,,
Drink a Flower,Belgium,7.1,G011a,,,,,,,,,,,,
DRINK ID sp. z o.o.,Poland,7.1,F051,,,,,,,,,,,,
drinkdrink!,Belgium,2.1,B059a,,,,,,,,,,,,
Drinkera SK,Slovakia,10.2,B091,,,,,,,,,,,,
Dristor Kebab SRL,Romania,5.1,C018,,,,,,,,,,,,
P.D. Drobex Sp. z.o.o.,Poland,9.1,D031+E038,,,,,,,,,,,,
DROSED HOLDING S.A.,Poland,9.1,D031+E038%2C+B038,,,,,,,,,,,,
DRRK Foods Private Limited,India,11.3,D042a,,,,,,,,,,,,
DRYFO MENEXOPOULOS BROS SA,Greece,10.2,A081,,,,,,,,,,,,
DSN Green Food Company GmbH,Germany,3.1,C014,,,,,,,,,,,,
Deutsches Tiefkühlinstitut e.V.,Germany,4.2,B011+C010,,,,,,,,,,,,
DEDC,United Arab Emirates,CF,Confexhall+C026%2C+Confexhall+C010g+D011g,,,,,,,,,,,,
Dubai Industrial City,United Arab Emirates,CF,Confexhall+C028,,,,,,,,,,,,
Dubnomoloko LLC,Ukraine,10.1,C073,,,,,,,,,,,,
DULCA SL,Spain,11.1,A011,,,,,,,,,,,,
DULCENAC S.A.,Ecuador,3.1,C011+C019,,,,,,,,,,,,
Dunav Prod SRL,Romania,2.2,C010a,,,,,,,,,,,,
Dunbia (UK),United Kingdom,6.1,C046,,,,,,,,,,,,
Dunicec Com SRL,Romania,2.2,C014a,,,,,,,,,,,,
Duniya,United Kingdom,10.2,E060,,,,,,,,,,,,
DUNTOWER CORPORATION LIMITED,United Kingdom,6.1,D009,,,,,,,,,,,,
Dunya Food Ihr. Ith. San. Tic. A.S.,Türkiye,9.1,E044,,,,,,,,,,,,
DUNYA HOLDING,Poland,4.2,D081+D089,,,,,,,,,,,,
DUQUESA S.A BIC,Colombia,3.1,D030+D048,,,,,,,,,,,,
DURANCOCOA S.A.,Ecuador,3.1,C011+C019,,,,,,,,,,,,
DURGA CORPORATION,India,11.3,H028,,,,,,,,,,,,
Duroc d'Olives bvba,Belgium,6.1,A079,,,,,,,,,,,,
Duru Bulgur Gida San. ve Tic. A.S.,Türkiye,11.2,F038,,,,,,,,,,,,
Durucu Findik Standart Gida Imalat Ith. Ihr. Tic. ve San. Ltd. Sti.,Türkiye,2.2,A039a,,,,,,,,,,,,
Durukan Sekerleme San. ve Tic. A.S.,Türkiye,5.1,D041,,,,,,,,,,,,
Durum Company NL BV,Netherlands,2.2,A062,,,,,,,,,,,,
Dutch Cranberry Group BV,Netherlands,11.1,F016,,,,,,,,,,,,
Dutch Food Solutions B.V,Netherlands,4.2,A020,,,,,,,,,,,,
Duva Cerisettes & Chocolates,Belgium,2.1,A054,,,,,,,,,,,,
"DUY ANH FOODS IMPORT EXPORT CO., LTD",Vietnam,CF,Confexhall+B030+C039,,,,,,,,,,,,
Dyandy Nuts Srl,Romania,2.2,C016a,,,,,,,,,,,,
JSC Dzukija,Lithuania,10.2,F049a,,,,,,,,,,,,
Far Way General Trading LLC,United Arab Emirates,8.1,D108,,,,,,,,,,,,
E. Neophytou trading Co Ltd. (Serano Nuts),Cyprus,11.2,G045,,,,,,,,,,,,
"E.T.C Eaib Tong Chan Co.,Ltd",Thailand,11.3,G040a,,,,,,,,,,,,
Eang Heang Import Export Co. Ltd.,Cambodia,2.1,B011+B019,,,,,,,,,,,,
East Plus Inc.,"Korea, Republic of",5.1,A068a,,,,,,,,,,,,
East Rice Company Pvt. Ltd.,Pakistan,11.3,E030,,,,,,,,,,,,
East River Foods EPZ Limited,Kenya,5.2,C059,,,,,,,,,,,,
Easy Good Food B.V.,Netherlands,4.2,D074,,,,,,,,,,,,
easyfood A/S,Denmark,3.2,C020,,,,,,,,,,,,
eat Performance Naturkost UG,Germany,5.1,F081,,,,,,,,,,,,
Ebbo Maroc SA,Morocco,11.3,A040+B049,,,,,,,,,,,,
Ebrofrost Holding GmbH,Germany,4.2,C018,,,,,,,,,,,,
"Echigo Seika.,Co.Ltd",Japan,2.1,D027,,,,,,,,,,,,
Eclor Entreprises,France,8.1,C031,,,,,,,,,,,,
Eco Berry FE,Ukraine,5.1,F039,,,,,,,,,,,,
ECO EXPORT,India,3.1,A001,,,,,,,,,,,,
ECO FRUCT SULTANA SRL,Romania,11.2,G036,,,,,,,,,,,,
ECO Gastrohandels GmbH,Austria,2.1,C019,,,,,,,,,,,,
VIANDE SRL / ECOCARNES SA,Argentina,6.1,D038,,,,,,,,,,,,
ECOFRIGO,Brazil,9.1,D040,,,,,,,,,,,,
Ecofrost S.A.,Belgium,4.1,B041,,,,,,,,,,,,
"Ecolife Food, S.L.",Spain,11.1,B021a,,,,,,,,,,,,
Econut SRO,Czech Republic,10.2,D016a,,,,,,,,,,,,
Ecoproduct Asia LLC,Kyrgyzstan,11.3,C051,,,,,,,,,,,,
Ecosac Agricola S.A.C.,Peru,3.1,B017,,,,,,,,,,,,
Ecoselva LLC,United States of America,1.2,I007a,,,,,,,,,,,,
Ecotravio srl,Romania,11.3,E024a,,,,,,,,,,,,
"ECOVINAL, SLU",Spain,P4.1,Passage+Halle+4+Halle+5+B041a,,,,,,,,,,,,
Européenne de Condiments (SAS),France,10.2,B058,,,,,,,,,,,,
Edelmänner GmbH,Austria,11.2,G024,,,,,,,,,,,,
Edinborough Products Pvt Ltd,Sri Lanka,1.2,G011,,,,,,,,,,,,
Edita Food Industries S.A.E.,Egypt,4.1,B088,,,,,,,,,,,,
Edizioni Turbo SRL,Italy,P6.1,Passage+Halle+10+Halle+11+022,,,,,,,,,,,,
Edma Food SL,Spain,P4.1,Passage+Halle+4+Halle+5+B002a,,,,,,,,,,,,
Edoardo Freddi International srl,Italy,7.1,E046a,,,,,,,,,,,,
EDPOL Food & Innovation Sp. z o.o.,Poland,4.2,C049,,,,,,,,,,,,
EDULAB - LABORATÓRIO DE EDULCORANTES,Portugal,11.1,F043b,,,,,,,,,,,,
Eesti Pagar AS,Estonia,4.1,E018,,,,,,,,,,,,
EFARM,Poland,9.1,D031+E038,,,,,,,,,,,,
Efe Food Gida Ins. Nak. Taah. Ith. Ihr. Paz. San. ve Tic. Ltd. Sti.,Türkiye,7.1,G023,,,,,,,,,,,,
EFKO Frischfrucht und Delikatessen GmbH,Austria,11.2,G020,,,,,,,,,,,,
EGARRI EDARIAK s.a.s.,France,8.1,C039a,,,,,,,,,,,,
EGCT FROZEN,Egypt,4.2,A099a,,,,,,,,,,,,
Egger Getränke GmbH & Co.OG,Austria,8.1,C030,,,,,,,,,,,,
Egrin Alimentacion Sl,Spain,P4.1,Passage+Halle+4+Halle+5+A032,,,,,,,,,,,,
EGUIA FOOD FACTORY S.L.,Spain,11.1,C020a,,,,,,,,,,,,
Egy Salt for Salts and Minerals,Egypt,2.1,B060,,,,,,,,,,,,
Egypt Expo & Convention Authority - EECA,Egypt,2.1,C059a%2C+D059l%2C+A051l%2C+E057l,,,,,,,,,,,,
Egyptian Saudi Food Industries Co.,Egypt,4.2,B084,,,,,,,,,,,,
Egyptian Swiss Group,Egypt,2.1,D051,,,,,,,,,,,,
Egyptian Turkish company for Confectionery industry Elvan,Egypt,2.1,B054a,,,,,,,,,,,,
Ehrenmanns GmbH,Germany,1.2,B038,,,,,,,,,,,,
Privatbrauerei Eichbaum Gmbh & Co. KG,Germany,7.1,D020,,,,,,,,,,,,
EisBerger GmbH & Co. KG,Germany,B.1,Boulevard+122%2C+Boulevard+122l,,,,,,,,,,,,
Eisenga Cheese Entrepreneurs FIRMA R. & A. EISENGA,Netherlands,10.1,H076,,,,,,,,,,,,
"EKD Co., Ltd.",Japan,2.1,B040a,,,,,,,,,,,,
Eker Sut Urunleri Gida San. ve Tic. A.S.,Türkiye,10.1,B070,,,,,,,,,,,,
Eko Mes SLTD,Bulgaria,7.1,A021,,,,,,,,,,,,
Ekofrisa UAB,Lithuania,10.2,F045,,,,,,,,,,,,
Ekolo Productos Ecológicos,Spain,P4.1,Passage+Halle+4+Halle+5+A042a,,,,,,,,,,,,
Ekoturka Tekstil Tar. Hayv. Tas. San. ve Tic. A.S.,Türkiye,5.1,D046,,,,,,,,,,,,
Ekrem Agro Dis Tic. A.S.,Türkiye,11.3,A006,,,,,,,,,,,,
EKRO B.V.,Netherlands,6.1,B010+C011,,,,,,,,,,,,
EKSKLUZIV DOO,Republic of North Macedonia,11.1,G054,,,,,,,,,,,,
Eksun Gida Tarim San. ve Tic. A.S.,Türkiye,11.3,B025b,,,,,,,,,,,,
EKTIFA Sharjah Agriculture & Livestock Est.,United Arab Emirates,2.1,E061,,,,,,,,,,,,
El Campo S.A.,Argentina,4.1,B095,,,,,,,,,,,,
El Conchel Original Food S.A.,Spain,7.1,B045,,,,,,,,,,,,
El Encinar de Humienta S.A.,Spain,6.1,C088a,,,,,,,,,,,,
El Fath el Eslamy Co for Food Industries,Egypt,2.1,A055a,,,,,,,,,,,,
"EL GRAN CARDENAL, S.A.",Spain,10.1,B056,,,,,,,,,,,,
El Maleka For Food Industries,Egypt,2.1,C059,,,,,,,,,,,,
EL OUM,Tunisia,11.3,D048,,,,,,,,,,,,
El Rashidi El Mizan Confectionery Co.,Egypt,2.1,C055,,,,,,,,,,,,
EL SABOR MEXICAN FOODS SA,Greece,3.2,B051,,,,,,,,,,,,
EL YUCATECO SALSAS Y CONDIMENTOS,Mexico,3.1,C078+D079,,,,,,,,,,,,
el zomoroda for vorn products,Egypt,2.1,C057a,,,,,,,,,,,,
Elaborados Naturales de la Ribera,Spain,5.1,A063,,,,,,,,,,,,
Elah Dufour S.p.A,Italy,11.2,E018b,,,,,,,,,,,,
ELASION S.A.,Greece,11.2,E032,,,,,,,,,,,,
Elbak S.A.,Greece,10.2,H010,,,,,,,,,,,,
Elbtaler GmbH & Co. KG,Germany,10.2,D056,,,,,,,,,,,,
ELBURG FOODS B.V.,Netherlands,6.1,E049,,,,,,,,,,,,
Elburg Global B.V.,Netherlands,11.1,D038,,,,,,,,,,,,
ELCOR S.A.,Argentina,10.1,B026,,,,,,,,,,,,
Elegant Trading Inc.,United States of America,10.2,H073a,,,,,,,,,,,,
ELEONES HALKIDIKIS S.A.,Greece,10.2,G024,,,,,,,,,,,,
Elhawag Company,Egypt,2.1,A057a,,,,,,,,,,,,
Elhayer Gida San. ve Tic. Ltd. Sti.,Türkiye,8.1,B087a,,,,,,,,,,,,
Elif Foods,Netherlands,4.2,B038,,,,,,,,,,,,
ELIT MES MINEV RODOPA V.T. LTD,Bulgaria,7.1,A011,,,,,,,,,,,,
ELiT-P EOOD,Bulgaria,2.2,B049,,,,,,,,,,,,
Elita Gida Sanayi Ve Tic. A.S.,Türkiye,11.1,E060,,,,,,,,,,,,
Elite Naturel Organik Gida San  Ve Tic A.S.,Türkiye,5.1,D079,,,,,,,,,,,,
Elitfood LLC,Ukraine,4.1,D098+C091,,,,,,,,,,,,
Elivia,France,9.1,B015,,,,,,,,,,,,
Elixir LTD,Bulgaria,B.1,Boulevard+141,,,,,,,,,,,,
Eljap B.V.,Netherlands,11.1,F014,,,,,,,,,,,,
Ellawala Horticulture Pvt. Ltd.,Sri Lanka,1.2,G013,,,,,,,,,,,,
Ellebi S.A.S.,Italy,11.2,D057,,,,,,,,,,,,
Elliniki Nostimia Simantidoy Agapi,Greece,4.1,A031,,,,,,,,,,,,
ELMAC FOODS LLP,India,11.3,F031,,,,,,,,,,,,
Elmar Trading and Production Co Ltd,Vietnam,1.2,N008,,,,,,,,,,,,
ELMARWA for preseving and freezing vegetable foods,Egypt,4.2,A092,,,,,,,,,,,,
ELMES KON.DIAKOUMIS LTD,Greece,11.2,G068a,,,,,,,,,,,,
Elnas Nuts Gida Insaat Tic ve Ltd Sti,Türkiye,10.2,D091,,,,,,,,,,,,
ELokani Investments (pty) ltd,South Africa,11.1,A060,,,,,,,,,,,,
Elondale Ltd T/A First Quality Foods,United Kingdom,10.2,E062d,,,,,,,,,,,,
Elpol Luzniak Sp. k.,Poland,11.1,E062,,,,,,,,,,,,
"ELPOZO ALIMENTACIÓN, S.A",Spain,6.1,B081+B089,,,,,,,,,,,,
elreyada for rice milling&manufacturing,Egypt,2.1,B063,,,,,,,,,,,,
Elsa Group (Mifroma),Switzerland,10.1,B039,,,,,,,,,,,,
Elswedy For Food Industries,Egypt,2.1,A051,,,,,,,,,,,,
Eltar Sp. z o.o.,Poland,,,,,,,,,,,,,,
Elvan Gida Sanayi ve Ticaret A.S.,Türkiye,2.2,B021,,,,,,,,,,,,
Evia Foods S.A.S.,France,9.1,A010,,,,,,,,,,,,
ELVIART Kaloidas SA,Greece,4.2,C059,,,,,,,,,,,,
Elvida Foods S.A.,Greece,10.2,H016,,,,,,,,,,,,
EM Export,France,9.1,B035,,,,,,,,,,,,
Embassy of Indonesia,Germany,,,,,,,,,,,,,,
Embi Gida A.S.,Türkiye,4.1,D060,,,,,,,,,,,,
Emblem Cranberry Inc. - Grand Blue Inc.,Canada,11.2,C027,,,,,,,,,,,,
Embotits Salgot S.A.,Spain,7.1,C045,,,,,,,,,,,,
"Embutidos Y Jamones España e Hijos, S.A.",Spain,7.1,A041,,,,,,,,,,,,
"Embutidos del Centro,SA",Spain,7.1,B044,,,,,,,,,,,,
EMBUTIDOS DOMINGO ORTIZ,Spain,7.1,B040,,,,,,,,,,,,
EMBUTIDOS GEAL,Spain,7.1,B055,,,,,,,,,,,,
"EMBUTIDOS HORTANCO, S.L.",Spain,P4.1,Passage+Halle+4+Halle+5+B041,,,,,,,,,,,,
EMBUTIDOS SARQUELLA SL,Spain,7.1,D045,,,,,,,,,,,,
Emco spol. s.r.o.,Czech Republic,11.1,E035,,,,,,,,,,,,
Emek Dogal Saglik Ur. Iklimlendirme Gida Ins. San. Tic. Ltd. Sti.,Türkiye,11.3,B032a,,,,,,,,,,,,
Emeraude,Belgium,7.1,E061,,,,,,,,,,,,
EMFACAR SL,Spain,11.1,E020b,,,,,,,,,,,,
Emilia Foods,Italy,4.1,C029,,,,,,,,,,,,
Emiliana Conserve,Italy,11.2,D038,,,,,,,,,,,,
Emilio Vallejo S.A.,Spain,11.1,F019f,,,,,,,,,,,,
Wageswiese GmbH,Germany,10.2,D059,,,,,,,,,,,,
Emirates Macaroni Factory,United Arab Emirates,CF,Confexhall+C020,,,,,,,,,,,,
EMIX Sp. z o.o,Poland,10.2,E061,,,,,,,,,,,,
EmmeFood Srl,Italy,5.1,B039,,,,,,,,,,,,
Emmentaler Switzerland,Switzerland,10.1,B029,,,,,,,,,,,,
Emmi AG,Switzerland,10.1,C040,,,,,,,,,,,,
Emmi Dessert Italia S.p.a.,Italy,10.1,C048,,,,,,,,,,,,
"EMPIRE EAGLE FOOD CO., LTD.",Taiwan,7.1,G051,,,,,,,,,,,,
Empire Teas (Pvt) Ltd.,Sri Lanka,8.1,C109,,,,,,,,,,,,
Emsal Sekerleme Kuruyemis Gida San. A.S.,Türkiye,11.3,B026,,,,,,,,,,,,
"Enaxus (Thailand) Co.,Ltd.",Thailand,11.3,H035a,,,,,,,,,,,,
Endless West,United States of America,8.1,D052,,,,,,,,,,,,
Endo Foods Ltd,United Kingdom,2.2,A062,,,,,,,,,,,,
ENERGY FOOD INGREDIENTS B.V.,Netherlands,8.1,D049,,,,,,,,,,,,
@ Energy - Sugar Brazilian Company,Brazil,3.1,D027,,,,,,,,,,,,
Engel Foreign Food B.V.,Netherlands,8.1,A020,,,,,,,,,,,,
English Tea Shop (UK) Ltd,United Kingdom,5.1,C049,,,,,,,,,,,,
Engstrom Bean & Seed CoJACK Snack & Pack,United States of America,10.2,G079,,,,,,,,,,,,
ENIA FOODS PC,Greece,10.2,I036,,,,,,,,,,,,
Enka Sut ve Gida Mamulleri San. ve Tic. A.S.,Türkiye,10.1,B078,,,,,,,,,,,,
Enko Meyve Orman Urn. San. ve Tic. Ltd. Sti.,Türkiye,11.3,B030,,,,,,,,,,,,
Ennjoi Europe BV,Netherlands,11.1,G030,,,,,,,,,,,,
Ennstal Milch KG,Austria,8.1,D029,,,,,,,,,,,,
ENOVA FOODS SA,Brazil,3.1,C029b,,,,,,,,,,,,
"Enshi Lanbei Tea Industry Co., Ltd.",China,5.1,F021,,,,,,,,,,,,
ENTAJ ALNAKHEEL FOR INDUSTRY CO.,Saudi Arabia,2.1,E018,,,,,,,,,,,,
LEPL Enterprise Georgia,Georgia,11.1,D050b,,,,,,,,,,,,
Enterprise Greece S.A.,Greece,10.2,G008a%2C+E009a,,,,,,,,,,,,
ENTHALPIA,Greece,11.2,G025,,,,,,,,,,,,
EntoSus GmbH,Germany,B.1,Boulevard+105,,,,,,,,,,,,
ENTRENUTS SRL,Argentina,4.1,B099a,,,,,,,,,,,,
Grupo Entrepinares S.L.U,Spain,10.1,H018,,,,,,,,,,,,
EntreSetas Agro SL,Spain,11.1,B034,,,,,,,,,,,,
Envasur Envases Suramericanos S.A.,Ecuador,3.1,A020a,,,,,,,,,,,,
ENVIRIUM LIFE SCIENCES,Belgium,5.2,E053a,,,,,,,,,,,,
UAB,Lithuania,B.1,Boulevard+142l%2C+Boulevard+142,,,,,,,,,,,,
Epirus Vios P.C,Greece,10.2,I013a,,,,,,,,,,,,
Epsa S.A.,Greece,8.1,C041b,,,,,,,,,,,,
Equisalud,Spain,P4.1,Passage+Halle+4+Halle+5+A036,,,,,,,,,,,,
Er Pilic Entegre Tavukculuk Uretim Paz. ve Tic. A.S.,Türkiye,9.1,D049,,,,,,,,,,,,
ERAWAN FOOD PUBLIC COMPANY LIMITED,Thailand,11.3,H059%2C+G010gH019g,,,,,,,,,,,,
"Erawan Interfood Co.,Ltd",Thailand,1.2,F021,,,,,,,,,,,,
Ercal Findik Otomotiv San. Ve Tic. A.S.,Türkiye,11.3,C020,,,,,,,,,,,,
Erhard Pâtissier Glacier,France,10.2,F042,,,,,,,,,,,,
Erisler Gida San. ve Tic. A.S.,Türkiye,11.3,C023b,,,,,,,,,,,,
Erkanlar Uzum Tarim Urunleri Gida Ith. Ihr. San. ve Tic. Ltd. Sti.,Türkiye,11.3,C022,,,,,,,,,,,,
ErlebnisSennerei Zillertal GmbH,Austria,10.1,C027,,,,,,,,,,,,
Erlenbacher Backwaren GmbH,Germany,4.1,B030,,,,,,,,,,,,
ERMILIA OLIVES S.A,Greece,10.2,H015,,,,,,,,,,,,
Fromagerie de L'Ermitage,France,10.1,B011,,,,,,,,,,,,
Ernest Soulard,France,9.1,B035a,,,,,,,,,,,,
Erorhan Gida San. ve Tic. Ltd. Sti.,Türkiye,11.3,C035,,,,,,,,,,,,
Ersu Meyve Suyu ve Gıda San. A.S.,Türkiye,8.1,E048,,,,,,,,,,,,
Erturk Uzum ve Tar. Urun. Islet Ith. Ihr. San. Tic. A.S.,Türkiye,11.3,B029c,,,,,,,,,,,,
KONINKLIJKE ERU KAASFABRIEK B.V. ROYAL ERU,Netherlands,10.1,B051,,,,,,,,,,,,
ERZINIO SALUMIFICIO CIOCIARO,Italy,5.2,A030+B031,,,,,,,,,,,,
ES KOMERC LLC,Serbia,11.1,C042,,,,,,,,,,,,
ESA,Netherlands,6.1,B010+C011,,,,,,,,,,,,
ESAS Europe GmbH,Germany,11.3,A023,,,,,,,,,,,,
Esbro B.V.,Netherlands,9.1,C011+D018,,,,,,,,,,,,
ESCAL - KAUFFER'S,France,4.2,B050,,,,,,,,,,,,
Escarcom S.A.,Greece,4.2,D091,,,,,,,,,,,,
Escorxador Frigorific Reixach,Spain,6.1,A066,,,,,,,,,,,,
ESIR SMART TRADING,Spain,5.2,D053a,,,,,,,,,,,,
Eskisehir Petrol Gida Oto San. ve Tic. A.S.,Türkiye,7.1,G019a,,,,,,,,,,,,
Esme Konservecilik Gida ve Tarim Urunleri San. ve Tic. A.S.,Türkiye,11.3,A018,,,,,,,,,,,,
ESPIDO FOOD TRADING GBR,Germany,10.2,A031,,,,,,,,,,,,
ESPINALER 1896 S.L,Spain,11.1,D037a,,,,,,,,,,,,
Espirito Cacau Industria e Comércio Ltda,Brazil,3.1,D027a,,,,,,,,,,,,
Esro Food Group,Netherlands,6.1,A110,,,,,,,,,,,,
ESS-FOOD A/S,Denmark,6.1,B048,,,,,,,,,,,,
Establecimiento Santa Ana S.A.,Argentina,8.1,A078,,,,,,,,,,,,
Establecimientos San Ignacio S.A,Argentina,3.2,B061a,,,,,,,,,,,,
Estancias de Patagonia S.A.,Argentina,6.1,C038,,,,,,,,,,,,
Esteban Espuña S.A.,Spain,7.1,D041,,,,,,,,,,,,
Estonian Chamber of Agriculture and Commerce,Estonia,1.2,A028,,,,,,,,,,,,
Estover Piimatööstus OÜ,Estonia,10.1,A072+A078,,,,,,,,,,,,
Frigorifico Estrela,Brazil,6.1,E070,,,,,,,,,,,,
Eswaran Brothers Exports,Sri Lanka,8.1,D089,,,,,,,,,,,,
Etablissement Nouri et Cie,Tunisia,11.3,C044b,,,,,,,,,,,,
ETG,Canada,11.2,C036a,,,,,,,,,,,,
Ethnic World di Ceola Federico,Italy,2.1,A012,,,,,,,,,,,,
Etihad Shabab Trading Company,Saudi Arabia,CF,Confexhall+D036,,,,,,,,,,,,
"EU Land and Pepper Investment Co., Ltd.",Cambodia,4.1,D094,,,,,,,,,,,,
EU PEPPERLAND,Greece,5.1,B053,,,,,,,,,,,,
"EU Poultry, s.r.o.",Slovakia,9.1,E010,,,,,,,,,,,,
Euras int BVBA- Premium Foods,Belgium,2.1,B055,,,,,,,,,,,,
Eurasia Horizonte GmbH,Germany,7.1,E036,,,,,,,,,,,,
Eurial,France,10.1,C018,,,,,,,,,,,,
Euricom Spa,Italy,10.2,E089,,,,,,,,,,,,
Eurimac S.A.,Greece,10.2,H019,,,,,,,,,,,,
Eurl Degla Expo,Algeria,2.1,E045,,,,,,,,,,,,
EURO ARCADE SDN BHD,Malaysia,1.2,F007a,,,,,,,,,,,,
Eurocompany spa,Italy,5.1,C041,,,,,,,,,,,,
Euro Distri Service (EDS),Belgium,2.1,A058c,,,,,,,,,,,,
Euro Gida San. ve Tic. A.S.,Türkiye,11.1,G028,,,,,,,,,,,,
"EUROAMBROSIAS, S.L.",Spain,7.1,C047a,,,,,,,,,,,,
Eurocaviar,Spain,11.1,A010,,,,,,,,,,,,
Eurochamp S.A.T,Spain,11.1,C013,,,,,,,,,,,,
Eurocom Srl,Italy,5.2,C013,,,,,,,,,,,,
Eurodelices,France,10.1,B019,,,,,,,,,,,,
Euroestrellas Fred S.L.,Spain,7.1,B008,,,,,,,,,,,,
Eurofins NDSC Food Testing Germany GmbH,Germany,P2.1,Passage+Halle+3+Halle+11+001,,,,,,,,,,,,
EUROFISH S.A.,Ecuador,3.1,A026,,,,,,,,,,,,
Eurofood srl,Italy,8.1,D061,,,,,,,,,,,,
EuroFoodArt PDO and PGI products from Europe,Belgium,7.1,E049,,,,,,,,,,,,
Euronut Kuruyemis ve Tic. A.S.,Türkiye,11.3,C030,,,,,,,,,,,,
Maceder SL,Spain,4.2,C068,,,,,,,,,,,,
Europa Cuisson S.A.,Belgium,9.1,E060,,,,,,,,,,,,
Europastry S.A.,Spain,3.2,A029,,,,,,,,,,,,
European Food International,Romania,10.2,C030,,,,,,,,,,,,
European Food International,Romania,11.3,E026,,,,,,,,,,,,
Europi S.r.l.,Italy,5.2,B016,,,,,,,,,,,,
EUROPRALINE S.L,Spain,2.2,B050,,,,,,,,,,,,
EUROSER SAS,France,9.1,B017a,,,,,,,,,,,,
Eurosud Cataldi srl,Italy,11.3,D022b,,,,,,,,,,,,
EUROTERM CJSC,Armenia,2.1,D058+E059,,,,,,,,,,,,
Eurotrade Juice SAS,France,8.1,C021,,,,,,,,,,,,
Eurovanille SAS,France,10.2,F012,,,,,,,,,,,,
EUROVEG Ltd.,Cyprus,5.1,B071,,,,,,,,,,,,
Eurovo srl,Italy,10.1,F029,,,,,,,,,,,,
Eurowafel Sp. z o.o. Sp.k.,Poland,2.2,D014,,,,,,,,,,,,
EVA s.r.o.,Slovakia,4.1,E093,,,,,,,,,,,,
Ever Green Gida Dis Ticaret A.S.,Türkiye,3.1,B031a,,,,,,,,,,,,
EVEREST FOOD PRODUCTS PRIVATE LIMIT,India,3.1,D019,,,,,,,,,,,,
"EVERGREEN CORPORATION CO., LTD.",China,2.2,A055b,,,,,,,,,,,,
Evershine Food And Beverage International Co. Ltd.,Taiwan,8.1,A013,,,,,,,,,,,,
Evers Specials B.V.,Netherlands,P4.1,Passage+Halle+4+Halle+5+A066+B067,,,,,,,,,,,,
Evine LLC,Japan,4.2,A081,,,,,,,,,,,,
EVOIKI ZIMI S.A.,Greece,4.1,E030,,,,,,,,,,,,
Evoke Oy,Finland,8.1,A041,,,,,,,,,,,,
Evrafish Sp. z o. o.,Poland,11.1,D057c,,,,,,,,,,,,
Evrofarma S.A.,Greece,10.1,A040,,,,,,,,,,,,
EWU Thüringer Wurst und Spezialitäten GmbH,Germany,7.1,A019,,,,,,,,,,,,
EXARHOS S.A.,Greece,10.1,A067,,,,,,,,,,,,
Excel Foods Pvt Ltd,India,8.1,D012a,,,,,,,,,,,,
EXELNUT LDA,Portugal,11.1,E048b,,,,,,,,,,,,
EXERETON,Greece,11.2,F066,,,,,,,,,,,,
Eximcan Canada,Canada,11.2,C038,,,,,,,,,,,,
EximTorg LLC,Kyrgyzstan,11.3,C051,,,,,,,,,,,,
EXOTIC CITY SRL,Belgium,5.2,E053,,,,,,,,,,,,
Exotic EPZ,Kenya,5.2,C059,,,,,,,,,,,,
Exotic Food PCL,Thailand,3.1,A041,,,,,,,,,,,,
Expo-Group ltd.,Bulgaria,10.2,E030a,,,,,,,,,,,,
EXPOAID-AGROSPARTA,Greece,11.2,G021,,,,,,,,,,,,
Expoeast for Manufacturing & Global Trade Co,Egypt,2.1,A057b,,,,,,,,,,,,
Expohub International Trade & Event Inc,Canada,10.2,E045,,,,,,,,,,,,
EXPORT PACKERS COMPANY LTD.,Canada,6.1,E058,,,,,,,,,,,,
Export Partner,Netherlands,P4.1,Passage+Halle+4+Halle+5+A066+B067,,,,,,,,,,,,
Export Promotion Bureau,Bangladesh,3.1,A029,,,,,,,,,,,,
Export Promotion Center KCCI,Ukraine,CF,Confexhall+B026l%2C+Confexhall+B020,,,,,,,,,,,,
Anjari Exportadora Spa,Chile,3.1,B077a,,,,,,,,,,,,
Exportadora Baika S.A.,Chile,3.1,A070,,,,,,,,,,,,
Exportadora Growex S.A.,Chile,3.1,B079a,,,,,,,,,,,,
Exportadora Prize S.A.,Chile,3.1,A079,,,,,,,,,,,,
Exportadora Quelen Spa,Chile,3.1,B071a,,,,,,,,,,,,
Exportadora Valley Way SPA,Chile,3.1,A078,,,,,,,,,,,,
Expoteas Ceylon (Pvt) Ltd,Sri Lanka,8.1,B088,,,,,,,,,,,,
"EXPRES MENU, s.r.o.",Czech Republic,5.1,F062,,,,,,,,,,,,
Exstase Großhandel GmbH,Germany,7.1,E028a,,,,,,,,,,,,
Extra Fruit Fillings SHPK,Kosovo,2.1,E010,,,,,,,,,,,,
Extremadura Avante S.A.P. S.L.U.,Spain,11.1,E030,,,,,,,,,,,,
EZEEBEE OVERSEAS PRIVATE LIMITED,India,2.2,E050,,,,,,,,,,,,
IORDANIS TSAGAROPOULOS FRESHLAND S.A.,Greece,10.2,G030,,,,,,,,,,,,
"F W Inter Trading Co.,Ltd.",Thailand,5.1,B066,,,,,,,,,,,,
F&B-wine partners sàrl,Switzerland,7.1,E021a,,,,,,,,,,,,
F&F Ingredients SA - Molino Juan Semino,Argentina,3.1,C061a,,,,,,,,,,,,
F.I.A.D. srl,Italy,4.1,B100,,,,,,,,,,,,
"FJ Sanchez Sucesores, S.A.U.",Spain,11.1,D008,,,,,,,,,,,,
F.LLI BACCHI SAS,Italy,5.2,A041+A049,,,,,,,,,,,,
F.lli Caprino SRL,Italy,5.2,A041+A049,,,,,,,,,,,,
F.lli Masella srl,Italy,5.2,A030+B031,,,,,,,,,,,,
F.P.D SRL,Italy,5.1,F041,,,,,,,,,,,,
Fabal S.A.,Chile,3.1,A071a,,,,,,,,,,,,
BISCOTTI P. GENTILINI S.P.A. – S.B.,Italy,2.2,C054,,,,,,,,,,,,
Fabio Produkt spol s.r.o.,Czech Republic,11.1,G026,,,,,,,,,,,,
Fable Spirit Lda,Portugal,5.2,D057a,,,,,,,,,,,,
Fábrica de Conservas A Poveira S.A.,Portugal,11.1,E046,,,,,,,,,,,,
Fábrica de la Felicidad (Juancamole),Colombia,3.1,D030+D048,,,,,,,,,,,,
FABRICA JAEN SLU (FAMILY BISCUITS),Spain,11.1,F023,,,,,,,,,,,,
Fabrica Matadero Y Despiece S.A.,Spain,6.1,C089,,,,,,,,,,,,
Fabridoce - Doces Regionais S.A.,Portugal,11.1,F051a,,,,,,,,,,,,
FACCSA PROLONGO,Spain,6.1,A019,,,,,,,,,,,,
Facino Srl,Italy,11.2,B061,,,,,,,,,,,,
FADE FIDA YATIRIM SAN. TIC. A.S.,Türkiye,10.2,I050,,,,,,,,,,,,
Fadel S.A.,Argentina,9.1,D055a,,,,,,,,,,,,
Fadie Food B.V.,Netherlands,11.3,E045,,,,,,,,,,,,
FAGE International S.A.,Luxembourg,10.1,C071,,,,,,,,,,,,
Faiges S.L.,Spain,11.1,G008,,,,,,,,,,,,
FAIR EXPORTS (INDIA) PVT LTD,India,6.1,D120,,,,,,,,,,,,
FAIR TRADE AND TOURISM LEBANON SAL,Lebanon,2.1,E013a,,,,,,,,,,,,
Fairman Trading Limited,United Kingdom,10.2,E062a,,,,,,,,,,,,
fairouz land for agricultur,Egypt,2.1,A055,,,,,,,,,,,,
Falco S.r.l.,Italy,11.2,B033a,,,,,,,,,,,,
FALCON ADRIAN BABINSKI,Poland,5.1,B060,,,,,,,,,,,,
Falcon International,Netherlands,11.1,G036a,,,,,,,,,,,,
Fallini Formaggi Srl,Italy,10.1,G050a,,,,,,,,,,,,
FAMIGLIA DI PASTA S.A.,Greece,4.1,A100,,,,,,,,,,,,
Familia Dionisio Sánchez,Spain,7.1,B044a,,,,,,,,,,,,
Famobra A/S,Denmark,5.2,E037a,,,,,,,,,,,,
Fanon d.o.o.,Croatia,11.1,F031b,,,,,,,,,,,,
FARD FOODSTUFF INDUSTRY LLC,United Arab Emirates,2.1,E061,,,,,,,,,,,,
Farm Keeper Group,China,5.2,A060,,,,,,,,,,,,
Farm Products SRL,Argentina,3.1,D075,,,,,,,,,,,,
Farma Metsovou,Greece,10.2,I017,,,,,,,,,,,,
Farmax Merchandise LLC,United States of America,10.2,I055,,,,,,,,,,,,
Farmel Dairy Products BV,Netherlands,10.1,A025,,,,,,,,,,,,
FARMERS Food Produktion und Handel GmbH,Germany,9.1,D059,,,,,,,,,,,,
Farmers Fresh Ltd,United Kingdom,6.1,D049,,,,,,,,,,,,
Farmers Land Food GmbH,Germany,4.2,D080,,,,,,,,,,,,
Farmhouse S.A.,Greece,10.2,I036a,,,,,,,,,,,,
Farmi Piimatööstus AS,Estonia,10.1,A072+A078,,,,,,,,,,,,
Farmstate Agro Gida Tarim Ith. Ihr Ltd. Sti.,Türkiye,11.3,C037,,,,,,,,,,,,
FARMVALE PSYLLIUM,India,11.3,F037,,,,,,,,,,,,
Farmy Roztocza sp.  z o.o.,Poland,9.1,A061+A069,,,,,,,,,,,,
FAROLIVA SL,Spain,11.1,B013a,,,,,,,,,,,,
Farris SRL,Italy,5.2,B038,,,,,,,,,,,,
Färskvaruhuset AB,Sweden,6.1,B112,,,,,,,,,,,,
Simonds Farsons Cisk PLC,Malta,7.1,D032,,,,,,,,,,,,
"FASOLEX P.P.H.U S. JASIAK I S-KA, SP.J.",Poland,1.2,A012,,,,,,,,,,,,
"Father man group Co.,Ltd.",Thailand,11.3,H046,,,,,,,,,,,,
Fattoria Sila S.R.L.,Italy,11.2,C008+D009,,,,,,,,,,,,
Fattorie Garofalo Soc. Coop. Agricola,Italy,10.1,H048,,,,,,,,,,,,
Fattorie Giacobazzi Srl,Italy,11.2,C016,,,,,,,,,,,,
FAUSTINO Y JOSE DAMIAN SL,Spain,11.1,B015b,,,,,,,,,,,,
Fava Bibite Srl,Italy,11.2,A010b,,,,,,,,,,,,
FAVELLATO SRL,Italy,11.3,C012,,,,,,,,,,,,
Favid,France,9.1,C032,,,,,,,,,,,,
Fayrefield Foods Ltd,United Kingdom,10.1,D011,,,,,,,,,,,,
Fazlani Exports Pvt. Ltd.,India,11.3,F018,,,,,,,,,,,,
FBI Food Group,Netherlands,6.1,D050,,,,,,,,,,,,
FD MOPRO GmbH,Germany,10.1,D067,,,,,,,,,,,,
"Fedecovera, R.L.",Guatemala,3.1,C007,,,,,,,,,,,,
Fedon S.A.,Greece,2.2,D020,,,,,,,,,,,,
Fedrice Battambang,Cambodia,2.1,B011+B019,,,,,,,,,,,,
Fehmi Eroglu Dis Tic. A.S.,Türkiye,11.3,B023b,,,,,,,,,,,,
feldhues fun foods GmbH,Germany,6.1,D107,,,,,,,,,,,,
Felice Conserve Srl,Italy,5.2,A037,,,,,,,,,,,,
Felici LLC,Latvia,5.1,F003,,,,,,,,,,,,
La Felinese Salumi SPA,Italy,7.1,C037a,,,,,,,,,,,,
Carnes Félix S.A.,Spain,6.1,A016,,,,,,,,,,,,
"Fen Yang Reell Food Co., Ltd.",China,2.2,A059g,,,,,,,,,,,,
FENIX S.A.,Argentina,8.1,E025,,,,,,,,,,,,
Fento Sp. z o.o.,Poland,6.1,E121,,,,,,,,,,,,
"FENYANG HUIXIN FOOD TECHNOLOGY CO., LTD.",China,1.2,I048,,,,,,,,,,,,
"FENYANG YUYANG  FOODSTUFF CO., LTD",China,1.2,H033a,,,,,,,,,,,,
FEPASA,Argentina,9.1,E054,,,,,,,,,,,,
"Conservas Ferba, S.A.",Spain,11.1,D027,,,,,,,,,,,,
Fergana Exim Agro LLC,Uzbekistan,5.1,B079+C078,,,,,,,,,,,,
FERMA CU OMENIE SRL,Romania,9.1,A051,,,,,,,,,,,,
Ferme Vifranc Inc.,Canada,11.2,C025a,,,,,,,,,,,,
FermeS Ali Sfar,Tunisia,11.3,C041,,,,,,,,,,,,
Ferrarelle Società Benefit S.p.A,Italy,5.2,A010+B019,,,,,,,,,,,,
Ferrarini SpA,Italy,7.1,D058+E059,,,,,,,,,,,,
Ferraz & Ferreira Lda.,Portugal,11.1,E048a,,,,,,,,,,,,
FESAR SOCIETA' AGRICOLA SRL,Italy,11.1,A051+A057,,,,,,,,,,,,
FETA PDO (KALAVRYTA COOP),Greece,10.1,A049,,,,,,,,,,,,
Fevita Hungary Zrt.,Hungary,4.2,B071,,,,,,,,,,,,
Feyel & Artzner SAS,France,10.2,F046,,,,,,,,,,,,
FFG Food for Germany GmbH,Germany,11.1,G024,,,,,,,,,,,,
FFG Food for Germany GmbH,Germany,5.1,F091,,,,,,,,,,,,
FGF Trapani S.A.,Argentina,8.1,A028,,,,,,,,,,,,
Fiamma Vesuviana srl,Italy,11.2,D057a,,,,,,,,,,,,
Fiasconaro Srl,Italy,3.2,B030,,,,,,,,,,,,
Fiber Foods Group,Netherlands,1.2,D028+E029,,,,,,,,,,,,
FIBL - Forschungsinstitut für biologischen Landbau,Switzerland,5.1,F091,,,,,,,,,,,,
FICACCI OLIVE COMPANY T/A ROMEO FICACCI SRL,Italy,5.1,B019,,,,,,,,,,,,
Ficosota Food EAD,Bulgaria,2.2,A010,,,,,,,,,,,,
Fida S.p.a.,Italy,3.2,B036,,,,,,,,,,,,
FIDAFRUIT,Belgium,2.2,D045,,,,,,,,,,,,
FIDELINKA SKROB LLC,Serbia,11.1,C046,,,,,,,,,,,,
Fiere di Parma SpA,Italy,B1.1,Boulevard+058,,,,,,,,,,,,
"Fifty One Corp Co., Ltd.",Thailand,11.3,G014,,,,,,,,,,,,
Regadhigos S.C.L.,Spain,11.1,E030,,,,,,,,,,,,
File Gida San. ve Tic. A.S.,Türkiye,11.3,D025a,,,,,,,,,,,,
Fileni Alimentare SPA,Italy,5.1,D030a,,,,,,,,,,,,
Filiz Sekerleme Gida San. ve Tic. A.S.,Türkiye,2.2,F050,,,,,,,,,,,,
FILOTEA INTERNATIONAL SRL,Italy,11.2,C062,,,,,,,,,,,,
Finasucre s.a.,Belgium,5.2,A055,,,,,,,,,,,,
Finca Santa Rosalia,Spain,6.1,D089a,,,,,,,,,,,,
The Fine Cheese Co.,United Kingdom,10.1,F017a,,,,,,,,,,,,
Fine Dried Fruits Chile SpA,Chile,3.1,A079b,,,,,,,,,,,,
Fine Food Gida SAN. VE TIC. IHR. ITH A.S.,Türkiye,4.2,E078,,,,,,,,,,,,
Fine Gusto International s.r.o.,Czech Republic,2.1,E031,,,,,,,,,,,,
Fine-Seed Bt.,Hungary,5.2,C034a,,,,,,,,,,,,
Fineberry Foods Inc.,Canada,11.2,C048a,,,,,,,,,,,,
FINEST MEAT SP Z O.O.,Poland,9.1,B073,,,,,,,,,,,,
FINLAYS COLOMBO LIMITED,Sri Lanka,8.1,B088b,,,,,,,,,,,,
FINO FOOD Ltd.,Hungary,1.2,D009,,,,,,,,,,,,
FIOR DI SNACK SRL,Italy,11.2,B023,,,,,,,,,,,,
Fiordelisi Srl.,Italy,5.2,C045a,,,,,,,,,,,,
Fiore di Puglia Srl,Italy,11.2,B013b,,,,,,,,,,,,
Fiorentini Alimentari S.p.A.,Italy,3.2,B071,,,,,,,,,,,,
FIRMA OLIVE OIL,Tunisia,11.3,C041,,,,,,,,,,,,
"First Canned Food (Thai) Co., Ltd.",Thailand,8.1,A057,,,,,,,,,,,,
first mix,Egypt,2.1,A055c,,,,,,,,,,,,
FIS DANISMANLIK A.S,Türkiye,5.1,D071,,,,,,,,,,,,
IBERICOS FISAN,Spain,7.1,B053,,,,,,,,,,,,
Fischer Trading Group Spolka z o.o.,Poland,5.2,E047,,,,,,,,,,,,
Fitotrade Internacional,Brazil,9.1,C044a,,,,,,,,,,,,
"FITRITE, INC.",Philippines,1.2,N011+M010,,,,,,,,,,,,
SC Five Continent Srl,Romania,11.3,E022a,,,,,,,,,,,,
Fizzy Distribution SAS,France,10.2,G013,,,,,,,,,,,,
Flagfood AG,Switzerland,8.1,D018,,,,,,,,,,,,
Flanders Investment & Trade,Belgium,2.1,B043%2C+B057a,,,,,,,,,,,,
Flanders Best,Belgium,4.1,B064,,,,,,,,,,,,
Flanders Food Productions NV,Belgium,10.1,B081,,,,,,,,,,,,
FLAVOR FULL FOODS INC.,Taiwan,2.1,A039,,,,,,,,,,,,
Flavor Fusion Culinary Showdown c/o World Food Championships,United States of America,10.2,H050,,,,,,,,,,,,
Fletcher International Exports,Australia,6.1,C101,,,,,,,,,,,,
FLEURY MICHON LS,France,10.2,G021,,,,,,,,,,,,
Floating Leaf Fine Foods Inc.,Canada,11.2,D041,,,,,,,,,,,,
FLOR-IS DI FLORIS FRANCESCO,Italy,11.1,A051+A057,,,,,,,,,,,,
FLORA (CONFECTIONARY- BACKEREI),Latvia,5.2,A056c,,,,,,,,,,,,
Florida Products,Costa Rica,7.1,G022,,,,,,,,,,,,
Florida Worldwide Citrus Products Group Inc.,United States of America,8.1,E018,,,,,,,,,,,,
FLUIT Vitamin Water Vitamme SA,Paraguay,7.1,G028,,,,,,,,,,,,
Fluxe Active Ltd,Ireland,8.1,A053,,,,,,,,,,,,
"FMCG VIET CO., LTD",Vietnam,CF,Confexhall+D050+E059,,,,,,,,,,,,
FMCG WHOLESALE SRL,Romania,7.1,F067,,,,,,,,,,,,
FMU Kuruyemis Gida San. ve Tic.,Türkiye,11.3,D031a,,,,,,,,,,,,
FN Global Meat BV,Netherlands,6.1,B088,,,,,,,,,,,,
FN Global Meat UK Limited,United Kingdom,6.1,B088,,,,,,,,,,,,
Fnb Viet Nam Service Joint Stock Company,Vietnam,CF,Confexhall+E050+F059,,,,,,,,,,,,
FOB Trading S.R.L.,Argentina,9.1,E051,,,,,,,,,,,,
"FOG VALLEY CO., LTD. OF CHENGDU",China,8.1,A118a,,,,,,,,,,,,
Fokus Milch GmbH,Germany,10.1,G034a,,,,,,,,,,,,
Folkington's,United Kingdom,8.1,D092,,,,,,,,,,,,
Followfood GmbH,Germany,5.1,C021+D020,,,,,,,,,,,,
FOMILK GIDA A.S.,Türkiye,1.2,E008,,,,,,,,,,,,
FONT-SANS 1917,Spain,7.1,D043,,,,,,,,,,,,
Fontana Ermes SpA,Italy,7.1,D059,,,,,,,,,,,,
Fonte Margherita 1845 SRL,Italy,11.2,A044,,,,,,,,,,,,
Foo Seng,France,P1.1,Passage+Halle+2+Halle+4+002,,,,,,,,,,,,
Food Agro company BB LLC,Uzbekistan,5.1,B079+C078,,,,,,,,,,,,
food akademie Neuwied GmbH,Germany,B1.1,Boulevard+049,,,,,,,,,,,,
Food Bridge Ltd.,Ireland,9.1,D029,,,,,,,,,,,,
"FOOD CONNECT CO., LTD.",Thailand,11.3,G044c,,,,,,,,,,,,
Food Connections Ltd.,United Kingdom,10.2,G069,,,,,,,,,,,,
Food Empire Holdings Limited,Singapore,8.1,D111,,,,,,,,,,,,
Food Excellence Specialist Sdn Bhd,Malaysia,1.2,H007,,,,,,,,,,,,
Food Export - Midwest & Northeast,United States of America,10.2,I052,,,,,,,,,,,,
Food Export International,United Kingdom,10.2,F067,,,,,,,,,,,,
Food for Biodiversity e.V.,Germany,B1.1,Boulevard+048,,,,,,,,,,,,
Food For Life Baking Co.,United States of America,5.1,C051,,,,,,,,,,,,
Food From Denmark A/S,Denmark,5.2,E037,,,,,,,,,,,,
food innovation industries,Egypt,2.1,D053a,,,,,,,,,,,,
FOOD MAMA s.r.o.,Czech Republic,4.2,C020,,,,,,,,,,,,
Food Man 2020 Kft.,Hungary,5.2,C032,,,,,,,,,,,,
FOOD ONE,Tunisia,11.3,D041a,,,,,,,,,,,,
Food Park Kowal Sp. z.o.o,Poland,9.1,D031+E038,,,,,,,,,,,,
Food Service Sp. z.o.o.,Poland,6.1,C009,,,,,,,,,,,,
Food Service Srl Unipersonale,Italy,11.1,C049,,,,,,,,,,,,
Food Solutions A/S,Denmark,5.1,E071+F078,,,,,,,,,,,,
"Food Specialize Co.,Ltd.",Thailand,11.3,H027,,,,,,,,,,,,
Food srl,Italy,P6.1,Passage+Halle+10+Halle+11+009a,,,,,,,,,,,,
FOOD WONDERS PTE. LTD.,Singapore,2.1,B020c,,,,,,,,,,,,
Food - Made in Germany e.V.,Germany,10.2,A032+B035,,,,,,,,,,,,
FOODAS GIDA SAN. TIC. A.S.,Türkiye,11.3,B037a,,,,,,,,,,,,
FoodBerry Co Ltd,"Korea, Republic of",2.1,D016,,,,,,,,,,,,
Foodbox Ltd.,Hungary,5.2,C034c,,,,,,,,,,,,
Foodeast Trade SRL,Italy,11.2,C054,,,,,,,,,,,,
Foodflows Brazil Ltda.,Brazil,8.1,B039c,,,,,,,,,,,,
FOODIBEV International SL,Spain,8.1,C012,,,,,,,,,,,,
Foodimpex International AB,Sweden,4.2,A091,,,,,,,,,,,,
Foodimpex SA,Spain,4.2,A091,,,,,,,,,,,,
Foodin oy,Finland,5.1,F018,,,,,,,,,,,,
Foodji GmbH,Germany,5.1,C028,,,,,,,,,,,,
Foodkitchen B.V.,Netherlands,10.2,A039,,,,,,,,,,,,
FOODLINK BV,Netherlands,11.1,G020,,,,,,,,,,,,
Qingdao Foodlink Co. Ltd.,China,10.2,E013,,,,,,,,,,,,
FOODLOGIC GmbH,Germany,4.1,A100,,,,,,,,,,,,
FOODNJOY SA,Belgium,4.1,D084,,,,,,,,,,,,
Foodopia Co. Ltd.,Taiwan,4.2,D099,,,,,,,,,,,,
Foods and Inns Ltd.,India,8.1,E070,,,,,,,,,,,,
Foods Import dei F.lli Monti Spa,Italy,11.2,A038,,,,,,,,,,,,
"FoodSource, Inc.",United States of America,10.2,H062a,,,,,,,,,,,,
"FOODSTAR CO., LTD",Thailand,8.1,E111,,,,,,,,,,,,
"Qingdao Xuguang Foodstuff Co., Ltd.",China,1.2,H038,,,,,,,,,,,,
FOODTECH JSC,Vietnam,1.2,K007a,,,,,,,,,,,,
Foodvest Industries (M) Sdn. Bhd.,Malaysia,1.2,K010,,,,,,,,,,,,
"FOODWARE Co., Ltd.","Korea, Republic of",5.1,A068b,,,,,,,,,,,,
For Good Foods B.V.,Netherlands,P4.1,Passage+Halle+4+Halle+5+A050,,,,,,,,,,,,
FORCHY PATISSIER SAS,France,10.2,G047,,,,,,,,,,,,
Foreign Trade Chamber of Bosnia and Herzegovina,Bosnia and Herzegovina,11.1,F039e,,,,,,,,,,,,
"Forever Service Co.,Ltd",China,7.1,F068,,,,,,,,,,,,
FOREVER YOUNG KOMBUCHA SP. ZO.O.,Poland,B.1,Boulevard+185,,,,,,,,,,,,
Forevers ltd,Latvia,6.1,A051,,,,,,,,,,,,
FORMAGGERIA TOSCANA S.R.L.,Italy,10.1,G060+G068,,,,,,,,,,,,
FORMAGGI PICCIAU SRL,Italy,11.1,A051+A057,,,,,,,,,,,,
Formec Biffi S.p.a.,Italy,11.2,B038,,,,,,,,,,,,
Fort Capital Group,Egypt,4.1,E071,,,,,,,,,,,,
"FORTUNE FOODS (SJZ) CO.,LTD.",China,4.2,E068,,,,,,,,,,,,
FORTUNE INDUSTRY CORPORATION LIMITED,China,4.1,B010a,,,,,,,,,,,,
Forum Nachhaltiger Kakao e.V.,Germany,B1.1,Boulevard+048,,,,,,,,,,,,
"Foshan Ceng Ceng Gao Food Co., Ltd",China,2.2,A059g,,,,,,,,,,,,
Foshan Hai Tian Flavouring & Food Company Limited,China,4.1,B008a,,,,,,,,,,,,
"Foshan Nanhai Riyunong Non Staple Food Processing Co.,Ltd",China,CF,Confexhall+B056,,,,,,,,,,,,
FOTIADIS FINE FOODS S.A. (AROSIS SA),Greece,11.2,G025,,,,,,,,,,,,
Foufas Bros S.A.,Greece,10.2,H030,,,,,,,,,,,,
Four Import & Export Ltda,Brazil,6.1,E082,,,,,,,,,,,,
FOURNEO SAS,France,4.1,B048,,,,,,,,,,,,
fourTaste,Germany,B.1,Boulevard+113,,,,,,,,,,,,
Fox Com Serv s.r.l,Romania,9.1,B056a,,,,,,,,,,,,
Foyle Food Group,United Kingdom,6.1,D041,,,,,,,,,,,,
Franui España SL,Spain,P4.1,Passage+Halle+4+Halle+5+A045a,,,,,,,,,,,,
FRAIS CAPRICES,Morocco,11.3,A040+B049,,,,,,,,,,,,
Francaise de Gastronomie,France,10.2,F036,,,,,,,,,,,,
FRANCE CULINAIRE,France,10.2,F030,,,,,,,,,,,,
France Macaron,France,2.2,C034a,,,,,,,,,,,,
France Salaisons - Colombo,France,7.1,A068,,,,,,,,,,,,
France Snacking Apéritif,France,10.2,G035,,,,,,,,,,,,
Francestle Confectioneries (M) Sdn Bhd,Malaysia,1.2,N010+O011,,,,,,,,,,,,
Francia Mozzarella GmbH,Germany,10.1,H068,,,,,,,,,,,,
Francisco Gil Comes,Spain,11.1,B037,,,,,,,,,,,,
Otto Franck Import GmbH & Co. KG,Germany,2.1,B050,,,,,,,,,,,,
Frangiulia Export sas di Corigliano Esposito Fabio & C.,Italy,11.2,D008,,,,,,,,,,,,
FRANJUBA PAN S.L.,Spain,11.1,C016,,,,,,,,,,,,
Frankie's Organic Foods Inc.,Canada,11.2,C040,,,,,,,,,,,,
FRANTOI CUTRERA S.R.L.,Italy,5.2,A001,,,,,,,,,,,,
Frantoi Oleari Italiani Srl,Italy,11.2,A028a,,,,,,,,,,,,
GONNELLI 1585 SRL FRANTOIO DI SANTA TEA,Italy,11.2,D018,,,,,,,,,,,,
Frantoio D’Orazio SRL,Italy,11.2,A036,,,,,,,,,,,,
Frantoio Venturino Bartolomeo,Italy,11.2,B055a,,,,,,,,,,,,
FRANTZIS BROS SA FISHERY&OLIVE INDUSTRY POSEIDON SA,Greece,11.2,F037,,,,,,,,,,,,
Franz Hauswirth GesmbH,Austria,11.2,G022a,,,,,,,,,,,,
FRANZESE RAFFAELE SRL,Italy,11.3,C014,,,,,,,,,,,,
Fratelli Calvanese s.r.l.,Italy,11.2,A057,,,,,,,,,,,,
F.lli Contorno s.r.l.,Italy,11.2,E008,,,,,,,,,,,,
Fratelli D acunzi srl,Italy,5.2,B040,,,,,,,,,,,,
Toscana Gourmet Since 1957 S.r.l.,Italy,11.2,E041,,,,,,,,,,,,
Fratelli Manzini S.p.A.,Italy,7.1,C028,,,,,,,,,,,,
Fratelli Rau Sas,Italy,11.1,A051+A057,,,,,,,,,,,,
FRDP S.A.S.,France,4.2,D059,,,,,,,,,,,,
Frecarn S.L.,Spain,6.1,B038,,,,,,,,,,,,
Freddi Dolciaria S.P.A.,Italy,2.2,B059,,,,,,,,,,,,
Cacao Company BV,Belgium,2.1,B059d,,,,,,,,,,,,
Freeg SRL,Italy,2.2,E058,,,,,,,,,,,,
freezedry harvest kenya,Kenya,5.1,F081,,,,,,,,,,,,
Frenvi GmbH,Germany,B.1,Boulevard+136,,,,,,,,,,,,
Frescolat,Italy,5.2,B020+C021,,,,,,,,,,,,
Fresh & Yum Food Technology Company Limi,Vietnam,CF,Confexhall+E050+F059,,,,,,,,,,,,
Fresh Asia LTD,Israel,5.2,B052a,,,,,,,,,,,,
FRESH DELICACY COMPANY LIMITED,Taiwan,3.1,D007g,,,,,,,,,,,,
Fresh n fresh co tld,Egypt,4.2,A102,,,,,,,,,,,,
Fresh Tropical Srl,Italy,11.3,E007+F009,,,,,,,,,,,,
"Fresh123 International Co., Ltd.",Taiwan,4.2,D095,,,,,,,,,,,,
Freshasia Foods LTD,United Kingdom,4.2,B080,,,,,,,,,,,,
FRESHCOURT,Mexico,10.2,F079,,,,,,,,,,,,
FreshFrost Gida ve Ins.San. ve Tic. A.S.,Türkiye,4.2,A040,,,,,,,,,,,,
"FRESHFY CORP, S.L.",Spain,5.1,B068,,,,,,,,,,,,
Frialto,Brazil,6.1,D074,,,,,,,,,,,,
Frießinger Mühle GmbH,Germany,10.2,D053,,,,,,,,,,,,
Frigilunch N.V.,Belgium,4.1,B068,,,,,,,,,,,,
FRIGLO,Serbia,4.2,A061b,,,,,,,,,,,,
Frigo Pak Gida Maddeleri San. ve Tic. A.S.,Türkiye,11.3,C021a,,,,,,,,,,,,
Frigo-Paun D.O.O.,Serbia,4.2,A069,,,,,,,,,,,,
Frigoestrela S.A.,Brazil,9.1,C049,,,,,,,,,,,,
Frigorífico San Jacinto - Nirea S.A.,Uruguay,6.1,A100+B109,,,,,,,,,,,,
Frigorifico Casa Blanca,Uruguay,6.1,A100+B109,,,,,,,,,,,,
Frigol,Brazil,6.1,E079a,,,,,,,,,,,,
Frigomerc S.A.,Paraguay,6.1,E098,,,,,,,,,,,,
Frigon,Brazil,6.1,E073,,,,,,,,,,,,
MARFRIG URUGUAY - FRIGORIFICO TACUAREMBO,Uruguay,6.1,A100+B109,,,,,,,,,,,,
Frigorifico VISOM S.A.,Argentina,6.1,E039,,,,,,,,,,,,
Frigorifico Concepcion S.A.,Paraguay,6.1,E098,,,,,,,,,,,,
FRIGORÍFICO GENERAL PICO S.A. / FRIGORIFICO PICO,Argentina,6.1,D033a,,,,,,,,,,,,
Frigorífico Gorina,Argentina,6.1,D030,,,,,,,,,,,,
Frigorífico Las Piedras,Uruguay,6.1,A100+B109,,,,,,,,,,,,
Frigorífico Pando - Ontilcor S.A,Uruguay,6.1,A100+B109,,,,,,,,,,,,
FRIGORIFICO RIOPLATENSE S.A.I.C.I.F,Argentina,6.1,D018,,,,,,,,,,,,
Frigorifico Astra,Brazil,6.1,D078a,,,,,,,,,,,,
Frigorifico de Aves Soychu  SAICFIA,Argentina,9.1,E050,,,,,,,,,,,,
Frigorífico Forres Beltrán S.A.,Argentina,6.1,C030a,,,,,,,,,,,,
FRIGORIFICO GUARANI SACI,Paraguay,6.1,E098,,,,,,,,,,,,
Frigorifico la Trinidad,Uruguay,6.1,A100+B109,,,,,,,,,,,,
FRIGPORIFICO LAS MORAS - CHIADEL SA,Uruguay,6.1,A100+B109,,,,,,,,,,,,
Frigorifico Los Lazos SA,Paraguay,6.1,E098,,,,,,,,,,,,
Frigorifico Rio Maria Ltda,Brazil,6.1,E070a,,,,,,,,,,,,
Frigorífico Saudali,Brazil,9.1,D048a,,,,,,,,,,,,
Frigorifico Simunovic S.A.,Chile,6.1,C122a,,,,,,,,,,,,
Frigorifico Victoria SAE,Paraguay,6.1,E098,,,,,,,,,,,,
Frigosul,Brazil,6.1,E072,,,,,,,,,,,,
FRIGOYI - BILACOR SA,Uruguay,6.1,A100+B109,,,,,,,,,,,,
"FRIJOBEL, SA",Portugal,4.1,A051+B058,,,,,,,,,,,,
FRIMAEUROPE,France,4.2,C050,,,,,,,,,,,,
Frimesa Cooperativa Central,Brazil,9.1,C047a,,,,,,,,,,,,
Frimsa S.A.,Argentina,6.1,E017,,,,,,,,,,,,
Frinsa del Noroeste S.A.,Spain,11.1,E019,,,,,,,,,,,,
Fripozo S.A.,Spain,4.2,D079,,,,,,,,,,,,
Frisa,Brazil,6.1,D074a,,,,,,,,,,,,
frischli Milchwerke GmbH,Germany,10.1,F035,,,,,,,,,,,,
Frischpack GmbH,Germany,10.1,F050,,,,,,,,,,,,
Friselva S.A.,Spain,6.1,B019,,,,,,,,,,,,
"Frit Ravich, S.L.",Spain,11.1,A028a,,,,,,,,,,,,
FROM WILD INTERNATIONAL S.R.O.,Czech Republic,10.2,I046,,,,,,,,,,,,
Fromage Gruyere S.A.,Switzerland,10.1,B023,,,,,,,,,,,,
Frooty Açaí,Brazil,3.1,C021b,,,,,,,,,,,,
FROST a.s. Prešov,Slovakia,2.2,B013,,,,,,,,,,,,
FROST BW sp. z o.o.,Poland,4.2,C008,,,,,,,,,,,,
FrostaChips AS,Norway,B.1,Boulevard+170,,,,,,,,,,,,
Frostics CJSC,Armenia,2.1,D058+E059,,,,,,,,,,,,
Frostkrone Food Group,Germany,4.2,A049,,,,,,,,,,,,
Frosty Foods for Export,Egypt,4.2,B093,,,,,,,,,,,,
Frosty Pizza GmbH,Germany,4.1,A029,,,,,,,,,,,,
Frubaca Crl,Portugal,5.1,C020,,,,,,,,,,,,
FRUCOM FOOD LLC,Serbia,4.2,A061,,,,,,,,,,,,
Fructo Sliven JSC,Bulgaria,2.1,C020,,,,,,,,,,,,
Fructus Meran AG,Italy,4.2,D028,,,,,,,,,,,,
FRUDEST,Mexico,10.2,F079,,,,,,,,,,,,
Fruit D'OR / Berrico,Canada,11.2,C026,,,,,,,,,,,,
"FRUIT FUSION,S.L.",Spain,11.1,A033a,,,,,,,,,,,,
Fruit Layer bv,Belgium,4.1,A061,,,,,,,,,,,,
Fruit Nation Group,Egypt,B.1,Boulevard+094,,,,,,,,,,,,
Fruit River Group,Ukraine,4.2,E058,,,,,,,,,,,,
Fruit Tech Natural,Spain,8.1,D080,,,,,,,,,,,,
Fruit Voyage LLC,Uzbekistan,11.3,B046,,,,,,,,,,,,
FRUITICANA FOODS,Pakistan,11.3,E040b,,,,,,,,,,,,
FRUITS & VEGGIES ( Ladidate),Morocco,11.3,A040+B049,,,,,,,,,,,,
Fruits Congel du Nord,Morocco,4.1,D098+C091,,,,,,,,,,,,
FRUITS DE LA TERRA LA TRUFA SL TRUFFLE EXPERTS,Spain,11.1,B039,,,,,,,,,,,,
Fruits Rouges & Co.,France,4.2,C046,,,,,,,,,,,,
Fruits Valley LLC,Tajikistan,11.3,B048,,,,,,,,,,,,
"Fruittara Trading (Thailand) Co., Ltd.",Thailand,11.3,H047,,,,,,,,,,,,
Frumaco S.L.,Spain,11.1,F029b,,,,,,,,,,,,
"Frumesa, S.L.",Spain,P4.1,Passage+Halle+4+Halle+5+A045,,,,,,,,,,,,
FRUSELVA,Spain,8.1,B011,,,,,,,,,,,,
FRUTAS DE EXPORTACION SPA,Chile,3.1,B080,,,,,,,,,,,,
Frutas Huertas de Pamplona S.L.,Spain,P4.1,Passage+Halle+4+Halle+5+B037,,,,,,,,,,,,
JOSE LUIS MONTOSA S.L,Spain,5.1,A017,,,,,,,,,,,,
Fruteec Chile SpA,Chile,3.1,A060,,,,,,,,,,,,
Frutex Sh.P.K.,Kosovo,7.1,F029,,,,,,,,,,,,
Fruticola Olmue SpA,Chile,4.2,E060,,,,,,,,,,,,
Frutika S.r.l.,Paraguay,7.1,G028,,,,,,,,,,,,
FRUTORGA LLC,Serbia,11.1,C044,,,,,,,,,,,,
"FRUTOS SECOS AURO, SLU",Spain,P4.1,Passage+Halle+4+Halle+5+A005,,,,,,,,,,,,
"Frutos Secos El Llano, S.L.",Spain,11.1,B012a,,,,,,,,,,,,
FRUTTAGEL S.C.P.A,Italy,11.2,E058,,,,,,,,,,,,
FRUTTI SH.P.K,Kosovo,2.1,D008a,,,,,,,,,,,,
"FRUVECO, S.A.",Spain,4.2,D041,,,,,,,,,,,,
"Aceitunas Fruyper, S. A.",Spain,11.1,A018a,,,,,,,,,,,,
FS Food Company GmbH,Germany,2.1,E049,,,,,,,,,,,,
Fuchs J. GmbH,Italy,2.2,E017,,,,,,,,,,,,
Fude + Serrahn Milchprodukte GmbH & Co. KG,Germany,10.1,G069,,,,,,,,,,,,
"Fudijia (Tianjin) Supply Chain Co., Ltd.",China,7.1,G064,,,,,,,,,,,,
FUENTE DE LA SALUD VASMAR SRL,Romania,11.3,F027,,,,,,,,,,,,
Fugers Food Group B.V.,Netherlands,4.1,E081,,,,,,,,,,,,
Fuite Veal B.V.,Netherlands,6.1,A078,,,,,,,,,,,,
"Fujian Province Guang Fu Tea Co.,Ltd.",China,CF,Confexhall+D060,,,,,,,,,,,,
"Fujian Bishan Food Co., Ltd",China,1.2,M040,,,,,,,,,,,,
"Fujian Blue Lake Foods Co., Ltd.",China,1.2,J036,,,,,,,,,,,,
"Fujian Changxi Import And Export Trade Co.,Ltd",China,4.1,B010,,,,,,,,,,,,
"Fujian docanned star food co.,ltd.",China,1.2,N021,,,,,,,,,,,,
"Fujian Haili Tian Food Co., Ltd (winvo)",China,4.1,A026,,,,,,,,,,,,
"Fujian Hanwei Food Co., LTD",China,2.2,B001,,,,,,,,,,,,
"Fujian Hualin Frozen Food Co.,Ltd",China,4.1,C014,,,,,,,,,,,,
"Fujian Langui Food Co., Ltd.",China,4.1,B014a,,,,,,,,,,,,
"FUJIAN LOINLAND FOODSTUFF CO.,LTD",China,5.2,E054a,,,,,,,,,,,,
"Fujian Meiyi Foods Co., Ltd",China,P1.1,Passage+Halle+2+Halle+4+022b,,,,,,,,,,,,
"Fujian ningde yongjia trade co.,ltd",China,5.1,A066,,,,,,,,,,,,
Fujian Pinghe Baofeng Canned Food Co. Ltd.,China,4.1,A011b,,,,,,,,,,,,
"Fujian Province Maidehao Food Industry Co., Ltd",China,2.2,A057b,,,,,,,,,,,,
"Fujian Province Qiushi Trade Co.,Ltd.",China,1.2,N019,,,,,,,,,,,,
"FUJIAN UNILAND FOODS CO., LTD.",China,P1.1,Passage+Halle+2+Halle+4+022a,,,,,,,,,,,,
"Fujian Xinmeichen Food Co., Ltd.",China,4.1,A010a,,,,,,,,,,,,
"Fujian Xinyi Foods Co., Ltd.",China,4.1,A032,,,,,,,,,,,,
"Fujian Yilong Food Co., Ltd.",China,4.1,A026b,,,,,,,,,,,,
"Fujian Yunshang Food Co.,Ltd.",China,5.2,C060a,,,,,,,,,,,,
"Fujian Yuxing Fruit & Vegetables Foodstuff Development Co., Ltd.",China,4.1,A012b,,,,,,,,,,,,
Fujian Zishan Group Co. Ltd,China,1.2,N017,,,,,,,,,,,,
"Fujinishokai Co.,Ltd",Japan,2.1,B028a,,,,,,,,,,,,
Fukushima Prefecture Hamanaka-Aizu Food Export Consortium,Japan,2.1,C039,,,,,,,,,,,,
Fulkoli Bread and Biscuit Industries Ltd,Bangladesh,3.1,A029,,,,,,,,,,,,
"FULLY RISE (XIAMEN) INDUSTRIAL CO., LTD.",China,1.2,N031,,,,,,,,,,,,
Fulmer GmbH Magyarorszagi Fioktelepe,Hungary,3.2,C009,,,,,,,,,,,,
Fumagalli Industria Alimentari S.p.A.,Italy,7.1,A061,,,,,,,,,,,,
Fundación CRDO Queso Manchego,Spain,P4.1,Passage+Halle+4+Halle+5+B018,,,,,,,,,,,,
Fundación Prosalta Prosalta,Argentina,3.1,D069,,,,,,,,,,,,
"FUNDODAI, Inc.",Japan,2.1,C047,,,,,,,,,,,,
"Fundokin Shoyu Co., Ltd.",Japan,2.1,D029,,,,,,,,,,,,
Fungo & Tartufo Srl,Italy,5.2,B048,,,,,,,,,,,,
Heinz Funken GmbH & Co. KG,Germany,5.1,C028,,,,,,,,,,,,
Funky ouma,South Africa,11.1,A050+B059,,,,,,,,,,,,
Furco Biscotti di Olivia Giovanni,Italy,11.2,C058a,,,,,,,,,,,,
Furlotti & C. S.r.l.,Italy,7.1,C037,,,,,,,,,,,,
Furore GmbH,Austria,11.2,G013,,,,,,,,,,,,
Fusion Dehy Foods And Spices,India,P9.1,Passage+Halle+2+Halle+3+011,,,,,,,,,,,,
Fusion Foods,Peru,4.2,E056,,,,,,,,,,,,
"FUZHOU GRAND OCEAN TRADING CO.,LTD",China,4.1,B011a,,,,,,,,,,,,
"Fuzhou Xiao'er International Food Co., Ltd.",China,1.2,O048,,,,,,,,,,,,
Fynbo Foods A/S,Denmark,5.1,E071+F078,,,,,,,,,,,,
fyofoods,Argentina,3.1,C067a,,,,,,,,,,,,
FZ Organic Food,Netherlands,P4.1,Passage+Halle+4+Halle+5+A066+B067,,,,,,,,,,,,
G & I KESES MILK PRODUCTS LTD,Cyprus,10.1,F079a,,,,,,,,,,,,
G S EXPORTS,India,11.3,F032a,,,,,,,,,,,,
"G&G CONCEPT CO., LTD",Vietnam,7.1,G054,,,,,,,,,,,,
G. A. Campos de Castilla 1986 S.L.,Spain,11.1,C037,,,,,,,,,,,,
"G. EAST. CO., LTD","Korea, Republic of",4.2,B099,,,,,,,,,,,,
G. KONSTANTOPOULOS & SONS CO,Greece,11.2,E038a,,,,,,,,,,,,
G.M. Piccoli S.p.a. - The Perla Company,Italy,4.1,D016,,,,,,,,,,,,
G. Van Landschoot & Zonen,Belgium,6.1,E010+E018,,,,,,,,,,,,
G.E. Barbour Inc.,Canada,11.2,C021a,,,,,,,,,,,,
G.O.C Food Processing Export JSC,Vietnam,CF,Confexhall+A021%2C+Confexhall+A030+B039,,,,,,,,,,,,
G7 S.r.l.,Italy,4.1,C039,,,,,,,,,,,,
GA Alimentaria,Spain,11.1,C028,,,,,,,,,,,,
Oleificio Gabriele Alberto,Italy,5.2,A001,,,,,,,,,,,,
GABRIELE PALMAS,Italy,11.1,A051+A057,,,,,,,,,,,,
"Gaemi Food Co.,Ltd.","Korea, Republic of",5.2,B063b,,,,,,,,,,,,
"Dalian Gaishi Food CO., LTD.",China,4.1,A018,,,,,,,,,,,,
Gala Foods LLC,Ukraine,5.2,D055,,,,,,,,,,,,
GALANA SEAFOOD NV,Belgium,4.1,A063,,,,,,,,,,,,
Frantoio Galantino S.r.l. Unipersonale,Italy,11.2,B039,,,,,,,,,,,,
Galapesca S.A,Ecuador,3.1,B025,,,,,,,,,,,,
GALAS PARSTRADES UZNEMUMS NAKOTNE SIA,Latvia,5.2,B057a,,,,,,,,,,,,
Pizzami di Galati Srl,Italy,4.1,C019,,,,,,,,,,,,
Galaxy Foods,Greece,11.2,G059b,,,,,,,,,,,,
Galdisa,United States of America,10.2,H079,,,,,,,,,,,,
GALEKS-AGRO PE,Ukraine,5.1,F034,,,,,,,,,,,,
"Galicia-Trade, LLC",Ukraine,4.1,D098+C091,,,,,,,,,,,,
Galinta ir partneriai UAB,Lithuania,10.2,F045,,,,,,,,,,,,
RNGalla Family Private Limited GALLA FOODS DIVISION,India,7.1,E068,,,,,,,,,,,,
GALLER INTERNATIONAL s.a.,Belgium,2.2,D049,,,,,,,,,,,,
GALLETAS ANGULO S.A,Spain,2.2,B050c,,,,,,,,,,,,
Galletas Dondé,Mexico,3.1,C078+D079,,,,,,,,,,,,
Gallicoop Ltd.,Hungary,7.1,E069,,,,,,,,,,,,
LA Galvanina S.p.A.,Italy,8.1,B010,,,,,,,,,,,,
GAM FAMILY,Spain,7.1,D023,,,,,,,,,,,,
Gamm Pito,Netherlands,B.1,Boulevard+183,,,,,,,,,,,,
Gams,Slovakia,4.1,E093,,,,,,,,,,,,
GAMTECH CONSULTING SRL,Romania,11.3,E020a,,,,,,,,,,,,
Gan Shmuel Foods Ltd.,Israel,8.1,E081,,,,,,,,,,,,
"Gangwon Export Co., Ltd.","Korea, Republic of",5.2,B063,,,,,,,,,,,,
GANIR (1992) Ltd.,Israel,8.1,E081,,,,,,,,,,,,
"Gansu Ever Star Agricultural Products Co.,Ltd",China,1.2,H042a,,,,,,,,,,,,
"Gansu Yusheng Agricultural Products Co.,Ltd",China,5.1,A084,,,,,,,,,,,,
"GANYUAN FOODS CO., LTD",China,1.2,O025,,,,,,,,,,,,
GARBO FROZEN FOOD S.R.L.,Italy,4.1,C071,,,,,,,,,,,,
GardenCells LLC,Uzbekistan,5.1,B079+C078,,,,,,,,,,,,
Garibsons (PVT) LTD,Pakistan,11.3,E042a,,,,,,,,,,,,
garmo AG,Germany,10.1,E041+F040,,,,,,,,,,,,
Gas Familia S.R.O.,Slovakia,10.2,B091,,,,,,,,,,,,
GASTALDI HNOS SAIYCFEI,Argentina,3.1,C067,,,,,,,,,,,,
"GASTRAVAL, S.L",Spain,5.1,A051+B050,,,,,,,,,,,,
Gastro-Cool GmbH & Co KG,Germany,8.1,D040,,,,,,,,,,,,
Gat Foods- IBBL Ltd.,Israel,8.1,A018,,,,,,,,,,,,
Gausepohl Food GmbH,Germany,6.1,D014,,,,,,,,,,,,
Gb Foods Belgium,Belgium,7.1,C036,,,,,,,,,,,,
GBC FOODS,Brazil,3.1,B028b,,,,,,,,,,,,
GBS Impex,India,CF,Confexhall+G038,,,,,,,,,,,,
"GCF International Co., Ltd.",Thailand,11.3,H053,,,,,,,,,,,,
GE-TA Tarim ve Gida San. Tic. A.S.,Türkiye,7.1,G017a,,,,,,,,,,,,
GE. VI. TRADE ITALIA SRL,Italy,5.2,D031,,,,,,,,,,,,
Ge.Ca.Legumi S.p.A.,Italy,11.3,D013,,,,,,,,,,,,
Gea d.o.o.,Slovenia,11.1,E038,,,,,,,,,,,,
GEA BAKERY SMPC,Greece,10.2,H008a,,,,,,,,,,,,
GEA Industrie Alimentari Srl,Italy,4.2,B079,,,,,,,,,,,,
Gebana b.v.,Netherlands,5.2,C056g,,,,,,,,,,,,
"GEDESCO,S.A.",Spain,4.2,D026,,,,,,,,,,,,
Gedik Tavukculuk ve Tarim Urunleri Tic. San. A.S.,Türkiye,9.1,D047,,,,,,,,,,,,
GEE GEE AGROTECH,India,11.3,F035,,,,,,,,,,,,
GEIBI GIDA ITH. IHR. SAN. VE TIC. L.T.D. S.T.I.,Türkiye,5.2,E050,,,,,,,,,,,,
E.Geiger GmbH,Germany,5.1,F053,,,,,,,,,,,,
GEKA frisch + frost Handels GmbH & Co. KG,Germany,9.1,C011+D018,,,,,,,,,,,,
Die Eismanufaktur GmbH,Germany,4.1,E050,,,,,,,,,,,,
Geld Baltic JSC,Lithuania,10.2,F043,,,,,,,,,,,,
GELPASS,France,4.2,B057,,,,,,,,,,,,
"Gelpeixe - Alimentos Congelados, S.A.",Portugal,4.1,A051+B058,,,,,,,,,,,,
Genan for Food Company,Egypt,2.1,C062,,,,,,,,,,,,
GENATA EUROPEAN GOODS Sp. z o.o. Sp. k.,Poland,P9.1,Passage+Halle+2+Halle+3+A004,,,,,,,,,,,,
Genc Kuruyemis Gida Tar. Urn. Ith. Ihr. San. ve Tic. Ltd. Sti.,Türkiye,11.3,B026c,,,,,,,,,,,,
General Food Processing Industries LLC,United Arab Emirates,CF,Confexhall+C032,,,,,,,,,,,,
General Fruit,Italy,5.2,A010+B019,,,,,,,,,,,,
Generalitat Valenciana- Conselleria de Agricultura,Spain,11.1,B039a,,,,,,,,,,,,
Generalkonsulat des Königreichs der Niederlande,Germany,P4.1,Passage+Halle+4+Halle+5+A066+B067,,,,,,,,,,,,
Genero Solutions AB,Sweden,P6.1,Passage+Halle+10+Halle+11+012,,,,,,,,,,,,
Generous Valley Trading LLC,Uzbekistan,5.1,B079+C078,,,,,,,,,,,,
Genesis BBQ,"Korea, Republic of",6.1,C123,,,,,,,,,,,,
Gennaro Auricchio S.p.A.,Italy,11.2,F015,,,,,,,,,,,,
"Worlds Coconut Trading, S.L.",Spain,11.1,B028,,,,,,,,,,,,
Genuport Trade GmbH,Germany,10.2,D011,,,,,,,,,,,,
Genusswelt Zimmermann GmbH & Co. KG,Germany,5.1,F091,,,,,,,,,,,,
GEOLIVE BELICE SRL,Italy,5.2,A001,,,,,,,,,,,,
LLC Geonatural,Georgia,11.1,E059,,,,,,,,,,,,
Georgalos Hnos Saica,Argentina,3.2,B067,,,,,,,,,,,,
"George Kokkinakis,Pasiphae by Kokkinakis",Greece,11.2,G065a,,,,,,,,,,,,
GEORGIA'S NATURAL,Georgia,7.1,G063a,,,,,,,,,,,,
Georgian AgroProduct LLC,Georgia,7.1,G063,,,,,,,,,,,,
Georgoudis S.A.,Greece,10.2,G010,,,,,,,,,,,,
GERBER AGRI INTERNATIONAL LLC,United States of America,9.1,B020a,,,,,,,,,,,,
Gergely Gasztronomi Kft.,Hungary,5.2,C030a,,,,,,,,,,,,
Geris Food Group B.V.,Netherlands,10.1,C050+C058,,,,,,,,,,,,
German Meat GmbH,Germany,6.1,C108a,,,,,,,,,,,,
German Sweets e.V.,Germany,3.1,A047,,,,,,,,,,,,
Germany BoboQ GmbH,Germany,7.1,F039,,,,,,,,,,,,
GeRu HandelsgmbH,Austria,6.1,D091,,,,,,,,,,,,
Gesas Genel Gida San. ve Tic. A.S.,Türkiye,2.2,A030,,,,,,,,,,,,
"GESTION AGRO GANADERA, S.L.",Spain,10.1,A057,,,,,,,,,,,,
Geumsan Dukwon Co. Ltd.,"Korea, Republic of",5.2,A069d,,,,,,,,,,,,
Gevorg Asatryan PE,Armenia,11.3,C049,,,,,,,,,,,,
GFB DAIRY Products Sp. z o. o.,Poland,10.1,A038,,,,,,,,,,,,
GFS International Food BV,Netherlands,6.1,B031+B039,,,,,,,,,,,,
GFS Bakery production,Ukraine,4.1,D098+C091,,,,,,,,,,,,
Ghani Mines Pvt LTD,Pakistan,11.3,E042c,,,,,,,,,,,,
Gheras Alkhairat,Saudi Arabia,2.1,E018,,,,,,,,,,,,
Ghiaccio Facile Srl,Italy,4.1,D018,,,,,,,,,,,,
Caseificio Ghidetti Srl,Italy,10.1,C068,,,,,,,,,,,,
GI.MA. Srl,Italy,5.2,A030+B031,,,,,,,,,,,,
GIA Srl,Italy,10.2,D084,,,,,,,,,,,,
"Giant Food Int'l Co., Ltd.",Taiwan,2.1,A019,,,,,,,,,,,,
Gias Srl,Italy,4.1,C025,,,,,,,,,,,,
Gicopa srl,Belgium,2.2,C048,,,,,,,,,,,,
Gielissen Interiors Exhibitions Events,Netherlands,11.1,G017,,,,,,,,,,,,
Gierlinger Holding GmbH,Austria,7.1,B030+C031,,,,,,,,,,,,
Gildo dei Fratelli Ciresa W.& C. Snc,Italy,10.1,F051,,,,,,,,,,,,
GIMBER BV,Belgium,7.1,G046,,,,,,,,,,,,
GINGER UP d.o.o.,Slovenia,8.1,B038,,,,,,,,,,,,
Ginos SRL,Italy,5.2,C011a,,,,,,,,,,,,
GIO CHOCOLATES SRL,Argentina,4.1,C092,,,,,,,,,,,,
GIRAUDI MEATS,Monaco,6.1,B010+C011,,,,,,,,,,,,
"Girin Company Co., Ltd.","Korea, Republic of",1.2,I021,,,,,,,,,,,,
Girones S.A.,Colombia,4.1,D098+C091,,,,,,,,,,,,
Girrbach Süßwarendekor GmbH,Germany,3.1,C051,,,,,,,,,,,,
Giuliano Tartufi srl,Italy,10.2,D041,,,,,,,,,,,,
Givrex (Robert Mansour & Co),Egypt,4.2,A039,,,,,,,,,,,,
GIZ GmbH,Germany,CF,Confexhall+E010+F019,,,,,,,,,,,,
GIZ Tunisia  t,Tunisia,CF,Confexhall+E010+F019,,,,,,,,,,,,
GKV Foods Limited,Ghana,5.2,C059,,,,,,,,,,,,
GLADIO sp. z o.o.,Poland,7.1,F051,,,,,,,,,,,,
GLENDEAL LLC,Ukraine,CF,Confexhall+B020,,,,,,,,,,,,
"GLET - GLOBAL EUROPE TRADE, LDA",Portugal,3.1,C043a,,,,,,,,,,,,
GLOBAL EXPORT AND IMPORT FOODSTUFF JSC,Vietnam,CF,Confexhall+B030+C039,,,,,,,,,,,,
GlobalAgro Corporation Pvt. Ltd.,India,11.3,H026,,,,,,,,,,,,
Global Brand Synergy Sdn Bhd,Malaysia,1.2,I028,,,,,,,,,,,,
Global Brands Ltd.,United Kingdom,7.1,G008,,,,,,,,,,,,
Global Coffee Industries S.A.,Spain,8.1,A115,,,,,,,,,,,,
Global Commodities Traders Inc.,Canada,11.2,C044,,,,,,,,,,,,
"Global Export Marketing Co., Ltd. GEMCO",United States of America,10.2,G050,,,,,,,,,,,,
Grupo Consorcio,Spain,11.1,C014,,,,,,,,,,,,
GRUPO DELIFACTORY S.L.,Spain,11.1,B020,,,,,,,,,,,,
Grupo El Tesoro,Guatemala,4.1,D098+C091,,,,,,,,,,,,
Grupo Lequio,Argentina,6.1,E031,,,,,,,,,,,,
GRUPO MAP BUSINESS,Brazil,3.1,D022a,,,,,,,,,,,,
Grupo Pozuelo & Pro,Costa Rica,3.1,B010+B018,,,,,,,,,,,,
"Grupo TGT, S.L.",Spain,10.1,E038,,,,,,,,,,,,
Grupo Vall Companys,Spain,6.1,B069,,,,,,,,,,,,
GRUPO VISA,Costa Rica,4.1,C041,,,,,,,,,,,,
GRUPPO CARO SRL,Italy,5.2,A019,,,,,,,,,,,,
G.C.M. GRUPPO CASEARIO MERIDIONALE S.R.L,Italy,10.1,F075,,,,,,,,,,,,
Gruppo Fini Spa,Italy,5.1,C062,,,,,,,,,,,,
Gruppo Izzo,Italy,5.2,A030+B031,,,,,,,,,,,,
GRUPPO MILO SPA,Italy,5.2,B032,,,,,,,,,,,,
GSL Premium Food Export Corporation,Philippines,1.2,N011+M010,,,,,,,,,,,,
GUACAMOLE DE LA SIERRA,Mexico,5.1,B064,,,,,,,,,,,,
Guanavida S.A.,Ecuador,3.1,A028,,,,,,,,,,,,
"Guangdong Beary Foodstuff Co., Ltd.",China,4.1,A014,,,,,,,,,,,,
"GUANGDONG EAGLE COIN HAIBAO FOODS CO., LTD.",China,4.1,A030,,,,,,,,,,,,
"Guangdong Huangji International Trade Co., Ltd",China,1.2,F031,,,,,,,,,,,,
"GUANGDONG PRB BIO-TECH CO., LTD.",China,4.1,C014a,,,,,,,,,,,,
"Guangdong Tea Imp. + Exp. Co., Ltd.",China,1.2,M021,,,,,,,,,,,,
"Guangdong Yusheng Food Industries Co., Ltd.",China,11.1,G024,,,,,,,,,,,,
Guangxi Cangwu County Sikiang Cassia Factory,China,5.2,C064a,,,,,,,,,,,,
"Guangxi Tianyang Zhuangling Fruit Food Co.,Ltd",China,5.1,A066b,,,,,,,,,,,,
"Guangxi Yanker Shop Food Co., Ltd.",China,1.2,I032,,,,,,,,,,,,
Guangzhou Lianyi Biotechnology  COMPANY LIMITED,China,5.2,D061,,,,,,,,,,,,
"Guangzhou City Red Bridge Wanli Foodstuffs Co., Ltd.",China,5.1,B090a,,,,,,,,,,,,
"GUANGZHOU HAOENFENGSHI FOOD CO., LTD.",China,7.1,G060a,,,,,,,,,,,,
"Guangzhou Infinitas Food Technology Co.,Ltd",China,2.2,A060a,,,,,,,,,,,,
"Guangzhou Wang Lao Ji Great Health Industry Co., Ltd.",China,7.1,E036,,,,,,,,,,,,
GUARANTEED GLUTEN FREE,France,2.2,C036,,,,,,,,,,,,
Guard Rice,Pakistan,11.3,E043,,,,,,,,,,,,
Guglielmi Saverio Snc,Italy,11.2,E045,,,,,,,,,,,,
"GUIJUELO GOURMET, S.L.",Spain,7.1,B055a,,,,,,,,,,,,
Guler Kuruyemis Gida Plastik Imalat Paz. San. ve Tic. Ltd. Sti.,Türkiye,11.3,C015a,,,,,,,,,,,,
GULF CANNING COMPANY (GCC),Egypt,2.1,A053c,,,,,,,,,,,,
Gulf Egyptian Centre-Gold Alex Gold Alex,Egypt,4.2,A100,,,,,,,,,,,,
Gulf Union Foods Co.,Saudi Arabia,CF,Confexhall+E021,,,,,,,,,,,,
"Galletas Gullón, S. A.",Spain,3.2,B058,,,,,,,,,,,,
MEYSU GIDA SANAYI VE TICARET A.S.,Türkiye,8.1,A040,,,,,,,,,,,,
Guneydogu Antepfistikcilik San. ve Tic. A.S.,Türkiye,11.3,C035a,,,,,,,,,,,,
Guneyliler Gida San. ve Tic. Ltd. Sti.,Türkiye,11.3,B038,,,,,,,,,,,,
Gungor Tarim Insaat San. ve Tic. A.S.,Türkiye,11.3,C036,,,,,,,,,,,,
"GUNMA RICE FLOUR MILLING CO.,LTD.",Japan,2.1,E041,,,,,,,,,,,,
Gunnar Dafgård AB,Sweden,4.2,C011,,,,,,,,,,,,
Güntensperger Käse AG,Switzerland,10.1,H039,,,,,,,,,,,,
Günthart & Co. KG,Germany,3.1,B058,,,,,,,,,,,,
Gunz Warenhandels GmbH,Austria,3.2,B060,,,,,,,,,,,,
Gurme Yari Kurutulmus Sebzeler Sanayi ve Ticaret A.S.,Türkiye,4.1,E068,,,,,,,,,,,,
Guschlbauer Backwaren GmbH,Austria,3.2,C049,,,,,,,,,,,,
Guschlbauer GmbH,Austria,2.2,A018,,,,,,,,,,,,
GUSTIBUS ALIMENTARI SRL,Italy,11.2,D056%2C+C033,,,,,,,,,,,,
Gut Springenheide GmbH,Germany,4.2,D049,,,,,,,,,,,,
Gutfried GmbH,Germany,6.1,B070+C079,,,,,,,,,,,,
Gutmeyr,Germany,5.1,F021,,,,,,,,,,,,
UAB,Lithuania,2.1,D028a,,,,,,,,,,,,
Gyermelyi Zrt.,Hungary,5.2,C032b,,,,,,,,,,,,
GYMA Deutschland GmbH,Germany,10.2,C061,,,,,,,,,,,,
Gyma Food Industries LLC,United Arab Emirates,CF,Confexhall+C030a,,,,,,,,,,,,
Gyulahús Kft.,Hungary,7.1,A008,,,,,,,,,,,,
H. U. TREXIM,India,1.2,F007,,,,,,,,,,,,
H.R. Exports Pvt. Ltd.,India,11.3,G025a,,,,,,,,,,,,
Ha Li Fa Pte Ltd,Singapore,2.1,A026a,,,,,,,,,,,,
Hintrag / Hachem Industry and Trading Group,Lebanon,2.1,E015a,,,,,,,,,,,,
HACI HASANOGULLARI BAKLAVA,Türkiye,4.1,E088,,,,,,,,,,,,
A. Hadjipieris Ltd.,Cyprus,10.1,B038,,,,,,,,,,,,
"HAECHEONGJEONG CO., LTD","Korea, Republic of",5.2,A069,,,,,,,,,,,,
Haedeulnyeok Agricultural Corporation,"Korea, Republic of",5.2,A067b,,,,,,,,,,,,
"HAEYEAREUM CO., LTD","Korea, Republic of",5.2,A063a,,,,,,,,,,,,
HAGIMEX JSC,Vietnam,CF,Confexhall+A030+B039,,,,,,,,,,,,
German Food Culture - GFC-GmbH,Germany,10.2,C053,,,,,,,,,,,,
Hailuodon Panimo Oy,Finland,10.2,A070c,,,,,,,,,,,,
Haitoglou Bros S.A.,Greece,2.1,D021,,,,,,,,,,,,
"HaiXin Foods Co., Ltd.",China,1.2,N042,,,,,,,,,,,,
HAJI KHUSHI MUHAMMAD AND COMPANY,Pakistan,11.3,E044c,,,,,,,,,,,,
Hajuta PLC,Ethiopia,11.3,B033b,,,,,,,,,,,,
"Hakutsuru Sake Brewing Co., Ltd.",Japan,2.1,E041,,,,,,,,,,,,
Haleplioglu Endustriyel Fistik Gida ve San. Tic. Ltd. Sti.,Türkiye,11.3,B030b,,,,,,,,,,,,
Halitlar Gida Saglik Urun. San. ve Tic. Ltd. Sti.,Türkiye,2.2,C031,,,,,,,,,,,,
Hallab 1881,Lebanon,2.1,E015,,,,,,,,,,,,
Halwani Bros,Egypt,2.1,C058,,,,,,,,,,,,
Halwany Consumer Products (HCP) S.A.L.,Lebanon,4.2,D101,,,,,,,,,,,,
HAM Zaklady Miesne,Poland,6.1,E110,,,,,,,,,,,,
"Hama Soy Sauce Brewery Co., Ltd.",Japan,2.1,B038,,,,,,,,,,,,
HAMDARD FOODS INDIA,India,8.1,A008,,,,,,,,,,,,
Hamlet International NV,Belgium,2.1,A041,,,,,,,,,,,,
Hamurex A.S.,Türkiye,P1.1,Passage+Halle+2+Halle+4+002,,,,,,,,,,,,
"Han Feng Global, Inc",United States of America,9.1,A021b,,,,,,,,,,,,
Hanchia Fish Aquaculture,Tunisia,11.3,C044,,,,,,,,,,,,
"HANDAN FLOWERFOODSTUFF CO.,LTD",China,5.2,A060,,,,,,,,,,,,
"HANDAN ZHAOHUI BIOTECHNOLOGY CO.,LTD",China,4.1,A010,,,,,,,,,,,,
Handcrafted Cashew Nuts Stung Treng,Cambodia,4.1,D094,,,,,,,,,,,,
Handl Tyrol GmbH,Austria,7.1,A069,,,,,,,,,,,,
Handsman Sp. z o.o.,Poland,4.2,E092,,,,,,,,,,,,
HANFIMEX GROUP,Vietnam,CF,Confexhall+A030+B039,,,,,,,,,,,,
"Hangjinhouqi Changshi Food Co., Ltd",China,5.1,A080b,,,,,,,,,,,,
Hangjinhouqi Dashuan Commercial and Trade Co. Ltd.,China,1.2,N023,,,,,,,,,,,,
"Hangjinhouqi Deposit Gold Trade Co.,Ltd.",China,5.1,B076,,,,,,,,,,,,
"Hangjinhouqi Huawei Co.,Ltd",China,2.2,A004,,,,,,,,,,,,
Hangjinhouqi Yongtaifeng Commerce Co Ltd,China,5.1,A082b,,,,,,,,,,,,
"HANGZHOU B&G Imp.&Exp.Co., Ltd.",China,1.2,G035a,,,,,,,,,,,,
"Hangzhou Bestotes Industry Co., Ltd",China,1.2,F034a,,,,,,,,,,,,
Hangzhou Fuyang QianXi Bamboo Shoot Factory,China,1.2,O037,,,,,,,,,,,,
Hangzhou Hansin New Packing Material Co.,China,7.1,G068,,,,,,,,,,,,
"Hangzhou In Spring Tea Co., Ltd.",China,8.1,B119b,,,,,,,,,,,,
"Hangzhou Landbridge Trading Co., Ltd.",China,1.2,G035,,,,,,,,,,,,
"HANGZHOU LINAN FANREN TRADING CO., LTD",China,1.2,M017,,,,,,,,,,,,
"Hangzhou Risun Trading Co., Ltd.",China,4.2,E099,,,,,,,,,,,,
"HANGZHOU TIANCI FOOD CO.,LTD",China,5.1,C080,,,,,,,,,,,,
"Hangzhou Xinyiheng Food Co., Ltd.",China,1.2,F032,,,,,,,,,,,,
Hankintatukku Oy,Finland,10.2,A064a,,,,,,,,,,,,
Hankook Tea Co.,"Korea, Republic of",7.1,F042,,,,,,,,,,,,
HANNA-Feinkost AG,Germany,9.1,E009,,,,,,,,,,,,
Verdener Keks- und Waffelfabrik Hans Freitag GmbH & Co. KG,Germany,3.1,A046,,,,,,,,,,,,
HANWOOL FOOD,"Korea, Republic of",5.2,A069c,,,,,,,,,,,,
"Haotaitai Food Co., Ltd.",China,1.2,F037a,,,,,,,,,,,,
Happy Veg Inc.,United States of America,5.1,A061,,,,,,,,,,,,
HAPROSIMEX JSC,Vietnam,CF,Confexhall+A030+B039,,,,,,,,,,,,
"Harbin Gaotai Food Co., Ltd.",China,4.1,B016,,,,,,,,,,,,
Harboes Bryggeri A/S,Denmark,5.1,D069+F068,,,,,,,,,,,,
Harim Industry Inc,"Korea, Republic of",5.2,E014,,,,,,,,,,,,
"Harris Woolf California Almonds, LLC.",United States of America,10.2,I072,,,,,,,,,,,,
Harry-Brot GmbH,Germany,3.2,C038,,,,,,,,,,,,
Harvest Foods,Egypt,2.1,A064,,,,,,,,,,,,
Harvest Grain Trading Ltd,Canada,11.2,D047,,,,,,,,,,,,
Harvesta Ltd,Bulgaria,3.1,D060,,,,,,,,,,,,
Hassas Export Co. Ltd.,Iran,10.2,E019,,,,,,,,,,,,
Hätälä Oy,Finland,10.2,A070c,,,,,,,,,,,,
Havanna S.A.,Argentina,3.2,B061,,,,,,,,,,,,
Havelicious GmbH,Germany,10.2,C057,,,,,,,,,,,,
"Hayakawa Shoyu Miso Co.,ltd",Japan,2.1,D029,,,,,,,,,,,,
HAYANHAESSAL COMPANY,"Korea, Republic of",5.2,A068,,,,,,,,,,,,
Hazelnut Marketing Board,United States of America,10.2,H060,,,,,,,,,,,,
HAZERBABAGIDA SAN. IC.VEDIS.TIC. LTD.STI,Türkiye,2.2,C035a,,,,,,,,,,,,
"Hazienda La Rambla, S.L.",Spain,P4.1,Passage+Halle+4+Halle+5+A037,,,,,,,,,,,,
HB Corporation,"Korea, Republic of",1.2,H017,,,,,,,,,,,,
HDDES Extracts (PVT) LTD,Sri Lanka,5.1,D019,,,,,,,,,,,,
HDI Holding Dolciaria Italiana Spa,Italy,3.2,C060,,,,,,,,,,,,
Healing Life International (Pvt) Ltd,Sri Lanka,1.2,F028a,,,,,,,,,,,,
Healthy Bars LLC,Bulgaria,3.1,A030,,,,,,,,,,,,
"Healthy Food Products Co.,Ltd",Thailand,11.3,G042,,,,,,,,,,,,
HEALTHY GENERATION LLC,Ukraine,5.2,E058,,,,,,,,,,,,
HEALTHY PLANET s.r.o,Slovakia,4.1,E093,,,,,,,,,,,,
Healthy Smart Beverages,Romania,5.1,F091,,,,,,,,,,,,
Healthy Snacks,Latvia,5.1,F005,,,,,,,,,,,,
Hebar j.s.c.,Bulgaria,4.1,D019,,,,,,,,,,,,
"HEBEI  HUADAI  AGRICULTURE  TECHNOLOGY CO.,  LTD",China,1.2,N026,,,,,,,,,,,,
"Hebei Agrilinks Imp.& Exp. Co., Ltd.",China,4.1,B014,,,,,,,,,,,,
"Hebei Brother International Trading Co., Ltd.",China,1.2,F031a,,,,,,,,,,,,
"Hebei Dazheng Food Co., Ltd.",China,CF,Confexhall+C055,,,,,,,,,,,,
Hebei Dingyu Imp & Exp Co. Ltd,China,4.2,D067,,,,,,,,,,,,
"HEBEI HANGEN IMPORT AND EXPORT CO.,LTD.",China,4.1,A008b,,,,,,,,,,,,
"Hebei Jinxu Noodles Co.,Ltd",China,5.1,B085a,,,,,,,,,,,,
"Hebei Lianshun Agricultural Development / Co.,Ltd",China,P1.1,Passage+Halle+2+Halle+4+022,,,,,,,,,,,,
"Hebei Lirun Food Co.,Ltd.",China,CF,Confexhall+A041,,,,,,,,,,,,
"HEBEI LUHUA IMPORT AND EXPORT TRADE CO.,LTD",China,P1.1,Passage+Halle+2+Halle+4+024b,,,,,,,,,,,,
"Hebei Nihewan Agricultural Development Co., Ltd",China,1.2,H035a,,,,,,,,,,,,
"HEBEI PENGDA FOOD CO.,LTD.",China,CF,Confexhall+D047,,,,,,,,,,,,
"Hebei Phoenix Trading Co., Ltd.",China,1.2,E036b,,,,,,,,,,,,
"Hebei Seven Fruit Trade Co.,Ltd",China,1.2,O048a,,,,,,,,,,,,
"Hebei ShengMeng Foodstuff Co.,Ltd",China,1.2,N035,,,,,,,,,,,,
"Hebei Sooin Food Co.,Ltd",China,5.1,A080d,,,,,,,,,,,,
"Hebei The Greatwall Luyuan Food Co., Ltd",China,5.1,A066a,,,,,,,,,,,,
"Hebei Tomato Industry Co., Ltd.",China,1.2,M030,,,,,,,,,,,,
"Hebei Yanran Food Co., Ltd",China,CF,Confexhall+C053,,,,,,,,,,,,
Hebron snacks for Food Industries & ICO.,Palestine,10.2,E078,,,,,,,,,,,,
Hedez Import Export SRL,Romania,9.1,B054,,,,,,,,,,,,
"Hefei Wentai Hexagon Trade Co., Ltd.",China,1.2,M037,,,,,,,,,,,,
Confiserie Heidel,Germany,3.1,B046,,,,,,,,,,,,
HEIDEMARK LANDFRISCHE GmbH & Co. KG,Germany,9.1,C027+C029,,,,,,,,,,,,
Van der Heiden Kaas B.V.,Netherlands,10.1,D039,,,,,,,,,,,,
Heihoef B.V.,Netherlands,6.1,D090,,,,,,,,,,,,
Kelterei Heil OHG,Germany,8.1,E121,,,,,,,,,,,,
Heilongjiang Golden Lake Farm Products Ltd.,China,1.2,I034,,,,,,,,,,,,
"HeiLongjiang Hexing Agricultural Products Co., Ltd",China,2.2,A017,,,,,,,,,,,,
"Heilongjiang Land Reclamation Dragon King Foods Co., Ltd",China,1.2,E039,,,,,,,,,,,,
"Heilongjiang Longsen Nature Food Co., Ltd.",China,1.2,O039b,,,,,,,,,,,,
Heilongjiang Pinetree Valley Company Limited,China,2.2,A059b,,,,,,,,,,,,
Heimburger,France,10.2,F022,,,,,,,,,,,,
Heinrichsthaler Milchwerke GmbH,Germany,10.1,E008,,,,,,,,,,,,
Hekos Oriental Food,Netherlands,4.2,B006,,,,,,,,,,,,
"HELADOS ESTIU, SA",Spain,4.2,D023,,,,,,,,,,,,
Heli Food Fresh a.s.,Czech Republic,5.1,C052,,,,,,,,,,,,
Heliadis Belgium SA,Belgium,11.1,C041,,,,,,,,,,,,
Dulces Y Conservas Helios S.A.,Spain,11.1,E012,,,,,,,,,,,,
"Helios Artificial Intelligence, Inc.",United States of America,B.1,Boulevard+208,,,,,,,,,,,,
PANAGIOTIS SP.DAKOS S.A. PASTA & FOOD PR HELIOS PASTA INDUSTRY,Greece,10.2,I047,,,,,,,,,,,,
HELL ENERGY HUNGARY LTD.,Hungary,7.1,E020,,,,,,,,,,,,
Hellas Quality Foods IKE,Greece,10.2,I012,,,,,,,,,,,,
Hellenic Quality Foods S.A.,Greece,4.2,E080,,,,,,,,,,,,
HELLENIC DAIRIES GROUP - OLYMPUS,Greece,10.1,F041,,,,,,,,,,,,
Hellenic Fine Oils S.A.,Greece,10.2,H042a,,,,,,,,,,,,
Helsan Gida San. ve Tic. Ltd. Sti.,Türkiye,11.3,D027,,,,,,,,,,,,
Helsinki Mills,Finland,10.2,A064b,,,,,,,,,,,,
Helvacizade Gida Ilac Kimya San. ve Tic. A.S.,Türkiye,11.3,D021a,,,,,,,,,,,,
HEMANI HERBALS FZCO,United Arab Emirates,11.3,B035a,,,,,,,,,,,,
Hemelaer,Belgium,6.1,E010+E018,,,,,,,,,,,,
Hemsi Tarim Urunleri Ticaret ve Sanayi A.S.,Türkiye,11.3,B028a,,,,,,,,,,,,
"Henan Haichijia Trading Co., Ltd",China,5.2,A060,,,,,,,,,,,,
"HENAN MINOODLES CO., LTD.",China,CF,Confexhall+D057,,,,,,,,,,,,
Henan Sunny Foodstuff Co. Ltd.,China,1.2,K031,,,,,,,,,,,,
"Henan Yingjie Food Co., Ltd.",China,4.1,B017a,,,,,,,,,,,,
Hendersons (Sheffield) Ltd,United Kingdom,10.2,F051,,,,,,,,,,,,
Henning Broscheit GmbH,Germany,P2.1,Passage+Halle+3+Halle+11+003,,,,,,,,,,,,
Kaasmakerij Henri Willig B.V.,Netherlands,10.1,G039,,,,,,,,,,,,
"Hensall District Co-operative, Inc.",Canada,11.2,D029,,,,,,,,,,,,
Herat Saffron Ltd,Afghanistan,11.3,B044,,,,,,,,,,,,
Herbafrost N.V.,Belgium,4.1,B070,,,,,,,,,,,,
herbivore inc,United States of America,1.2,C026,,,,,,,,,,,,
"HerboSpice, S.L.",Spain,11.1,A016,,,,,,,,,,,,
"HERBS N SPICES INTERNATIONAL CO., LTD",Vietnam,5.1,D076,,,,,,,,,,,,
HERERO SRL,Italy,11.2,A008,,,,,,,,,,,,
"Heritage Snacks & Food Co., Ltd.",Thailand,11.3,G017,,,,,,,,,,,,
HERMABAR SL,Spain,11.1,F023a,,,,,,,,,,,,
HERMANN Commerce GmbH,Germany,11.3,D051,,,,,,,,,,,,
Hermanos Moran S.L.,Spain,6.1,D080,,,,,,,,,,,,
Hermanos Rodriguez BARBANCHO SL,Spain,7.1,B056,,,,,,,,,,,,
HERMI GESTION SL,Spain,6.1,E008,,,,,,,,,,,,
Hero Nutritional Food Industries,,2.1,B062,,,,,,,,,,,,
HERTA BIO APICOLE SRL,Romania,5.1,D035,,,,,,,,,,,,
Herzum INTRACO SRL,Italy,6.1,B010+C011,,,,,,,,,,,,
"HESCO SOLUTION CO., LTD.",Thailand,11.3,G012,,,,,,,,,,,,
"Hesed agriculture trading co.,Ltd",Cambodia,4.1,D094,,,,,,,,,,,,
Hessan Co. Ltd.,Iran,10.2,D085,,,,,,,,,,,,
ARGE Heumilch,Austria,10.1,C023,,,,,,,,,,,,
Heuschen & Schrouff OFT BV,Netherlands,11.2,D010+E011,,,,,,,,,,,,
HEXA FOOD SDN BHD,Malaysia,1.2,N010+O011,,,,,,,,,,,,
"HeZe Wit Food Co.,Ltd",China,4.2,E091,,,,,,,,,,,,
HIDA Alimentación S.A.,Spain,11.1,A010a,,,,,,,,,,,,
HIGHLAND FOODS SAC,Peru,3.1,A016,,,,,,,,,,,,
"Highland Foods Co., Ltd.","Korea, Republic of",6.1,C123,,,,,,,,,,,,
Hijos de Carlos Albo S.L.,Spain,5.2,D049,,,,,,,,,,,,
Hijos de J Casaponsa sa,Spain,7.1,C042,,,,,,,,,,,,
HIJOS DE SALVADOR MUÑOZ S.A.,Argentina,3.1,D063,,,,,,,,,,,,
"Hikari Miso Co., LTD.",Japan,P4.1,Passage+Halle+4+Halle+5+B066,,,,,,,,,,,,
Hilagro S.A.,Paraguay,3.1,C081+D081,,,,,,,,,,,,
"Hilltop Ranch, Inc",United States of America,10.2,I076,,,,,,,,,,,,
Himmerlandskod,Denmark,6.1,C009a,,,,,,,,,,,,
Hindustan Global,India,3.1,A005,,,,,,,,,,,,
HIPER AMBROZIA SRL,Romania,5.1,D033,,,,,,,,,,,,
hitschler International GmbH & Co. KG,Germany,3.1,B052,,,,,,,,,,,,
HIWA Rotterdam Port Cold Stores,Netherlands,8.1,D068,,,,,,,,,,,,
HJS Condiments Limited,Sri Lanka,1.2,F014,,,,,,,,,,,,
HKFoods Oyj,Finland,5.1,B049,,,,,,,,,,,,
HMS Group GmbH,Germany,7.1,E034a,,,,,,,,,,,,
"Hnk. Co., Ltd.","Korea, Republic of",5.2,A066a,,,,,,,,,,,,
HNOS. MARTINEZ ZABALLOS S.L.,Spain,11.1,A033,,,,,,,,,,,,
"Hoang Kim Ngan Import Export Co., Ltd",Vietnam,1.2,N008,,,,,,,,,,,,
Hoche Butter GmbH,Germany,10.1,G034,,,,,,,,,,,,
Hochländer Wild GmbH,Austria,9.1,B008,,,,,,,,,,,,
Hochwald Foods GmbH,Germany,10.1,E011,,,,,,,,,,,,
Hock Seng Food Pte Ltd,Singapore,2.1,B027,,,,,,,,,,,,
Frank Hoffmann Konserven GmbH,Germany,2.1,C051,,,,,,,,,,,,
Holeki nv,Belgium,4.1,D021,,,,,,,,,,,,
Holifresh,Belgium,5.2,E055,,,,,,,,,,,,
HOLIGREEN SNACKS & FLAVORS,Greece,11.2,G057a,,,,,,,,,,,,
Holiroots,Germany,B.1,Boulevard+121,,,,,,,,,,,,
Holland Filling Industries,Netherlands,11.1,D038,,,,,,,,,,,,
IMS Höllinger GmbH,Austria,8.1,D039,,,,,,,,,,,,
"Jiujiang Holly Foods Co., Ltd.",China,5.1,B087,,,,,,,,,,,,
"Homedia (Zhangzhou) Imp. And Exp. Co.,Ltd.",China,1.2,M038,,,,,,,,,,,,
HOMEMADE COMPANY LLC,Serbia,4.2,A069a,,,,,,,,,,,,
Homifreez N.V.,Belgium,4.2,D090,,,,,,,,,,,,
HONEY TRADE INC SRL,Romania,11.2,G034a,,,,,,,,,,,,
"Honey Tree Co., Ltd.",Hong Kong,1.2,L014,,,,,,,,,,,,
Honey-Moon Ltd.,Hungary,2.2,E048a,,,,,,,,,,,,
Honey-World Ltd.,Hungary,5.1,C061,,,,,,,,,,,,
"HONG DA MA FOODS CO., LTD.",Taiwan,7.1,G051a,,,,,,,,,,,,
"Hong Kong Fung Yu Trading Co., Ltd.",Hong Kong,1.2,L028,,,,,,,,,,,,
Hong Xin Food Sdn Bhd,Malaysia,1.2,H028,,,,,,,,,,,,
"Hongchang International Co,Ltd.",China,4.1,A024a,,,,,,,,,,,,
HONZA NATURAL FOODS S.L.,Spain,4.2,E028,,,,,,,,,,,,
Hoogwegt Group B.V.,Netherlands,10.1,C060,,,,,,,,,,,,
Horafrost N.V.,Belgium,4.2,D090,,,,,,,,,,,,
Horchani Dattes,Tunisia,11.3,D041b,,,,,,,,,,,,
"Horizon Nut, LLC Horizon Growers",United States of America,10.2,I077,,,,,,,,,,,,
Horst Bode Import-Export GmbH,Germany,5.1,F057,,,,,,,,,,,,
Hortena Dpt doo,Republic of North Macedonia,11.1,G052a,,,,,,,,,,,,
Hortex Sp. z o.o.,Poland,4.2,D068,,,,,,,,,,,,
Hortgro Dried Tree Fruit,South Africa,4.1,D100,,,,,,,,,,,,
HORTIFRUCT SRL,Romania,5.2,C061,,,,,,,,,,,,
Hortofruticola Costa de Almeria S.L.,Spain,11.1,F021c,,,,,,,,,,,,
"Hosan Co., Ltd.","Korea, Republic of",5.2,B071a,,,,,,,,,,,,
Hosta - Werk für Schokolade- Spezialitäten GmbH & Co. KG,Germany,3.1,A052,,,,,,,,,,,,
HOT-CHIP s.r.o.,Czech Republic,4.1,E097a,,,,,,,,,,,,
HOTANUTS COMPANY LTD,Vietnam,CF,Confexhall+D050+E059,,,,,,,,,,,,
Hotblood Energydrinks GmbH,Germany,8.1,E109,,,,,,,,,,,,
Hot Blood Deutschland GmbH,Germany,8.1,C014,,,,,,,,,,,,
Hotos S.A.,Greece,10.1,E039,,,,,,,,,,,,
House Foods Group INC.,Japan,2.1,B028,,,,,,,,,,,,
House of Bagels Private Company / d.b.a.,Greece,10.2,I009,,,,,,,,,,,,
House of Denmark A/S,Denmark,5.2,E031,,,,,,,,,,,,
"HOYA NEXT MEATS CO., LTD.",Taiwan,1.2,A038,,,,,,,,,,,,
HPW AG,Switzerland,10.2,D023,,,,,,,,,,,,
HQ DRIED FRUITS FACTORY LLC,Uzbekistan,5.1,B079+C078,,,,,,,,,,,,
Hrana S.A.,Romania,11.1,D018,,,,,,,,,,,,
Hreñuk Sa,Argentina,8.1,B077a,,,,,,,,,,,,
HT NUTS,Argentina,3.1,D061,,,,,,,,,,,,
Hua Khiang Food Export (S) Pte Ltd,Singapore,2.1,C021,,,,,,,,,,,,
"HUANG JU FOOD INTERNATIONAL CO., LTD.",Taiwan,2.1,B003,,,,,,,,,,,,
HUANGYAN IMPORT AND EXPORT CORPORATION,China,1.2,F036,,,,,,,,,,,,
Hub International Srl,Italy,5.1,E078,,,,,,,,,,,,
Hub-Pak Salt Refinery Hub Salt (Pvt) Ltd,Pakistan,11.3,E039,,,,,,,,,,,,
Agence bruxelloise pour l'Entrepreneuriat,Belgium,2.1,B059e,,,,,,,,,,,,
Hubei Banbingwei Tea Industry Co. Ltd.,China,5.1,F021,,,,,,,,,,,,
"Hubei Bo'ao Food Co., Ltd.",China,1.2,I046,,,,,,,,,,,,
"Hubei Fomdas Foods Co., Ltd.",China,1.2,K038,,,,,,,,,,,,
"Hubei Homeyard Food CO.,LTD",China,1.2,M023,,,,,,,,,,,,
"HUBEI HUATIAN FOOD CO., LTD.",China,CF,Confexhall+C045,,,,,,,,,,,,
"Hubei Qingzhuan Tea Industry Development Group Co., Ltd",China,5.1,F021,,,,,,,,,,,,
"Hubei Shuangshi Tea Co.,Ltd.",China,7.1,G062a,,,,,,,,,,,,
"Hubei Tea Group Co., Ltd.",China,5.1,F021,,,,,,,,,,,,
"Hubei Tuanhuang Tribute Tea Co., Ltd",China,5.1,F021,,,,,,,,,,,,
"Hubei Yuhuangjian Tea Industry Co., Ltd",China,5.1,F021,,,,,,,,,,,,
"Hubei Zhaoliqiao Tea Factory Co., Ltd.",China,5.1,F021,,,,,,,,,,,,
HUDISA DESARROLLO INDUSTRIAL S.A.,Spain,4.2,D027,,,,,,,,,,,,
Hudson International Market LLC,United States of America,1.2,J016,,,,,,,,,,,,
"Huerta Dehesa El Alcornocal, S.L.",Spain,11.1,D030,,,,,,,,,,,,
"Hutesa Agroalimentaria, S.A.",Spain,11.1,C015,,,,,,,,,,,,
Hülsenreich GmbH,Germany,B.1,Boulevard+076,,,,,,,,,,,,
Hülshorst GmbH,Germany,9.1,E021,,,,,,,,,,,,
"HUNAN GUOXIU FOODS CO., LTD",China,5.1,A080c,,,,,,,,,,,,
"Hunan Guoyue food Co.,Ltd",China,2.2,A057a,,,,,,,,,,,,
"Hunan Hengcha Import and Export Trading Co., Ltd",China,5.1,A086c,,,,,,,,,,,,
"Hunan Tea Group Co., Ltd.",China,7.1,G066a,,,,,,,,,,,,
"Hunan Tongda Bamboo Industry Technology Co.,Ltd",China,5.1,A080g,,,,,,,,,,,,
"Hunan Xinfeng Bamboo Technology Co.,LTD",China,1.2,N039,,,,,,,,,,,,
Hung Hau Foods Joint Stock Company,Vietnam,4.2,B022,,,,,,,,,,,,
"Hung Son Co., Ltd",Vietnam,CF,Confexhall+B030+C039,,,,,,,,,,,,
Hungarofreeze Kft,Hungary,4.2,C081,,,,,,,,,,,,
Hungerit Zrt,Hungary,9.1,B030,,,,,,,,,,,,
Hunt and Brew,Australia,8.1,D102,,,,,,,,,,,,
"Shanxi Jinchang Cereal Trading Co., Ltd",China,5.1,A070,,,,,,,,,,,,
Hunza Citrus and Pulp Private limited,Pakistan,8.1,D100,,,,,,,,,,,,
HURRA Trade Kft.,Hungary,7.1,E050,,,,,,,,,,,,
"Huxia, Lda.",Portugal,4.1,E099,,,,,,,,,,,,
"HUZHOU INNOVATEA CO., LTD.",China,8.1,A110b,,,,,,,,,,,,
Hvd.be,Belgium,2.1,A042,,,,,,,,,,,,
HW FOODS GmbH,Germany,10.1,F078,,,,,,,,,,,,
Hwaseong Grape Association,"Korea, Republic of",5.1,A068,,,,,,,,,,,,
"HWAYO CO., LTD.","Korea, Republic of",7.1,F046,,,,,,,,,,,,
Hybu Cig Cymru,United Kingdom,6.1,D040,,,,,,,,,,,,
Hydrocare Australian Pty Ltd,Australia,7.1,F023,,,,,,,,,,,,
HyLife Foods LP,Canada,6.1,E060,,,,,,,,,,,,
HYPER SUN FOODS LTD.,Taiwan,4.2,E094,,,,,,,,,,,,
I Peccatucci di Mamma Andrea SRL,Italy,5.2,A041+A049,,,,,,,,,,,,
I.B. Dehesa las Cumbres sl,Spain,7.1,B042a,,,,,,,,,,,,
Natur Bravo,Moldova,5.2,B054b,,,,,,,,,,,,
I.T.A.N SNC F.LLI Nardone,Italy,5.2,B040,,,,,,,,,,,,
IAGS EXPORT PRIVATE LIMITED,India,11.3,E049,,,,,,,,,,,,
I AM F&B GROUP B.V.,Netherlands,8.1,E113,,,,,,,,,,,,
I.A.S Corp,United States of America,10.2,I063a,,,,,,,,,,,,
Iber Cocktail S.L.,Spain,11.1,B018,,,,,,,,,,,,
Iberdeli B.V.,Netherlands,6.1,A041,,,,,,,,,,,,
Iberdigest S.L.,Spain,9.1,E023,,,,,,,,,,,,
"Iberfruta Muerza, S.A.U.",Spain,5.1,F036,,,,,,,,,,,,
PROD. IB. CALDERON Y RAMOS PRODUCTOS IBÉRICOS CALDERÓN Y,Spain,P4.1,Passage+Halle+4+Halle+5+A033,,,,,,,,,,,,
IBÉRICOS DOMECQ S.L.,Spain,7.1,B052a,,,,,,,,,,,,
IBÉRICOS TORREÓN SALAMANCA S.L.,Spain,7.1,B051b,,,,,,,,,,,,
Ibericos Vazquez S.L.,Spain,7.1,B050,,,,,,,,,,,,
"Iberopasta, Lda",Portugal,11.1,F047a,,,,,,,,,,,,
ICAM SPA,Italy,11.2,E031,,,,,,,,,,,,
The International Co. for Agricultural production and Processing (ICAPP),Egypt,4.2,E061,,,,,,,,,,,,
ICE-Agenzia per la promozione all'estero e l'int.ne delle imprese italiane,Italy,11.2,B060%2C+C051,,,,,,,,,,,,
ICE DOTS S.A.,Poland,B.1,Boulevard+100,,,,,,,,,,,,
Ice Dyp Balas,Romania,11.3,E020,,,,,,,,,,,,
ICE VENDING BY CUBERS,Spain,P4.1,Passage+Halle+4+Halle+5+B020,,,,,,,,,,,,
ICEMÄNNER Holding UG,Germany,B.1,Boulevard+212,,,,,,,,,,,,
ICEX Espana Exportacion E Inversiones E.P.E.,Spain,11.1,E013a,,,,,,,,,,,,
"ICHIBIKI CO.,LTD.",Japan,2.1,D029,,,,,,,,,,,,
ICRDO La Mancha,Spain,P4.1,Passage+Halle+4+Halle+5+A031,,,,,,,,,,,,
"Ideal Food Co., Ltd",China,CF,Confexhall+C058,,,,,,,,,,,,
"IDEAS OCEAN CO., LTD.",Vietnam,8.1,C120a,,,,,,,,,,,,
"Idilia Foods, S.L.",Spain,11.1,C038a,,,,,,,,,,,,
IDM Südtirol,Italy,7.1,B068+C069,,,,,,,,,,,,
IDNAFOOD,Morocco,11.3,A040+B049,,,,,,,,,,,,
IDO CO LTD,"Korea, Republic of",5.2,A067c,,,,,,,,,,,,
IDS Borjomi,Georgia,7.1,G063b,,,,,,,,,,,,
IFAD Multi Products Ltd,Bangladesh,3.1,A029,,,,,,,,,,,,
A & CH IFANTIS SA,Greece,5.1,D060,,,,,,,,,,,,
IFEX Group Srl,Italy,5.1,B061,,,,,,,,,,,,
International Factory for Food&Beverages,Lebanon,7.1,F055,,,,,,,,,,,,
IFFCO,United Arab Emirates,CF,Confexhall+D031,,,,,,,,,,,,
IFFCO Iberia S.L.U.,Spain,11.1,E022,,,,,,,,,,,,
IFS Management GmbH,Germany,B1.1,Boulevard+049,,,,,,,,,,,,
Industrias Frigorificas RECREO saic,Argentina,6.1,D032,,,,,,,,,,,,
Iftekhar Ahmed & Co.,Pakistan,8.1,A038,,,,,,,,,,,,
IG Agro LLC,Georgia,11.1,D058,,,,,,,,,,,,
"Igarashi Seimen Co.,Ltd",Japan,2.1,C039,,,,,,,,,,,,
Igino Mazzola S.p.A.,Italy,11.1,G029,,,,,,,,,,,,
IGLOTEX S.A.,Poland,4.2,D048,,,,,,,,,,,,
Ignalat s.r.l.,Italy,11.2,B044,,,,,,,,,,,,
Igor Gorgonzola,Italy,10.1,D008,,,,,,,,,,,,
Igreca,France,2.2,D033,,,,,,,,,,,,
Iguatemi,Brazil,6.1,D076a,,,,,,,,,,,,
IJEVAN WINE-BRANDY FACTORY CJSC,Armenia,2.1,D058+E059,,,,,,,,,,,,
IKO KOMPANIA DROBIARSKA SP. Z O.O.,Poland,9.1,D031+E038,,,,,,,,,,,,
Ikram Gida A.S.,Türkiye,11.3,A007,,,,,,,,,,,,
IL BUON GUSTO ITALIANO SRL,Italy,10.1,F020,,,,,,,,,,,,
ITALPIZZA S.p.A.,Italy,4.1,C069+D068,,,,,,,,,,,,
ITALTOM SRL,Italy,11.2,B031,,,,,,,,,,,,
Italy Export - Gidiemme s.a.s.,Italy,P6.1,Passage+Halle+10+Halle+11+028,,,,,,,,,,,,
ITALY OILS OLEIFICIO DAL 1920 SRL,Italy,5.2,A030+B031,,,,,,,,,,,,
Itamaraty Indústria e Comércio S/A,Brazil,3.1,D025,,,,,,,,,,,,
Itaueira Industrial Ltda,Brazil,3.1,C025,,,,,,,,,,,,
International Trade Centre (ITC),Switzerland,11.1,A060,,,,,,,,,,,,
ITN Group Ltd,Serbia,4.2,A061a,,,,,,,,,,,,
"ITO EN, LTD.",Japan,8.1,A090,,,,,,,,,,,,
ITOLIVA S.R.L.,Italy,11.2,A016b,,,,,,,,,,,,
ITT Foods SMC Pvt Ltd,Pakistan,1.2,G024,,,,,,,,,,,,
Ittefaq Trading Co.,Pakistan,5.1,D086,,,,,,,,,,,,
"Iwatsuka Confectionery Co.,Ltd.",Japan,2.1,D027,,,,,,,,,,,,
IWRW b.v.,Netherlands,4.2,C071,,,,,,,,,,,,
Iyengars Home Products Pvt Ltd,India,P9.1,Passage+Halle+2+Halle+3+021,,,,,,,,,,,,
IZICO NEDERLAND B.V.,Netherlands,4.2,A011,,,,,,,,,,,,
IZY VAPE CE s.r.o.,Slovakia,1.2,K028,,,,,,,,,,,,
G. Kourtidis Bros S.A.,Greece,8.1,C041,,,,,,,,,,,,
"J.M.B. INTERNATIONAL (THAILAND) CO., LTD",Thailand,11.3,G036a,,,,,,,,,,,,
"J.P.RICE INTERNATIONAL (1998) CO.,LTD.",Thailand,11.3,H011,,,,,,,,,,,,
JA ter Maten BV,Netherlands,6.1,E049,,,,,,,,,,,,
Jaanihanso OÜ,Estonia,8.1,B013,,,,,,,,,,,,
JAB BROS COMPANY,Argentina,9.1,A068,,,,,,,,,,,,
JABS International Pvt. Ltd.,India,1.2,E024,,,,,,,,,,,,
Jabsons Foods Pvt. Ltd.,India,3.1,A003,,,,,,,,,,,,
Jacks Cheese Holland,Netherlands,10.1,F038,,,,,,,,,,,,
Jack's Alimentary Supply Inc.,United States of America,10.2,H064,,,,,,,,,,,,
Jack's Creek,Australia,6.1,C105a,,,,,,,,,,,,
Jackson's Food Company,United States of America,10.2,G062,,,,,,,,,,,,
E. Jacobsen GmbH,Germany,6.1,B029,,,,,,,,,,,,
Jacobsens Bakery Ltd.,Denmark,3.2,B069,,,,,,,,,,,,
JACQUET BROSSARD DISTRIBUTION,France,2.2,D039,,,,,,,,,,,,
JADLI FOODS INDIA PVT LTD,India,7.1,F021,,,,,,,,,,,,
JADRAN TUNA d.o.o.,Croatia,11.1,F035,,,,,,,,,,,,
JAENCOOP GROUP,Spain,11.1,F021b,,,,,,,,,,,,
Jaffa Plus L.L.C,Kosovo,8.1,A051,,,,,,,,,,,,
Jaime Express LTDA Neoking Foods,Brazil,6.1,D075,,,,,,,,,,,,
JAIN FARM FRESH GIDA SAN. VE TIC. A.S.,Türkiye,2.1,C030,,,,,,,,,,,,
Jain Farm Fresh Foods Limited,India,8.1,C011,,,,,,,,,,,,
JAKE S.A.,Spain,11.1,D012,,,,,,,,,,,,
Jalaram Agricom Pvt. Ltd.,India,CF,Confexhall+G016,,,,,,,,,,,,
Jam and Jam Ltd.,Bulgaria,2.2,B052,,,,,,,,,,,,
Konpaks Ltd,Bulgaria,7.1,E030,,,,,,,,,,,,
ZPS JAMAR Szczepaniak sp. j.,Poland,11.1,G053,,,,,,,,,,,,
James Kelly & Sons (Wexford) Limited,Ireland,4.1,D033,,,,,,,,,,,,
Jami doo Sarajevo,Bosnia and Herzegovina,11.1,F039a,,,,,,,,,,,,
JAMONDUL S.L.,Spain,11.1,A035,,,,,,,,,,,,
"JAMONES DURIBER, S.L.U",Spain,7.1,C020+D021,,,,,,,,,,,,
Jamones Martinez S.A.,Spain,7.1,B046a,,,,,,,,,,,,
JAMONES Y EMBUTIDOS IBÉRICOS BERMAN S.L.,Spain,7.1,B053a,,,,,,,,,,,,
JANEX POLSKI PRODUCENT KASZ SP. Z O.O.,Poland,CF,Confexhall+A010+B019,,,,,,,,,,,,
Jannis S.A.,Greece,10.2,H011,,,,,,,,,,,,
JanRich Foods Limited,Sri Lanka,1.2,G029b,,,,,,,,,,,,
JAPALUCCI AGRICOLA SRL,Italy,11.2,A008,,,,,,,,,,,,
Japan Federation of Miso Manufacturers,Japan,2.1,D029,,,,,,,,,,,,
Japan Food Solutions JFS S.A.E.,Egypt,4.2,D030,,,,,,,,,,,,
Japan Livestock Products Export Promotion Council,Japan,9.1,B060,,,,,,,,,,,,
Japan Rice and Rice Industry Export Promotion Association,Japan,2.1,E041%2C+D027,,,,,,,,,,,,
JARDENIA LLC,United States of America,5.1,A073,,,,,,,,,,,,
JAS JUICY AND SPARKLING S.R.L.,Italy,5.2,A030+B031,,,,,,,,,,,,
JASMER FOODS PRIVATE LTD,India,11.3,F036,,,,,,,,,,,,
Jaus Bakery GmbH,Germany,3.2,B031,,,,,,,,,,,,
JAYVEER INDUSTRIES,India,CF,Confexhall+G016a,,,,,,,,,,,,
Jazam Alimentos,Brazil,3.1,C025b,,,,,,,,,,,,
JBS Foods,United States of America,9.1,A041+B048,,,,,,,,,,,,
JC Impex SA,Argentina,3.1,C075c,,,,,,,,,,,,
JD COMPANY S.R.L.S.,Italy,11.3,E023,,,,,,,,,,,,
JD FOOD PUBLIC COMPANY LIMITED,Thailand,11.3,H025a,,,,,,,,,,,,
JDB (TIANJIN) BEVERAGE CO.LTD,China,7.1,G060,,,,,,,,,,,,
JDHB Consultancy Ltd,United Kingdom,10.2,G059,,,,,,,,,,,,
Jealsa Foods S.A.,Spain,P4.1,Passage+Halle+4+Halle+5+B012,,,,,,,,,,,,
JEKTIS AGRO,Tunisia,11.3,C046a,,,,,,,,,,,,
Jenlei Happiny GmbH,Germany,1.2,H021,,,,,,,,,,,,
Jens Möller Products ApS,Denmark,1.2,B020,,,,,,,,,,,,
Jens Warneke Export GmbH,Germany,7.1,E010,,,,,,,,,,,,
Jermi Käsewerk GmbH,Germany,10.1,H079,,,,,,,,,,,,
Jersey Dairy,United Kingdom,10.1,G016,,,,,,,,,,,,
Japan External Trade Organization (JETRO),Japan,2.1,C029b%2C+C029%2C+C049a,,,,,,,,,,,,
Jewell Especialidades,Argentina,3.1,D073,,,,,,,,,,,,
Jai Giriraj Rice and Agro Mills Pvt. Ltd,India,3.1,D016,,,,,,,,,,,,
Jiahe Food GmbH,Germany,5.1,A067,,,,,,,,,,,,
"JIANGMEN CHUANGKEQI FOOD TECHNOLOGY CO.,LTD",China,CF,Confexhall+D070,,,,,,,,,,,,
Jiangsu Cereals Oils & Foodstuffs Imp/Exp Group Corp.,China,5.2,D065c,,,,,,,,,,,,
"JIANGSU DAGANGWU FOOD CO.,LTD",China,4.1,C010a,,,,,,,,,,,,
JIANGSU JIAFU INTERNATIONAL TRADE CORPORATION,China,CF,Confexhall+D055,,,,,,,,,,,,
"Jiangsu Qianmu Agricultural Co.,Ltd.",China,9.1,E055a,,,,,,,,,,,,
"Jiangsu Skyrun Foods Technology Co.,Ltd",China,5.2,C064b,,,,,,,,,,,,
"Jiangsu Toword Food Co., Ltd",China,7.1,C055,,,,,,,,,,,,
"Jiangsu Xianzhiyuan Aquatic Food Co., Ltd.",China,4.1,A011a,,,,,,,,,,,,
Jiangxi Chunsi Foods Company Limited,China,CF,Confexhall+B044,,,,,,,,,,,,
"Jiangxi Dedu Food Technology Co., Ltd.",China,7.1,G062,,,,,,,,,,,,
"Jiangxi Guangya Food Co.,Ltd",China,1.2,G036,,,,,,,,,,,,
"Jiangxi JTM Food Co., Ltd",China,P1.1,Passage+Halle+2+Halle+4+009,,,,,,,,,,,,
"JIANGXI LIANGLU FOOD CO.,LTD",China,5.2,C068,,,,,,,,,,,,
Jiangxi Wanzai Jinjiang Organic Food Co. Ltd.,China,5.1,A085,,,,,,,,,,,,
"Jiangxi Yixing Packaging Co., Ltd.",China,7.1,G070,,,,,,,,,,,,
"Jieyang Chengfeng Industrial Co., Ltd.",China,1.2,E030a,,,,,,,,,,,,
"Jilin Bai Xuan Trading Co., Ltd.",China,2.2,A008b,,,,,,,,,,,,
Jilin City Changrong Agricultural & By Products Corporation,China,CF,Confexhall+B058,,,,,,,,,,,,
"Jilin City Huoban Food Co.,Ltd.",China,5.1,A082a,,,,,,,,,,,,
"Jilin Hongyue Food Co., Ltd",China,2.2,A008,,,,,,,,,,,,
"Jilin Jinyi Egg Products Co., Ltd.",China,1.2,O029,,,,,,,,,,,,
"JILIN OURUI TRADING CO.,LTD.",China,5.1,A086a,,,,,,,,,,,,
"Jilin Province Agricultural Sister-in-law Food Co., Ltd.",China,5.2,C064,,,,,,,,,,,,
"Jilin Songhe Food Co., Ltd.",China,1.2,I038,,,,,,,,,,,,
"Jilin World Expo Sta Co.,Ltd",China,1.2,N036,,,,,,,,,,,,
JImmy & Sons Foods LLP,India,P9.1,Passage+Halle+2+Halle+3+019,,,,,,,,,,,,
"JIN YU YUAN FOOD INDUSTRY CO., LTD.",Taiwan,4.2,E094a,,,,,,,,,,,,
Jinan a-food international inc.,China,5.1,A090a,,,,,,,,,,,,
"Jinggangshan Jiyuan Agriculture and Forestry Ecological Co., LTD.",China,5.2,C062c,,,,,,,,,,,,
Jinhua Tianyuan Foods Co. ltd.,China,4.2,E097a,,,,,,,,,,,,
"Jining TianKuang Food Co.,Ltd.",China,5.1,A074a,,,,,,,,,,,,
"Jinkui Food Sci and Tec (Dalian) Co.,Ltd",China,11.3,H036,,,,,,,,,,,,
"Jinmailang Food Co., Ltd.",China,CF,Confexhall+D068,,,,,,,,,,,,
"Jinsung F.M. Co., Ltd.","Korea, Republic of",5.2,A065a,,,,,,,,,,,,
Jivraj Tea International Private limited,India,8.1,B070,,,,,,,,,,,,
JJ Grand Premium Fruits Inc.,Philippines,1.2,F027,,,,,,,,,,,,
JK-Tuoretalo Oy,Finland,10.2,A062a,,,,,,,,,,,,
JKT Foods Europe Limited,United Kingdom,10.2,F055,,,,,,,,,,,,
JM Grain,United States of America,10.2,G079,,,,,,,,,,,,
"JMFOOD Agriculture co., ltd","Korea, Republic of",5.1,A064c,,,,,,,,,,,,
JN Meat International,Denmark,6.1,D119,,,,,,,,,,,,
"JOSE NICOLAS GONZALEZ, S.L",Spain,4.2,D059,,,,,,,,,,,,
"JNS GLOBAL CO., LTD","Korea, Republic of",7.1,G049a,,,,,,,,,,,,
"JOBELFER, S.L.",Spain,11.1,A030,,,,,,,,,,,,
Jodifrost,Belgium,4.2,C029,,,,,,,,,,,,
Jodys Popcorn,United States of America,10.2,G060,,,,,,,,,,,,
Joe & Co S.R.L.,Italy,5.1,D040,,,,,,,,,,,,
Joe's Gourmet Foods ltd,United Kingdom,10.2,F069,,,,,,,,,,,,
Jogrex NV,Belgium,4.2,C029,,,,,,,,,,,,
John Altman,Netherlands,P4.1,Passage+Halle+4+Halle+5+A066+B067,,,,,,,,,,,,
John Martin SA,Belgium,7.1,G011,,,,,,,,,,,,
Johnny Cashew Nederland BV,Netherlands,1.2,D028+E029,,,,,,,,,,,,
Jokilaakson Juusto Ltd,Finland,10.1,G019,,,,,,,,,,,,
"Jolca, S.A.",Spain,11.1,F011c,,,,,,,,,,,,
JOMI SPA,Italy,7.1,B029,,,,,,,,,,,,
jommar Dates company,Saudi Arabia,2.1,E018,,,,,,,,,,,,
Jordan Chamber of Industry,Jordan,2.1,D024b,,,,,,,,,,,,
"Jorge Pork Meat, S.L.",Spain,6.1,C018+D019,,,,,,,,,,,,
Joriba Bakery Ledegem BV,Belgium,2.1,A050,,,,,,,,,,,,
Josapar SA,Brazil,3.1,B020,,,,,,,,,,,,
"José Maria Gómez Mira, S.A. (El Avion Spices)",Spain,P4.1,Passage+Halle+4+Halle+5+A017,,,,,,,,,,,,
Jose Maria Lazara S.A.,Argentina,3.1,C075a,,,,,,,,,,,,
Jose Salcedo Soria SL,Spain,P4.1,Passage+Halle+4+Halle+5+B031,,,,,,,,,,,,
Josefa Manufacturing Ltd,Malta,11.1,E061,,,,,,,,,,,,
Joseph Heler Ltd,United Kingdom,10.1,G016a,,,,,,,,,,,,
"JR Suarez Monedero, S.L.",Spain,11.1,C018,,,,,,,,,,,,
JSC Lasu Duona Biorina,Lithuania,10.2,F047a,,,,,,,,,,,,
JSC Varėnos pienelis,Lithuania,10.2,E038,,,,,,,,,,,,
JUAN JOSÉ JIMÉNEZ S.L.U. / Conservas JJJ,Spain,11.1,B029a,,,,,,,,,,,,
JUAN MERINO NATURAL FOOD S.L,Spain,11.1,E030,,,,,,,,,,,,
Jucofer,Argentina,8.1,C068,,,,,,,,,,,,
Jütro Tiefkühlkost GmbH & Co. KG,Germany,4.2,C088+B089,,,,,,,,,,,,
Juice Solutions International BV,Netherlands,8.1,E060,,,,,,,,,,,,
"JUICE&WORLD,S.L",Spain,P4.1,Passage+Halle+4+Halle+5+B034,,,,,,,,,,,,
Julian Soler S.A.,Spain,8.1,E011,,,,,,,,,,,,
Jumel Alimentaria S.A.,Spain,11.1,A030a,,,,,,,,,,,,
Junan Jinsheng Import & Export Co. Ltd.,China,2.2,A059f,,,,,,,,,,,,
"JUNAN JUSTON IMP.&EXP. CO.,LTD",China,5.2,C066a,,,,,,,,,,,,
"KINGLAND CO.,LTD",China,2.2,A055a,,,,,,,,,,,,
ICECYL - INSTITUTO PARA LA COMPETITIVIDAD EMPRESARIAL DE CASTILLA Y LEÓN,Spain,11.1,B032,,,,,,,,,,,,
Jupiter Pistachios GmbH,Germany,10.2,F081,,,,,,,,,,,,
JUST1 GmbH,Germany,B.1,Boulevard+155%2C+Boulevard+155l,,,,,,,,,,,,
Jütro GmbH & Co. KG Konserven und Feinkost,Germany,4.2,C088+B089,,,,,,,,,,,,
Jutrzenka Dobre Miasto Sp. z o.o.,Poland,5.2,D048,,,,,,,,,,,,
Juustoportti Food Export Oy,Finland,10.1,G019,,,,,,,,,,,,
Juver Alimentación SL,Spain,8.1,E108,,,,,,,,,,,,
"JUXIAN UNIVERSE FOODSTUFFS CO., LTD",China,CF,Confexhall+B042,,,,,,,,,,,,
"Juxian Yuansheng Food Co., Ltd.",China,5.1,B090c,,,,,,,,,,,,
K.L. Kris Food Industries Sdn Bhd,Malaysia,1.2,N010+O011,,,,,,,,,,,,
K V Agro Products,India,CF,Confexhall+G016b,,,,,,,,,,,,
KD Backwaren GmbH,Germany,4.1,C070,,,,,,,,,,,,
K-Group GmbH,Germany,B.1,Boulevard+112%2C+Boulevard+112l,,,,,,,,,,,,
K.E ENTERPRISES,India,1.2,J020,,,,,,,,,,,,
"K.R.S. Spicy Food Co., Ltd.",Thailand,11.3,G040c%2C+G010gH019g,,,,,,,,,,,,
Kaanlar Gida San. ve Tic. A.S.,Türkiye,10.1,A079,,,,,,,,,,,,
Kaas-Pack Holland BV,Netherlands,10.1,B071,,,,,,,,,,,,
Kaashandel Remijn BV,Netherlands,10.1,B068,,,,,,,,,,,,
Kabner S.A.,Uruguay,8.1,C021,,,,,,,,,,,,
Kadoya Sesame Mills Inc.,Japan,2.1,C024a,,,,,,,,,,,,
Kafeaterra sa,Greece,8.1,B071,,,,,,,,,,,,
KAFFA LDA,Portugal,8.1,C098,,,,,,,,,,,,
Kaffee Pura GmbH,Germany,5.1,F091,,,,,,,,,,,,
KAGISHO SEAWEED PRODUCTS INC.,Japan,2.1,B048a,,,,,,,,,,,,
"Kaifeng Tianyiyuan Food Sales Co., Ltd",China,CF,Confexhall+A042,,,,,,,,,,,,
Kaiken Chile SpA,Chile,3.1,A068,,,,,,,,,,,,
Kainar Icecream LLC,Kyrgyzstan,11.3,C051,,,,,,,,,,,,
Kaiserdom Specialitäten Brauerei GmbH,Germany,7.1,F011,,,,,,,,,,,,
Kaishindo K.K,Japan,2.1,B030a,,,,,,,,,,,,
Kaize Group Limited,Hong Kong,1.2,L018,,,,,,,,,,,,
KALAMPUKAS ASTERIOS S.A.,Greece,11.2,G059,,,,,,,,,,,,
Kalatzis D. A. & CO,Greece,11.2,G059a,,,,,,,,,,,,
Kalaycioglu Gida Pazarlama San. ve Tic. A.S.,Türkiye,11.3,C013,,,,,,,,,,,,
KALDANIS BEEKEEPING FAMILY,Greece,10.2,I013,,,,,,,,,,,,
Kale Madencilik San. ve Tic. A.S.,Türkiye,11.3,A022a,,,,,,,,,,,,
KALEA GmbH,Austria,8.1,C026,,,,,,,,,,,,
Kali Foods,France,9.1,C014,,,,,,,,,,,,
KALINA Ltd.,Bulgaria,5.1,C048,,,,,,,,,,,,
Kalkan Sebze Meyve Hay. Nak. Tur. Ins. San. ve Tic. Ltd. Sti.,Türkiye,4.2,A078,,,,,,,,,,,,
UAB Kalnapilio - Tauro grupe,Lithuania,7.1,F064,,,,,,,,,,,,
Kalpo SRL,Romania,11.3,F029,,,,,,,,,,,,
Kalshea Commodities Inc.,Canada,11.2,D041a,,,,,,,,,,,,
KAMAL RICE MILLS PVT LIMITED,Pakistan,11.3,G049a,,,,,,,,,,,,
N.P.T. Kamila SH. P.K.,Kosovo,3.1,A038,,,,,,,,,,,,
Kaminiarz Sp. z o. o.,Poland,6.1,E110,,,,,,,,,,,,
PPHU Kampol Krzysztof Luzniak,Poland,10.2,C020a,,,,,,,,,,,,
KAMPONG THOM RICE MILL LIMITED,Cambodia,2.1,B011+B019,,,,,,,,,,,,
Kandetiya Agro Products (Pvt) Ltd,Sri Lanka,8.1,A004,,,,,,,,,,,,
Kandia Dulce S.A,Romania,2.2,C014,,,,,,,,,,,,
"KANOKWAN FOOD PRODUCTS CO., LTD.",Thailand,11.3,G042b,,,,,,,,,,,,
Kaptein,Netherlands,10.1,F060,,,,,,,,,,,,
Karakaslar Tar. Urun. Ins. Ihr. Ith. ve Tic. Ltd. Sti.,Türkiye,11.3,A007b,,,,,,,,,,,,
Karakaya Kuruyemis Gida Tarim Urun İns. Taah. Turz. Teks. San. Ve Tic. Ltd. Sti.,Türkiye,2.2,A038a,,,,,,,,,,,,
Karakuta Fresh,Kenya,3.1,A023g,,,,,,,,,,,,
KARALIS S.A,Greece,10.1,A047,,,,,,,,,,,,
SIA KARAVELA,Latvia,5.1,A040,,,,,,,,,,,,
Kardelen Leblebi Kuruyemis Gida San. ve Tic. Ltd. Sti.,Türkiye,11.3,B009a,,,,,,,,,,,,
Karen Aghakhanyan PE,Armenia,11.3,C049,,,,,,,,,,,,
Dr. Klaus Karg GmbH & Co. KG,Germany,3.1,B053,,,,,,,,,,,,
Karia Food OU,Estonia,6.1,D121,,,,,,,,,,,,
Karlsberg Brauerei GmbH,Germany,7.1,D018,,,,,,,,,,,,
Karnobatplod JSC,Bulgaria,10.2,E030,,,,,,,,,,,,
Kärntnermilch reg. Gen.m.b.H,Austria,10.1,C031,,,,,,,,,,,,
Karoo Pak,South Africa,11.1,A060,,,,,,,,,,,,
KAROUMPALIS S.A.,Greece,11.2,G066,,,,,,,,,,,,
Karpaten Meat Siebenbuergen Srl,Romania,9.1,A055a,,,,,,,,,,,,
Karpaten Meat Trading Srl,Romania,9.1,A053a,,,,,,,,,,,,
Karpea S.A Premium Quality Foods,Greece,11.2,E030,,,,,,,,,,,,
Karro Food Ltd,United Kingdom,6.1,C042a,,,,,,,,,,,,
Karry Food Industries,Egypt,7.1,E034,,,,,,,,,,,,
KARTA INTERNATIONAL SDN BHD,Malaysia,CF,Confexhall+D074,,,,,,,,,,,,
Karumu Fabrika,Latvia,3.2,B011a,,,,,,,,,,,,
KASELL SA,Greece,10.2,H021a,,,,,,,,,,,,
Die Käsemacher GmbH,Austria,10.1,C021,,,,,,,,,,,,
Käserebellen GmbH,Germany,10.1,D037,,,,,,,,,,,,
Kasih Food Production,Jordan,10.2,D050,,,,,,,,,,,,
Kaskat Dairy Sp. z o.o.,Poland,10.1,B031%2C+H020,,,,,,,,,,,,
KASTEEL IBEROALIMENTARIA SA,Spain,7.1,B046,,,,,,,,,,,,
GEORGE KATSIFAS SA,Greece,11.2,F031a,,,,,,,,,,,,
JSC,Lithuania,7.1,F064a,,,,,,,,,,,,
Kaukou (Pty) Ltd,South Africa,11.1,A050+B059,,,,,,,,,,,,
AB Kauno Grudai,Lithuania,P4.1,Passage+Halle+4+Halle+5+A060+B061,,,,,,,,,,,,
Kausar Rice & General Mills,Pakistan,11.3,B039,,,,,,,,,,,,
"KAV America AG, Inc",United States of America,8.1,E059,,,,,,,,,,,,
Kawan Food Manufacturing Sdn Bhd,Malaysia,4.1,D031,,,,,,,,,,,,
"Kawasho (Dalian) Co., Ltd.",China,11.3,H036,,,,,,,,,,,,
Kayna Group,Morocco,11.3,A040+B049,,,,,,,,,,,,
Kazi Food Industries Ltd.,Bangladesh,3.1,A029,,,,,,,,,,,,
PT Koba Boga Utama,Indonesia,1.2,K011+J010,,,,,,,,,,,,
"Kd Healthy Foods Co., Ltd.",China,4.1,B006a,,,,,,,,,,,,
KEAN SOFT DRINKS LTD,Cyprus,7.1,G056,,,,,,,,,,,,
Kedainiu Konservu Fabrikas JSC,Lithuania,2.1,F054,,,,,,,,,,,,
"Keenan Farms, Inc.",United States of America,10.2,I064,,,,,,,,,,,,
Kefir Eau Vertueuse,Belgium,7.1,F012,,,,,,,,,,,,
Kejriwal Bee Care India (P) Ltd.,India,3.2,A060a,,,,,,,,,,,,
KEKAVA FOODS AS,Latvia,9.1,E031,,,,,,,,,,,,
Kellys Wholesale,Netherlands,10.2,G063,,,,,,,,,,,,
Kelmendi GmbH,Germany,7.1,A026,,,,,,,,,,,,
Kemet for Natural Food,Egypt,2.1,D054,,,,,,,,,,,,
Ken Agritech pvt ltd,India,4.2,C029,,,,,,,,,,,,
KENANALNAKHEEL,Saudi Arabia,CF,Confexhall+E037,,,,,,,,,,,,
Kenjo Enterprise Company Limited,Hong Kong,1.2,L026,,,,,,,,,,,,
Kent Boringer Dis Tic Ltd Sti.,Türkiye,11.2,G039,,,,,,,,,,,,
KENTRIS SA,Greece,5.1,B051,,,,,,,,,,,,
KENYA TEA PACKERS,Kenya,8.1,A060g,,,,,,,,,,,,
KENZ MAROC,Morocco,11.3,A040+B049,,,,,,,,,,,,
Kepak Group,Ireland,6.1,B041,,,,,,,,,,,,
Kern Tec GmbH,Austria,1.2,B033,,,,,,,,,,,,
Kernel-Trade LLC,Ukraine,11.1,G074,,,,,,,,,,,,
Kerry Dairy Ireland,Ireland,10.1,G020c,,,,,,,,,,,,
Kerupuk Lelek Enterprise Sdn Bhd,Malaysia,1.2,H028,,,,,,,,,,,,
Kesebetler Gida Mad. Hay. Nak. Ith. Ihr. San. ve Tic. Ltd. Sti.,Türkiye,4.1,D063,,,,,,,,,,,,
Keskinoglu Tavukculuk ve Damizlik Isl. San. Tic. A.S,Türkiye,9.1,D045,,,,,,,,,,,,
KETOS PRODUCTION LTD,Romania,2.2,D013a,,,,,,,,,,,,
"KEUMKANG B&F CO., LTD.","Korea, Republic of",7.1,G043,,,,,,,,,,,,
Keventer Agro Ltd,India,8.1,A011,,,,,,,,,,,,
Kewpie Corporation,Japan,2.1,C028,,,,,,,,,,,,
K.F.C. Gida Tekstil Sanayi Ithalat Ihrac Yatirim A.S.,Türkiye,10.2,D078a,,,,,,,,,,,,
KFI Distributions Sdn Bhd,Malaysia,1.2,H028,,,,,,,,,,,,
KFI EXPORT,India,3.1,A019,,,,,,,,,,,,
Khals Company Nakliyat Gida Tic. Ltd. Sti.,Türkiye,11.3,C020a,,,,,,,,,,,,
KHAN RICE MILLS,Pakistan,11.3,E041,,,,,,,,,,,,
Khang An Foods Joint Stock Company,Vietnam,4.2,A052,,,,,,,,,,,,
"Khao Buatip Marketing Co.,Ltd.",Thailand,11.3,H013,,,,,,,,,,,,
Khayelitsha Cookies (Pty) Ltd,South Africa,11.1,A050+B059,,,,,,,,,,,,
Khedut Feeds and Foods Pvt. Ltd.,India,11.3,H020b,,,,,,,,,,,,
Khladoprom Ice Cream Factory Ltd,Ukraine,4.1,D029,,,,,,,,,,,,
KHMELNITSKYI PASTA FACTORY,Ukraine,5.2,E058g,,,,,,,,,,,,
"Khmer Foods Group Co., Ltd.",Cambodia,4.1,D099,,,,,,,,,,,,
"Khmer Organic Cooperative Co., Ltd.",Cambodia,4.1,D094,,,,,,,,,,,,
Khorol Infant Nutrition Factory,Ukraine,10.1,C079,,,,,,,,,,,,
KHUE STAR IMPORT EXPORT TRADING COMPANY,Vietnam,CF,Confexhall+D050+E059,,,,,,,,,,,,
KIDONAKIS BROS - OLEUM CRETE,Greece,5.1,D066,,,,,,,,,,,,
KIKI,Brazil,8.1,B033,,,,,,,,,,,,
KILARGO SP. Z O.O.,Poland,4.2,C047,,,,,,,,,,,,
Kilickesmez Gida San. ve Tic. Ltd. Sti.,Türkiye,11.3,B032,,,,,,,,,,,,
Kilikya Salgam Icecek San. Ve Tic. A.S.,Türkiye,11.3,B028b,,,,,,,,,,,,
Kim Ltd.,Republic of North Macedonia,11.1,G054a,,,,,,,,,,,,
"Kim Lan Foods Co., Ltd.",Taiwan,2.1,A001,,,,,,,,,,,,
Kim Phi Asia Food GmbH / Misses Mie + Mister Mie,Germany,10.2,C066,,,,,,,,,,,,
Kim's Chocolates N.V.,Belgium,2.1,A048,,,,,,,,,,,,
Kimbo,Italy,5.2,A010+B019,,,,,,,,,,,,
KINAY TASIMACILIK VE LOJISTIK A.S.,Türkiye,P2.1,Passage+Halle+3+Halle+11+011,,,,,,,,,,,,
Kindy Foods Company Limited,China,1.2,M024,,,,,,,,,,,,
"King Car Food Industrial Co., Ltd.",Taiwan,8.1,E100,,,,,,,,,,,,
King Juice Inc,Italy,8.1,E051,,,,,,,,,,,,
King Lucky Food Ind. Corp.,Taiwan,7.1,G057,,,,,,,,,,,,
King Nuts & Raaphorst B.V.,Netherlands,10.2,B075,,,,,,,,,,,,
King of Truffles Srl,Italy,11.2,A008,,,,,,,,,,,,
KING PELAGIQUE GROUP,Morocco,11.3,A040+B049,,,,,,,,,,,,
King Ping Tea Inc.,Taiwan,7.1,F054a,,,,,,,,,,,,
Kingdom Dates,Saudi Arabia,2.1,E018,,,,,,,,,,,,
Kingdom Meats,Brazil,9.1,C042a,,,,,,,,,,,,
Kinik Maden Sulari A.S.,Türkiye,8.1,E090,,,,,,,,,,,,
"Kinjirushi Sales Co., Ltd.",Japan,2.1,C042,,,,,,,,,,,,
Kinnusen Mylly Oy,Finland,10.2,A062b,,,,,,,,,,,,
Kipco-Damaco NV,Belgium,9.1,D030,,,,,,,,,,,,
Kirazlar Fermantasyon san. tic. ltd sti.,Türkiye,2.1,A023,,,,,,,,,,,,
Kirici Dis Ticaret A.S.,Türkiye,5.1,F044,,,,,,,,,,,,
Kirici Kuru Meyva ve Gida Tekstil Tur. San ve Tic A.S.,Türkiye,11.3,C009,,,,,,,,,,,,
Kirlioglu Tarimsal Urunler Gida Ins. San. Tic. A.S.,Türkiye,11.3,B016a,,,,,,,,,,,,
KIRTI FOODS PVT LTD,India,P9.1,Passage+Halle+2+Halle+3+012,,,,,,,,,,,,
Kishwan Snacks Ltd,Bangladesh,3.1,A029,,,,,,,,,,,,
"Kitagawa Village Yuzu Kingdom Co., Ltd.",Japan,2.1,B032,,,,,,,,,,,,
Kivikylän Kotipalvaamo Oy,Finland,5.2,D059,,,,,,,,,,,,
Kiwa BCS Öko-Garantie GmbH,Germany,5.1,D083,,,,,,,,,,,,
K.I.Z. Foods Private Limited,India,11.3,E047a,,,,,,,,,,,,
Kizilay Icecek San. ve Tic. A.S.,Türkiye,7.1,F032,,,,,,,,,,,,
"KJ World Foods Co., Ltd.",Thailand,11.3,H016,,,,,,,,,,,,
Klaasen en C° NV,Belgium,9.1,D038a,,,,,,,,,,,,
Klas Oil JSC,Bulgaria,11.2,F050,,,,,,,,,,,,
KLAUS SRL,Romania,11.3,E018,,,,,,,,,,,,
Kleinemas Fleischwaren GmbH & Co. KG,Germany,7.1,B010,,,,,,,,,,,,
Klett Schokolade GmbH & Co. KG,Germany,3.1,C049,,,,,,,,,,,,
Klingele Chocolade NV,Belgium,2.1,B051,,,,,,,,,,,,
Albacor LLC,Ukraine,5.1,A069,,,,,,,,,,,,
Klosterquell Hofer GmbH,Austria,P1.1,Passage+Halle+2+Halle+4+014%2C+Passage+Halle+2+Halle+4+002,,,,,,,,,,,,
Herbert Kluth (GmbH & Co. KG),Germany,10.2,C008+D008,,,,,,,,,,,,
Koelnmesse Ltd.,China,4.1,B008g,,,,,,,,,,,,
Koelnmesse s.r.l.,Italy,11.3,D017,,,,,,,,,,,,
KMC Foods,India,11.3,H026a,,,,,,,,,,,,
KMS spol. s.r.o.,Czech Republic,7.1,E045,,,,,,,,,,,,
Dr. Willi Knoll GmbH & Co. KG,Germany,10.2,B053,,,,,,,,,,,,
KNS ASIA HOLDINGS PTE LTD,Singapore,2.1,A025,,,,,,,,,,,,
Koa Germany GmbH,Germany,1.2,C024%2C+C024l,,,,,,,,,,,,
"Kobayashi Noodle Co., Ltd.",Japan,2.1,E041,,,,,,,,,,,,
Kocbey Su ve Mesrubat Paz. San. Tic. A.S Fuska,Türkiye,7.1,F024,,,,,,,,,,,,
KOCH des Gojer Peter & Co OHG,Italy,4.2,D039,,,,,,,,,,,,
Koch Tiefkühlkost International GmbH & Co. KG,Germany,4.2,B040,,,,,,,,,,,,
Kochi Prefectural Trade Association,Japan,2.1,B032,,,,,,,,,,,,
Köckerling GmbH & Co. KG,Germany,P2.1,Passage+Halle+3+Halle+11+003,,,,,,,,,,,,
"KODANMAL GROUP CO.,LTD.",Thailand,11.3,G046c,,,,,,,,,,,,
Anuga Worldwide,Germany,B1.1,,,,,,,,,,,,,
Koelnmesse GmbH Infostand Inbound,Germany,P4.1,,,,,,,,,,,,,
Koelnmesse Ltd.,Hong Kong,1.2,L028gM011g,,,,,,,,,,,,
Koelnmesse Pte Ltd,Singapore,8.1,A020%2C+B012%2C+A069g,,,,,,,,,,,,
Kofler Delikatessen GmbH,Italy,7.1,C063,,,,,,,,,,,,
KOFOKOTSIOS AND PSATHAS OE,Greece,11.2,F064,,,,,,,,,,,,
"KOH-ITTEN IWATA CO.,LTD.",Japan,2.1,D029,,,,,,,,,,,,
Kohberg Bakery Group A/S,Denmark,3.2,C039,,,,,,,,,,,,
Kohenoor International,Pakistan,11.3,E048,,,,,,,,,,,,
Kohlico Brands UK Ltd.,United Kingdom,10.2,G061a,,,,,,,,,,,,
KÖHRA - Frische GmbH,Germany,P2.1,Passage+Halle+3+Halle+11+003,,,,,,,,,,,,
KOKIRIKI,France,9.1,B017,,,,,,,,,,,,
KOKO Sp. z O.O.,Poland,9.1,D031+E038,,,,,,,,,,,,
"KOLIBA, a.s.",Slovakia,10.1,C080,,,,,,,,,,,,
Kolios S.A. Greek Dairy,Greece,10.1,E009,,,,,,,,,,,,
Kolmix d.o.o.,Bosnia and Herzegovina,11.1,F037b,,,,,,,,,,,,
"Komatsu Seika Co.,Ltd.",Japan,2.1,C027b,,,,,,,,,,,,
Kommivabrik OÜ,Estonia,5.2,B060,,,,,,,,,,,,
Kondov Ecoproduction Ltd.,Bulgaria,10.1,A022,,,,,,,,,,,,
KONEX-TIVA,Bulgaria,10.2,D068,,,,,,,,,,,,
Koninklijke VIV Buisman B.V.,Netherlands,10.1,H060,,,,,,,,,,,,
Konstantopoulos S.A.,Greece,10.2,E009,,,,,,,,,,,,
Kontodimas Athanasios,Greece,10.2,I011a,,,,,,,,,,,,
Koonol Food Traders LLC,United States of America,10.2,H069,,,,,,,,,,,,
KORE S.A.,Greece,11.2,F068,,,,,,,,,,,,
KOREA Agro-Fisheries & Food Trade,"Korea, Republic of",5.2,A061,,,,,,,,,,,,
Korea Food Industry Association (KFIA),"Korea, Republic of",B1.1,Boulevard+061,,,,,,,,,,,,
Korea Jang Cooperative,"Korea, Republic of",5.2,A063,,,,,,,,,,,,
KoreanNoodles,"Korea, Republic of",5.2,A062a,,,,,,,,,,,,
KORONA M Ltd.,Bulgaria,3.1,C031,,,,,,,,,,,,
KORONTZI D. BROTHERS PC,Greece,10.2,H039,,,,,,,,,,,,
Köröstej Kft.,Hungary,10.1,H058,,,,,,,,,,,,
Korvel LTD,Greece,10.2,H009,,,,,,,,,,,,
M.Kosmidis & C.O,Greece,10.2,I009a,,,,,,,,,,,,
"Kosovo Investment and Enterprise Support Agency - Ministry of Trade and Industry,",Kosovo,2.1,D008d,,,,,,,,,,,,
KOSTARELOS CHR. SONS & CO L.P.,Greece,10.1,A043,,,,,,,,,,,,
Kotányi GmbH,Austria,11.2,F018,,,,,,,,,,,,
Koukakis Farm S.A.,Greece,10.1,E037,,,,,,,,,,,,
KOUKLINOS N. SIA O.E. KOUKLINOS,Greece,4.2,E090,,,,,,,,,,,,
KOUTSIOFTIS FARM S.A.,Greece,11.2,F058c,,,,,,,,,,,,
Koza Europe Gmbh,Germany,4.1,E054,,,,,,,,,,,,
Kozakli Tarim Urunleri Tic. Ltd. Sti.,Türkiye,11.3,C024a,,,,,,,,,,,,
KOZAT SA FINE FOODS,Greece,10.2,H021,,,,,,,,,,,,
Kozmopolitan Gida San. ve Tic. A.S.,Türkiye,10.2,A063,,,,,,,,,,,,
KPS Food,Poland,9.1,D031+E038,,,,,,,,,,,,
KR Ingredients LLC,Ukraine,5.2,E058g,,,,,,,,,,,,
Krajowa Grupa Spożywcza S.A.,Poland,11.1,C050a,,,,,,,,,,,,
KIG Centrum Promocji Sp. z o.o.,Poland,,,,,,,,,,,,,,
G. Kramer & Zonen B.V.,Netherlands,11.1,G011,,,,,,,,,,,,
KRAS Food Industry plc,Croatia,11.1,F031d,,,,,,,,,,,,
Kraus SA,Argentina,8.1,A078a,,,,,,,,,,,,
Kremel S.A,Greece,5.1,D068,,,,,,,,,,,,
Kreyenhop & Kluge GmbH & Co. KG,Germany,10.2,C048,,,,,,,,,,,,
KRG Asian Food,Netherlands,1.2,H011,,,,,,,,,,,,
KRI KRI SA MILK INDUSTRY,Greece,10.1,E020,,,,,,,,,,,,
KRIKET BV,Belgium,2.1,B059b,,,,,,,,,,,,
Kristom Canada,Canada,6.1,E062,,,,,,,,,,,,
KRITON PARADOSI LTD,Greece,10.1,A042,,,,,,,,,,,,
Krivogastani promet,Republic of North Macedonia,10.2,B024,,,,,,,,,,,,
De Kroes BV,Netherlands,3.2,C007,,,,,,,,,,,,
Krombacher International GmbH,Germany,7.1,E011,,,,,,,,,,,,
Kronos JSC,Bulgaria,10.2,B089,,,,,,,,,,,,
Kronos S.A.,Greece,10.2,H041,,,,,,,,,,,,
Krotaj tahini manufactures,Ethiopia,5.1,B072,,,,,,,,,,,,
Krüger GmbH & Co. KG,Germany,3.1,C047,,,,,,,,,,,,
Kruut GmbH,Germany,B.1,Boulevard+174,,,,,,,,,,,,
Ksiaa GmbH,Germany,B.1,Boulevard+103,,,,,,,,,,,,
KSY Juice Blends UK Ltd.,United Kingdom,8.1,D048,,,,,,,,,,,,
KT PEPPERS -TSAGAROPOULOS,Greece,10.2,H028,,,,,,,,,,,,
KTDA,Kenya,8.1,A062,,,,,,,,,,,,
KTIMA LYMPERIS IKE,Greece,10.2,I010,,,,,,,,,,,,
Ktinotrofiki Magnisias S.A.,Greece,10.1,B040,,,,,,,,,,,,
"KTT MERCHANDISE CO., LTD",Thailand,11.3,H017,,,,,,,,,,,,
"Kubota Bussan Co., Ltd.",Japan,2.1,C024,,,,,,,,,,,,
KuchenMeister GmbH,Germany,3.2,B020,,,,,,,,,,,,
Carl Kühne KG (GmbH & Co.),Germany,10.2,B058,,,,,,,,,,,,
Kuhovar LLC,Ukraine,11.3,B035,,,,,,,,,,,,
Kuiburi Fruit Canning Co. Ltd.,Thailand,11.3,H042,,,,,,,,,,,,
"KUKI SANGYO CO., LTD.",Japan,2.1,C035,,,,,,,,,,,,
Kumamoto Prefecture Foreign Trade Association,Japan,2.1,C049,,,,,,,,,,,,
Kumamoto Prefecture Agricultural and Livestock Products Expo,Japan,2.1,C049,,,,,,,,,,,,
Kündig Nahrungsmittel GmbH & Co.KG,Germany,10.2,B070,,,,,,,,,,,,
Kunella Feinkost GmbH,Germany,10.2,B050,,,,,,,,,,,,
"Kunming Nanxiang Tea Co., Ltd.",China,7.1,G064a,,,,,,,,,,,,
"Kunming Universal Trading Co., Ltd",China,5.2,C064c,,,,,,,,,,,,
Hans Kupfer & Sohn GmbH & Co. KG,Germany,7.1,C059,,,,,,,,,,,,
Kupiec Sp. z o.o.,Poland,11.1,C052a,,,,,,,,,,,,
"Kurata Foods Co,. Ltd.",Japan,2.1,C039a,,,,,,,,,,,,
Kureysogullari Gida Tarim Urun. Teks. Nak. Pet. Amb. Oto. San. Tic. Ltd. Sti.,Türkiye,2.2,B034,,,,,,,,,,,,
Kurtay İhtiyac Mad. Gida Koll. Sti. Kerem Kurtay ve Ortagi,Türkiye,2.2,A031%2C+B030gC039g,,,,,,,,,,,,
Kurzemes galsaimnieks,Latvia,6.1,A051a,,,,,,,,,,,,
Kyrgyzcenterproduct LLC,Kyrgyzstan,11.3,C051,,,,,,,,,,,,
L & L Plaquette BEURRe,Belgium,10.1,B020h,,,,,,,,,,,,
L'Aroma s.r.l.,Italy,11.2,B061a,,,,,,,,,,,,
l'Appetissante,Tunisia,11.3,D043,,,,,,,,,,,,
L'Arcolaio società cooperativa sociale,Italy,5.2,A041+A049,,,,,,,,,,,,
L'ARTIGIANO DELLA NDUJA SRL,Italy,11.2,D008,,,,,,,,,,,,
L'Atelier de la pomme de terre SRL,Belgium,5.2,D052,,,,,,,,,,,,
L'ATELIER DU FERMENT,France,8.1,C033,,,,,,,,,,,,
L'écopain d'Ignace SRL,Belgium,2.2,D041,,,,,,,,,,,,
L'Epi d'Or Export,Tunisia,11.3,C044c,,,,,,,,,,,,
L.&G. SRL,Italy,11.2,D051a,,,,,,,,,,,,
L3N S.A. (Adecoagro),Argentina,10.1,G048a,,,,,,,,,,,,
LA AJOFRINERA GUERRERO SL,Spain,4.2,E020,,,,,,,,,,,,
LA ANITA CONDIMENTOS Y SALSAS,Mexico,P4.1,Passage+Halle+4+Halle+5+A041a,,,,,,,,,,,,
"La Baturrica, S.L.",Spain,11.1,B022,,,,,,,,,,,,
La Bella San Marzano,Italy,11.2,B013a,,,,,,,,,,,,
La Burnia Srl,Italy,11.2,B041a,,,,,,,,,,,,
La Cachuera SA,Argentina,8.1,A076,,,,,,,,,,,,
La Casa del grano,Italy,11.3,E013,,,,,,,,,,,,
LA CAVA SRL,Italy,5.2,A001,,,,,,,,,,,,
La Collina Toscana S.p.A.,Italy,11.2,G051,,,,,,,,,,,,
La Comarca Meats S.L.,Spain,6.1,A109,,,,,,,,,,,,
La Compagnie des Desserts,France,4.2,B049,,,,,,,,,,,,
La Contadina Srl,Italy,11.2,C061,,,,,,,,,,,,
La Costena,Mexico,3.1,C078+D079,,,,,,,,,,,,
LA CUPA SOC. COOP. AGRICOLA,Italy,11.3,E021,,,,,,,,,,,,
La Dispensa GmbH,Germany,10.2,B008,,,,,,,,,,,,
La Doria,Italy,5.2,A010+B019,,,,,,,,,,,,
La Fabbrica della Pasta di Gragnano SRL,Italy,11.2,A029,,,,,,,,,,,,
La Fabrique Cookies SAS PROMECOP,France,2.2,D037a,,,,,,,,,,,,
La Fattoria Di Parma Srl,Italy,7.1,C035a,,,,,,,,,,,,
La Favorita Live S.r.l.,Italy,11.2,A061,,,,,,,,,,,,
LA FLOR BURGALESA,Spain,11.1,E018b,,,,,,,,,,,,
La Fruitiere du Val Evel,France,4.2,B053,,,,,,,,,,,,
La Gallinara s.r.l.,Italy,11.2,B013,,,,,,,,,,,,
La Granja Foods 1959 S.L,Spain,11.1,D039a,,,,,,,,,,,,
LA HUERTA SPANISH HOMEGROWN,Spain,11.1,B034a,,,,,,,,,,,,
La Marchesa Societa Cooperativa Agricola,Italy,10.1,B022,,,,,,,,,,,,
La Molazza sas di Minisci Edmondo,Italy,5.2,A038+B039,,,,,,,,,,,,
LA MOLE - F.LLI MILAN S.R.L.,Italy,3.2,B059,,,,,,,,,,,,
La Molisana Spa,Italy,11.2,B016,,,,,,,,,,,,
"LA NOGALERA USA, INC.",United States of America,10.2,G070a,,,,,,,,,,,,
LA PASTA DI FRANCESCA SRL,Italy,5.2,B020+C021,,,,,,,,,,,,
La Pizzeria Srl,Italy,5.1,C050,,,,,,,,,,,,
La Popsi d.o.o.,Slovenia,4.1,E008,,,,,,,,,,,,
"La Prudencia, S.A.",Spain,7.1,A054,,,,,,,,,,,,
La Quercynoise,France,10.2,G037,,,,,,,,,,,,
La Regina di San Marzano di Antonio Romano Spa,Italy,5.2,B047a,,,,,,,,,,,,
La Rustichella World Wide Srl,Italy,10.2,A009,,,,,,,,,,,,
Joaquim Alberti S.A.,Spain,7.1,C010,,,,,,,,,,,,
La Spina Santa S.R.L.,Italy,5.2,A038+B039,,,,,,,,,,,,
LA TARTA LLC,Ukraine,4.2,E058,,,,,,,,,,,,
La Torrente srl,Italy,11.2,E057,,,,,,,,,,,,
Latrovalis & Co,Greece,10.2,H038,,,,,,,,,,,,
La Vecchia Dispensa Srl,Italy,10.2,D082a,,,,,,,,,,,,
La Vita Bio,Italy,5.2,A041+A049,,,,,,,,,,,,
LABORATOIRE CURTY'S,France,10.2,E020,,,,,,,,,,,,
Labridis Bros S.A.,Greece,4.2,E084,,,,,,,,,,,,
LACESA SOC. COOP. AGR.,Italy,11.1,A051+A057,,,,,,,,,,,,
LTD Laci,Latvia,5.2,B057b,,,,,,,,,,,,
Lacin Maden Sulari A.S.,Türkiye,7.1,F026,,,,,,,,,,,,
Lackmann Fleisch- und Feinkostfabrik GmbH,Germany,10.2,D039,,,,,,,,,,,,
Lacnea A.S.,Czech Republic,10.1,G035a,,,,,,,,,,,,
LACRIMA DAIRY INDUSTRY LTD.,Bulgaria,10.1,G041,,,,,,,,,,,,
Lactasoy Company Limited Thailand,Thailand,8.1,B050,,,,,,,,,,,,
LACTATE SOMESENE SRL,Romania,9.1,A051c,,,,,,,,,,,,
Lactea SA,Greece,10.1,D043,,,,,,,,,,,,
Lacteas Garcia Baquero SA,Spain,10.1,F034,,,,,,,,,,,,
"Lacteos Martinez, S.L.U",Spain,10.1,D031,,,,,,,,,,,,
LACTIMA Spólka z o.o.,Poland,10.1,C041,,,,,,,,,,,,
Lactinov Services,France,10.1,C010,,,,,,,,,,,,
LACTO SERRA - SA Fabrico de Lacticínios,Portugal,10.1,B043,,,,,,,,,,,,
Lactogal - Produtos Alimentares SA,Portugal,P6.1,Passage+Halle+10+Halle+11+011,,,,,,,,,,,,
LACTOLANDA,Paraguay,3.1,C081+D081,,,,,,,,,,,,
LADOLEA GP,Greece,10.2,H014a,,,,,,,,,,,,
LAGO GROUP SPA,Italy,3.2,A038,,,,,,,,,,,,
Laica S.p.A.,Italy,2.2,D051,,,,,,,,,,,,
Laïta,France,10.1,A011,,,,,,,,,,,,
Fromageries Paul Dischamp,France,10.1,B018,,,,,,,,,,,,
Laiwu Manhing Vegetables Fruits Corporation,China,5.1,B088,,,,,,,,,,,,
"Laiwu Taifeng Foods Co.,Ltd",China,1.2,E036a,,,,,,,,,,,,
LAKI LLC,Serbia,4.2,B060,,,,,,,,,,,,
"LAKSHITA HOLDINGS CO., LTD.",Thailand,11.3,G048a,,,,,,,,,,,,
Lalybroc SLU,Spain,11.1,B013,,,,,,,,,,,,
Alexandria Agriculture Co - Lamar,Egypt,2.1,D051a,,,,,,,,,,,,
Lameri S.p.A.,Italy,2.2,C058,,,,,,,,,,,,
Lamex Food Group,Netherlands,6.1,E048,,,,,,,,,,,,
Henry Lamotte Food GmbH,Germany,10.2,D029,,,,,,,,,,,,
"LAMPANG FOOD PRODUCTS CO., LTD.",Thailand,11.3,G048c,,,,,,,,,,,,
Land Growers Chile Exportaciones SpA,Chile,3.1,B069,,,,,,,,,,,,
LAND-LEBEN Nahrungsmittel GmbH,Austria,11.2,G014,,,,,,,,,,,,
LANDALUZ ANDALUSIAN FINE FOODS,Spain,11.1,F011%2C+F011a,,,,,,,,,,,,
Landena KG,Austria,11.2,G011,,,,,,,,,,,,
Landesproduktenhandelsges. m.b.H.,Austria,4.2,D052,,,,,,,,,,,,
Landesvereinigung der Milchwirtschaft Niedersachsen e.V.,Germany,10.1,G036+F037,,,,,,,,,,,,
Landgarten GmbH & Co. KG,Austria,5.1,E085,,,,,,,,,,,,
Landgeflügel FG Vertriebsgesellschaft mbH,Germany,9.1,D021+E020,,,,,,,,,,,,
Johann Spielmann GmbH,Germany,8.1,A030,,,,,,,,,,,,
"Langao County Zhushan Food Industry Co., Ltd.",China,CF,Confexhall+C044,,,,,,,,,,,,
Langeberg & Ashton Foods,South Africa,11.1,A050+B059,,,,,,,,,,,,
LANGNESE HONIG GmbH & Co. KG,Germany,3.2,A050,,,,,,,,,,,,
"Lanna Agro Industry Co., Ltd.",Thailand,1.2,D016,,,,,,,,,,,,
Lantic Maple,Canada,11.2,D027a,,,,,,,,,,,,
Lantmannen Unibake Holding A/S,Denmark,3.2,C051+C059,,,,,,,,,,,,
Lantmannen Cerealia,Ukraine,CF,Confexhall+B026a,,,,,,,,,,,,
Laperva L.L.C,United Arab Emirates,2.1,E061,,,,,,,,,,,,
LAR Cooperativa Agroindústrial,Brazil,9.1,C045,,,,,,,,,,,,
Las Camelias S.A.,Argentina,9.1,E052a,,,,,,,,,,,,
Las Marías Trading SA,Uruguay,8.1,B079a,,,,,,,,,,,,
LaSelva Toskana Feinkost-Vertriebs GmbH,Germany,5.1,F053,,,,,,,,,,,,
LATCOMEX SA,Argentina,8.1,D022,,,,,,,,,,,,
Latin Lemon SA,Argentina,8.1,D028,,,,,,,,,,,,
Latteria di Soligo Scrl,Italy,10.1,F051,,,,,,,,,,,,
LATTERIA E CASEIFICIO MORO SRL,Italy,10.1,G060a,,,,,,,,,,,,
Latteria Sociale Mantova Soc. Agr. Coop.,Italy,10.1,A019,,,,,,,,,,,,
Latteria Soresina S.C.A.,Italy,10.1,G059,,,,,,,,,,,,
Formalactis srl,Italy,10.1,F036,,,,,,,,,,,,
LATTERIE RAGUSANE SPA,Italy,5.2,A019,,,,,,,,,,,,
Ministry of Agriculture of Latvia/AREI,Latvia,6.1,A059a,,,,,,,,,,,,
Confiserie Burg Lauenstein GmbH,Germany,3.1,C059,,,,,,,,,,,,
Laura Food srl,Italy,11.3,E011,,,,,,,,,,,,
"Laurel Foods, LLC",United States of America,10.2,E011b,,,,,,,,,,,,
Lauretana S.p.A.,Italy,5.1,F028,,,,,,,,,,,,
Laurieri srl,Italy,2.2,C049,,,,,,,,,,,,
Lavalia Gida San. ve Tic. A.S.,Türkiye,11.3,A024,,,,,,,,,,,,
Lay Gewürze GmbH,Germany,10.2,B030,,,,,,,,,,,,
Lazur,Poland,10.1,C070+C078,,,,,,,,,,,,
D. Lazzaroni & C. S.p.A.,Italy,2.2,A040+A048,,,,,,,,,,,,
LBM Industrie,Tunisia,11.3,C042,,,,,,,,,,,,
LDC SABLE,France,9.1,E018+D019,,,,,,,,,,,,
LE BONTA' SRL,Italy,11.2,D051b,,,,,,,,,,,,
LE DELIZIE SRL,Italy,11.2,E008,,,,,,,,,,,,
Le Duc Fine Food B.V.,Netherlands,4.2,C079,,,,,,,,,,,,
Le Due Valli Srl,Italy,5.1,F041,,,,,,,,,,,,
LE GALL,France,10.1,B015a,,,,,,,,,,,,
Le Monde des Crêpes,France,4.2,B039,,,,,,,,,,,,
Le Squisivoglie,Italy,11.2,A060,,,,,,,,,,,,
Le Stagioni d'Italia,Italy,10.2,A048,,,,,,,,,,,,
Le Vie Del Tartufo Srl,Italy,10.2,C078,,,,,,,,,,,,
Leadex,France,9.1,C010,,,,,,,,,,,,
Leadsky International Enterprise Company Ltd.,Hong Kong,2.2,E029,,,,,,,,,,,,
"Leamaxx International Co., Ltd.",Taiwan,7.1,G014,,,,,,,,,,,,
Lebanese Pearl Food,Lebanon,2.1,E013%2C+E011gE019g,,,,,,,,,,,,
Lebanese Roasting Group,Lebanon,2.1,E011,,,,,,,,,,,,
LECOCQ FLAVOURS NV,Belgium,2.1,B039,,,,,,,,,,,,
LeDu Manufaktur GmbH,Germany,5.1,C042,,,,,,,,,,,,
Lee Kum Kee (Europe) Ltd.,United Kingdom,10.2,D049,,,,,,,,,,,,
LEFKARA FARM,Greece,11.2,G025,,,,,,,,,,,,
Legendary Viet Nam Company Limited,Vietnam,CF,Confexhall+E050+F059,,,,,,,,,,,,
LEGUMBRES PEDRO SL,Spain,11.1,E022a,,,,,,,,,,,,
Legumbres Penelas S.L.,Spain,11.1,C039,,,,,,,,,,,,
Lehnsgaard-Bornholms Oliemølle A/S,Denmark,5.1,D069+F068,,,,,,,,,,,,
Leighton Foods A/S,Denmark,5.2,D034,,,,,,,,,,,,
Brauhaus Altenkunstadt Andreas Leikeim GmbH & Co. KG,Germany,7.1,E016a,,,,,,,,,,,,
LEIMER KG,Germany,10.2,B029,,,,,,,,,,,,
LekkerSHOP .co.za,South Africa,11.1,A050+B059,,,,,,,,,,,,
Lelia Foods S.A.,Greece,5.1,D062,,,,,,,,,,,,
LeMacaron Gallery,Morocco,11.3,A040+B049,,,,,,,,,,,,
Lemarc,Argentina,3.1,C065a,,,,,,,,,,,,
Lemberg Lebensmittel GmbH,Germany,5.1,C038,,,,,,,,,,,,
Lemonati,United States of America,8.1,D050a,,,,,,,,,,,,
LEMONCONCENTRATE SLU,Spain,8.1,C040,,,,,,,,,,,,
LENCE- GRUPO LECHE RIO SA,Spain,10.1,F030a,,,,,,,,,,,,
"LenersanPoortman, Group Depre",Netherlands,5.2,C054,,,,,,,,,,,,
Weinkellerei Lenz Moser AG,Austria,11.2,C010+D011,,,,,,,,,,,,
Leon Dupont,France,9.1,B037,,,,,,,,,,,,
Leoncini S.r.l.,Italy,7.1,D011,,,,,,,,,,,,
Leong Guan Food Manufacturer Pte Ltd,Singapore,2.1,B025,,,,,,,,,,,,
LES AGRUMES DU GOLFE PLUS,Tunisia,11.3,C046c,,,,,,,,,,,,
Les Ateliers de Tonton Pierrot,France,10.2,G033,,,,,,,,,,,,
Les Celliers Associes,France,10.2,F024,,,,,,,,,,,,
Les Huileries Du Souss Belhassan,Morocco,11.3,A040+B049,,,,,,,,,,,,
LES SALINES DE GUERANDE - LE GUERANDAIS,France,10.2,G029,,,,,,,,,,,,
LESIEUR,France,10.2,E018,,,,,,,,,,,,
Lesieur Cristal,Morocco,11.3,A040+B049,,,,,,,,,,,,
Lestello Sp. z.o.o.,Poland,11.1,D053a,,,,,,,,,,,,
Levant Foods,Poland,P6.1,Passage+Halle+10+Halle+11+010,,,,,,,,,,,,
Levoni S.p.A.,Italy,7.1,C011,,,,,,,,,,,,
Lezzet Group,Azerbaijan,5.2,B068g,,,,,,,,,,,,
LHG Foods Inc.,Canada,6.1,E060,,,,,,,,,,,,
Lianyungang Befe Foods Co.Ltd.,China,4.1,B008,,,,,,,,,,,,
"Lian yungang Tianle Food, Co., Ltd.",China,CF,Confexhall+C054,,,,,,,,,,,,
"Lianyungang Kuotai Foodstuff Co., Ltd.",China,1.2,L030,,,,,,,,,,,,
"Liaofeng Poultry Co., Ltd.",China,4.2,A081,,,,,,,,,,,,
"Liaoning Hemao Agricultural Union Agricultural Development Co.,ltd",China,1.2,G032,,,,,,,,,,,,
"Liaoning Shengyuan Food Co.,LTD",China,CF,Confexhall+B043,,,,,,,,,,,,
"Liaoning Zhengye Peanut Industry Development Co., Ltd.",China,5.1,B090,,,,,,,,,,,,
Liba Bröd,Sweden,10.2,A050,,,,,,,,,,,,
Libra Food Ingredients Sp z o.o.,Poland,7.1,E063,,,,,,,,,,,,
"Lichuan Xingdoushan Black Tea Co.,Ltd.",China,5.1,F021,,,,,,,,,,,,
"Licóbidos, Fabrico Artesanal de Licores, LDA",Portugal,11.1,E044a,,,,,,,,,,,,
Licores Veracruz S.A. de C.V.,Mexico,7.1,F061,,,,,,,,,,,,
Lider Distribution Group Sp.zo.o.,Poland,8.1,D110,,,,,,,,,,,,
Lidya Konservecilik Mut. Ins. Tur. San. ve Tic. Ltd. Sti.,Türkiye,11.3,C021,,,,,,,,,,,,
"Lieng Tong Rice Vermicelli Co., Ltd.",Thailand,11.3,H041a,,,,,,,,,,,,
Lienig Wildfruchtverarbeitung GmbH,Germany,7.1,E008,,,,,,,,,,,,
Life Snack SRL,Italy,11.2,F059a,,,,,,,,,,,,
Liffey Meats,Ireland,6.1,B049,,,,,,,,,,,,
Lightfood OÜ,Estonia,10.1,A072+A078,,,,,,,,,,,,
LIGO – Liberty Gold Fruit Co. LP,United States of America,10.2,I073a,,,,,,,,,,,,
Liking SPA,Italy,5.2,B010,,,,,,,,,,,,
Lillie's Q,United States of America,10.2,H056,,,,,,,,,,,,
Lima Chamber of Commerce,Peru,3.1,B011,,,,,,,,,,,,
LIMBUA Deutschland GmbH,Germany,5.1,D070,,,,,,,,,,,,
"Lincang Shanyou Agricultural Technology Development Co., Ltd.",China,2.2,B009,,,,,,,,,,,,
Lindo confectionery LLC,Uzbekistan,5.1,B079+C078,,,,,,,,,,,,
Lineage,Netherlands,4.2,A044,,,,,,,,,,,,
Linex Handelsgesellschaft mbH,Germany,9.1,E029,,,,,,,,,,,,
"Lingfeng Food Co., Ltd.",China,1.2,O050,,,,,,,,,,,,
Lini's Bites GmbH,Germany,B.1,Boulevard+102%2C+Boulevard+102l,,,,,,,,,,,,
"Linyi City Kangfa Foodstuff Drinkable Co., Ltd.",China,1.2,O033,,,,,,,,,,,,
"Linyi Greensong Nut Co., Ltd.",China,1.2,H042,,,,,,,,,,,,
"Linyi Katayama Foodstuffs Co.,Ltd",China,1.2,J030,,,,,,,,,,,,
"Linyi Organic Foodstuffs Co., Ltd",China,4.1,B017,,,,,,,,,,,,
"LINYI TINTIN IMPORT&EXPORT CO.,LTD",China,2.2,A002a,,,,,,,,,,,,
"Linyi Wanda Foods Co.,Ltd.",China,4.1,A002,,,,,,,,,,,,
"Linyi Yingchi International Trading Co.,ltd",China,1.2,E032a,,,,,,,,,,,,
"Linyi Yiyuan Food Co.,Ltd.",China,1.2,F033,,,,,,,,,,,,
"Linyi Yongsheng Agricultural Products Co., Ltd.",China,CF,Confexhall+B040a,,,,,,,,,,,,
"Linyi Yuda Food Co.,Ltd.",China,5.2,D071a,,,,,,,,,,,,
"Linyi Zhongli Food Co.,Ltd.",China,1.2,O033a,,,,,,,,,,,,
LIO METRO GIDA,Türkiye,2.1,D011,,,,,,,,,,,,
LION,Republic of North Macedonia,2.2,E055,,,,,,,,,,,,
Lionheart Farms Philippines Corporation,Philippines,1.2,N011+M010,,,,,,,,,,,,
Liotti Spa,Italy,11.3,D011,,,,,,,,,,,,
LIPCO FOODS SPÓŁKA AKCYJNA,Poland,9.1,B041,,,,,,,,,,,,
"Liquats Vegetals, SA",Spain,11.1,C030,,,,,,,,,,,,
Liroy B.V.,Netherlands,11.1,G041,,,,,,,,,,,,
Lisko Foodstuff Ltd,Cyprus,11.2,G041a,,,,,,,,,,,,
LITTLE ARCE MILK FARM SA,Greece,10.1,F070,,,,,,,,,,,,
V & H Limited t/a Little Moons,United Kingdom,4.1,D040,,,,,,,,,,,,
Live Forever Young Institute GmbH,Austria,11.2,G022,,,,,,,,,,,,
Livonia Ltd.,Latvia,7.1,F058b,,,,,,,,,,,,
Lj Food Trading Sdn Bhd,Malaysia,1.2,K012,,,,,,,,,,,,
LKJ Frigorífico,Brazil,6.1,E070a,,,,,,,,,,,,
LLC Agro-Oven Ukraine,Ukraine,9.1,E058,,,,,,,,,,,,
LLC,Ukraine,4.2,E058,,,,,,,,,,,,
LLC A.G.I. (A G I),Georgia,11.1,E051a,,,,,,,,,,,,
LLC KYIVSKYI BKK,Ukraine,4.2,E058,,,,,,,,,,,,
LLC Lukritma ( UAB LUKRITMA),Lithuania,B.1,Boulevard+177,,,,,,,,,,,,
LLC SOFIA NUTS,Ukraine,5.1,D059a,,,,,,,,,,,,
LOCCI ZUDDAS ANTONIO SNC DI LOCCI CARLO,Italy,11.1,A051+A057,,,,,,,,,,,,
Lodewijks Quality Meat,Netherlands,9.1,A050,,,,,,,,,,,,
Consorzio Lodi Export,Italy,11.2,B029,,,,,,,,,,,,
LOEUL + PIRIOT,France,9.1,C034,,,,,,,,,,,,
Lofoten Arctic Water AS,Norway,B.1,Boulevard+172%2C+Boulevard+172l,,,,,,,,,,,,
LOg2go S.A.,Luxembourg,4.1,B038,,,,,,,,,,,,
LOGIAS SRL,Italy,11.1,A051+A057,,,,,,,,,,,,
Logismose A/S,Denmark,5.1,E071+F078,,,,,,,,,,,,
LOGISTIC NUTS FOR IMPORT AND EXPORT AGRICULTURE CROPS,Egypt,5.1,D073,,,,,,,,,,,,
Lognib Food,France,10.2,D027,,,,,,,,,,,,
Logros SA,Argentina,6.1,D031a,,,,,,,,,,,,
"LOLITA SNACKS, S.L.",Spain,11.1,B031,,,,,,,,,,,,
Lolliboni Sweets SRL,Romania,3.1,B032,,,,,,,,,,,,
LOMAN SRL,Italy,5.2,A019,,,,,,,,,,,,
Lombardi Claudio S.R.L.,Italy,11.2,D018,,,,,,,,,,,,
Long Clawson Dairy Ltd,United Kingdom,10.1,G018a,,,,,,,,,,,,
LONG SON JSC,Vietnam,CF,Confexhall+A030+B039,,,,,,,,,,,,
"Longhai Guangfa Food Co., Ltd.",China,4.1,A013b,,,,,,,,,,,,
"Longhai Shiqiang Freezing Food Co.,Ltd.",China,4.1,A011,,,,,,,,,,,,
Caseificio Longo Srl,Italy,10.1,F020,,,,,,,,,,,,
"Longyao County Xuri Food Co.,Ltd.",China,1.2,F050,,,,,,,,,,,,
Lonki-Teker Group,Belgium,9.1,D032,,,,,,,,,,,,
"Lontrue Co., Ltd",China,2.2,A006,,,,,,,,,,,,
"Lor Eak Heng Sek Meas Rice Co.,Ltd.",Cambodia,2.1,B011+B019,,,,,,,,,,,,
Loreen Herrmann Einzelunternehmen,Germany,B.1,Boulevard+115%2C+Boulevard+115l,,,,,,,,,,,,
"Lorenzati, Ruetsch Y Cia S.A.",Argentina,3.1,C079a,,,,,,,,,,,,
La Lorraine Bakery Group,Belgium,3.2,B029,,,,,,,,,,,,
Loste International Tradi France SA,France,7.1,C019,,,,,,,,,,,,
Lotte Chilsung Beverage Co. Ltd.,"Korea, Republic of",5.2,E019+D018,,,,,,,,,,,,
Lotte Wedel sp. z o.o,Poland,3.1,C030,,,,,,,,,,,,
LOTTEWELLFOOD,"Korea, Republic of",5.2,C028+D029,,,,,,,,,,,,
LOTUS FOOD MANUFACTURING JSC,Vietnam,1.2,M008a,,,,,,,,,,,,
Louetlang,"Korea, Republic of",5.2,A046,,,,,,,,,,,,
Louis Dreyfus Company Suisse S.A.,Switzerland,8.1,B041+B049,,,,,,,,,,,,
Lourdes Honey KFT,Hungary,2.2,A023,,,,,,,,,,,,
Loux Marlafekas S.A.,Greece,10.2,H048,,,,,,,,,,,,
Love Hellas Water,Greece,8.1,C064,,,,,,,,,,,,
"LP FOODIES, S.A.U.",Spain,7.1,C044,,,,,,,,,,,,
LPARTNERS - LP BRASIL,Brazil,6.1,D071,,,,,,,,,,,,
LPV GmbH,Germany,B1.1,Boulevard+064,,,,,,,,,,,,
lseaffre egypt,Egypt,2.1,B056a,,,,,,,,,,,,
Ltd. Liepkalni,Latvia,3.2,B013,,,,,,,,,,,,
LTP Import Export B.V.,Netherlands,11.1,G050,,,,,,,,,,,,
Lubimka Ltd.,Bulgaria,10.2,E034,,,,,,,,,,,,
Luc Mo Wines,South Africa,11.1,A060,,,,,,,,,,,,
Lucaffé Srl S.B.,Italy,8.1,B080,,,,,,,,,,,,
LUCIANA MOSCONI SRL,Italy,10.2,A022,,,,,,,,,,,,
LUCK SIAM GLOBAL COMPANY LIMITED,Thailand,11.3,G046b,,,,,,,,,,,,
Johannes Lühders KG,Germany,3.1,A048,,,,,,,,,,,,
"Luis Oliveras, S.A.",Spain,7.1,D047,,,,,,,,,,,,
"LUIS PENALVA, S.L.",Spain,11.1,D011,,,,,,,,,,,,
"LUIS SÁNCHEZ GARCÍA E HIJAS, S.L.",Spain,5.2,C065,,,,,,,,,,,,
Luis Silverio e Filhos SA,Portugal,4.1,A051+B058,,,,,,,,,,,,
Lukas Manufacturing and Trading Company,Ukraine,2.2,E033,,,,,,,,,,,,
Lukashin Agricultural Association CC,Armenia,11.3,C049,,,,,,,,,,,,
"LUOBEI COUNTY NORTHERN FOOD CO., LTD.",China,5.1,C082,,,,,,,,,,,,
"Luong Quoi Coconut Co., Ltd",Vietnam,CF,Confexhall+B030+C039,,,,,,,,,,,,
"Lurdes Narciso, Lda",Portugal,4.1,A051+B058,,,,,,,,,,,,
"Lusiteca - Produtos Alimentares, S.",Portugal,11.1,F041b,,,,,,,,,,,,
Lustenberger & Dürst SA,Switzerland,10.1,B029a,,,,,,,,,,,,
Luthman Backlund Foods AB,Sweden,10.2,A050,,,,,,,,,,,,
Lutosa SA,Belgium,4.1,A048,,,,,,,,,,,,
Lutosa SA,Belgium,5.1,F091,,,,,,,,,,,,
LUX SRL,Italy,1.2,E011,,,,,,,,,,,,
"Luxeapers, S.L.U.",Spain,11.1,E018a,,,,,,,,,,,,
Luxlait Expansion S.A.,Luxembourg,10.1,F049,,,,,,,,,,,,
Luza Industria e Comercio de Alimentos S/A,Brazil,3.1,C020a,,,,,,,,,,,,
Lvivskyi Kholodokombinat PJSC  PJSC Lviv Freezer Factory,Ukraine,4.1,B024,,,,,,,,,,,,
LYOFOOD sp. z o.o.,Poland,CF,Confexhall+A020+B029,,,,,,,,,,,,
"Beijing Shipuller Co.,Ltd",China,1.2,N029,,,,,,,,,,,,
M. Dias Branco Ind. e Com de Alimentos,Brazil,11.1,D024,,,,,,,,,,,,
M RAHEEM RICE PROCESSING MILLS,Pakistan,11.3,E040,,,,,,,,,,,,
M T G AGRO TRADING L.L.C,United Arab Emirates,6.1,E108,,,,,,,,,,,,
M. ALOE VERA HELLAS SA,Greece,11.2,G067,,,,,,,,,,,,
M.ETXENIKE S.A. CONSERVAS ETXENIKE,Spain,P4.1,Passage+Halle+4+Halle+5+A040,,,,,,,,,,,,
M.G.P. CYPRUS SALT CO. LTD,Cyprus,11.2,G041,,,,,,,,,,,,
M.M. Poonjiaji Spices Ltd,India,CF,Confexhall+G046b,,,,,,,,,,,,
M. P. THEODOROU SALT INDUSTRY & CO LTD,Cyprus,11.2,G041,,,,,,,,,,,,
MZOUK / (GCC DISTRIBUTION),United Kingdom,5.2,A059,,,,,,,,,,,,
M/S Janki Dass Rice Mills,India,CF,Confexhall+G040,,,,,,,,,,,,
Tomoor / M1 Distribution,Belgium,2.1,A038,,,,,,,,,,,,
Maag Food OÜ,Estonia,6.1,B013,,,,,,,,,,,,
Maahir Foods,India,11.3,G025,,,,,,,,,,,,
Maassra Brahim Zniber,Morocco,11.3,A040+B049,,,,,,,,,,,,
Maatouk Factories SAL,Lebanon,2.1,E019b,,,,,,,,,,,,
MAAZ Cheese B.V.,Netherlands,10.1,G038,,,,,,,,,,,,
Mabroc Teas (PVT) Ltd.,Sri Lanka,8.1,B108,,,,,,,,,,,,
Macavation Pty Ltd - Wedgewood Macadamias,South Africa,11.1,A050+B059,,,,,,,,,,,,
Macedonian Thrace Brewery SA Vergina Beer TUVUNU Greek Mountain tea,Greece,11.2,F037,,,,,,,,,,,,
machland obst- und gemüsedelikatessen GmbH,Austria,11.2,G020,,,,,,,,,,,,
MATADERO COMARCAL DEL BAGES S.L. (MACOBA,Spain,6.1,B038,,,,,,,,,,,,
Macoritto Valentino S.r.l.,Italy,11.2,A038a,,,,,,,,,,,,
MADAGASCAR VANILECO SARL,Madagascar,11.1,G037,,,,,,,,,,,,
Madama Oliva S.p.A.,Italy,5.1,A018,,,,,,,,,,,,
Made in Med srl,Italy,11.2,D008,,,,,,,,,,,,
Madej Wróbel,Poland,6.1,E109,,,,,,,,,,,,
Madeka S.A.,Argentina,6.1,C036a,,,,,,,,,,,,
MADEMOISELLE DESSERTS INTERNATIONAL,France,10.1,C048,,,,,,,,,,,,
Madeo Industria Alimentare Srl,Italy,7.1,C026,,,,,,,,,,,,
"Mae-Ruay Snack Food Factory Co., Ltd.",Thailand,11.3,D044,,,,,,,,,,,,
"Maeboonlam Intertrade Co., Ltd.",Thailand,11.3,H039,,,,,,,,,,,,
Maejor Nuts B.V.,Netherlands,11.1,F010,,,,,,,,,,,,
Maestro Nut,Moldova,4.1,D098+C091,,,,,,,,,,,,
Mafin srl,Italy,2.2,D057,,,,,,,,,,,,
Mafriges S.A.,Spain,7.1,C041a,,,,,,,,,,,,
Magazia Moraritei,Romania,11.2,G036a,,,,,,,,,,,,
Magda Plant Based Sp. z o o,Poland,1.2,C033,,,,,,,,,,,,
"Magdalenas de las Heras, S.A.",Spain,2.2,B050b,,,,,,,,,,,,
"Magic Flame Ltd,",Bulgaria,11.2,F050,,,,,,,,,,,,
Maglio Arte Dolciaria SRL,Italy,5.2,B032a,,,,,,,,,,,,
Magna Wave Sdn Bhd,Malaysia,1.2,H028,,,,,,,,,,,,
MAGNAT sp. z o.o.,Poland,10.2,C026,,,,,,,,,,,,
Magro Brothers (Foods) Ltd.,Malta,11.1,D062,,,,,,,,,,,,
M.Mahdavieh Export Co.,Iran,2.1,F053,,,,,,,,,,,,
"MAI MEE OD CO., LTD.",Thailand,4.2,A071,,,,,,,,,,,,
Maintal Konfitüren GmbH,Germany,10.2,C071,,,,,,,,,,,,
MainTea GmbH,Germany,B.1,Boulevard+182%2C+Boulevard+184,,,,,,,,,,,,
Maïsadour Distribution,France,9.1,C030,,,,,,,,,,,,
Maisi 2020,Georgia,7.1,G061b,,,,,,,,,,,,
MAISON ANDRÉSY,France,10.2,E016,,,,,,,,,,,,
Maison de Florentins,France,2.2,C032a,,,,,,,,,,,,
MAISON GUENARD,France,10.2,E018,,,,,,,,,,,,
SAS MAISON MENISSEZ,France,3.2,A018a,,,,,,,,,,,,
Le temps des Cerises,France,10.2,F016,,,,,,,,,,,,
Maisonie Homemade Desserts,Belgium,2.1,B037,,,,,,,,,,,,
Maîtres Laitiers du Cotentin,France,10.1,B014,,,,,,,,,,,,
MAJAMI SP. Z O.O.,Poland,2.2,D012,,,,,,,,,,,,
Majani 1796 Spa,Italy,5.2,B018,,,,,,,,,,,,
Majestic Basmati Rice Pvt. Ltd.,India,11.3,F024a,,,,,,,,,,,,
MAK FOOD COMPANY S.L.,Spain,8.1,B014,,,,,,,,,,,,
Makarony Polskie S.A.,Poland,11.1,C056a,,,,,,,,,,,,
Halvatzis Makedoniki S.A,Greece,4.2,C051,,,,,,,,,,,,
"Makefood Future Co., Limited",China,4.1,A020b,,,,,,,,,,,,
Makler Komers LTD,Bulgaria,10.1,H040,,,,,,,,,,,,
VINCINNI - Makprogres Ltd,Republic of North Macedonia,3.2,B071a,,,,,,,,,,,,
MAKRI'S AGRICULTURAL COOP OF PISTACHIOS,Greece,10.2,I016,,,,,,,,,,,,
MAKS Food Industry,Republic of North Macedonia,3.1,C031,,,,,,,,,,,,
MAKSAK Ltd,Cyprus,4.2,C009,,,,,,,,,,,,
Malatya Kurutulmus Kayisi Tarim Urunleri Lisansli Depoculuk A.S.,Türkiye,11.3,A009gA015g,,,,,,,,,,,,
Malatya Pazari Kuruyemiscilik San. ve Tic. A.S.,Türkiye,11.3,A013a,,,,,,,,,,,,
Malatya Pazari Palanci Kuruyemis San. ve San. ve Tic. A.S.,Türkiye,2.2,B033,,,,,,,,,,,,
Malaysia External Trade Development Corporation (MATRADE),Malaysia,1.2,N010+O011,,,,,,,,,,,,
Malaysian Pepper Board,Malaysia,CF,Confexhall+E045,,,,,,,,,,,,
Malaysian Cocoa Board,Malaysia,1.2,N010+O011,,,,,,,,,,,,
MALGARA RICE MILLS,Greece,11.2,F058,,,,,,,,,,,,
Maliban Biscuit Manufactories (Pvt) Ltd.,Sri Lanka,1.2,F026,,,,,,,,,,,,
Malsena Plius JSC,Lithuania,10.2,F037a,,,,,,,,,,,,
Maltras International (PVT) Ltd,Sri Lanka,8.1,D120,,,,,,,,,,,,
Malu Agrotech,India,1.2,F017,,,,,,,,,,,,
"MALWATTE VALLEY PLANTATIONS P.L.C,",Sri Lanka,8.1,A094,,,,,,,,,,,,
Mamaye UG (haftungsbeschränkt),Germany,B.1,Boulevard+201,,,,,,,,,,,,
MAMBIKOM AGRAR,Serbia,4.2,B062,,,,,,,,,,,,
Mammen Cheese A/S,Denmark,10.1,H049,,,,,,,,,,,,
Mampe Spirituosen GmbH,Germany,7.1,E016,,,,,,,,,,,,
Mampster Inc.,Canada,11.2,C030,,,,,,,,,,,,
Manarthon,Tunisia,11.3,D041c,,,,,,,,,,,,
Manavlar Gida San. ve Tic. A.S.,Türkiye,3.2,B019,,,,,,,,,,,,
Manchiee De Coco Products,Sri Lanka,1.2,F028,,,,,,,,,,,,
Mancuso Vincenzo & C Srl,Italy,4.1,D028,,,,,,,,,,,,
Mandrekas S.A.,Greece,10.1,B042,,,,,,,,,,,,
"Pasteleria Mandul, S. L. MIA FOODS",Spain,11.1,D009,,,,,,,,,,,,
Manfredi Barbera e Figli SpA,Italy,10.2,C073,,,,,,,,,,,,
Mangiatorella SpA,Italy,11.2,B019a,,,,,,,,,,,,
Mani Bläuel GmbH,Austria,B.1,Boulevard+156,,,,,,,,,,,,
ARG DE GRAAF S.A.,Argentina,3.1,B060,,,,,,,,,,,,
ACETAIA MANICARDI SRL,Italy,11.2,A060a,,,,,,,,,,,,
Manitoba SAS,Colombia,3.1,C009,,,,,,,,,,,,
"MANORA FOOD INDUSTRY CO., LTD.",Thailand,11.3,G022a,,,,,,,,,,,,
MANSI FOODS,India,11.3,F026a,,,,,,,,,,,,
Manss GmbH Frischeservice,Germany,P2.1,Passage+Halle+3+Halle+11+003,,,,,,,,,,,,
Heinrich Manten Qualitätsfleisch vom Niederrhein GmbH & Co. KG,Germany,6.1,C100a,,,,,,,,,,,,
MANTINGA  BAKERY & FOOD SOLUTIONS,Lithuania,4.1,E040,,,,,,,,,,,,
"Manuel Guillén, S.A.",Spain,7.1,A056,,,,,,,,,,,,
Siafa International Mfg Co,Saudi Arabia,2.1,E022,,,,,,,,,,,,
Manufri S.L.,Spain,8.1,D070,,,,,,,,,,,,
Manuka Kontor GmbH,Germany,3.2,B006,,,,,,,,,,,,
MANZARO GROUP,Ukraine,11.1,G070,,,,,,,,,,,,
M Manzoor & AMP Co. Pakistan( Pvt) Ltd,Pakistan,11.3,E044b,,,,,,,,,,,,
MAP - Macedonian Association of Processors,Republic of North Macedonia,11.1,G058l,,,,,,,,,,,,
Maple Leaf Farms,United States of America,9.1,A023,,,,,,,,,,,,
Maple Leaf Foods Inc.,Canada,11.2,D029a,,,,,,,,,,,,
Mara Spezie,Italy,5.2,A038+B039,,,,,,,,,,,,
Marabotto Giacomo & Figli S.n.c.,Italy,11.2,B025a,,,,,,,,,,,,
Marbelize S. A.,Ecuador,3.1,B027a,,,,,,,,,,,,
Torrefazione Adriatica Spa,Italy,8.1,D091,,,,,,,,,,,,
Marcel SRL,Romania,9.1,B052,,,,,,,,,,,,
De Marchi Ind. e Com. de Frutas Ltda,Brazil,3.1,C024,,,,,,,,,,,,
"Marcial Castro, S.L.U.",Spain,7.1,C043,,,,,,,,,,,,
Marcom International,Tunisia,11.3,C046,,,,,,,,,,,,
Marco Salamanca,Spain,4.2,E020a,,,,,,,,,,,,
Mardin Group Ziraat Tarim Teks. Gida Nak. Ith. Ihr. Ltd. Sti.,Türkiye,11.3,B031b,,,,,,,,,,,,
Mardin Organized Industrial Zone,Türkiye,11.3,D023,,,,,,,,,,,,
"Marford (Qingdao) Food Co.,Ltd",China,9.1,E059,,,,,,,,,,,,
Margherita S.P.A.,Italy,4.1,A041,,,,,,,,,,,,
Margot Fromages SA,Switzerland,10.1,B027,,,,,,,,,,,,
María Elena Zaccagnini,Argentina,4.1,B091,,,,,,,,,,,,
Maria Trading SRL,Romania,6.1,B119,,,,,,,,,,,,
"Mariani Packing Co., Inc.",United States of America,10.2,I051%2C+H078,,,,,,,,,,,,
MARIE MORIN France,France,10.1,B017a,,,,,,,,,,,,
Marie Surgelés,France,4.2,C040,,,,,,,,,,,,
Mariebel S.A.,France,2.2,D031a,,,,,,,,,,,,
Mariflor Prodcom Srl,Romania,9.1,B052a,,,,,,,,,,,,
UAB Marijampoles Pieno Konservai,Lithuania,10.1,A021,,,,,,,,,,,,
Marilan Group,Brazil,3.1,D029a,,,,,,,,,,,,
MARIN GIMENEZ HNOS. S.A.,Spain,4.2,E026,,,,,,,,,,,,
"Marine Resources Development Co., Ltd",Thailand,1.2,H014,,,,,,,,,,,,
Marine Stewardship Council (MSC),United Kingdom,B1.1,Boulevard+048,,,,,,,,,,,,
Marinhave - Sociedade Agro Avícola SA,Portugal,9.1,E015,,,,,,,,,,,,
Marino food products pvt ltd,India,2.2,F053,,,,,,,,,,,,
Maristella SRL,Italy,2.2,D055a,,,,,,,,,,,,
"Mark One Innovation Center Co.,Ltd",Thailand,11.3,G026a,,,,,,,,,,,,
MARKA Markenkommunikation GmbH,Germany,P1.1,Passage+Halle+2+Halle+4+014%2C+Passage+Halle+2+Halle+4+002,,,,,,,,,,,,
Market Square Food Company LLC,United States of America,10.2,H062,,,,,,,,,,,,
Marketinggesellschaft der niedersächsischen Land- und Ernährungswirtschaft e.V.,Germany,10.2,A032+B035,,,,,,,,,,,,
Markus Alexander Hörtnagl,Austria,11.2,F010a,,,,,,,,,,,,
S. S. Marmara Zeytin Tarim Satis Koop. Birligi,Türkiye,11.3,A013,,,,,,,,,,,,
Marocapres,Morocco,11.3,A040+B049,,,,,,,,,,,,
Marodi d.o.o.,Croatia,11.1,G027,,,,,,,,,,,,
Marsa Yag Sanayi ve Tic. A.S.,Türkiye,11.3,C025b,,,,,,,,,,,,
Martas Marmara Tarimsal Urunleri / Degerlendirme A.S.,Türkiye,4.2,A074,,,,,,,,,,,,
MARTELLI SALUMI S.P.A.,Italy,7.1,C018,,,,,,,,,,,,
MARTICO VALENCIA S.L.,Spain,B1.1,Boulevard+060,,,,,,,,,,,,
Martin's Famous Potato Rolls & Bread,United States of America,2.2,A053,,,,,,,,,,,,
"Martínez Somalo, S.L., Hijo de José Martinez Somalo",Spain,7.1,D046,,,,,,,,,,,,
MartinoRossi SpA,Italy,10.2,D078,,,,,,,,,,,,
Martinucci srl,Italy,4.1,C068,,,,,,,,,,,,
Martirelo S.L.,Spain,11.1,B038a,,,,,,,,,,,,
Maruei Inc,Japan,2.1,B034,,,,,,,,,,,,
"MARUMO AOKI MISO CO.,LTD.",Japan,2.1,D029,,,,,,,,,,,,
Maruri Foods,Japan,2.1,C039,,,,,,,,,,,,
"Marusan-Ai Co.,Ltd.",Japan,1.2,B017,,,,,,,,,,,,
"MARUSOKU, INC.",Japan,2.1,B028b,,,,,,,,,,,,
"MARUTOMO CO.,LTD.",Japan,2.1,C037,,,,,,,,,,,,
"Marutou bussanhanbai co.,ltd",Japan,2.1,C031,,,,,,,,,,,,
Marwin Brands LLC,Uzbekistan,5.1,B079+C078,,,,,,,,,,,,
Mas Choices Corporation Ltd,Thailand,11.3,G042a,,,,,,,,,,,,
Masan Consumer Corporation,Vietnam,CF,Confexhall+A030+B039,,,,,,,,,,,,
Masarat Exhibitions & Events,Saudi Arabia,CF,Confexhall+E011+D010,,,,,,,,,,,,
MASFROST Sp. z o.o,Poland,4.2,C069,,,,,,,,,,,,
Mashreq for busines development,Egypt,2.1,C054a,,,,,,,,,,,,
Masiello Food srl,Italy,11.1,G021,,,,,,,,,,,,
GRUPA MASPEX SP. z o.o.,Poland,11.1,F050,,,,,,,,,,,,
"Massimo Zanetti Beverage Iberia, S.A.",Portugal,8.1,C121a,,,,,,,,,,,,
MASTER FRUITS,Serbia,4.2,B060b,,,,,,,,,,,,
Master Good Ltd.,Hungary,9.1,C061+C069,,,,,,,,,,,,
SC MASTER ICY CREAM SRL,Romania,2.2,D013,,,,,,,,,,,,
Masterboi,Brazil,6.1,E070a,,,,,,,,,,,,
MASTERINT TRADE COM. IMP. E EXP. LTDA,Brazil,3.1,D021,,,,,,,,,,,,
"Masters Gallery Foods, Inc.",United States of America,10.1,H038,,,,,,,,,,,,
Mastrigo Bio-Gourmet S.L.,Spain,11.1,B012,,,,,,,,,,,,
P.W. MAT Marzena Tkaczuk,Poland,CF,Confexhall+A020+B029,,,,,,,,,,,,
Matco Foods Ltd.,Pakistan,11.3,E037,,,,,,,,,,,,
MATE PLANET EUROPE s.r.o.,Czech Republic,8.1,A096,,,,,,,,,,,,
Mateks Food Industry Inc.,Türkiye,11.3,E029,,,,,,,,,,,,
MATHEI La marocaiine d'été,Morocco,11.3,A040+B049,,,,,,,,,,,,
Matias SRL,Romania,2.2,D017a,,,,,,,,,,,,
MATR Foods ApS,Denmark,1.2,C007,,,,,,,,,,,,
"MATSU CO., LTD.",Taiwan,4.2,E098a,,,,,,,,,,,,
"Matsuai Food Co., Ltd.",Japan,2.1,C047,,,,,,,,,,,,
Peter Mattfeld & Sohn GmbH,Germany,6.1,C019,,,,,,,,,,,,
MAUN GIDA SANAYI ANONIM SIRKETI,Türkiye,4.1,D048,,,,,,,,,,,,
Mauro Distribuzione s.r.l.,Italy,5.2,B040,,,,,,,,,,,,
Max and Bien,Netherlands,1.2,D028+E029,,,,,,,,,,,,
Max Kiene GmbH,Germany,3.1,C008,,,,,,,,,,,,
PPH Maxpol Sp. z o.o.,Poland,2.2,D006,,,,,,,,,,,,
Maxwell Gida Urunleri Tic. Ltd. Sti.,Türkiye,11.3,D009a,,,,,,,,,,,,
Maya Food Gida San. Ltd. Sti.,Türkiye,11.3,A020a,,,,,,,,,,,,
Maya Gold Trading B.V.,Netherlands,5.1,E086,,,,,,,,,,,,
Mayacrew,"Korea, Republic of",B.1,Boulevard+101,,,,,,,,,,,,
"MANUEL BUSTO AMANDI, S.A.",Spain,11.1,C024,,,,,,,,,,,,
Mayi Tuz Madencilik Sanayi ve Ticaret AŞ,Türkiye,1.2,E014,,,,,,,,,,,,
Mazare Alnakheel Company for Dates,Saudi Arabia,2.1,E018,,,,,,,,,,,,
Mazza Alimentari S.R.L.,Italy,5.2,A044,,,,,,,,,,,,
Mazzoleni Formaggi,Italy,10.1,F055,,,,,,,,,,,,
MB Global Foods,Canada,4.1,D034,,,,,,,,,,,,
MBRF,Brazil,9.1,B051+C058,,,,,,,,,,,,
MBW Marketinggesellschaft/ Baden-Württemberg mbH,Germany,10.2,C056,,,,,,,,,,,,
MC INGREDIENTS,Madagascar,11.1,A058,,,,,,,,,,,,
McCain Alimentaire SAS,France,4.1,A049,,,,,,,,,,,,
McCarter a.s.,Slovakia,8.1,D013,,,,,,,,,,,,
"Mccormick Philippines, Inc.",Philippines,1.2,N011+M010,,,,,,,,,,,,
McCoy Ceylon Commodities PVT LTD,Sri Lanka,8.1,D120a,,,,,,,,,,,,
McLane Global,United States of America,10.2,G081,,,,,,,,,,,,
MCS Vagohid Zrt. HU,Hungary,9.1,B030,,,,,,,,,,,,
MDR HEALTHY FOOD SP. Z O.O.,Poland,11.1,D053c,,,,,,,,,,,,
Meat & Livestock Australia,Australia,6.1,B100,,,,,,,,,,,,
Meat Borsa Ltd.,Bulgaria,6.1,D099,,,,,,,,,,,,
U.S. Meat Export Federation,United States of America,9.1,A019a,,,,,,,,,,,,
Meat Team Poland Sp. z o.o.,Poland,6.1,C122,,,,,,,,,,,,
Olijck Foods B.V.,Netherlands,1.2,D028+E029,,,,,,,,,,,,
MEAT'ING FOOD GROUP,France,9.1,B013,,,,,,,,,,,,
Meatlamb S.A.,Spain,7.1,C045a,,,,,,,,,,,,
Meatless BV,Netherlands,1.2,B007+C009,,,,,,,,,,,,
"Meatrading, Lda",Portugal,P4.1,Passage+Halle+4+Halle+5+A007,,,,,,,,,,,,
MEBOL SAC,Peru,4.1,A094,,,,,,,,,,,,
Med Oil Company,Tunisia,11.3,C044a,,,,,,,,,,,,
Medanut,Türkiye,10.2,D016,,,,,,,,,,,,
Medbest S.A.,Greece,11.2,F039,,,,,,,,,,,,
medialog GmbH & Co. KG,Germany,B1.1,Boulevard+051,,,,,,,,,,,,
MEDIASCORE FOOD,France,10.2,E080,,,,,,,,,,,,
Medibel Belgium NV,Belgium,8.1,D015,,,,,,,,,,,,
Medina Group,Spain,6.1,C082,,,,,,,,,,,,
Mediolat S.R.L.,Italy,11.2,D008,,,,,,,,,,,,
MEDITEA SARL,France,10.2,E024,,,,,,,,,,,,
MEDITERRA S.A.,Greece,10.2,I049,,,,,,,,,,,,
MEDITERRANEA QUALITY FOOD SRL,Italy,11.2,D053a,,,,,,,,,,,,
Mediterranea S.r.l.,Italy,11.2,B027a,,,,,,,,,,,,
Mediterranean Food Partners B.V.,Netherlands,2.1,C019,,,,,,,,,,,,
Mediterranean Food Srl.,Italy,11.3,D022,,,,,,,,,,,,
Mediterranean Olive House S.A.,Greece,10.2,H042,,,,,,,,,,,,
Medjool Star,Morocco,11.3,A040+B049,,,,,,,,,,,,
MEDOLIO S.A.,Greece,10.1,F021,,,,,,,,,,,,
MEDOMIKS,Serbia,11.1,C040c,,,,,,,,,,,,
Medtime Healthcare private limited,India,3.1,A015a,,,,,,,,,,,,
Meduri Farms Inc.,United States of America,10.2,I073,,,,,,,,,,,,
Cesare Regnoli & Figlio S.r.l.,Italy,10.2,E041,,,,,,,,,,,,
MEDZ,Morocco,11.3,A040+B049,,,,,,,,,,,,
Meeran Ltd,United Kingdom,10.2,E054a,,,,,,,,,,,,
Meeza Foods for Food Industries Raya Trade,Egypt,4.1,D098+C091,,,,,,,,,,,,
MEGA BALTIC UAB,Lithuania,8.1,D021,,,,,,,,,,,,
"Mega Prime Foods, Inc",Philippines,1.2,N011+M010,,,,,,,,,,,,
Mega-Food Frischmarkt GmbH,Germany,4.1,C088,,,,,,,,,,,,
Megafood APS,Denmark,P1.1,Passage+Halle+2+Halle+4+002,,,,,,,,,,,,
Mehmet Türkel,Türkiye,10.2,E015a,,,,,,,,,,,,
Mehrab Pistachios,Iran,2.1,D050gE059g,,,,,,,,,,,,
Mehran Spice and Food Industries,Pakistan,11.3,E034a,,,,,,,,,,,,
Mehrotra Consumer Products Pvt. Ltd.,India,5.1,D072,,,,,,,,,,,,
Mehsom Agri Food,Canada,11.2,C030a,,,,,,,,,,,,
"Meihekou City Dingning Food Co., Ltd",China,P9.1,Passage+Halle+2+Halle+3+A002f,,,,,,,,,,,,
"MEIHEKOU CITY HAOCHENG FOOD CO., LTD",China,1.2,L048,,,,,,,,,,,,
"Meihekou City Jinfeng Food Co., Ltd.",China,2.2,E064,,,,,,,,,,,,
Mekong Herbals Corporation,Vietnam,CF,Confexhall+E050+F059,,,,,,,,,,,,
Melas Epidaurus olive oil domain,Greece,11.2,G060,,,,,,,,,,,,
MELBON S.A.,Bulgaria,3.1,C031,,,,,,,,,,,,
MELETIADIS SA,Greece,11.2,G059c,,,,,,,,,,,,
Exportadora Melifen S.A.,Chile,3.1,B079,,,,,,,,,,,,
Meligyris,Greece,10.2,I041,,,,,,,,,,,,
MELISAGRO SA,Greece,11.2,G063,,,,,,,,,,,,
MELISSA KIKIZAS S.A,Greece,11.2,G031,,,,,,,,,,,,
Melkweg,Netherlands,6.1,B010+C011,,,,,,,,,,,,
MELODI CIKOLATA ve Gida San. A.S.,Türkiye,2.2,A032a,,,,,,,,,,,,
MELVIT S.A.,Poland,11.1,F058,,,,,,,,,,,,
MEM Fairway Inc.,United States of America,10.2,I074,,,,,,,,,,,,
Menai Meats (Wales) Limited,United Kingdom,6.1,C040,,,,,,,,,,,,
Mendelspeck GmbH,Italy,7.1,C065,,,,,,,,,,,,
Casa Mendes Goncalves SA,Portugal,11.1,E040b,,,,,,,,,,,,
MENG FU SHL S.L,Spain,4.2,C030,,,,,,,,,,,,
Acetificio Mengazzoli Snc,Italy,5.2,B020+C021,,,,,,,,,,,,
"Mensajero Alimentacion, S.L.",Spain,11.1,B011a,,,,,,,,,,,,
Menz&Gasser SpA,Italy,3.2,C041,,,,,,,,,,,,
Mepe,Iran,10.2,E011,,,,,,,,,,,,
Meptico SAL,Lebanon,2.1,E011b,,,,,,,,,,,,
Meraner Mühle GmbH,Italy,2.2,E019,,,,,,,,,,,,
Meray Kuruyemis Gida San. Tic Ltd. Sti,Türkiye,10.2,E071,,,,,,,,,,,,
Mercurio Alimentos,Brazil,6.1,D070,,,,,,,,,,,,
Biscuiterie La Mère Poulard,France,10.2,E010,,,,,,,,,,,,
Meridian Growers,United States of America,10.2,H076,,,,,,,,,,,,
MERIDIANA SRL,Italy,,,,,,,,,,,,,,
Meridyen Gida San. ve Tic. Ltd. Sti.,Türkiye,7.1,G021,,,,,,,,,,,,
MERIT BRAND LLC,Azerbaijan,8.1,B020,,,,,,,,,,,,
"Merit Food Products Co.,Ltd.",Thailand,11.3,G055,,,,,,,,,,,,
Meroso Foods NV,Belgium,2.1,B041,,,,,,,,,,,,
Merschbrock - Wiese Gewürz GmbH,Germany,10.2,B052,,,,,,,,,,,,
Meru Herbs Kenya,Kenya,3.1,A023,,,,,,,,,,,,
MDM PELAGIC Merveilles des Mers,Morocco,11.3,A040+B049,,,,,,,,,,,,
MESA Project - Insuleur,Greece,5.2,A013,,,,,,,,,,,,
Mesfood Trading,Spain,11.1,B015a,,,,,,,,,,,,
Meskay & Femtee Trading Company (Pvt) Ltd.,Pakistan,11.3,G045a,,,,,,,,,,,,
JSC Meskenas,Lithuania,3.1,C032,,,,,,,,,,,,
MESOPOTAMIAN DRINKS SA,Argentina,8.1,D024,,,,,,,,,,,,
Messeforum Oy,Finland,10.2,A070b%2C+A068a,,,,,,,,,,,,
Papadeas PC,Greece,11.2,E036,,,,,,,,,,,,
Mest Food OÜ,Estonia,6.1,B013,,,,,,,,,,,,
Mestemacher GmbH,Germany,3.2,C021+C029,,,,,,,,,,,,
"MetaFoods, LLC",United States of America,9.1,B019,,,,,,,,,,,,
Metis Global Reach,Mexico,7.1,E060,,,,,,,,,,,,
Metshu Exports (Pvt) Ltd,Sri Lanka,1.2,D017,,,,,,,,,,,,
Mevai Zarrin LLC,Tajikistan,11.3,B048,,,,,,,,,,,,
Mevgal S.A.,Greece,10.1,G040,,,,,,,,,,,,
Mevsim Gida San. ve Soguk Depo Tic. A.S.,Türkiye,4.1,D069,,,,,,,,,,,,
MÉXICO-AGUASCALIENTES,Mexico,8.1,E040g,,,,,,,,,,,,
Mexifrutas,Mexico,7.1,E060,,,,,,,,,,,,
Mexma Food BV,Netherlands,4.1,E078,,,,,,,,,,,,
Meykon Meyve ve Kaynak Sulari San. Tic. A.S.,Türkiye,7.1,G033,,,,,,,,,,,,
Mezan Global DMCC,United Arab Emirates,11.3,B031a,,,,,,,,,,,,
Mezap S.A.,Greece,10.2,I031,,,,,,,,,,,,
MF Food and Beverage Limited,United Kingdom,B.1,Boulevard+192,,,,,,,,,,,,
MGM TRADE HUNGARY KFT.,Hungary,CF,Confexhall+D076,,,,,,,,,,,,
MiAdelita GmbH,Switzerland,3.1,D045,,,,,,,,,,,,
Miami Canners Pty(Ltd),South Africa,11.1,A058,,,,,,,,,,,,
Miapuccia SL,Spain,B.1,Boulevard+080%2C+Boulevard+080l,,,,,,,,,,,,
Michigan Dept of Agriculture and Rural Development,United States of America,10.2,I054,,,,,,,,,,,,
Michoc S.A.,Morocco,11.3,A040+B049,,,,,,,,,,,,
MICROFOOD S.A.,Poland,5.2,D051,,,,,,,,,,,,
Mid Dolciaria s.r.l.,Italy,5.2,A019,,,,,,,,,,,,
Mida & Company Private Ltd.,India,11.3,G033a,,,,,,,,,,,,
Midav S.A,Morocco,11.3,A040+B049,,,,,,,,,,,,
Midfield Meat International Pty Ltd,Australia,6.1,B108,,,,,,,,,,,,
Miel Besacier - La Boite à Cake,France,2.2,C034,,,,,,,,,,,,
MIEL DE LEON S.L,Spain,2.2,B050d,,,,,,,,,,,,
Mielewczyk.Pro Sp. z o.o.,Poland,7.1,C068,,,,,,,,,,,,
MIESZKO S.A.,Poland,2.2,D008,,,,,,,,,,,,
"Migasa Aceites, S.L.U.",Spain,11.1,A008a,,,,,,,,,,,,
Mighty MFF Sdn Bhd,Malaysia,1.2,J018,,,,,,,,,,,,
MIGRO - INGROSS LEVANTE S.P.A.,Italy,10.2,G071,,,,,,,,,,,,
Miguel Vergara - Angus Beef,Spain,6.1,D081,,,,,,,,,,,,
Milano Company for Food Industries,Egypt,2.1,A065,,,,,,,,,,,,
milch.bayern e.V.,Germany,10.1,E070+E078%2C+E066l,,,,,,,,,,,,
Milchwerke Oberfranken West eG,Germany,10.1,E069,,,,,,,,,,,,
Milchwerke Schwaben eG,Germany,10.1,F069,,,,,,,,,,,,
Milhans Gida Ve Tarim Urunleri VE TICARET ANONIM SIRKETI,Türkiye,11.1,C061,,,,,,,,,,,,
Milk Alliance Group JSC,Ukraine,10.1,C079c,,,,,,,,,,,,
"MILKKIN INNOVATION Co.,Ltd.",Thailand,11.3,G016,,,,,,,,,,,,
Milkpol spol. s.r.o.,Czech Republic,10.1,H032,,,,,,,,,,,,
Milky Lux Ltd.,Bulgaria,10.1,G035,,,,,,,,,,,,
Mill & Mortar Trading company ApS,Denmark,5.1,F071+F079,,,,,,,,,,,,
Millba AS,Norway,4.1,B069,,,,,,,,,,,,
Milleret (Fromagerie),France,10.1,C014,,,,,,,,,,,,
"Millex Japan Co.,Ltd",Japan,2.1,C025b,,,,,,,,,,,,
"Million Foods Co., Ltd",Thailand,11.3,G020,,,,,,,,,,,,
Miltonas UAB,Lithuania,10.2,E036,,,,,,,,,,,,
Mima Foods,Egypt,4.2,B092,,,,,,,,,,,,
MIN COMMERCE LLC,Serbia,11.1,C040b,,,,,,,,,,,,
Mind Consulting Jakub Zielinski,Poland,CF,Confexhall+A010+B019,,,,,,,,,,,,
MINELA,Serbia,11.1,D041a,,,,,,,,,,,,
Minerva Foods S.A,Brazil,6.1,E078%2C+D024,,,,,,,,,,,,
MINERVA FOODS URUGUAY,Uruguay,6.1,A100+B109,,,,,,,,,,,,
Minerva Global Limited,United Kingdom,10.2,I061,,,,,,,,,,,,
MINH HA COMPANY LIMITED,Vietnam,CF,Confexhall+B030+C039,,,,,,,,,,,,
Ministerium für Landwirtschaft und Verbraucherschutz NRW,Germany,10.2,A032+B035,,,,,,,,,,,,
Ministry of Commerce (Cambodia),Cambodia,4.1,D094,,,,,,,,,,,,
Ministry of Economic Development and Technology,Poland,11.1,C058a,,,,,,,,,,,,
Ministry of Economy of the RA,Armenia,2.1,D058+E059,,,,,,,,,,,,
"Ministry of Energy, Commerce and Industry Trade Service",Cyprus,,,,,,,,,,,,,,
Ministry of Foreign and European Affairs,Luxembourg,4.1,B038,,,,,,,,,,,,
"Ministry of Industrial Development & Entrepreneurship, Sabah",Malaysia,,,,,,,,,,,,,,
Ministry of Industry and Mineral Resourc,Saudi Arabia,CF,Confexhall+E011+D010,,,,,,,,,,,,
Mintel,United Kingdom,B1.1,Boulevard+052,,,,,,,,,,,,
MIR-KAR Sp. zo.o.Sp.k.,Poland,6.1,C039,,,,,,,,,,,,
MIRAN,Greece,10.2,I023,,,,,,,,,,,,
Mirasco,United States of America,9.1,C018,,,,,,,,,,,,
Mirazeite,Portugal,11.1,E040a,,,,,,,,,,,,
Mirdatod Prod,Romania,11.3,F021,,,,,,,,,,,,
Mirelite Mirsa Zrt.,Hungary,4.2,A050,,,,,,,,,,,,
Mirha Exports PVT. Ltd.,India,6.1,A077,,,,,,,,,,,,
Miskos Helva Gida Teks. Ins. San. ve / Dis Tic. Ltd. Sti.,Türkiye,2.2,B031,,,,,,,,,,,,
"Misota Food Import Export Co., Ltd.",Cambodia,4.1,D094,,,,,,,,,,,,
MISR ITALY FOR CONCENTRATES AND FOOD IND Industries S.A.E.,Egypt,2.1,E053a,,,,,,,,,,,,
Mission Foods Iberia S.A.,Spain,2.2,D036,,,,,,,,,,,,
Mitmar Sp. z o.o.,Poland,6.1,A009,,,,,,,,,,,,
Mitsides Point a.d,Serbia,11.1,D049c,,,,,,,,,,,,
MITSIS & MITSIS GROUP S. A.,Greece,CF,Confexhall+D048,,,,,,,,,,,,
MITSOPOULOS S.A,Greece,7.1,A066,,,,,,,,,,,,
MITSOPOULOS FARM S.A.,Greece,7.1,A066g,,,,,,,,,,,,
Mix Buffet,France,4.1,A058,,,,,,,,,,,,
MIX TRADE LLC,Serbia,11.1,C046a,,,,,,,,,,,,
MixTender for Beverages Production & Bot,Egypt,2.1,E055,,,,,,,,,,,,
Mizkan Euro Ltd.,United Kingdom,2.1,C046,,,,,,,,,,,,
MJ Dairies ltd.,Bulgaria,10.1,F010,,,,,,,,,,,,
MK Agro Production Sp. z o.o.,Poland,5.1,A019,,,,,,,,,,,,
MLADEGS PAK d.o.o.,Bosnia and Herzegovina,11.1,F039d,,,,,,,,,,,,
Mlekovita Spoldzielnia Mleczarska,Poland,10.1,C070+C078,,,,,,,,,,,,
SM,Poland,10.1,D050+D058,,,,,,,,,,,,
MNC FOOD INDUSTRY FZE,United Arab Emirates,CF,Confexhall+D035,,,,,,,,,,,,
MND Kahvaltilik Gida San. ve Tic A.S.,Türkiye,2.2,A036,,,,,,,,,,,,
MNTRA FOR TRADING COMPANY,Egypt,10.2,A059,,,,,,,,,,,,
Mobakher&Partners Solidarity Co.,Syria,11.3,G019,,,,,,,,,,,,
"MOCCA, spol. s r.o.",Czech Republic,3.1,C010,,,,,,,,,,,,
Mochi Luxury S.L,Spain,P4.1,Passage+Halle+4+Halle+5+A011,,,,,,,,,,,,
Moctezuma Foods s.r.o.,Czech Republic,2.2,F056,,,,,,,,,,,,
Modern Food Factory For Food Indusrties,Saudi Arabia,CF,Confexhall+E033,,,,,,,,,,,,
MFP Products Pvt Ltd,India,1.2,I027,,,,,,,,,,,,
MOGUNTIA FOOD GmbH,Austria,11.2,F010,,,,,,,,,,,,
Mohammad Ali Saadeddin Pastry Group,Saudi Arabia,CF,Confexhall+F021,,,,,,,,,,,,
Mohammad Hashim Tajir Surma,Pakistan,1.2,H016,,,,,,,,,,,,
Moilas Oy,Finland,10.2,A060b,,,,,,,,,,,,
Mojo Maté BV,Netherlands,B.1,Boulevard+171,,,,,,,,,,,,
MOKATE S.A.,Poland,8.1,C111,,,,,,,,,,,,
MOKATE SP. Z O.O.,Poland,8.1,C111,,,,,,,,,,,,
Moldova Fruct Association,Moldova,5.2,B058,,,,,,,,,,,,
Molini Bongiovanni S.p.A.,Italy,11.2,A044a,,,,,,,,,,,,
MOLINI AMBROSIO DOMENICO SRL,Italy,5.2,B028a,,,,,,,,,,,,
Molini del Ponte SRL,Italy,5.2,A001,,,,,,,,,,,,
Molini Fagioli S.r.l.,Italy,5.2,B020+C021,,,,,,,,,,,,
Molini Pivetti S.p.A.,Italy,5.2,B051,,,,,,,,,,,,
Molino Dallagiovanna G.R.V. Srl,Italy,11.2,B030,,,,,,,,,,,,
MOLINO BRAGA SRL UNIPERSONALE,Italy,11.3,E023a,,,,,,,,,,,,
Molino Casillo SpA,Italy,11.2,F020,,,,,,,,,,,,
Molino F.lli Chiavazza SPA,Italy,11.3,E025,,,,,,,,,,,,
MOLINO DEL GENIL SL,Spain,11.1,E016b,,,,,,,,,,,,
Molino di Ferro S.p.A.,Italy,5.2,C058,,,,,,,,,,,,
Molino Filippini S.R.L.,Italy,11.2,B021a,,,,,,,,,,,,
MOLINO MARIANI PAOLO Srl,Italy,10.1,D009,,,,,,,,,,,,
Molino Pagani Spa,Italy,11.2,B027,,,,,,,,,,,,
Molino Pasini Spa,Italy,11.2,A055,,,,,,,,,,,,
Molino Peila Spa,Italy,11.2,B032a,,,,,,,,,,,,
Molino Piantoni Sas,Italy,5.2,C049,,,,,,,,,,,,
Molino Rivetti Pietro - Il Pane Di Anna,Italy,4.1,A089,,,,,,,,,,,,
Molino Rossetto S.p.A.,Italy,11.2,G055,,,,,,,,,,,,
MOLINO SIGNETTI SNC,Italy,10.1,H059,,,,,,,,,,,,
Molino Sima,Italy,5.1,C031,,,,,,,,,,,,
Molino Spadoni spa,Italy,11.2,E016,,,,,,,,,,,,
Molino Vigevano 1936 SRL,Italy,5.2,A056,,,,,,,,,,,,
Molinos La Mision S.A.,Argentina,8.1,B079,,,,,,,,,,,,
Molkerei Ammerland eG,Germany,10.1,G030,,,,,,,,,,,,
MOLON LAVE SA,Greece,10.2,A085,,,,,,,,,,,,
MÖM Organic Honey OÜ,Estonia,5.1,D051,,,,,,,,,,,,
Monari Federzoni S.p.A.,Italy,11.2,C018,,,,,,,,,,,,
Monatea,South Africa,11.1,A060,,,,,,,,,,,,
MONBAKE GRUPO EMPRESARIAL S.A.U,Spain,3.2,B010a,,,,,,,,,,,,
Monceanu Inocasings Srl,Romania,9.1,B054a,,,,,,,,,,,,
Il Mondo di Laura Srl,Italy,11.2,A062,,,,,,,,,,,,
MONGGO FOODS INC,"Korea, Republic of",5.2,B069a,,,,,,,,,,,,
MONGIBELLO FOOD SRL,Italy,5.2,A001,,,,,,,,,,,,
Moni Investment ltd,Greece,11.2,E030a,,,,,,,,,,,,
MONICOL,Moldova,5.2,B056,,,,,,,,,,,,
National Center for Palms and Dates,Saudi Arabia,2.1,E018,,,,,,,,,,,,
National Factory for Foods,Saudi Arabia,CF,Confexhall+D030a,,,,,,,,,,,,
National Food Industries Co. LTD.,Saudi Arabia,CF,Confexhall+D030,,,,,,,,,,,,
National Industrial Development Center,Saudi Arabia,CF,Confexhall+E011+D010,,,,,,,,,,,,
National Rice Confectionery Industry,Japan,2.1,D027,,,,,,,,,,,,
National Support Centre for Agriculture (KOWR),Poland,11.1,C050,,,,,,,,,,,,
NATIONAL TURMERIC BOARD,India,P9.1,Passage+Halle+2+Halle+3+020,,,,,,,,,,,,
"NativeToGlobal Co., Ltd.",Thailand,8.1,A075,,,,,,,,,,,,
NATPROD IKE,Greece,10.2,I008a,,,,,,,,,,,,
Nats Rawline SRL,Belgium,4.1,C083,,,,,,,,,,,,
Natur All,Spain,P4.1,Passage+Halle+4+Halle+5+A042,,,,,,,,,,,,
Natur Food GmbH,Germany,11.1,F028,,,,,,,,,,,,
Natura Agro Trade Co. For Import & Export S.A.E,Egypt,2.1,D032,,,,,,,,,,,,
Futura Spa,Italy,5.1,C037,,,,,,,,,,,,
Naturafrig,Brazil,6.1,E074,,,,,,,,,,,,
NATURAL S.R.L.,Romania,2.2,B018%2C+E006,,,,,,,,,,,,
Natural Dehydrated Veg. Pvt. Ltd.,India,1.2,H007a,,,,,,,,,,,,
NATURAL FOOD S.R.L.,Argentina,4.1,B093a,,,,,,,,,,,,
Natural Health Wholesale Ltd,United Kingdom,B.1,Boulevard+222,,,,,,,,,,,,
Natural Source Peru SAC,Peru,3.1,B003,,,,,,,,,,,,
Naturally Made of Italy Srl,Italy,5.2,A030+B031,,,,,,,,,,,,
NATURBOSCO DI CERUTI A & F SNC,Italy,11.2,A026a,,,,,,,,,,,,
Nature Bio Foods BV,Netherlands,5.1,F051,,,,,,,,,,,,
NATURE CEYLON INTERNATIONAL ( PVT) LTD,Sri Lanka,8.1,D101,,,,,,,,,,,,
Nature Foods Company Ltd.,Vietnam,CF,Confexhall+D050+E059,,,,,,,,,,,,
Nature Rich Foods,India,P9.1,Passage+Halle+2+Halle+3+009,,,,,,,,,,,,
Nature Snacks SRL,Belgium,2.2,C040,,,,,,,,,,,,
Nature Taste Kft.,Hungary,B.1,Boulevard+218,,,,,,,,,,,,
Naturelica Co.Ltd,"Korea, Republic of",7.1,G047,,,,,,,,,,,,
Naturello Spa,Italy,5.1,A031+B032,,,,,,,,,,,,
Naturfresh Produce Sp. zo.o.,Poland,7.1,F018,,,,,,,,,,,,
Naturfrisk Group A/S,Denmark,5.1,E071+F078,,,,,,,,,,,,
Naturland Zeichen GmbH,Germany,5.1,F053,,,,,,,,,,,,
Nauta´s Vleeswaren BV/ Le Cochon d'Or,Belgium,7.1,D019,,,,,,,,,,,,
Nava Quality Foods Pvt Ltd,India,8.1,A052,,,,,,,,,,,,
Jesús Navarro S.A.,Spain,11.1,A029,,,,,,,,,,,,
Navigata Foods Private Limited,Sri Lanka,1.2,G013,,,,,,,,,,,,
NAVIGATOR M. PILACINSKI SP.K.,Poland,5.2,D040,,,,,,,,,,,,
NAVSA INTERNATIONAL LIMITED,United Kingdom,10.2,G059a,,,,,,,,,,,,
Nawat Al Madinah Food Industries Co. Ltd,Saudi Arabia,CF,Confexhall+F031,,,,,,,,,,,,
"Nawon Food and Beverage Co.,Ltd",Vietnam,8.1,E117,,,,,,,,,,,,
"NAZARIA PISTACHIO, S.L.",Spain,10.2,A045,,,,,,,,,,,,
Nazilli Chamber of Commerce,Türkiye,11.3,B016,,,,,,,,,,,,
NDC Exports (Pvt) Ltd.,Sri Lanka,5.1,D085,,,,,,,,,,,,
"NDUJA SAN DONATO, SPILINGA",Italy,5.2,A038+B039,,,,,,,,,,,,
INDUSTRIAL PASTELERA SAN NARCISO SAU / INPANASA,Spain,3.2,B051a,,,,,,,,,,,,
Neapolis Food Industries Co.,Jordan,2.1,F056,,,,,,,,,,,,
Nearth Tartufi Srl,Italy,11.2,A050,,,,,,,,,,,,
Nebraska Popcorn Sales Inc.,United States of America,10.2,G064,,,,,,,,,,,,
"Necton, S.A.",Portugal,5.1,E088,,,,,,,,,,,,
Neggst Foods GmbH,Germany,1.2,B034,,,,,,,,,,,,
GIANNI NEGRINI SRL,Italy,7.1,C009,,,,,,,,,,,,
Neho Isni dooel,Republic of North Macedonia,4.2,D088,,,,,,,,,,,,
Nejat Atalan Dis Ticaret A.S.,Türkiye,11.3,B015,,,,,,,,,,,,
NEL-CRIS SRL,Romania,11.3,F021a,,,,,,,,,,,,
Neli's Global Boutique (Pvt) Ltd,Sri Lanka,1.2,F026a,,,,,,,,,,,,
NEOGAL S.A.,Greece,10.1,A069,,,,,,,,,,,,
Neri Industria Alimentare SpA,Italy,11.2,B035a,,,,,,,,,,,,
Nero Sp. z o.o.,Poland,6.1,B009,,,,,,,,,,,,
Nesco Gida Icecek Turizm Ins. Ith. Ihr. San. ve Tic. Ltd. Sti.,Türkiye,7.1,G039,,,,,,,,,,,,
Nesil Gida Imalat San. ve Tic. Ltd. Sti.,Türkiye,2.2,A039,,,,,,,,,,,,
Nespa - Productos Alimentares Unipessoal Lda,Portugal,4.1,B053,,,,,,,,,,,,
Nestlé Italiana Spa,Italy,3.1,B036,,,,,,,,,,,,
Nestlé Sverige Aktiebolag,Sweden,10.2,A050,,,,,,,,,,,,
Néstor Tomasello SRL,Argentina,6.1,D039,,,,,,,,,,,,
NESTOS SA,Greece,10.2,H040,,,,,,,,,,,,
NETASA,Spain,11.1,D029,,,,,,,,,,,,
Neukircher Zwieback GmbH,Germany,3.1,B059,,,,,,,,,,,,
"NEULES ARTESANES SANT TIRS, S.L",Spain,11.1,D039a,,,,,,,,,,,,
Nevada Argentina S.A.,Argentina,3.1,C073a,,,,,,,,,,,,
NEW BUSINESS MEDIA SRL,Italy,P6.1,Passage+Halle+10+Halle+11+020,,,,,,,,,,,,
"New Concept Product Co., Ltd.",Thailand,7.1,F040d,,,,,,,,,,,,
New English Teas Ltd.,United Kingdom,10.2,E068a,,,,,,,,,,,,
NEW LANKA CINNAMON PVT LTD,Sri Lanka,1.2,G016,,,,,,,,,,,,
Newpeppers SARL,Morocco,11.3,A040+B049,,,,,,,,,,,,
NEW SEVEGEP LTD,Cyprus,7.1,G058a,,,,,,,,,,,,
NEW WORLD TRADING LLC,United States of America,10.2,I060,,,,,,,,,,,,
Newbell Trade SA,Uruguay,8.1,C021,,,,,,,,,,,,
Newlat GmbH,Germany,11.2,D020,,,,,,,,,,,,
NEXT LEVEL FOODS GmbH,Switzerland,B.1,Boulevard+104,,,,,,,,,,,,
Next snacking industry,Morocco,11.3,A040+B049,,,,,,,,,,,,
"Nextbio Co., Ltd.","Korea, Republic of",7.1,G045a,,,,,,,,,,,,
Nexus Business International Srl,Argentina,3.1,D065,,,,,,,,,,,,
NGM International BV,Netherlands,11.1,G019,,,,,,,,,,,,
Ngo Chew Hong Edible Oil Pte. Ltd.,Singapore,2.1,C023,,,,,,,,,,,,
Ngosiok Marketing,Philippines,1.2,N011+M010,,,,,,,,,,,,
NGUYEN HAU IMPORT EXPORT JSC,Vietnam,CF,Confexhall+B030+C039,,,,,,,,,,,,
NH Foods Australia Pty. Ltd.,Australia,6.1,C103,,,,,,,,,,,,
NH Foods UK Ltd,United Kingdom,7.1,D025,,,,,,,,,,,,
Niagro Nichirei Do Brasil Agricola Ltda.,Brazil,10.2,A080,,,,,,,,,,,,
"NICE FOODS CO., LTD.",Taiwan,2.1,A011,,,,,,,,,,,,
Nice to Meat International,Netherlands,9.1,A029,,,,,,,,,,,,
"Nico Jamones, S.L.",Spain,7.1,B047,,,,,,,,,,,,
Nico Lazaridis W.I.A.C. SA,Greece,11.2,F037,,,,,,,,,,,,
NIDC,Saudi Arabia,CF,Confexhall+E011+D010,,,,,,,,,,,,
"Nigel, Congeladora Jose Nicolau Lda",Portugal,4.1,A051+B058,,,,,,,,,,,,
"Nihon Kaisui Co.,Ltd.",Japan,2.1,B042a,,,,,,,,,,,,
Niice Foods (Pty) Ltd,South Africa,11.1,A050+B059,,,,,,,,,,,,
Nikolopoulos Estate,Greece,11.2,G062,,,,,,,,,,,,
"DIMITRIS BATZILIS & Co GP, NIKOS EXPORT",Greece,10.2,I037,,,,,,,,,,,,
NIKZAS S.A.,Greece,10.1,F071a,,,,,,,,,,,,
Nilbatu Gida Tekstil Soguk Hava Depolari Tarim Ürünleri SAn.Ve Tic. Ltd. Sti,Türkiye,4.2,B088,,,,,,,,,,,,
Nile Agro Industries - AGA,Egypt,4.2,A094,,,,,,,,,,,,
Nile Garden for advanced food industries,Egypt,2.1,C055a,,,,,,,,,,,,
El Nile Growth Company,Egypt,4.2,B100,,,,,,,,,,,,
Nilky Icecek ve Gida A.S,Türkiye,7.1,F022,,,,,,,,,,,,
Nilons Enterprises Put. Ltd. Nilons Since 1962,India,11.3,G021,,,,,,,,,,,,
Nima Enterprises Pvt. Ltd.,India,1.2,G010,,,,,,,,,,,,
Nims Adeliciousz Sdn Bhd,Malaysia,1.2,N010+O011,,,,,,,,,,,,
Nina Bakery Europe B.V.,Netherlands,4.1,B081,,,,,,,,,,,,
Nine Star Food Co Ltd,Thailand,11.3,H031a,,,,,,,,,,,,
"Ningbo Today Food Co., Ltd.",China,1.2,G031a,,,,,,,,,,,,
NINGBO AFOOD AGRICULTURE CO. LTD.,China,1.2,F037,,,,,,,,,,,,
"Ningbo Junyoufu Food Co., Ltd",China,5.1,A088b,,,,,,,,,,,,
"NINGBO KENALE FOOD CO., LIMITED",China,CF,Confexhall+D059,,,,,,,,,,,,
"Ningbo Lanyang Aquatic Food Co., Ltd.",China,1.2,F035,,,,,,,,,,,,
"Ningbo Zhongjiu Import and Export Co.,Ltd",China,CF,Confexhall+C041a,,,,,,,,,,,,
"Ningxia Nuo Health Food Co.,Ltd.",China,1.2,L036,,,,,,,,,,,,
"Ningxia Qixinyuan Biotechnology Co., Ltd",China,5.1,B082,,,,,,,,,,,,
"Ningxia Senqi Food Industry Co., Ltd",China,1.2,H035,,,,,,,,,,,,
"Ningxia Toyo Trade Co., Ltd.",China,5.2,C062b,,,,,,,,,,,,
"Ningxia Wolfberry Goji Industry Co., Ltd.",China,5.1,A075,,,,,,,,,,,,
"Ningxia Yisa Food Development Co.,Ltd",China,5.1,B086,,,,,,,,,,,,
"Ningxia zhongning Chunqi Wolfberry Technology Co.,Ltd",China,5.2,C066,,,,,,,,,,,,
NIRAAV FOODS PAKISTAN,Pakistan,11.3,E036a,,,,,,,,,,,,
Nirsa,Ecuador,3.1,B023,,,,,,,,,,,,
Nisar Rice Industries,Pakistan,11.3,E036,,,,,,,,,,,,
Nisshin Seifun Welna Inc.,Japan,2.1,A061,,,,,,,,,,,,
Nissin Foods GmbH,Germany,10.2,B021,,,,,,,,,,,,
S.C. NISVINEX GRUP S.R.L.,Moldova,5.2,B056c,,,,,,,,,,,,
Niva Nutrifood Products Private Limited,India,1.2,J011,,,,,,,,,,,,
Nizhynsky Cannery LLC,Ukraine,11.1,G068,,,,,,,,,,,,
NIZO Food Research B.V.,Netherlands,1.2,D020,,,,,,,,,,,,
NLD Communicatie,Netherlands,1.2,D020,,,,,,,,,,,,
"Nobazul, Nutrition through Agave",Mexico,P4.1,Passage+Halle+4+Halle+5+B069,,,,,,,,,,,,
Agroindustrias NOBEX S.A.,Peru,3.1,B009,,,,,,,,,,,,
Noble Chocolates NV,Belgium,2.1,B045,,,,,,,,,,,,
Noble Health Food,Belgium,7.1,C034a,,,,,,,,,,,,
Noble Premium Bison,Canada,6.1,E066,,,,,,,,,,,,
Nocciolanghe s.r.l.,Italy,4.1,B019,,,,,,,,,,,,
Nocla A/S,Denmark,5.1,E071+F078,,,,,,,,,,,,
Noda Miso Co,Japan,2.1,D029,,,,,,,,,,,,
Noel Alimentaria S.A.U.,Spain,7.1,A048+B049,,,,,,,,,,,,
Noelma S.A.,Argentina,9.1,D057,,,,,,,,,,,,
Nogam,Portugal,10.2,E015,,,,,,,,,,,,
Noha Distribution,Morocco,11.3,A040+B049,,,,,,,,,,,,
Nokomis Inc.,Canada,11.2,C023a,,,,,,,,,,,,
Nollens NV,Belgium,9.1,C039,,,,,,,,,,,,
NÖM AG,Austria,10.1,D020,,,,,,,,,,,,
Nomad Agro LTD,Uzbekistan,5.1,B079+C078,,,,,,,,,,,,
"Nongan North-East Cereals Co., Ltd.",China,P1.1,Passage+Halle+2+Halle+4+001a,,,,,,,,,,,,
Nonglamfood Joint Stock Company,Vietnam,CF,Confexhall+E050+F059,,,,,,,,,,,,
"Nongshim Co., Ltd.","Korea, Republic of",10.2,C040,,,,,,,,,,,,
"NONGSHIM TAEKYUNG Co., Ltd.","Korea, Republic of",5.2,E011+D010,,,,,,,,,,,,
Nora Un Gida San. ve Tic. A.S.,Türkiye,11.3,B022a,,,,,,,,,,,,
Nord Capital Sp. z o.o.,Poland,4.2,C070,,,,,,,,,,,,
Nord Salse srl,Italy,11.2,A022,,,,,,,,,,,,
NORDCRUNCH Ltd.,Latvia,P4.1,Passage+Halle+4+Halle+5+A067,,,,,,,,,,,,
Nordes Gida San. ve Tic. A.S.,Türkiye,11.3,A028c,,,,,,,,,,,,
NORDEX FOOD A/S,Denmark,10.1,B008,,,,,,,,,,,,
Nordfrost GmbH & Co. KG,Germany,4.2,E041,,,,,,,,,,,,
Nordic Boba ApS,Denmark,7.1,E039,,,,,,,,,,,,
Nordic Freeze Dry Oy,Finland,10.2,A070a,,,,,,,,,,,,
Nordic Gluten Free Bakery ApS,Denmark,5.2,E035,,,,,,,,,,,,
Nordic Hemp TÜH,Estonia,5.1,D051,,,,,,,,,,,,
Nordic Koivu Oy,Finland,10.2,A070a,,,,,,,,,,,,
Nordic Seafood A/S,Denmark,4.2,B028,,,,,,,,,,,,
"NORDIGAL, S.A",Portugal,11.1,F049a,,,,,,,,,,,,
Nordqvist Ltd,Finland,8.1,C120,,,,,,,,,,,,
Noridane Foods A/S,Denmark,6.1,B090+B098,,,,,,,,,,,,
"Companía Norteafricana de Comercio, S.L.",Spain,11.1,F029a,,,,,,,,,,,,
"North Dakota Trade Office, Inc.",United States of America,10.2,G079,,,,,,,,,,,,
NORTHERN CHICKPEAS ALLIANCE INC.,Canada,11.2,C022,,,,,,,,,,,,
Northern Greens A/S,Denmark,5.1,E071+F078,,,,,,,,,,,,
NORTOLIVA 1850,Spain,11.1,C036a,,,,,,,,,,,,
Norwest Foods International Ltd,United Kingdom,6.1,C048,,,,,,,,,,,,
NOSSA AÇAI,Brazil,3.1,C022b,,,,,,,,,,,,
NOSTALGAIA P.C,Greece,10.2,H039,,,,,,,,,,,,
Nougat Chabert & Guillot,France,10.2,G027,,,,,,,,,,,,
nounou organics,Germany,5.1,F081,,,,,,,,,,,,
Nour Fruit,Tunisia,CF,Confexhall+E010+F019,,,,,,,,,,,,
Nourish - grow. cook. enjoy Ltd,United Kingdom,10.2,E060a,,,,,,,,,,,,
NOUVELLE CONSERVERIE DE BOUJDOUR,Morocco,11.3,A040+B049,,,,,,,,,,,,
Nouvelle Societé Amadir,Morocco,11.3,A040+B049,,,,,,,,,,,,
Nouvelle Terre Srl,Italy,11.2,A058,,,,,,,,,,,,
Nova Trade Ltd.,Bulgaria,P6.1,Passage+Halle+10+Halle+11+013,,,,,,,,,,,,
Nova Alimentos S.A.,Ecuador,3.1,A028,,,,,,,,,,,,
Nova Frutta Srl,Italy,10.2,E089a,,,,,,,,,,,,
Nova Funghi Srl,Italy,5.2,C015,,,,,,,,,,,,
"NOVA TERRA FOODS, S.L.",Spain,10.2,E017,,,,,,,,,,,,
Novadelta - Comércio e Indústria de Café,Portugal,11.1,F051b,,,,,,,,,,,,
"Novadolci, SA",Portugal,4.1,B079,,,,,,,,,,,,
NOVAMEAT TECH SL,Spain,1.2,B021,,,,,,,,,,,,
Novamex Inc.,United States of America,7.1,G040,,,,,,,,,,,,
Novarroz - Produtos Alimentares,Portugal,11.1,E040,,,,,,,,,,,,
Novi Srl,Italy,11.2,B057a,,,,,,,,,,,,
Novin Saffron Co.,Iran,10.2,E045,,,,,,,,,,,,
Novita Impex SRL,Romania,2.2,D011,,,,,,,,,,,,
Novo Nutrition,United Kingdom,10.2,E066,,,,,,,,,,,,
Nowaco A/S,Denmark,6.1,A011,,,,,,,,,,,,
F.H Nowalijka Piotr Wychowalek,Poland,5.1,A041+B040,,,,,,,,,,,,
NOWEL Sp. z o.o.,Poland,3.2,B040,,,,,,,,,,,,
NR Instant Produce PCL,Thailand,1.2,L027,,,,,,,,,,,,
NS BOMI LLC,Serbia,11.1,D041,,,,,,,,,,,,
nucao / the nu company GmbH,Germany,5.1,D081,,,,,,,,,,,,
Nuflower Foods & Nutrition Pvt Ltd,India,2.2,E051,,,,,,,,,,,,
Nufri Sat 1596,Spain,8.1,D070,,,,,,,,,,,,
Nuh'un Ankara Makarnasi San. ve Tic. A.S.,Türkiye,11.3,B036,,,,,,,,,,,,
Numidia BV,Netherlands,10.1,D068,,,,,,,,,,,,
NUOVA POMUP SICILIA SRL,Italy,11.2,A052,,,,,,,,,,,,
Nura GmbH,Germany,4.2,B018,,,,,,,,,,,,
NURANI IMPORT EXPORT sl,Spain,8.1,A015,,,,,,,,,,,,
NuSiaM BV,Belgium,2.1,A058a,,,,,,,,,,,,
NUTCRACKER,South Africa,11.1,A050+B059,,,,,,,,,,,,
Nutfair GmbH,Germany,10.2,D067,,,,,,,,,,,,
Nutfather KFT,Hungary,5.2,C036b,,,,,,,,,,,,
NUTFRUIT ITALIA SOC. AGR.  A R. L.,Italy,11.2,A008,,,,,,,,,,,,
Nutland B.V.,Netherlands,11.1,C009,,,,,,,,,,,,
NUTOIL LTDA.,Brazil,3.1,D029,,,,,,,,,,,,
Nutova Gida Sanayi ve Ticaret Ltd. Sti.,Türkiye,11.3,C031a,,,,,,,,,,,,
NUTREX INC,Paraguay,5.1,C059+D058,,,,,,,,,,,,
Nutri Nuts & Fruits Ltd,Kenya,5.2,C059,,,,,,,,,,,,
Nutria S.A.,Greece,10.2,I020,,,,,,,,,,,,
"Nutriceal Foods, S.A.",Portugal,11.1,E043,,,,,,,,,,,,
NUTRIDRY,France,10.2,G023,,,,,,,,,,,,
Nutrifit FOOD d.o.o.,Croatia,11.1,F031,,,,,,,,,,,,
Nutrilandia,Brazil,3.1,B026b,,,,,,,,,,,,
Nutrisslim d.o.o.,Slovenia,5.1,D029,,,,,,,,,,,,
NUTRIZA AGROINDUSTRIAL DE ALIMENTOS S.A.,Brazil,9.1,D048,,,,,,,,,,,,
"NUTRTECH BIOHEALTH CO.,LTD",China,P9.1,Passage+Halle+2+Halle+3+A001c,,,,,,,,,,,,
NUTRUIT SUPERGIDA SANAYI AS,Türkiye,B.1,Boulevard+096%2C+Boulevard+096l,,,,,,,,,,,,
Nuts Incorporated LLC,Georgia,11.1,E055,,,,,,,,,,,,
nuts land for agricultul tural investmen,Egypt,2.1,D057a,,,,,,,,,,,,
Nutzz S.A.L.,Lebanon,10.2,D079a,,,,,,,,,,,,
NV Graanhandel P. van Schelven b.v. Graanhandel P. van Schelven P & P,Belgium,5.1,F069,,,,,,,,,,,,
NVSRK Spices Exports,India,P9.1,Passage+Halle+2+Halle+3+018,,,,,,,,,,,,
O PRIMO INTERNATIONAL TRANSPORT,Brazil,B1.1,Boulevard+062,,,,,,,,,,,,
O&M SRL,Belgium,7.1,G013,,,,,,,,,,,,
O.P. Alba Bio Soc. Coop. Agricola,Italy,11.2,E008,,,,,,,,,,,,
Oakfield Foods Ltd.,United Kingdom,6.1,D029,,,,,,,,,,,,
Oatly Germany GmbH,Germany,1.2,C010,,,,,,,,,,,,
OAZA SP.Z O.O.,Poland,5.2,E045,,,,,,,,,,,,
Oba Makarnacilik San. ve Tic. A.S.,Türkiye,11.3,B018,,,,,,,,,,,,
Oberbaum UG (haftungsbeschränkt),Germany,7.1,E014a,,,,,,,,,,,,
Oberon-X Ltd.,Bulgaria,11.2,F034,,,,,,,,,,,,
Obersteirische Molkerei eGen,Austria,10.1,D035,,,,,,,,,,,,
OBOLON PrJSC,Ukraine,5.2,D058,,,,,,,,,,,,
obourland for food industries,Egypt,2.1,D053,,,,,,,,,,,,
OBST S.A.,Poland,CF,Confexhall+A010+B019,,,,,,,,,,,,
Obstkelterei van Nahmen GmbH & Co. KG,Germany,10.2,B034,,,,,,,,,,,,
Occitanie Gourmet,France,10.2,G043,,,,,,,,,,,,
Ocean Fish,Romania,5.1,A010,,,,,,,,,,,,
"SHANDONG OCEANFISHERY SUPPLY-CHAIN TECH. CO., LTD.",China,CF,Confexhall+A040,,,,,,,,,,,,
OCEAN KISS,France,1.2,B036a,,,,,,,,,,,,
Ocean Spray Ingredients,United States of America,10.2,A080,,,,,,,,,,,,
Octa Foods Co. Ltd.,Thailand,11.3,H019,,,,,,,,,,,,
"Odawaraya Co., Ltd.",Japan,2.1,C027a,,,,,,,,,,,,
Oe INTERNATIONAL AG,Switzerland,B.1,Boulevard+168,,,,,,,,,,,,
OeTTINGER Brauerei GmbH,Germany,7.1,E012,,,,,,,,,,,,
Offal Exp S.A.,Argentina,6.1,D016,,,,,,,,,,,,
Officine Dolce Vita srl,Italy,2.2,C050,,,,,,,,,,,,
OGLO NUTS,Morocco,11.3,A040+B049,,,,,,,,,,,,
OH LA LAQUA GmbH,Germany,B.1,Boulevard+190,,,,,,,,,,,,
"Ohashi Seicha Co.,Ltd",Japan,2.1,B026a,,,,,,,,,,,,
"OHO GROUP, UAB",Lithuania,10.2,F039a,,,,,,,,,,,,
Ohumpong Investments Co Ltd,Ghana,5.2,C059,,,,,,,,,,,,
OI GOUMENISSES P.C,Greece,11.2,G057,,,,,,,,,,,,
oil tec for edible oils,Egypt,2.1,B058,,,,,,,,,,,,
oils and grains,Egypt,2.1,E053,,,,,,,,,,,,
OILSEED s.r.o.,Czech Republic,1.2,B042,,,,,,,,,,,,
"Oita Made Co., Ltd.",Japan,2.1,B040,,,,,,,,,,,,
"OK Food Industry Co., Ltd.",Japan,2.1,C041,,,,,,,,,,,,
OK Snacks A/S,Denmark,5.2,E031a,,,,,,,,,,,,
Okechamp S.A.,Poland,10.2,B078,,,,,,,,,,,,
OKECHAMP B.V.,Netherlands,10.2,B078,,,,,,,,,,,,
OKF Corporation,"Korea, Republic of",8.1,D006,,,,,,,,,,,,
Öko Bäckerei Konditorei Mauerer GmbH,Germany,5.1,F091,,,,,,,,,,,,
Okregowa Spoldzielnia Mleczarska w Bieruniu,Poland,10.1,H031,,,,,,,,,,,,
OKTOFORS UAB,Lithuania,B.1,Boulevard+143%2C+Boulevard+143l,,,,,,,,,,,,
Collegio Toscano degli Olivicoltori OL.MA.,Italy,11.2,A036a,,,,,,,,,,,,
Olanska Sp.z.o.o,Poland,5.2,A060,,,,,,,,,,,,
OLEA TRADING,Morocco,11.3,A040+B049,,,,,,,,,,,,
OLEA COMPANY S.A.,Greece,11.2,G058,,,,,,,,,,,,
Olea Kotti GmbH,Germany,5.1,C079,,,,,,,,,,,,
Oleand Manzanilla Olive S.C.A.,Spain,11.1,D011a,,,,,,,,,,,,
Olearia San Giorgio Dei F.lli Fazari,Italy,5.2,A038+B039,,,,,,,,,,,,
OLEARIA CLEMENTE SRL,Italy,5.2,C031,,,,,,,,,,,,
Olega S.A.,Argentina,3.1,D071,,,,,,,,,,,,
Oleicola Alvarez S.L.,Spain,11.1,E028,,,,,,,,,,,,
OLEIFICI ASARO DAL 1916 S.R.L.,Italy,5.2,A019,,,,,,,,,,,,
Oleifici Sita' S.R.L.,Italy,11.2,A048,,,,,,,,,,,,
Oleificio R.M. S.p.A.,Italy,5.2,B047,,,,,,,,,,,,
Oleificio San Calogero,Italy,5.2,A041+A049,,,,,,,,,,,,
Oleificio Coppini Angelo S.p.A.,Italy,11.3,D010,,,,,,,,,,,,
OLEIFICIO MALLIA SAS,Italy,5.2,A041+A049,,,,,,,,,,,,
OLEIFICIO RANIERI S.U.R.L.,Italy,5.1,C035,,,,,,,,,,,,
OLEIFICIO S.ANNA DI PERAINO SALADINO E C. SNC,Italy,5.2,A041+A049,,,,,,,,,,,,
Oleificio Sardelli spa,Italy,11.3,C016,,,,,,,,,,,,
Oleificio Speroni SRL,Italy,11.2,F043,,,,,,,,,,,,
Oleificio Zucchi S.P.A.,Italy,11.2,F061,,,,,,,,,,,,
OLEO-FATS INCORPORATED,Philippines,1.2,M008,,,,,,,,,,,,
"Oleocampo, S.C.A.",Spain,11.1,D015a,,,,,,,,,,,,
Oleoestepa S.C.A,Spain,11.1,C022,,,,,,,,,,,,
OLGU GIDA SANAYI VE TICARET LIMITED SIRKETI,Türkiye,11.3,A010,,,,,,,,,,,,
Oligra Sudamericana S.A.,Argentina,3.1,C075b,,,,,,,,,,,,
Olio Anfosso Sas,Italy,11.2,B019,,,,,,,,,,,,
OLIO LEVANTE Srl.,Italy,10.2,D079,,,,,,,,,,,,
MEDSOL SRL OLIO LUGLIO,Italy,11.1,G039,,,,,,,,,,,,
Olio Ribatti sas,Italy,10.2,E081a,,,,,,,,,,,,
Olio Meriggio,Italy,11.3,D015,,,,,,,,,,,,
OLIO ROCCIA DI ROCCIA ANTONIETTA,Italy,5.2,C045,,,,,,,,,,,,
Olio Sud,Italy,11.2,D008,,,,,,,,,,,,
FIRM,Ukraine,CF,Confexhall+B026,,,,,,,,,,,,
OLITALIA s.r.l.,Italy,11.2,F021,,,,,,,,,,,,
Oliva AD,Bulgaria,5.2,C067,,,,,,,,,,,,
Olivar del Azaraque S.L.,Spain,11.1,A049,,,,,,,,,,,,
Olivareros y Almazareros de España SAU,Spain,11.1,F015,,,,,,,,,,,,
Olivee for Producton and Agriculture Manufacture,Egypt,2.1,B061,,,,,,,,,,,,
OLIVELLAS SA,Greece,11.2,F033,,,,,,,,,,,,
Olivia Kft.,Hungary,6.1,A098,,,,,,,,,,,,
Olivoil SRL - Geraci,Italy,11.2,B029a,,,,,,,,,,,,
Oliyar PC,Ukraine,5.2,D035,,,,,,,,,,,,
"Olymel, S.E.C./L.P.",Canada,6.1,E060,,,,,,,,,,,,
OLYMPIC BAKERY,Greece,2.2,C021,,,,,,,,,,,,
OLYMPUS FOODS CYPRUS LTD,Cyprus,10.1,B030,,,,,,,,,,,,
Zaklad Piekarniczy OMAR Pawel Okólski,Poland,4.1,D078,,,,,,,,,,,,
OMEGA SA,Greece,10.2,H023,,,,,,,,,,,,
Omiros Dairy Industry SA,Greece,10.1,D041,,,,,,,,,,,,
Omnia Ingredients GmbH & Co. KG,Germany,3.1,B040a,,,,,,,,,,,,
Omnifish SA,Portugal,4.1,A051+B058,,,,,,,,,,,,
Omnivita LTD,United Kingdom,P4.1,Passage+Halle+4+Halle+5+A065,,,,,,,,,,,,
ONASSIS SIngle Member SA,Greece,10.2,H032,,,,,,,,,,,,
ONE FOOD SRL,Italy,11.3,E013,,,,,,,,,,,,
"ONE'S INTERNATIONAL CO., LTD.","Korea, Republic of",5.1,A064d,,,,,,,,,,,,
Onizzo exportaciones SpA,Chile,3.1,B065,,,,,,,,,,,,
Only Fresh Cold-Pressed HPP Gida Ürünleri Sanayi ve Ticaret A.S.,Türkiye,B.1,Boulevard+220,,,,,,,,,,,,
Only Natural Products Ltd,United Kingdom,5.1,D061,,,,,,,,,,,,
ONORE,France,4.2,C042,,,,,,,,,,,,
Onur Konsantre Gida San. ve Tic. A.S.,Türkiye,7.1,F030,,,,,,,,,,,,
Open Trade Gate Sweden National Board of Trade Sweden,Sweden,4.1,D098+C091,,,,,,,,,,,,
Opi Frutta,Italy,4.1,B019,,,,,,,,,,,,
Opre' Cidery s.r.o.,Slovakia,4.1,E093,,,,,,,,,,,,
Optima Feinkost GmbH,Germany,10.2,C059,,,,,,,,,,,,
OPTIMA SA,Greece,10.1,F021,,,,,,,,,,,,
Optimeat Srl,Romania,9.1,A055,,,,,,,,,,,,
Oran-by Produktion-Vertrieb seit 1997,Germany,8.1,B003,,,,,,,,,,,,
Orana A/S,Denmark,8.1,E061+E069,,,,,,,,,,,,
"Orbe, S.A.",Spain,5.2,C044,,,,,,,,,,,,
Orchid Exim (India) Pvt. Ltd,India,11.3,F033a,,,,,,,,,,,,
Öreglaki Vadfeldolgozó Kft.,Hungary,9.1,B008,,,,,,,,,,,,
ORGAINVENT GmbH,Germany,B1.1,Boulevard+049,,,,,,,,,,,,
Organa d.o.o.,Slovenia,1.2,B016,,,,,,,,,,,,
Organic Plant Protein,Denmark,5.1,D069+F068,,,,,,,,,,,,
Organic for Food Industries,Egypt,4.2,A108,,,,,,,,,,,,
organic greenfields,India,B.1,Boulevard+081%2C+Boulevard+081l,,,,,,,,,,,,
"Organic Milk, LLC",Ukraine,5.1,F034%2C+D059c,,,,,,,,,,,,
Organic Trade Association,United States of America,5.1,C051,,,,,,,,,,,,
Organic Valley,United States of America,5.1,C051,,,,,,,,,,,,
"Organization for SME and Global Business Support, IBARAKI",Japan,2.1,B046,,,,,,,,,,,,
ORGULA GRUPA d.o.o.,Croatia,11.1,F031c,,,,,,,,,,,,
ORHEI-VIT LLC,Moldova,8.1,C050,,,,,,,,,,,,
Orient Enterprises LTD,Kenya,5.2,C059,,,,,,,,,,,,
Orient Group for food industries,Egypt,2.1,C061,,,,,,,,,,,,
ORIENT TEA,Tunisia,8.1,C101,,,,,,,,,,,,
Oriental Food Industries Sdn Bhd,Malaysia,3.1,C040,,,,,,,,,,,,
Oriental Merchant (Europe),Netherlands,2.1,D038,,,,,,,,,,,,
Orieshock s. r. o.,Slovakia,4.1,E093,,,,,,,,,,,,
ORIGENES,Greece,10.2,I029,,,,,,,,,,,,
Origin Gourmet,"Korea, Republic of",5.2,E018,,,,,,,,,,,,
Origine SRL,Belgium,2.2,C044,,,,,,,,,,,,
Origins Food Industries Sdn Bhd,Malaysia,4.1,D099a,,,,,,,,,,,,
Orion Food Industries,Egypt,4.2,A096,,,,,,,,,,,,
Oriunda SAS,Uruguay,B.1,Boulevard+166,,,,,,,,,,,,
KUCUKBAY YAG VE DETERJAN Sanayi A.S.,Türkiye,11.1,B050,,,,,,,,,,,,
Orkla Snacks Danmark A/S,Denmark,3.2,C020,,,,,,,,,,,,
ORKLA FOODS ROMANIA SA,Romania,4.1,A102,,,,,,,,,,,,
S.C. ORLANDO IMPORT-EXPORT 2001 S.R.L.,Romania,11.3,F023a,,,,,,,,,,,,
Ornua Co-operative Ltd,Ireland,10.1,G020,,,,,,,,,,,,
ORO Isfara LLC,Tajikistan,11.3,B048,,,,,,,,,,,,
Orogel Soc. Coop. Agricola,Italy,11.2,F019,,,,,,,,,,,,
Orontes Dairy Manufacturing LLC,United Arab Emirates,CF,Confexhall+C010,,,,,,,,,,,,
Oropan S.p.a.,Italy,3.2,B038,,,,,,,,,,,,
M.F. Oros Maxaira Ltd,Cyprus,11.2,F040a,,,,,,,,,,,,
Orouba for Food Industry Co. BASMA - AJWA,Egypt,2.1,E051,,,,,,,,,,,,
ORTO D'AUTORE SRL SOCIETA' AGRICOLA,Italy,11.2,B023a,,,,,,,,,,,,
ORTOGEL SRL,Italy,8.1,E097a,,,,,,,,,,,,
Orva S.p.A.,Italy,2.2,B041,,,,,,,,,,,,
ZPOW Orzech sp. z o.o.,Poland,11.1,A062,,,,,,,,,,,,
OSA GESTIONI,Italy,5.2,A038+B039,,,,,,,,,,,,
Oshee Polska SP ZOO,Poland,8.1,B029,,,,,,,,,,,,
Oshon - Dolphin Foods India Ltd,India,2.2,F054,,,,,,,,,,,,
OSI AUSTRIA FOODWORKS GmbH,Austria,6.1,C098,,,,,,,,,,,,
Osi Poland Foodworks sp. z o.o.,Poland,6.1,E110,,,,,,,,,,,,
OSM Lowicz  Mleczarska w Lowiczu,Poland,10.1,C070+C078,,,,,,,,,,,,
OSM WART-MILK,Poland,10.1,H020,,,,,,,,,,,,
Osman Akca Tarim Urunleri Ith. Ihr. San. / ve Tic. A.S.,Türkiye,11.3,A016,,,,,,,,,,,,
OSMO d.o.o.,Bosnia and Herzegovina,11.1,F039,,,,,,,,,,,,
"Otafuku Sauce Co., Ltd.",Japan,2.1,C034,,,,,,,,,,,,
Otat Tarim Urun. Tas. San. ve Tic. Ltd. Sti.,Türkiye,11.3,C013b,,,,,,,,,,,,
Oterra Colors Spain SLU,Spain,8.1,D060,,,,,,,,,,,,
OTOKI Corporation,"Korea, Republic of",2.1,D040,,,,,,,,,,,,
"Otsuka Green Tea Co., Ltd.",Japan,2.1,C033,,,,,,,,,,,,
"Ou-Dean Foods Factory Co., Ltd.",Taiwan,8.1,A020,,,,,,,,,,,,
Ouanes Früchte GmbH,Germany,10.2,E048,,,,,,,,,,,,
OURGH AZNAG,Morocco,11.3,A040+B049,,,,,,,,,,,,
"Outeirinho Turismo e Indústria, SA",Portugal,8.1,D030,,,,,,,,,,,,
Ove Gida San. ve Tic. A.S.,Türkiye,11.3,B029,,,,,,,,,,,,
CVO International NV OVIDIAS,Belgium,2.1,A032,,,,,,,,,,,,
Ovinos Manchegos S.L.,Spain,7.1,B041,,,,,,,,,,,,
ovofit Eiprodukte GmbH,Germany,4.2,C038,,,,,,,,,,,,
OVOSTAR Ltd.,Ukraine,11.1,G072,,,,,,,,,,,,
Oxford Frozen Foods Ltd,Canada,10.2,A080,,,,,,,,,,,,
Oylum Sinai Yatirimlar A.S.,Türkiye,2.2,B037,,,,,,,,,,,,
Oz-Yil Un ve Unlu Mamulleri Gida ve Hububat Tic. Ltd. Sti.,Türkiye,2.2,B039,,,,,,,,,,,,
Ozacarlar Enerji Insaat ve Dis. Tic. A.S.,Türkiye,11.3,C015,,,,,,,,,,,,
Ozalp Un Ve Unlu Mamulleri Gida San. Ve Tic. Ltd. Sti.,Türkiye,2.2,A034,,,,,,,,,,,,
Özgazi Dairy Foods,Netherlands,10.1,B024,,,,,,,,,,,,
OZGORKEY OTOMOTIV TURIZM GIDA SAN VE TIC A.S.,Türkiye,4.2,D093,,,,,,,,,,,,
Ozgur Tarim Urunleri San. ve Tic. A.S.,Türkiye,11.3,B022,,,,,,,,,,,,
Ozkoclar Tarim Urunleri Petrol ve Insaat San. Tic. Ltd. Sti.,Türkiye,11.3,C030a,,,,,,,,,,,,
Ozmen Un San. Ve Tic. A.S.,Türkiye,11.3,B014,,,,,,,,,,,,
OZONOEX ALIMENTACION SL,Spain,7.1,D038,,,,,,,,,,,,
Ozsari Gida San. Tic. Paz Ltd. Sti.,Türkiye,11.3,A028a,,,,,,,,,,,,
Ozturk Findik Gida Petrol Tarim Urunleri Tur. Nak. Ins. San. ve Tic. Ltd. Sti.,Türkiye,11.3,B026b,,,,,,,,,,,,
"Ozturk Quebap Producción, S.L.",Spain,4.2,A068,,,,,,,,,,,,
OZYILMAZ FINDIK SAN. VE TIC. A.S,Türkiye,11.3,C022a,,,,,,,,,,,,
P. Pavlides S.A.,Greece,10.2,G018,,,,,,,,,,,,
P.A. FOOD INDUSTRIES SDN BHD,Malaysia,4.2,A030,,,,,,,,,,,,
"P.K. DRINKS (THAILAND) LTD., PART",Thailand,7.1,G041c,,,,,,,,,,,,
P.K. Overseas Pvt. Ltd.,India,11.3,F022,,,,,,,,,,,,
PPH Okruszek Sp. z o.o.,Poland,11.1,D059,,,,,,,,,,,,
"P.P.S.TUNA CO.,LTD",Thailand,11.3,G057,,,,,,,,,,,,
P.R. Ltda.,Uruguay,P4.1,Passage+Halle+4+Halle+5+A047,,,,,,,,,,,,
Pa-Comp Ltd.,Hungary,5.2,C034b,,,,,,,,,,,,
Paas Food Industries N.V.,Belgium,9.1,C037,,,,,,,,,,,,
PAB Import & Export srl,Italy,5.2,B029,,,,,,,,,,,,
PACHA International,Belgium,8.1,E091,,,,,,,,,,,,
PACIFIC FRUIT PERU,Peru,8.1,E018,,,,,,,,,,,,
Pacific Nuts And Dried Fruits,Chile,10.2,D010c,,,,,,,,,,,,
PACIFIC WEST,France,10.2,G043,,,,,,,,,,,,
Pacifico Biolabs GmbH,Germany,1.2,B012,,,,,,,,,,,,
PACIFICORP S.A.S.,Ecuador,3.1,A028,,,,,,,,,,,,
PACOBANANA-PACO'S FRUITS AND VEGETABLES,Ecuador,4.1,D098+C091,,,,,,,,,,,,
Padideh Pistachio Co.,Iran,10.2,E045,,,,,,,,,,,,
PADVAISKO DVARAS UAB,Lithuania,7.1,F066,,,,,,,,,,,,
Productos Pafritas SL,Spain,P4.1,Passage+Halle+4+Halle+5+B004,,,,,,,,,,,,
Pagani Industrie Alimentari SPA,Italy,11.2,D061,,,,,,,,,,,,
Pagariya Exports Private Limited,India,3.1,D016a,,,,,,,,,,,,
Pagef di Cavallo Orazia,Italy,5.2,A019,,,,,,,,,,,,
PAGLIUCA PASQUALE,Italy,11.2,A008,,,,,,,,,,,,
Pagmat Gida A.S,Türkiye,11.3,D021,,,,,,,,,,,,
PAGNANI TARTUFI,Italy,5.2,A030+B031,,,,,,,,,,,,
Paiarrop S.L.,Spain,10.1,F030,,,,,,,,,,,,
Pains & Tradition,France,2.2,D037,,,,,,,,,,,,
Pakistan Dairy Products Pvt. Ltd.,Pakistan,11.3,E048b,,,,,,,,,,,,
GRUP.EMPRE.PALACIOS ALIMENTACIÓN SAU,Spain,7.1,A049,,,,,,,,,,,,
Paldo Co Ltd,"Korea, Republic of",5.2,E009,,,,,,,,,,,,
Palestine date farm Co for Medjool dates,Palestine,10.2,E078,,,,,,,,,,,,
PALESTINE GARDENS CO,Palestine,10.2,E078,,,,,,,,,,,,
Palestine Trade Center PalTrade,Palestine,,,,,,,,,,,,,,
PALI Meat b.v.,Netherlands,6.1,C020+C028,,,,,,,,,,,,
Palirria-Souliotis S.A.,Greece,11.2,C019,,,,,,,,,,,,
"Paltavo, S.L.",Spain,4.2,E028a,,,,,,,,,,,,
PALTSIDIS HELLENIC GASTRONOMY SA,Greece,5.1,B059,,,,,,,,,,,,
PAMAPOL S.A.,Poland,2.1,C010,,,,,,,,,,,,
PAMPA CHEESE S.A.,Argentina,10.1,G046,,,,,,,,,,,,
PAMPAFOODS COMÉRCIO IMPORTAÇÃO E EXP,Brazil,6.1,D071a,,,,,,,,,,,,
PAMPLONA ALIMENTOS SA,Brazil,6.1,E091+E099,,,,,,,,,,,,
Pamyag Gida San. Tic. A.S.,Türkiye,11.3,D035a,,,,,,,,,,,,
Pan Tiefkühlprodukte GmbH,Italy,4.1,C060,,,,,,,,,,,,
PAN DE OLIVO,Spain,11.1,F019,,,,,,,,,,,,
PAN DUCALE di D'Amario Danilo & C. S.a.s PAN DUCALE,Italy,11.2,C037a,,,,,,,,,,,,
SC Pan Food SRL,Romania,2.2,D011a,,,,,,,,,,,,
Panamar Bakery Group,Spain,4.1,C030,,,,,,,,,,,,
Panarini Hungária Kft.,Hungary,5.2,C030c,,,,,,,,,,,,
Panasia Handels GmbH,Austria,11.2,G016,,,,,,,,,,,,
Panasonic Corporation,Japan,2.1,E041,,,,,,,,,,,,
Pancrazio S.p.A.,Italy,5.1,D034,,,,,,,,,,,,
PANDORÀ S.R.L.,Italy,11.2,B015a,,,,,,,,,,,,
Pandriks Bake Off B.V.,Netherlands,3.2,A040+A048,,,,,,,,,,,,
PANDURATA ALIMENTOS LTDA BAUDUCCO,Brazil,3.2,A038a,,,,,,,,,,,,
Panealba SRL,Italy,3.2,B010,,,,,,,,,,,,
Panelux S.A.,Luxembourg,4.1,B038,,,,,,,,,,,,
Panesar Foods Limited,United Kingdom,10.2,F059,,,,,,,,,,,,
PANFRUIT UKRAINE LLC,Ukraine,5.1,D059b,,,,,,,,,,,,
Pangea srl,Italy,11.2,C060,,,,,,,,,,,,
Pangusto SRL,Italy,11.2,C008+D009,,,,,,,,,,,,
Panicle Worldwide Private Limited Worldwide Panicle GI,India,5.1,D088,,,,,,,,,,,,
B DI BULLONI SRLS,Italy,11.1,A051+A057,,,,,,,,,,,,
Panificio e Biscottificio De Fenza,Italy,5.2,B040,,,,,,,,,,,,
PANIFICIO MORAMARCO SRL,Italy,5.2,B036,,,,,,,,,,,,
Panificio Zorzi,Italy,11.2,C058,,,,,,,,,,,,
Panito Gida Dis Ticaret San. Ltd. Sti.,Türkiye,4.1,E098,,,,,,,,,,,,
PanoBake GmbH,Germany,4.1,E010,,,,,,,,,,,,
"Pantainorasingh Manufacturer Co., Ltd.",Thailand,11.3,H037a,,,,,,,,,,,,
Nicola Pantaleo SpA,Italy,5.2,B012,,,,,,,,,,,,
PANTELIC LLC,Serbia,4.2,B068b,,,,,,,,,,,,
Pantex Agro Ltd.,Bulgaria,11.2,G052,,,,,,,,,,,,
Pantziarou bros Ltd,Cyprus,10.1,F079,,,,,,,,,,,,
PANZANI (BU Produits du Monde),France,10.2,F035,,,,,,,,,,,,
Papageorgiou Lazaros S.A.,Greece,10.2,I043,,,,,,,,,,,,
Papas Argente S.A.U. Bakery & Flavour,Spain,P4.1,Passage+Halle+4+Halle+5+A009,,,,,,,,,,,,
Papayiannis Bros S.A.,Greece,3.2,B041,,,,,,,,,,,,
Papouis Dairies Ltd.,Cyprus,10.1,A035,,,,,,,,,,,,
PAPRIMUR S.L.,Spain,11.1,A020a,,,,,,,,,,,,
Paradise Bakeries,Jordan,2.1,E021b,,,,,,,,,,,,
Paradise Ingredients SA,Costa Rica,3.1,B010+B018,,,,,,,,,,,,
"PARALLEL TRADING CO., LTD",Vietnam,CF,Confexhall+D050+E059,,,,,,,,,,,,
"PARANHAE Co.,Ltd","Korea, Republic of",1.2,I013,,,,,,,,,,,,
PARASKEVOPOULOS  S.A.,Greece,10.2,H036,,,,,,,,,,,,
PARBA FOODS,Mexico,10.2,F079,,,,,,,,,,,,
Parc d'Activités Economiques de Zarzis,Tunisia,11.3,D043c,,,,,,,,,,,,
Parcaoglu Kuruyemis Imal. Tar. Urun. Hay. Gida Ins. Taah. Nak. Turz. Pet. Ihr. Ith. San. ve Tic. Ltd. Sti.,Türkiye,11.3,D037,,,,,,,,,,,,
PARFAIT PC,Greece,11.2,F056a,,,,,,,,,,,,
PARFOEX SLU,Spain,11.1,E030,,,,,,,,,,,,
Parma Alimentare SRL,Italy,11.2,F045,,,,,,,,,,,,
Parmafood Group Srl,Italy,7.1,D051,,,,,,,,,,,,
Miguel Parra e Hijos S.A. Lemon King Organic,Spain,8.1,E011,,,,,,,,,,,,
Partners Network B.V.,Netherlands,6.1,B099,,,,,,,,,,,,
Parvata Foods Pvt. Ltd.,India,P9.1,Passage+Halle+2+Halle+3+010,,,,,,,,,,,,
Pascal srl.,Italy,10.1,F057a,,,,,,,,,,,,
PASCALE INDUSTRIE ALIMENTARI SRL,Italy,4.1,D015,,,,,,,,,,,,
Pasdulce S.L.,Spain,11.1,A012,,,,,,,,,,,,
Pasfrost NV,Belgium,4.2,A089,,,,,,,,,,,,
PASSAGE FOOD,Romania,2.2,E005%2C+D009g,,,,,,,,,,,,
De Matteis Agroalimentare-Pasta Armando,Italy,11.2,D034,,,,,,,,,,,,
Pasta Berruto Spa,Italy,11.1,F038,,,,,,,,,,,,
Pasta Cuniola srl,Italy,10.2,D081,,,,,,,,,,,,
Pasta Diamond,Albania,5.2,B055,,,,,,,,,,,,
Pasta Natura Srl,Italy,11.2,A024,,,,,,,,,,,,
Pasta Zara SPA,Italy,5.2,B016a,,,,,,,,,,,,
P&J for Juice and Paste company S.A.E,Egypt,2.1,B014,,,,,,,,,,,,
PASTELERIA ARROYO SANCHEZ SLU,Spain,11.1,F019b,,,,,,,,,,,,
PASTELI MICHEL LP,Greece,2.2,A041,,,,,,,,,,,,
PASTICCERIA FILIPPI SRL - SB,Italy,2.2,D055,,,,,,,,,,,,
Pasticceria Quadrifoglio Srl,Italy,10.1,C048,,,,,,,,,,,,
Liguori Pastificio Dal 1820,Italy,11.2,D053b,,,,,,,,,,,,
PASTIFICIO ARTIGIANO CAV.GIUSEPPE COCCO,Italy,11.3,D015,,,,,,,,,,,,
Pastificio di Martino Gaetano & F.lli,Italy,5.2,A010+B019,,,,,,,,,,,,
Pastificio F.lli Cellino S.p.a.,Italy,11.2,A040a,,,,,,,,,,,,
Pastificio Fabianelli S.p.A.,Italy,10.2,A048,,,,,,,,,,,,
Pastificio Felicetti SPA,Italy,10.2,B080,,,,,,,,,,,,
Pastificio Lucio Garofalo SpA,Italy,11.2,E039,,,,,,,,,,,,
PASTIFICIO FIORILLO SAS,Italy,11.2,C033a,,,,,,,,,,,,
Pastificio Antonio Pallante S.R.L.,Italy,11.2,A018,,,,,,,,,,,,
Pastificio Attilio Mastromauro Granoro SRL,Italy,11.2,D054,,,,,,,,,,,,
Pastificio Cara Nonna - PAP Srl,Italy,10.2,D080a,,,,,,,,,,,,
Pastificio Curti Snc,Italy,11.2,A049,,,,,,,,,,,,
PASTIFICIO D'AMICIS SRL,Italy,11.2,A050a,,,,,,,,,,,,
Pastificio Di Bari Tarall'Oro S.r.l.,Italy,11.1,F030,,,,,,,,,,,,
PASTIFICIO DUCATO D'AMALFI GRAGNANO,Italy,5.2,B040,,,,,,,,,,,,
PASTIFICIO GALLO NATALE E F.LLI SRL,Italy,11.2,E008,,,,,,,,,,,,
PASTIFICIO MARELLA,Italy,5.2,C033,,,,,,,,,,,,
Pastificio Marulo srl,Italy,11.2,B048,,,,,,,,,,,,
Pastificio Miglianico Srl,Italy,10.2,E087a,,,,,,,,,,,,
Antico Pastificio Morelli 1860 SRL,Italy,11.2,D051,,,,,,,,,,,,
Pastificio Novarese Mario Srl,Italy,11.2,A054a,,,,,,,,,,,,
PASTIFICIO PIRRO SRL,Italy,11.2,C008+D009,,,,,,,,,,,,
Pastificio Riscossa f.lli Mastromauro S.p.A.,Italy,5.2,A035,,,,,,,,,,,,
Antico Pastificio Tealdi,Italy,11.2,B049a,,,,,,,,,,,,
Pastificio Temporin SRL,Italy,11.2,E028,,,,,,,,,,,,
PASTIFICIO AVESANI SRL,Italy,5.1,A031+B032,,,,,,,,,,,,
PASTISART,Spain,11.1,D037,,,,,,,,,,,,
Pastor S.A. Confiserie - Chocolaterie,Morocco,11.3,A040+B049,,,,,,,,,,,,
Quesos El Pastor Hijos de Salvador SA,Spain,10.1,B079,,,,,,,,,,,,
PATAGONIA FRESH,Chile,3.1,A080a,,,,,,,,,,,,
Patatas San Jeronimo S.L.,Spain,11.1,A048b,,,,,,,,,,,,
les pâtes warda,Tunisia,11.3,D051a,,,,,,,,,,,,
PATICEO - PATISSERIES GOURMANDES,France,2.2,C038,,,,,,,,,,,,
Patidar Exports Pvt. Ltd.,India,4.2,B091,,,,,,,,,,,,
PATISLOVE CIKOLATA VE GIDA A.S.,Türkiye,2.2,B035a,,,,,,,,,,,,
PATISSERIE DES FLANDRES,France,10.2,E014,,,,,,,,,,,,
Patson Foods India Pvt Ltd,India,3.1,A009,,,,,,,,,,,,
"P.J. Pattaraanan Co., Ltd.",Thailand,11.3,H044,,,,,,,,,,,,
PAULA Ingredients Sp. z o.o,Poland,2.1,D030,,,,,,,,,,,,
Pavithran Aseptic Fruit Product,India,7.1,F025a,,,,,,,,,,,,
PAWA CANNING CORPORATION (MALAYSIA) SDN,Malaysia,1.2,N010+O011,,,,,,,,,,,,
Payna Grup Tur. Gida San. Tic. A.S.,Türkiye,2.2,B032,,,,,,,,,,,,
PDM Parthian Distributer & Marketing Adviser GmbH,Germany,CF,Confexhall+A011,,,,,,,,,,,,
PE,Ukraine,CF,Confexhall+C025,,,,,,,,,,,,
PE Natur Svit,Ukraine,5.2,E050a,,,,,,,,,,,,
PE Vomond,Ukraine,5.2,E058,,,,,,,,,,,,
peaceful delicious GmbH,Germany,1.2,B032,,,,,,,,,,,,
Pecan Star & Nut Corp.,United States of America,10.2,H077a,,,,,,,,,,,,
Peccin s.a.,Brazil,3.1,B020b,,,,,,,,,,,,
Pedon S.P.A.,Italy,10.2,B081,,,,,,,,,,,,
"PEGASUS FOOD CO., LTD. nung-pegasusfood",Thailand,11.3,G044a,,,,,,,,,,,,
General Waffle Manufactory,Belgium,2.1,A058,,,,,,,,,,,,
Pehkolan Mallastamo Oy,Finland,10.2,A070c,,,,,,,,,,,,
Pekar Tomo d.o.o.,Croatia,4.1,C015,,,,,,,,,,,,
Pekarna Pecjak d.o.o.,Slovenia,4.1,D009,,,,,,,,,,,,
ZM Pekpol Ostroleka SA,Poland,6.1,B008,,,,,,,,,,,,
PELAGIQUE INDUSTRIE,Morocco,11.3,A040+B049,,,,,,,,,,,,
PELAGOS NET FARMA D.O.O.,Croatia,11.1,F035a,,,,,,,,,,,,
PELLAS NATURE PRIVATE COMPANY,Greece,11.2,F056b,,,,,,,,,,,,
Pellegrino 1890 S.R.L.,Italy,5.2,B030,,,,,,,,,,,,
Pelopac Mediterranean Food Specialties,Greece,10.2,G038,,,,,,,,,,,,
PEMA Vollkorn-Spezialitäten GmbH & Co. KG,Germany,5.1,F091,,,,,,,,,,,,
"Penta Impex Co., Ltd.",Thailand,11.3,H032,,,,,,,,,,,,
Pentrade FMCG Distribution,Netherlands,10.2,A055,,,,,,,,,,,,
Peper SA,Greece,10.2,I026,,,,,,,,,,,,
Peppadew International (Pty) Ltd,South Africa,11.1,A050+B059,,,,,,,,,,,,
PepsiCo,South Africa,4.1,D100,,,,,,,,,,,,
"EL PEQUEÑO MOLINO, S.A.",Spain,2.2,E021,,,,,,,,,,,,
PERE PORXAS PAIRO SL,Spain,7.1,C048,,,,,,,,,,,,
Pereda Agro S.A.,Argentina,3.1,C071,,,,,,,,,,,,
"Perfect Companion Group Co., Ltd.",Thailand,4.2,B070,,,,,,,,,,,,
Perla Table Foods GmbH,Germany,5.1,A059+B058,,,,,,,,,,,,
Perla Negra Raisins,Mexico,3.1,C078+D079,,,,,,,,,,,,
SIA PERNES L,Latvia,5.2,B057c,,,,,,,,,,,,
Pervomayskiy MCP,Ukraine,10.1,C075,,,,,,,,,,,,
Pescaradolc Srl,Italy,2.2,C056a,,,,,,,,,,,,
Pesce Azzurro Cefalù Srl,Italy,11.2,A016,,,,,,,,,,,,
PET AGRO OIL LLC,Uzbekistan,5.1,B079+C078,,,,,,,,,,,,
Petfactory,Romania,9.1,A053,,,,,,,,,,,,
Petri Feinkost GmbH & Co. KG,Germany,10.1,F031,,,,,,,,,,,,
Petrolimex International Trading JSC,Vietnam,CF,Confexhall+A030+B039,,,,,,,,,,,,
Petrou Bros. Dairy Products Ltd.,Cyprus,10.1,A031,,,,,,,,,,,,
Petruz Açai,Brazil,3.1,B020a,,,,,,,,,,,,
Peuma Dryfruit SpA,Chile,3.1,A077,,,,,,,,,,,,
Peyba Gida Tarim Turizm Hayvancilik Ins. San. ve Tic. A.S.,Türkiye,11.3,B026a,,,,,,,,,,,,
Peyman Kuruyemis Gida Aktariye Kim. Mad. Tar. Ürün. San. Ve Tic. A.S.,Türkiye,11.3,C024,,,,,,,,,,,,
Pfalzgraf Konditorei GmbH,Germany,4.1,E080,,,,,,,,,,,,
Hermann Pfanner Getränke GmbH,Austria,8.1,E041+E049,,,,,,,,,,,,
PFC Gida Urt. Ith. Ihr. San ve Tic. A.S,Türkiye,11.2,D019,,,,,,,,,,,,
G. Pfitscher GmbH,Italy,7.1,C061,,,,,,,,,,,,
PGS CORPORATION LTD.,Thailand,11.3,G046a,,,,,,,,,,,,
PH DEPT. OF TRADE & INDUSTRY - REGION 5,Philippines,1.2,N011+M010,,,,,,,,,,,,
Pharmatrends & Productions GmbH,Austria,7.1,G020,,,,,,,,,,,,
"Phiboonchai Maepranom Thai Chili Paste Co.,Ltd",Thailand,11.3,G040b,,,,,,,,,,,,
Philadelphia Industry & Trading Company,Jordan,2.1,D020a,,,,,,,,,,,,
Philbest Canning Corporation,Philippines,1.2,N011+M010,,,,,,,,,,,,
Philicon-97 S.A.,Bulgaria,8.1,D051,,,,,,,,,,,,
PHILIPOPOLIS-RK,Bulgaria,10.1,E015,,,,,,,,,,,,
Philippines -Center for International Trade Expositions and Missions (CITEM),Philippines,1.2,N011+M010,,,,,,,,,,,,
PHU GT Nawrocka Grażyna et al. Lumaca Food and Beauty,Poland,CF,Confexhall+A020+B029,,,,,,,,,,,,
Phu Thinh Food Processing Export JSC,Vietnam,CF,Confexhall+E050+F059,,,,,,,,,,,,
PHUC THINH EXPORT IMPORT / INVESTMENT CORPORATION / (PTEXIM CORP),Vietnam,1.2,L007,,,,,,,,,,,,
Phuc Sinh Corporation,Vietnam,1.2,F008,,,,,,,,,,,,
PHZ  Kasol - J.A. Kazberuk-Waldschatz,Poland,11.1,D057,,,,,,,,,,,,
Piasten GmbH,Germany,3.1,C053,,,,,,,,,,,,
OSM Piatnica,Poland,10.1,C070+C078,,,,,,,,,,,,
Pichurris Trading Group SL,Spain,11.1,B036,,,,,,,,,,,,
Pick Szeged Zrt.,Hungary,9.1,B030,,,,,,,,,,,,
Pickstock Foods Ltd,United Kingdom,6.1,D045a,,,,,,,,,,,,
Pickstock Telford Ltd,United Kingdom,6.1,D047,,,,,,,,,,,,
Piekarnia Galicyjska sp. z.o.o.,Poland,4.1,C009,,,,,,,,,,,,
AB Pieno Zvaigzdes,Lithuania,10.1,C051,,,,,,,,,,,,
Pietrelli Fruit,Argentina,3.1,C060,,,,,,,,,,,,
Pietro Coricelli S.p.A.,Italy,11.2,B028,,,,,,,,,,,,
PIETRO ISNARDI S.R.L.,Italy,11.2,B011a,,,,,,,,,,,,
Pietrobon,Brazil,3.1,C022,,,,,,,,,,,,
Kurt Pijahn Handelsges. mbH,Germany,4.2,E040,,,,,,,,,,,,
Pilgrims UK Lamb,United Kingdom,6.1,D043,,,,,,,,,,,,
Pilot International sp. z o.o. Sp.k.,Poland,11.1,G051,,,,,,,,,,,,
Pilot D&S Sp. z o.o. Sp. K.,Poland,8.1,E093,,,,,,,,,,,,
Pimi-2000 Kft.,Hungary,7.1,E052,,,,,,,,,,,,
Pimlico Confectioners Ltd,United Kingdom,10.2,F063a,,,,,,,,,,,,
Pin Global Gida San. ve Tic. A.S.,Türkiye,7.1,F020,,,,,,,,,,,,
Pinar Su Ve Icecek San Ve Tic. A.S.,Türkiye,7.1,F036,,,,,,,,,,,,
Pinar Kuruyemis Gida ve Iht. Mad. San. Tic. A.S.,Türkiye,11.3,A007a,,,,,,,,,,,,
Pinar Süt Mamülleri San. A.S.,Türkiye,10.1,B061,,,,,,,,,,,,
PINEIOS BREWERY  PC,Greece,8.1,C060,,,,,,,,,,,,
Ping Roun Products Co Ltd,Taiwan,4.2,D099a,,,,,,,,,,,,
"Pingli Yiming Tea Co., Ltd",China,CF,Confexhall+C040a,,,,,,,,,,,,
"Piñones Import-Export'97, S.L.",Spain,11.1,C035,,,,,,,,,,,,
Pinsami S.r.l.,Italy,4.1,A040,,,,,,,,,,,,
Pioneer Food Technology Co. Ltd.,China,5.2,D071,,,,,,,,,,,,
pioneer foods group pvt ltd,Pakistan,5.1,F020,,,,,,,,,,,,
PIP NOVI SAD LLC,Serbia,11.1,D041b,,,,,,,,,,,,
PIRIFAN DISTRIBUTION SRL,Romania,11.3,E014a,,,,,,,,,,,,
Pista Fistik Gida Imalat Ic ve Dis Tic. Ltd. Sti.,Türkiye,2.2,A037,,,,,,,,,,,,
PISTACCHIOSOFI srl,Italy,5.2,A041+A049,,,,,,,,,,,,
Pistacyl S.L.U.,Spain,11.1,C039a,,,,,,,,,,,,
Pit Hoffmann GmbH & Co.KG,Germany,3.1,C057,,,,,,,,,,,,
Pita-Bakkerij Cairo B.V.,Netherlands,3.2,A070a,,,,,,,,,,,,
A. Pitenis Bros S.A.,Greece,11.2,G025,,,,,,,,,,,,
PITES KOLIOS SA,Greece,4.1,D070,,,,,,,,,,,,
Pixcel Transglobal Foods Inc.,Philippines,1.2,N011+M010,,,,,,,,,,,,
"Pizhou Hengfengbao Food Co., Ltd.",China,CF,Confexhall+D053,,,,,,,,,,,,
Pizz'aria,Monaco,4.1,C069+D068,,,,,,,,,,,,
Pizzoli SpA,Italy,4.1,A096,,,,,,,,,,,,
PJ Impex Inc.,Canada,6.1,E060,,,,,,,,,,,,
PJ SRL,Italy,2.1,A010,,,,,,,,,,,,
PJSC IMKK,Ukraine,10.1,G067,,,,,,,,,,,,
PL SERVICE TRADING PRODUCE COMPANY LIMIT,Vietnam,CF,Confexhall+D050+E059,,,,,,,,,,,,
Planetary SA,Switzerland,1.2,B013,,,,,,,,,,,,
PLANETE PAIN,France,4.1,A039,,,,,,,,,,,,
Planets Pride A/S,Denmark,4.2,D009,,,,,,,,,,,,
Plant Made Foods SIA,Latvia,B.1,Boulevard+146,,,,,,,,,,,,
Plantain Republic S.A.,Ecuador,3.1,C011+C019,,,,,,,,,,,,
Plantar,Colombia,3.1,D030+D048,,,,,,,,,,,,
PLANTIN TRUFFE,France,10.2,F033,,,,,,,,,,,,
Planto Ceylon (PVT) LTD,Sri Lanka,1.2,F010a,,,,,,,,,,,,
Plantway Sp. z o.o.,Poland,B.1,Boulevard+106%2C+Boulevard+106l,,,,,,,,,,,,
"Plasoliva, S.L.",Spain,11.1,D017a,,,,,,,,,,,,
PLAZA DEL SOL Foods S.L.,Spain,11.1,B035,,,,,,,,,,,,
Plena Alimentos S/A,Brazil,6.1,E077a,,,,,,,,,,,,
PLR FOODS pvt ltd,India,4.2,B034,,,,,,,,,,,,
Pludis NV,Belgium,9.1,D036,,,,,,,,,,,,
Plukon Sieradz Sp. z o.o.,Poland,9.1,D031+E038,,,,,,,,,,,,
Pluralgae Biotecnologia Ltda,Brazil,3.1,D026,,,,,,,,,,,,
PMC S.R.L.,Italy,11.2,B055,,,,,,,,,,,,
PMI Foods,Switzerland,9.1,B029,,,,,,,,,,,,
PMSweet,Belgium,4.1,C081,,,,,,,,,,,,
Poba gida insaat otm.san.tic.ltd.sti,Türkiye,CF,Confexhall+G066,,,,,,,,,,,,
Pocas International,United States of America,8.1,E055,,,,,,,,,,,,
Snack Food Poco Loco NV,Belgium,10.2,B079,,,,,,,,,,,,
Podere dei Leoni S.r.l.,Italy,10.1,F059,,,,,,,,,,,,
Poindexter Nut Company,United States of America,10.2,I065,,,,,,,,,,,,
Point of Food Lebensmittelvertriebs GmbH,Germany,4.1,C058,,,,,,,,,,,,
SPOLDZIELNIA POKOJ,Poland,11.1,C052,,,,,,,,,,,,
Polan sp.z o.o.,Poland,2.1,D039,,,,,,,,,,,,
POLANA,Poland,9.1,D031+E038,,,,,,,,,,,,
POLAND FOOD Marek Gorzkowski Sp.K,Poland,10.1,C070+C078,,,,,,,,,,,,
Polarica Sp. z .o.o.,Poland,4.2,D069,,,,,,,,,,,,
POLARIS MEETINGS S.A.S.,France,4.2,D065%2C+E064,,,,,,,,,,,,
PolBioEco Polska Sp.z o.o.,Poland,11.1,D051a,,,,,,,,,,,,
POLCA NV,Belgium,7.1,D037,,,,,,,,,,,,
Polenghi Food Srl,Italy,10.2,A011,,,,,,,,,,,,
Policom SRL,Italy,11.2,A050b,,,,,,,,,,,,
POLISH POULTRY National Poultry Council,Poland,9.1,D031+E038,,,,,,,,,,,,
Fratelli Polli S.r.l.,Italy,11.2,E020,,,,,,,,,,,,
Pollolin S.A.,Argentina,9.1,E054a,,,,,,,,,,,,
Pollpar S.A.,Paraguay,6.1,E098,,,,,,,,,,,,
POLMLEK GROUP,Poland,10.1,D040,,,,,,,,,,,,
Polonia Beef Sp. z o. o.,Poland,9.1,A061+A069,,,,,,,,,,,,
Polproduct Netherlands B.V,Netherlands,11.1,G034,,,,,,,,,,,,
POLS GIDA DIS TICARET AS,Türkiye,11.1,D063,,,,,,,,,,,,
Polselli S.P.A.,Italy,10.2,E083,,,,,,,,,,,,
Polish Chamber of Milk,Poland,10.1,C070+C078,,,,,,,,,,,,
Polska Roza Ernest Michalski Sp. z o.o.,Poland,7.1,F018,,,,,,,,,,,,
Polskamp S.A.,Poland,9.1,A061+A069,,,,,,,,,,,,
PMiW Łukosz sp. z o.o.,Poland,9.1,D031+E038,,,,,,,,,,,,
Polven Foods OÜ,Estonia,5.2,B060,,,,,,,,,,,,
Pomone,France,4.2,B041,,,,,,,,,,,,
Pomuni Frozen NV,Belgium,4.1,B062,,,,,,,,,,,,
"Pomurske mlekarne, Joint Stock Company",Slovenia,10.1,G045,,,,,,,,,,,,
Euroaliment Pac SLU,Spain,11.1,C023,,,,,,,,,,,,
Ponti SpA,Italy,11.2,E010b,,,,,,,,,,,,
Pooja Dehy Foods Pvt Ltd,India,11.3,G037a,,,,,,,,,,,,
Pop Company,Brazil,3.1,C023a,,,,,,,,,,,,
Popat Raja & Sons,India,P9.1,Passage+Halle+2+Halle+3+017,,,,,,,,,,,,
Poppies Bakeries NV,Belgium,4.1,B049+C048,,,,,,,,,,,,
Porketto by JB Viande,France,9.1,C016,,,,,,,,,,,,
Porky Global Inc.,United States of America,9.1,B022,,,,,,,,,,,,
PortugalFoods,Portugal,8.1,C098%2C+D030,,,,,,,,,,,,
Possidente Fruit,Italy,11.2,D008,,,,,,,,,,,,
"Possmei International Co., Ltd.",Taiwan,8.1,B012,,,,,,,,,,,,
Potluck GmbH,Germany,10.2,C064,,,,,,,,,,,,
POTRAVINARSKA KOMORA SLOVENSKA,Slovakia,P4.1,Passage+Halle+4+Halle+5+A031,,,,,,,,,,,,
Potts Partnership Ltd,United Kingdom,10.2,E066a,,,,,,,,,,,,
POWER ROOT MANUFACTURING SDN BHD,Malaysia,7.1,G030,,,,,,,,,,,,
"Powerlogy, s.r.o.",Slovakia,4.1,E093,,,,,,,,,,,,
Poyraz Zeytinyagi Tarim San. Ve Tic. A.S,Türkiye,11.3,B025a,,,,,,,,,,,,
PPH,Poland,11.1,D057a,,,,,,,,,,,,
PPHU „MARK’S” Sp. z o.o.,Poland,6.1,D110+D118,,,,,,,,,,,,
PR NETTO INDUSTRIA E COMERCIO DE ALIMENT,Brazil,9.1,D046b,,,,,,,,,,,,
Prairie-IX,United States of America,10.2,G075,,,,,,,,,,,,
Pralver SRL,Italy,11.2,A052a,,,,,,,,,,,,
Pran Beverages India Private Limited Taste Of Life,India,3.1,D012a,,,,,,,,,,,,
PRAN Foods Ltd.,Bangladesh,1.2,I010,,,,,,,,,,,,
Prayagh Consumer Care Pvt. Ltd.,India,3.1,B041,,,,,,,,,,,,
PRE HANE LTD,Israel,5.2,B052,,,,,,,,,,,,
Prealpi s.p.a industria casearia,Italy,10.1,E018,,,,,,,,,,,,
Predilecta Alimentos Ltda,Brazil,3.1,C028a,,,,,,,,,,,,
Preferred Popcorn,United States of America,10.2,H063a,,,,,,,,,,,,
PREGEL SPA,Italy,4.1,E041,,,,,,,,,,,,
Premiata Gelateria F.lli Michielan srl,Italy,4.1,A091,,,,,,,,,,,,
PREMIER BRANDS USA LLC,United States of America,10.2,I058,,,,,,,,,,,,
Premier Exports London Ltd.,United Kingdom,10.2,G067a,,,,,,,,,,,,
PREMIER FOOD GROUP LLC,Ukraine,5.2,E059a,,,,,,,,,,,,
Premier Foods,United Kingdom,10.2,G061,,,,,,,,,,,,
Premiera Foods,Egypt,2.1,B064,,,,,,,,,,,,
Premium Food Group ApS & Co. KG,Germany,6.1,B070+C079,,,,,,,,,,,,
Premium Foods B.V.,Netherlands,2.1,D049,,,,,,,,,,,,
"Premium Foods Co.,Ltd.",Thailand,4.2,B074,,,,,,,,,,,,
"Preserved Food Specialty Co.,Ltd",Thailand,8.1,E121a,,,,,,,,,,,,
Prestige 96 AD,Bulgaria,2.2,E048,,,,,,,,,,,,
Prestige Maple Products Inc,Canada,11.2,C048,,,,,,,,,,,,
"PRIKHOM INTER FOOD CO., LTD.",Thailand,11.3,H021a,,,,,,,,,,,,
Prima Cheese Ltd,United Kingdom,10.1,F017,,,,,,,,,,,,
PRIMA FOODS,Brazil,6.1,E071,,,,,,,,,,,,
PRIMA OP BIO-SOCIETA' COOP AGRICOLA,Italy,5.1,F058,,,,,,,,,,,,
Primalis Corporation Ltd,Cambodia,2.1,B011+B019,,,,,,,,,,,,
"PRIME COMMODITIES CO., LTD.",Thailand,CF,Confexhall+C011,,,,,,,,,,,,
"Prime Products Industry Co., Ltd.",Thailand,11.3,G044b,,,,,,,,,,,,
"Prime Snack, LLC",Ukraine,10.1,C077,,,,,,,,,,,,
Primex Group of Companies Philippines,Philippines,1.2,H010,,,,,,,,,,,,
PRIMEX INTL TRADING CORP.,United States of America,10.2,I069,,,,,,,,,,,,
PRIMORE S.R.L.,Argentina,3.1,C071a,,,,,,,,,,,,
Primus Wafer Paper B.V.,Netherlands,11.1,G032,,,,,,,,,,,,
"Prisca - Alimentação, S.A.",Portugal,P4.1,Passage+Halle+4+Halle+5+A013,,,,,,,,,,,,
Prisma Foods,Egypt,2.1,A053a,,,,,,,,,,,,
Prisma International,Brazil,9.1,C040a,,,,,,,,,,,,
Pristine Worldwide Pvt Ltd,India,P9.1,Passage+Halle+2+Halle+3+015,,,,,,,,,,,,
Privamnuts EPZ Kenya LTD,Kenya,5.2,C059,,,,,,,,,,,,
Pro Food GmbH,Germany,6.1,C091,,,,,,,,,,,,
PROCECONSA S.A.,Ecuador,3.1,C011+C019,,,,,,,,,,,,
Procesadora Peru SAC,Peru,4.2,E054,,,,,,,,,,,,
Procesadora San Lorenzo - Guacamole,Mexico,P4.1,Passage+Halle+4+Halle+5+A043,,,,,,,,,,,,
Procesadora y deshidratadora Colchagua S,Chile,3.1,B069a,,,,,,,,,,,,
Prochamp BV,Netherlands,11.1,D020,,,,,,,,,,,,
Procolombia,Colombia,3.1,D031%2C+D030+D048,,,,,,,,,,,,
PROCUBITOS EUROPE SL,Spain,P4.1,Passage+Halle+4+Halle+5+A019,,,,,,,,,,,,
Prodalim Holland B.V.,Netherlands,8.1,C010,,,,,,,,,,,,
PRODECA Promotora d'Exportacions Catalanes SA,Spain,11.1,C036b,,,,,,,,,,,,
Prodeman,Argentina,3.1,C063a,,,,,,,,,,,,
Prodexport Limited,Ukraine,5.1,A073,,,,,,,,,,,,
PRODOTTI ALIMENTARI FIORAVANTI & C SRL,Italy,11.2,C041,,,,,,,,,,,,
Producer Group of Olive Oil A.C. TIMPAKI,Greece,11.2,F060,,,,,,,,,,,,
"Product Plus Kozanecki, Slabolepszy Sp. J.",Poland,11.1,D059a,,,,,,,,,,,,
Productores de Yerba Mate de Santo Pipó,Argentina,8.1,B079,,,,,,,,,,,,
PRODUCTOS ADELL SL,Spain,11.1,A034a,,,,,,,,,,,,
"PRODUCTOS ARENAS, S.L.",Spain,11.1,C011,,,,,,,,,,,,
"Productos Churruca, S.A.",Spain,P4.1,Passage+Halle+4+Halle+5+B059,,,,,,,,,,,,
Productos del Maipo y Compañía Limitada,Chile,3.1,A071a,,,,,,,,,,,,
"Productos La Higuera, S.L.",Spain,P4.1,Passage+Halle+4+Halle+5+A015,,,,,,,,,,,,
PRODUCTOS PEPITO SLU,Spain,11.1,A035a,,,,,,,,,,,,
Productos Torremar S.L.,Spain,11.1,E013,,,,,,,,,,,,
Manna Food,Belgium,7.1,C030,,,,,,,,,,,,
Produsur SA,Paraguay,3.1,C081+D081,,,,,,,,,,,,
Produttori Latte Associati Cremona Sca,Italy,10.1,G054a,,,,,,,,,,,,
KONSULAT DER REPUBLIK ECUADOR HANDELSBÜRO PROECUADOR DEUTSCHLAND,Germany,3.1,A028,,,,,,,,,,,,
Proeon,Netherlands,1.2,D020,,,,,,,,,,,,
"Proex Drinks Group, S.A.",Spain,7.1,E028,,,,,,,,,,,,
Profesjonal P.W. Sp. z.o.o.,Poland,11.1,D053,,,,,,,,,,,,
Profood International Corporation,Philippines,1.2,N011+M010,,,,,,,,,,,,
Profuma Hungary Kft,Hungary,7.1,E052a,,,,,,,,,,,,
Progeo Molini,Italy,11.2,D050,,,,,,,,,,,,
PROIKAS S.A. DAIRY INDUSTRY,Greece,10.1,B048,,,,,,,,,,,,
Prolainat Maroc,Morocco,11.3,A040+B049,,,,,,,,,,,,
Promac Enterprises Sdn Bhd,Malaysia,10.1,A058,,,,,,,,,,,,
Promise Gluten Free,Ireland,4.1,D039a,,,,,,,,,,,,
Promo International Inc.,United States of America,10.2,H075,,,,,,,,,,,,
Promo Solution Ltd.,Greece,8.1,B028a,,,,,,,,,,,,
Promolac Espana S.A.,Spain,11.1,D039,,,,,,,,,,,,
PRONAT,Spain,11.1,E016a,,,,,,,,,,,,
Pro Pizza Srl,Italy,4.1,A041,,,,,,,,,,,,
"Proplan Industrial Co., Ltd.",Thailand,1.2,A010,,,,,,,,,,,,
Prosciuttificio San Francesco SpA,Italy,7.1,B058,,,,,,,,,,,,
PROSCIUTTO DI NORCIA IGP CONSORZIO DI TUTELA,Italy,7.1,D053,,,,,,,,,,,,
Prosi Thang Long Joint Stock Company,Vietnam,CF,Confexhall+A030+B039,,,,,,,,,,,,
Prosperitas Foods Pty Ltd,South Africa,4.1,D100,,,,,,,,,,,,
PROT SIA,Latvia,5.1,F007,,,,,,,,,,,,
Protaste,Netherlands,1.2,D020,,,,,,,,,,,,
PROTEAS BARS - TRIMAS FOODS,Greece,10.2,I028,,,,,,,,,,,,
ProteinDistillery GmbH,Germany,1.2,C035a,,,,,,,,,,,,
PROTINO FOODS LTD,Cyprus,11.2,F044,,,,,,,,,,,,
PROTIPOS GALAKTOVIOMICHANIA PIERIAS S.A.,Greece,10.1,A063,,,,,,,,,,,,
PROTOPIA B.V.,Netherlands,1.2,D028+E029,,,,,,,,,,,,
Protropic Cia Ltda,Ecuador,3.1,B021,,,,,,,,,,,,
BEEF FROM SPAIN – PROVACUNO,Spain,6.1,D089,,,,,,,,,,,,
Provefrut S.A.,Ecuador,4.2,E018,,,,,,,,,,,,
ProVeg e.V.,Germany,1.2,D032,,,,,,,,,,,,
Provil S.A.,Greece,11.2,F028,,,,,,,,,,,,
Provinum EOOD,Bulgaria,4.2,A060,,,,,,,,,,,,
Provisions BV,Belgium,B.1,Boulevard+145,,,,,,,,,,,,
"PROVITUS Dabrowscy, Malesa Sp.j.",Poland,11.1,A062,,,,,,,,,,,,
Prumpelstown Estate,Ireland,6.1,A044,,,,,,,,,,,,
Prunesco SpA,Chile,3.1,B061,,,,,,,,,,,,
Prunuts,Argentina,3.1,C079,,,,,,,,,,,,
PRUTUL SA,Romania,11.3,F019,,,,,,,,,,,,
Prymat Group,Poland,11.1,D057b,,,,,,,,,,,,
DANEX Sp. z o. o.,Poland,4.2,D063,,,,,,,,,,,,
PS8 Limited,United Kingdom,4.1,D040,,,,,,,,,,,,
PSZCZELARZ KOZACKI,Poland,CF,Confexhall+A010+B019,,,,,,,,,,,,
PT ABC President Indonesia,Indonesia,1.2,K011+J010,,,,,,,,,,,,
PT. Manohara Asri,Indonesia,1.2,K011+J010,,,,,,,,,,,,
PT MUNDIAL RASA INDONESIA,Indonesia,1.2,I026,,,,,,,,,,,,
PT Nison Indonesia,Indonesia,1.2,K011+J010,,,,,,,,,,,,
PT Santos Jaya Abadi,Indonesia,1.2,K011+J010,,,,,,,,,,,,
PT. Sari Segar Husada,Indonesia,1.2,B037,,,,,,,,,,,,
PT. Natural Joy Foods,Indonesia,4.1,D098+C091,,,,,,,,,,,,
PU,Ukraine,5.2,E058,,,,,,,,,,,,
Public Institution Ekoagros,Lithuania,7.1,F066a%2C+A025,,,,,,,,,,,,
PUERTOMAR S.A.,Ecuador,3.1,A028,,,,,,,,,,,,
Pulau Sambu Singapore Private Limited,Singapore,8.1,C015,,,,,,,,,,,,
Puljong Ltd.,Estonia,5.1,D051,,,,,,,,,,,,
Pulmoll Kalfany GmbH,Germany,3.1,A058,,,,,,,,,,,,
Pulmuone Foods,"Korea, Republic of",5.2,C018+D019,,,,,,,,,,,,
Pulpafruit S.A.S.,Colombia,3.1,D031,,,,,,,,,,,,
Pulsbio,Netherlands,5.1,F050,,,,,,,,,,,,
PULVIVER Egg Powders,Belgium,10.1,B020b,,,,,,,,,,,,
Punch Club Oü,Estonia,8.1,B013,,,,,,,,,,,,
Punctual Inc.,Japan,2.1,B032,,,,,,,,,,,,
Pure and Just Company Limited,Ghana,5.2,C059,,,,,,,,,,,,
Pure Bio Products,Austria,8.1,D027,,,,,,,,,,,,
"Pure Chocolate, Sia",Latvia,5.2,A058b,,,,,,,,,,,,
Pure Gains LTD,Bulgaria,B.1,Boulevard+125,,,,,,,,,,,,
Pure Orient GmbH,Germany,10.2,C062,,,,,,,,,,,,
PUREA INDUSTRIA ALIMENTICIA LTDA.,Brazil,8.1,B039d,,,,,,,,,,,,
PureFit Inc.,United States of America,4.1,E090,,,,,,,,,,,,
Purple Valley Sp  z o o,Poland,CF,Confexhall+A020+B029,,,,,,,,,,,,
PVG FOOD HELLAS S.A.,Greece,10.2,G034,,,,,,,,,,,,
PW ARAD Wołczyk Szpak SP.J,Poland,9.1,A061+A069,,,,,,,,,,,,
pyramisr for agri  industry,Egypt,2.1,D056,,,,,,,,,,,,
Q Chocolate BV,Belgium,2.1,B049,,,,,,,,,,,,
Q-PHIL INTERNATIONAL TRADING,Philippines,1.2,N011+M010,,,,,,,,,,,,
Qapsa GmbH,Austria,B.1,Boulevard+216,,,,,,,,,,,,
Qasim Rice Mills,Pakistan,11.3,D038,,,,,,,,,,,,
QFOODS,Peru,3.1,A006,,,,,,,,,,,,
"QIANHE CONDIMENT AND FOOD CO.,LTD",China,P9.1,Passage+Halle+2+Halle+3+A001,,,,,,,,,,,,
"Qianshi Food (Cangzhou) Co.,ltd",China,1.2,M034,,,,,,,,,,,,
Qidong Jinhe Foods Co Ltd,China,CF,Confexhall+D051,,,,,,,,,,,,
"Qin'an Great Wall Fruit Juice & Beverage Co., Ltd.",China,7.1,F066b,,,,,,,,,,,,
Qine Trading PLC,Ethiopia,1.2,H008,,,,,,,,,,,,
"QINGCHENG JIAHUI FOOD CO.,LTD.",China,5.1,B083a,,,,,,,,,,,,
"Qingdao ceavia food co., ltd.",China,10.2,A089g,,,,,,,,,,,,
"Qingdao Johnson Foods Co.,Ltd",China,1.2,L038,,,,,,,,,,,,
"Qingdao Nine-Alliance Group Co., Ltd.",China,9.1,E045,,,,,,,,,,,,
"Qingdao Taifoong Foods Co.,Ltd",China,1.2,K035,,,,,,,,,,,,
"Qingdao UnisonEco Food Technology Co., Ltd",China,CF,Confexhall+B054,,,,,,,,,,,,
QINGDAO ALLIANCE FOOD CORPORATION,China,4.1,A017a,,,,,,,,,,,,
"Qingdao Az Food Co., Ltd",China,P1.1,Passage+Halle+2+Halle+4+020,,,,,,,,,,,,
"Qingdao Bailida food Co., LTD",China,1.2,E034a,,,,,,,,,,,,
"Qingdao Boon Foods Co., Ltd.",China,1.2,H037,,,,,,,,,,,,
"QINGDAO BRAWNUTS FOODSTUFF CO., LTD",China,CF,Confexhall+D043,,,,,,,,,,,,
"QINGDAO CHILI HAPPY FOOD CO., LTD",China,1.2,I035a,,,,,,,,,,,,
"Qingdao Countree Food Co.,Ltd.",China,11.3,C053,,,,,,,,,,,,
"Qingdao Deeshenghengxin Food Co., Ltd.",China,1.2,I031a,,,,,,,,,,,,
"Qingdao Dengbo Foods Co., Ltd",China,9.1,A071,,,,,,,,,,,,
"Qingdao Dequan Food Co., Ltd",China,1.2,J034,,,,,,,,,,,,
"QINGDAO DONGDI IMP.& EXP. Co.,Ltd",China,1.2,I033,,,,,,,,,,,,
"QINGDAO DYTD FOODS CO.,LTD",China,1.2,I037,,,,,,,,,,,,
"Qingdao Ever Green Trading Co., Ltd.",China,1.2,H034,,,,,,,,,,,,
"Qingdao Farm Keeper Supply Chain Management Co., Ltd",China,5.2,C070,,,,,,,,,,,,
"Qingdao Fengshengyuan Agricultural and Sideline Products Co.,Ltd",China,CF,Confexhall+C046,,,,,,,,,,,,
"Qingdao Foodex co.,ltd.",China,1.2,A014,,,,,,,,,,,,
"Qingdao Fuxin Kang Food Co., Ltd",China,1.2,I033a,,,,,,,,,,,,
"Qingdao Golden Rock Nuts Co., Ltd.",China,1.2,M040a,,,,,,,,,,,,
"QINGDAO GREENLINK FOODS CO., LTD.",China,2.2,B007,,,,,,,,,,,,
"Qingdao Harthn-Ritune Corp., Ltd.",China,4.1,B008g,,,,,,,,,,,,
"Qingdao Hongrunxiang Foods Co.,Ltd",China,CF,Confexhall+A044,,,,,,,,,,,,
"Qingdao Huahong Food Co.,Ltd",China,4.1,A034,,,,,,,,,,,,
"QINGDAO JIADE FOODS.CO.,LTD.",China,2.2,A008a,,,,,,,,,,,,
"Qingdao Jiuyuhanwang Food CO.,LTD",China,1.2,H036a,,,,,,,,,,,,
"QINGDAO JIXING FOODS CO.,LTD",China,1.2,H036,,,,,,,,,,,,
"QINGDAO JUSTAR FOOD CO., LTD.",China,4.2,A014a,,,,,,,,,,,,
"Qingdao Juyuan Food Co., Ltd",China,2.2,A057,,,,,,,,,,,,
"Qingdao Kaizhong Foods Co.,Ltd.",China,CF,Confexhall+C059,,,,,,,,,,,,
"Qingdao Kington Produce Co., Ltd",China,2.2,A015a,,,,,,,,,,,,
"Qingdao Medallion Imp. & Exp. Co., Ltd.",China,1.2,N024,,,,,,,,,,,,
"Qingdao Oceanfriends Imp&Exp Co., Ltd.",China,5.1,B074a,,,,,,,,,,,,
"Qingdao Oceanview International Co., Ltd",China,1.2,H032a,,,,,,,,,,,,
"Qingdao Prima Farm Foods Import & Export Co., Ltd",China,1.2,I031,,,,,,,,,,,,
"Qingdao Qiangda Foods Co., Ltd",China,1.2,H031,,,,,,,,,,,,
"Qingdao Shengde Foods Co., Ltd",China,10.2,D014,,,,,,,,,,,,
"Qingdao Sino-World International Trading Co.,Ltd",China,4.1,B011,,,,,,,,,,,,
"Qingdao Smiler Import And Export Co.,Ltd",China,1.2,K030,,,,,,,,,,,,
"Qingdao Sun-Growing Trade Co., Ltd.",China,4.1,B015,,,,,,,,,,,,
"Qingdao Tiancifeng Foods Co., Ltd.",China,1.2,N028,,,,,,,,,,,,
Qingdao Tongsen Group Corporation,China,1.2,H032,,,,,,,,,,,,
"QINGDAO TONGYAQIANYANG FOOD CO.,LTD.",China,1.2,H034a,,,,,,,,,,,,
"Qingdao Topsen Imp. & Exp. Co., Ltd.",China,1.2,K033,,,,,,,,,,,,
"Qingdao Universal Eversing Co., Ltd.",China,4.1,A008,,,,,,,,,,,,
"QINGDAO WGL CO.,LTD",China,4.1,C008a,,,,,,,,,,,,
Qingdao Win Canning International Trade,China,5.2,A060,,,,,,,,,,,,
"QINGDAO XURUN PEANUT PRODUCTS CO.,LTD.",China,1.2,I035,,,,,,,,,,,,
"QINGDAO XWD INDUSTRY & TRADE CO.,LTD",China,1.2,H030,,,,,,,,,,,,
"QINGDAO YUHE FOOD CO., LTD.",China,4.1,A008a,,,,,,,,,,,,
"Qingdao Yunda Foods Co., Ltd.",China,1.2,H030a,,,,,,,,,,,,
"Qingdao Pengdu Imp. & Exp. Co., Ltd.",China,5.2,A060,,,,,,,,,,,,
"Qinhuangdao Ocean Food Co.,Ltd.",China,CF,Confexhall+A048,,,,,,,,,,,,
QITAF Co. For Investment and Marketing,Palestine,10.2,E078,,,,,,,,,,,,
"Qiuhua Food Co., Ltd",China,5.1,A089,,,,,,,,,,,,
QK Meats Ltd.,Ireland,6.1,A042,,,,,,,,,,,,
QNT S.A.,Belgium,4.1,D090,,,,,,,,,,,,
QP FOODS UK LTD,United Kingdom,10.2,E065,,,,,,,,,,,,
Quabas Spa,Italy,6.1,E101,,,,,,,,,,,,
QUADRUM FOODS SP. Z O.O.,Poland,4.2,D060,,,,,,,,,,,,
Quality Gourmet Concepts NV,Belgium,7.1,C032,,,,,,,,,,,,
Quality Meat Scotland,United Kingdom,6.1,C068+D069,,,,,,,,,,,,
Quality Standard Co.,Egypt,2.1,E051a,,,,,,,,,,,,
Quang Bao Export Import Limited Company,Vietnam,CF,Confexhall+A035,,,,,,,,,,,,
"QUANZHOU RUIPENG FOODS CO., LTD",China,1.2,J033,,,,,,,,,,,,
Quaranta Industria Dolciaria S.r.l.,Italy,3.2,C049a,,,,,,,,,,,,
Quarcoo Initiatives Company Limited,Ghana,5.2,C059,,,,,,,,,,,,
Quarki fresh food GmbH,Germany,10.1,C017,,,,,,,,,,,,
QUATTROEMME SRL,Italy,11.2,A014b,,,,,,,,,,,,
Que Pasa BV,Belgium,7.1,F063,,,,,,,,,,,,
Queen Valley Dates Co.,Palestine,10.2,E078,,,,,,,,,,,,
Queens Development and Investment JSC,Vietnam,CF,Confexhall+D050+E059,,,,,,,,,,,,
Dr. Quendt GmbH & Co. KG,Germany,3.2,A010+A018,,,,,,,,,,,,
Quesos Albeniz-Grupo La Vasco Navarra S.A.,Spain,10.1,D070,,,,,,,,,,,,
Quesos Navalmoral S.A.,Spain,10.1,B041,,,,,,,,,,,,
QUESOS NAVAS,Spain,10.1,B054,,,,,,,,,,,,
Quesos Revilla S.L.,Spain,10.1,F034b,,,,,,,,,,,,
QUESOS ROCINANTE S.L.,Spain,10.1,E031a,,,,,,,,,,,,
"Quesos San Vicente Industrias Lácteas San Vicente, S.L.",Spain,10.1,E033,,,,,,,,,,,,
Quesos Subaida S.l.,Spain,10.1,E035a,,,,,,,,,,,,
Quesos Valle de San Juan,Spain,10.1,B058,,,,,,,,,,,,
"QUEVANA FOODS, S.L.",Spain,10.1,A059,,,,,,,,,,,,
Quice Food Industries Ltd.,Pakistan,7.1,G018,,,,,,,,,,,,
Jens Schleicher GmbH,Germany,3.2,C018,,,,,,,,,,,,
Quickfood S.A. - Marfrig Group,Argentina,6.1,E021,,,,,,,,,,,,
Quickies UG,Germany,B.1,Boulevard+157,,,,,,,,,,,,
Quicornac S.A.,Ecuador,8.1,C013,,,,,,,,,,,,
Membrillo el Quijote S.A.,Spain,11.1,F021a,,,,,,,,,,,,
"Quinta de Jugais Comércio de Produtos Alimentares, Lda",Portugal,11.1,F057a,,,,,,,,,,,,
"Quirante Fruits, S.L.U",Spain,P4.1,Passage+Halle+4+Halle+5+A046,,,,,,,,,,,,
QUORUM THE SPANISH FINE CHEESE COMPANY SL THINK MEDITERRANEAN,Spain,10.1,G033,,,,,,,,,,,,
Region of Eastern Macedonia & Thrace,Greece,11.2,F037,,,,,,,,,,,,
RK IND EXPORT PRO LTD.,India,5.1,C067,,,,,,,,,,,,
"R.MONKHORN FROZEN FOOD CO., LTD",Thailand,11.3,G048,,,,,,,,,,,,
"R.S. FOODS TECH (THAILAND) CO., LTD.",Thailand,11.3,G040,,,,,,,,,,,,
Lauro Raatz S.A.,Paraguay,3.1,C081+D081,,,,,,,,,,,,
Rabee,United Arab Emirates,CF,Confexhall+C030,,,,,,,,,,,,
RACHA OLIVES,Morocco,11.3,A040+B049,,,,,,,,,,,,
RAD International / (Falah Foods),Pakistan,11.3,E040c,,,,,,,,,,,,
Radatz Feine Wiener Fleischwaren GmbH,Austria,7.1,A051,,,,,,,,,,,,
RADENSKA d.o.o.,Slovenia,8.1,B038,,,,,,,,,,,,
Radha Exports Pte Ltd,Singapore,2.1,A022a,,,,,,,,,,,,
Radyvylivmoloko LLC,Ukraine,10.1,C079a,,,,,,,,,,,,
Rafaela Alimentos S.A.,Argentina,6.1,C030,,,,,,,,,,,,
Handlowo-Uslugow,Poland,9.1,A061+A069,,,,,,,,,,,,
RAFF Srl,Italy,11.2,B040,,,,,,,,,,,,
RAFINE BILLUR TUZ SAN. A.S.,Türkiye,11.3,B021b,,,,,,,,,,,,
Rahal International inc.,United States of America,8.1,C069,,,,,,,,,,,,
Raisins South Africa NPC,South Africa,4.1,D100,,,,,,,,,,,,
Raisio Nutrition Ltd.,Finland,10.2,A060a,,,,,,,,,,,,
Raj International,India,11.3,G033,,,,,,,,,,,,
Raj Foods International,India,11.3,G035a,,,,,,,,,,,,
Rajkamal Agro Industries,India,11.3,F038a,,,,,,,,,,,,
Rajpol Sp. z o.o.,Poland,11.1,C056,,,,,,,,,,,,
Ralò srl,Italy,11.1,E039,,,,,,,,,,,,
"RAMA FOODS CO., LTD.",Thailand,11.3,H046a,,,,,,,,,,,,
Ramadan Abu Lebbeh Co Alnejmah Sweets,Jordan,2.1,E025,,,,,,,,,,,,
Ramax,Brazil,6.1,E075a,,,,,,,,,,,,
Ramen Takara France,France,5.1,B062,,,,,,,,,,,,
"RAMIREZ & Cª (FILHOS), S.A",Portugal,11.1,F041a,,,,,,,,,,,,
Ramon Sabater S.A.U.,Spain,11.1,D017c,,,,,,,,,,,,
Ramos Agro Gida Loj. Ins. Ith. Ihr. San. ve Tic. Ltd. Sti.,Türkiye,11.3,B013a,,,,,,,,,,,,
Ramsden International,United Kingdom,10.2,E050a,,,,,,,,,,,,
Ran Foods Inc,Canada,11.2,D039,,,,,,,,,,,,
Rancrisp Marketing (pvt) Ltd,Sri Lanka,1.2,G021,,,,,,,,,,,,
"RaoYang Zhenxing Food Co., Ltd.",China,P1.1,Passage+Halle+2+Halle+4+003,,,,,,,,,,,,
Rarasfar Inc.,"Korea, Republic of",5.2,A069b,,,,,,,,,,,,
Rasagra Gida Dis Tic. Ltd. Sti.,Türkiye,11.3,A024b,,,,,,,,,,,,
RASPINI SPA,Italy,7.1,A023,,,,,,,,,,,,
ratzfatz food GmbH,Germany,5.1,F081,,,,,,,,,,,,
RAUCH Fruchtsäfte GmbH & Co OG,Austria,8.1,C028,,,,,,,,,,,,
Ravensworth Agricultural Company of Australia,Australia,6.1,B104,,,,,,,,,,,,
Ravi Foods Pvt Ltd,India,2.2,E031,,,,,,,,,,,,
Ravico SA,Belgium,2.1,A052,,,,,,,,,,,,
Raviolificio Lo Scoiattolo SpA,Italy,5.1,C060,,,,,,,,,,,,
Raya Foods,Egypt,4.2,A064,,,,,,,,,,,,
RC Food,Italy,5.2,A030+B031,,,,,,,,,,,,
RDM Ic ve Dis Ticaret Mumessilik Ltd. Sti.,Türkiye,9.1,D041%2C+D041gE048g,,,,,,,,,,,,
RDR Impex Pvt.Ltd.,India,11.3,F034,,,,,,,,,,,,
Rea Coop,Greece,8.1,B028,,,,,,,,,,,,
Real Fresh Agriculture,Egypt,4.2,C090,,,,,,,,,,,,
REBOUND MBA SRL,Romania,11.3,E014,,,,,,,,,,,,
REC REC COMPANY LIMITED,Vietnam,1.2,D023,,,,,,,,,,,,
Recla AG - Spa,Italy,7.1,B060,,,,,,,,,,,,
Recorn Foods Pvt Ltd,India,11.3,B044a,,,,,,,,,,,,
RedFishCo,Colombia,3.1,D030+D048,,,,,,,,,,,,
REDIEX - Ministry of Industry and Commerce Paraguay,Paraguay,3.1,C081+D081,,,,,,,,,,,,
Redmond Life,United States of America,4.1,E100,,,,,,,,,,,,
"Redondo Iglesias, S.A.U.",Spain,7.1,C022,,,,,,,,,,,,
REDORO SRL FRANTOI VENETI,Italy,11.2,E028,,,,,,,,,,,,
RedSun Dried Fruit & Nuts Pty Ltd,South Africa,10.2,E091,,,,,,,,,,,,
Refee Manufacturing Company,Saudi Arabia,CF,Confexhall+E038,,,,,,,,,,,,
Régals de Bretagne,France,2.2,D033a,,,,,,,,,,,,
Regency Teas (PVT) Ltd.,Sri Lanka,8.1,B093,,,,,,,,,,,,
KOURANTIDIS NIKOLAOS,Greece,2.2,D028,,,,,,,,,,,,
Regina Co. for pasta & food industries,Egypt,2.1,D059,,,,,,,,,,,,
REGINA CON. IOANNIDIS SA,Greece,10.2,G046,,,,,,,,,,,,
REGION OF CENTRAL MACEDONIA,Greece,11.2,G057b,,,,,,,,,,,,
REGION OF NORTH AEGEAN,Greece,8.1,E039a,,,,,,,,,,,,
REGION OF THESSALY,Greece,10.2,I030,,,,,,,,,,,,
REGION OF WESTERN GREECE,Greece,10.2,H039,,,,,,,,,,,,
REGIONE CALABRIA,Italy,11.2,D008,,,,,,,,,,,,
Campania Region,Italy,5.2,B040,,,,,,,,,,,,
Regione Lazio - Arsial,Italy,5.2,A030+B031,,,,,,,,,,,,
REGIU PLANT SRL,Romania,5.1,D033a,,,,,,,,,,,,
REHA Milk Products Industry and Trading,Türkiye,10.1,D073,,,,,,,,,,,,
Reichenau-Gemüse eG,Germany,10.2,D051a,,,,,,,,,,,,
Reichold Feinkost GmbH,Germany,10.2,B010%2C+B011,,,,,,,,,,,,
Reigna Gida Ith. Ihr. San. ve Tic. A.S.,Türkiye,11.3,C034a,,,,,,,,,,,,
"Postres y Dulces Reina, S.L.",Spain,10.2,C088,,,,,,,,,,,,
Reis Tarimsal Urunler San. ve Tic. A.S.,Türkiye,11.3,D031,,,,,,,,,,,,
Reist Popcorn Company,United States of America,10.2,H067,,,,,,,,,,,,
Reitzel International (Suisse) SA,Switzerland,3.1,C050,,,,,,,,,,,,
Relifoods Joint Stock Company,Vietnam,4.2,B098,,,,,,,,,,,,
Relkon Hellas S.A.,Greece,2.2,E049,,,,,,,,,,,,
Remia C.V.,Netherlands,11.1,F018,,,,,,,,,,,,
Remkes Convenience B.V.,Netherlands,6.1,D060,,,,,,,,,,,,
Rene Coffee Pads Magmar sp z o.o.,Poland,8.1,B067,,,,,,,,,,,,
El. Renieris & Co.,Greece,11.2,F031,,,,,,,,,,,,
Renna SRL,Italy,5.1,B008,,,,,,,,,,,,
Renuka Foods PLC,Sri Lanka,5.1,C081,,,,,,,,,,,,
Retaj Al Ghala Company For Sweets,Saudi Arabia,CF,Confexhall+D038,,,,,,,,,,,,
Revala OÜ,Estonia,10.1,A072+A078,,,,,,,,,,,,
Revo Foods GmbH,Austria,1.2,B036,,,,,,,,,,,,
Revyve B.V.,Netherlands,1.2,D028+E029,,,,,,,,,,,,
Reypol Sp. z o.o.,Poland,CF,Confexhall+A010+B019,,,,,,,,,,,,
RFG FOODS PTY LTD,South Africa,11.1,A050+B059,,,,,,,,,,,,
RHODIUS Mineralquellen und Getränke GmbH & Co. KG,Germany,7.1,E009,,,,,,,,,,,,
Rhumveld Winter & Konijn BV,Netherlands,11.1,G010,,,,,,,,,,,,
Riberebro / The Real Green Food,Spain,P4.1,Passage+Halle+4+Halle+5+A030,,,,,,,,,,,,
RIBEREGA S.COOP,Spain,P4.1,Passage+Halle+4+Halle+5+A040a,,,,,,,,,,,,
Ribes-Oli S.A.T.,Spain,11.1,B031a,,,,,,,,,,,,
Riboldi SA,Argentina,3.1,C061,,,,,,,,,,,,
Riccione S.r.l.,Italy,5.1,B063,,,,,,,,,,,,
Rice Experts Enterprises,Pakistan,5.1,D050,,,,,,,,,,,,
Riclan S.A.,Brazil,3.1,C020,,,,,,,,,,,,
Rift Valley Germany GmbH,Germany,B.1,Boulevard+082,,,,,,,,,,,,
Rigas piena kombinäts AS,Latvia,10.1,G024,,,,,,,,,,,,
RIGAS STATHOPOULOS CO LP RIGAS NUTS,Greece,10.2,I045,,,,,,,,,,,,
riha WeserGold Getränke GmbH & Co. KG,Germany,8.1,D010,,,,,,,,,,,,
Rila Feinkost-Importe GmbH & Co. KG,Germany,10.2,C031,,,,,,,,,,,,
Rillettes De L'Ermitage S.A.S.,France,7.1,D019,,,,,,,,,,,,
Rined Srl,Italy,4.1,C021,,,,,,,,,,,,
Rinji beer bv,Netherlands,B.1,Boulevard+164%2C+Boulevard+164l,,,,,,,,,,,,
Rio Mints & Sweeteners B.V.,Netherlands,4.1,E091,,,,,,,,,,,,
Rio Spirits Ltd,Bulgaria,7.1,E023,,,,,,,,,,,,
"Comercial Rioverde, S.A.",Spain,11.1,C016a,,,,,,,,,,,,
Riseria Cremonesi 1951 Srl,Italy,5.2,D039,,,,,,,,,,,,
Riseria del Basso Veronese Grazia Srl,Italy,11.2,A052b,,,,,,,,,,,,
Riseria Vignola Giovanni S.p.A.,Italy,2.1,C048,,,,,,,,,,,,
Riso Gallo S.p.A.,Italy,11.2,F019b,,,,,,,,,,,,
"RISO - R,  s.r.o.",Slovakia,10.2,B091,,,,,,,,,,,,
Riso Merlano Srl,Italy,5.2,B014a,,,,,,,,,,,,
RISTORIS SRL,Italy,11.2,C060a,,,,,,,,,,,,
"Rita Food and Drink Co., Ltd",Vietnam,8.1,E094,,,,,,,,,,,,
SIA Rital-D,Latvia,6.1,A055,,,,,,,,,,,,
Riunione Commerciale SRL,Italy,11.2,B049,,,,,,,,,,,,
Riva Alimentari Uniti S.r.l.,Italy,5.2,B020+C021,,,,,,,,,,,,
Rival Foods,Netherlands,1.2,D028+E029,,,,,,,,,,,,
River Valley Specialty Farms Inc.,Canada,11.2,D037a,,,,,,,,,,,,
Riverside International BV,Netherlands,5.1,C011,,,,,,,,,,,,
Riviere D'or,Tunisia,11.3,D043a,,,,,,,,,,,,
ETS RIVOIRE-JACQUEMIN,France,10.1,B018,,,,,,,,,,,,
Riz Global Foods,Canada,6.1,E068b,,,,,,,,,,,,
"Rizhao Evergreen Biotechnology Co., Ltd.",China,CF,Confexhall+A050,,,,,,,,,,,,
"Rizhao Golden Nut Cereals and Oils Co.,Ltd.",China,1.2,L031,,,,,,,,,,,,
"Rizhao Tingrui Trade Co., Ltd",China,4.1,A020,,,,,,,,,,,,
"Rizhao Xinglu Foodstuffs Co.,Ltd",China,5.1,A074,,,,,,,,,,,,
"Rizhao Xinzongyuan Food Co., Ltd",China,4.2,E093,,,,,,,,,,,,
Rizos Nuts S.A.,Greece,10.2,A051,,,,,,,,,,,,
Rizzoli Emanuelli S.p.A.,Italy,11.2,B048a,,,,,,,,,,,,
RK Agroexport Private Ltd,India,3.1,A015a,,,,,,,,,,,,
RLA Distribution Services Corp.,United States of America,8.1,E057,,,,,,,,,,,,
RMJ Modern Rice Mill,India,CF,Confexhall+G010,,,,,,,,,,,,
RMM Agro Exports,India,3.1,D018,,,,,,,,,,,,
Vina Jarkovic d.o.o.,Slovenia,11.1,E038,,,,,,,,,,,,
Robust International Pte Ltd,Singapore,2.1,A018,,,,,,,,,,,,
"Roc Co., Ltd.","Korea, Republic of",B.1,Boulevard+131,,,,,,,,,,,,
Roca 1927 S.L.U.,Spain,6.1,C088,,,,,,,,,,,,
Fromagerie de Rochefort SRL,Belgium,10.1,B020a,,,,,,,,,,,,
Rockmount Foods,India,8.1,D096,,,,,,,,,,,,
Rodolfi Mansueto S.p.A.,Italy,11.2,E042,,,,,,,,,,,,
Rodoula S.A.,Greece,4.1,D071,,,,,,,,,,,,
ROENCAR SL,Spain,11.1,A012a,,,,,,,,,,,,
Confectionery Factory Mercury Ltd,Ukraine,3.1,D074,,,,,,,,,,,,
"Rokubei Co., Ltd",Japan,2.1,B026b,,,,,,,,,,,,
Roleski Sp.j.,Poland,2.1,D018,,,,,,,,,,,,
Industrie Rolli Alimentari S.p.a,Italy,4.2,D071,,,,,,,,,,,,
Romagna Coop Food,Italy,11.2,E058,,,,,,,,,,,,
Romanhol International SA,Brazil,3.1,D021,,,,,,,,,,,,
ROMANZINI,France,10.2,F010,,,,,,,,,,,,
ROMEO ROSSI SRL,Italy,11.2,A059,,,,,,,,,,,,
ROMEO SRL,Italy,5.2,A041+A049,,,,,,,,,,,,
Roncadin SPA SB,Italy,4.1,A070,,,,,,,,,,,,
"RONGCHENG LUYANG AQUATIC FOODS CO., LTD.",China,4.2,E097b,,,,,,,,,,,,
Rooiboslief Lifestyle Pty Ltd,South Africa,11.1,A050+B059,,,,,,,,,,,,
ROS-SWEET Sp. z o.o.,Poland,10.2,B023,,,,,,,,,,,,
ROSARIO EXPORTS LTD,United Kingdom,10.2,E058,,,,,,,,,,,,
Rosderra Irish Meats,Ireland,6.1,A040,,,,,,,,,,,,
Roshan Fruits India Private Limited,India,8.1,B008,,,,,,,,,,,,
Rosie & Jim,Ireland,4.1,D035,,,,,,,,,,,,
Rossen Market Development Co.,Iran,2.1,E054,,,,,,,,,,,,
ROUGIÉ,France,9.1,C036a,,,,,,,,,,,,
ROUSSAS DAIRY S.A.,Greece,10.1,D021,,,,,,,,,,,,
"Route66 International, Inc.",United States of America,CF,Confexhall+E044,,,,,,,,,,,,
ROY Kombucha GmbH,Germany,B.1,Boulevard+160,,,,,,,,,,,,
Royal A-Ware Food Group,Netherlands,10.1,D048,,,,,,,,,,,,
Royal Armenia JV LLC,Armenia,2.1,D058+E059,,,,,,,,,,,,
Royal Beverages LLC,Kosovo,2.1,E010a,,,,,,,,,,,,
"Royal Family Food Co., Ltd.",Taiwan,2.1,D047,,,,,,,,,,,,
Royal Foods,Iran,2.1,F055,,,,,,,,,,,,
Royal Import & Export,India,2.2,E037,,,,,,,,,,,,
Royal Mediterranean - Tsatsoulis Bros,Greece,10.2,G048,,,,,,,,,,,,
Royal Nordic SIA,Latvia,5.1,A040,,,,,,,,,,,,
"ROYAL OF JAPAN, LTD.",Japan,2.1,B024a,,,,,,,,,,,,
Royal Plus Public Company Limited,Thailand,8.1,B007,,,,,,,,,,,,
ROYAL TECHNO FOODSTUFF TRADING LLC,United Arab Emirates,2.1,E061,,,,,,,,,,,,
Royalnuts LLC,Georgia,11.1,E053,,,,,,,,,,,,
RoyalPaté,Hungary,7.1,E052b,,,,,,,,,,,,
Royalsekt Zrt.,Hungary,7.1,E056b,,,,,,,,,,,,
ROZI INTERNATIONAL (PRIVATE) LIMITED,Pakistan,11.3,E048a,,,,,,,,,,,,
"RPAC, LLC",United States of America,10.2,I068,,,,,,,,,,,,
RS Exportacion de Aceites S.L.,Spain,11.1,C008,,,,,,,,,,,,
RS Vision Expo BV,Netherlands,11.1,G030,,,,,,,,,,,,
RSG Impex,India,B.1,Boulevard+214,,,,,,,,,,,,
Rubin Spice Paprika Processing Ltd,Hungary,5.1,C063a,,,,,,,,,,,,
Rubio Snacks S.L.,Spain,11.1,B025a,,,,,,,,,,,,
"RUD, JSC.",Ukraine,4.1,D030,,,,,,,,,,,,
RUDOLPH FOODS BRASIL IND DE ALIM,Brazil,9.1,C049a,,,,,,,,,,,,
Rudopal Sp. z o.o.,Poland,5.2,E043,,,,,,,,,,,,
Rudys Brewing Co,Latvia,7.1,E037,,,,,,,,,,,,
RUF Lebensmittelwerk KG,Germany,10.2,A030,,,,,,,,,,,,
"RUIFU SESAME OIL CO., LTD.",China,1.2,K044,,,,,,,,,,,,
SIA Rujienas Saldejums,Latvia,4.1,A037,,,,,,,,,,,,
Rumani Agencies Limited,Kenya,3.1,A023,,,,,,,,,,,,
Rummo SpA,Italy,11.2,E051g,,,,,,,,,,,,
Run Chlodnia we Wloclawku sp. z o.o.,Poland,5.2,E043,,,,,,,,,,,,
Ruparel Foods Pvt. Ltd.,India,2.2,A021,,,,,,,,,,,,
Rupp Austria GmbH,Austria,10.1,D030,,,,,,,,,,,,
Rustichella d'Abruzzo SpA,Italy,5.2,B012a,,,,,,,,,,,,
RV Fresh Foods B.V.,Netherlands,5.1,C022,,,,,,,,,,,,
CBI-RVO Rijksdienst Voor Ondernemend Nederland,Netherlands,5.2,C056g,,,,,,,,,,,,
RXM,Brazil,6.1,E075,,,,,,,,,,,,
"RYK Trading Co., Ltd",China,P9.1,Passage+Halle+2+Halle+3+A005a,,,,,,,,,,,,
"Ryutsu Service Co., Ltd.",Japan,2.1,C025a,,,,,,,,,,,,
Rømer Vegan Product ApS,Denmark,5.1,E071+F078,,,,,,,,,,,,
S AND G EXPORTS,India,11.3,F034a%2C+F031gF039g,,,,,,,,,,,,
S K BROTHERS,India,11.3,F038,,,,,,,,,,,,
SS 58 Ltd.,Bulgaria,B.1,Boulevard+097%2C+Boulevard+097l,,,,,,,,,,,,
S&B Foods Inc.,Japan,2.1,B028,,,,,,,,,,,,
S&M Foods S.A.C.,Peru,3.1,B002,,,,,,,,,,,,
S-S Dream LLC,Armenia,11.3,C049,,,,,,,,,,,,
S.A.Importadora y Exportadora de la Patagonia,Argentina,6.1,D031,,,,,,,,,,,,
Bonnysa,Spain,11.1,A043,,,,,,,,,,,,
Evicom Honey S.R.L.,Romania,5.1,D039,,,,,,,,,,,,
PANILINO,Moldova,5.2,B058,,,,,,,,,,,,
PRINTCO,Romania,11.3,F025,,,,,,,,,,,,
S.C. SAMCOM AS S.R.L.,Romania,9.1,B039,,,,,,,,,,,,
S.C. SUNIMPROF ROTTAPRINT SRL Rottaprint,Romania,9.1,B050c,,,,,,,,,,,,
S.P. SPA,Italy,11.2,B018,,,,,,,,,,,,
SA Farmed Abalone Export Council,South Africa,11.1,A050+B059,,,,,,,,,,,,
SA GIANG IMPORT EXPORT CORPORATION VINH HOAN CORPORATION,Vietnam,1.2,L008,,,,,,,,,,,,
SAADELDEEN Co.,Jordan,8.1,A101,,,,,,,,,,,,
SAAR ORIGINIA FOODS Information not for VAT purposes VAT N°: ESA50328723,Spain,4.2,B069,,,,,,,,,,,,
Sabarot Wassner SAS,France,10.2,F011,,,,,,,,,,,,
J.R. Sabater,Spain,11.1,A019,,,,,,,,,,,,
Sabatino Italia S.R.L.,Italy,5.2,B045,,,,,,,,,,,,
Sabelli S.P.A.,Italy,10.1,B069,,,,,,,,,,,,
Sabirlar Findik Ihracat Ltd. Sti.,Türkiye,11.3,B029b,,,,,,,,,,,,
Sabor Verde,Netherlands,11.1,G015,,,,,,,,,,,,
"Sabormex, S.A. de C.V.",Mexico,3.1,C078+D079,,,,,,,,,,,,
Sabri Bakisgan Ve Ogullari Gida San. ve Tic. Ltd. Sti.,Türkiye,11.3,B010,,,,,,,,,,,,
SAC S.p.A.,Italy,11.2,D038,,,,,,,,,,,,
SACCHI TARTUFI INTERNATIONAL S.R.L.,Italy,10.2,B027,,,,,,,,,,,,
SACESA SELECCION SL,Spain,11.1,C019,,,,,,,,,,,,
Sachsenmilch Leppersdorf GmbH,Germany,10.1,E051,,,,,,,,,,,,
F.lli Saclà S.p.A.,Italy,11.2,B020,,,,,,,,,,,,
SACRE WILLY,France,4.2,C048,,,,,,,,,,,,
Saudia dairy and food stuff company SADAFCO,Saudi Arabia,CF,Confexhall+E029,,,,,,,,,,,,
Sadat Nuts Co,Iran,2.1,F051,,,,,,,,,,,,
Gospodarstwo Pasieczne Sadecki Bartnik Sp.z.o.o.,Poland,P9.1,Passage+Halle+2+Halle+3+A003,,,,,,,,,,,,
Sadef Gida San. ve Tic. A.S.,Türkiye,5.1,D045,,,,,,,,,,,,
SAEXMA S.L.,Spain,8.1,A109,,,,,,,,,,,,
SAFCO International General Trading LLC,United Arab Emirates,5.2,A048,,,,,,,,,,,,
Safeway International Impex,Romania,11.3,E012,,,,,,,,,,,,
SC Safir SRL,Romania,9.1,A057,,,,,,,,,,,,
SAFRUNAT SL,Spain,11.1,C032,,,,,,,,,,,,
SAFVCEC,South Africa,11.1,A050+B059,,,,,,,,,,,,
Sagana Nuts Limited,Kenya,5.2,C059,,,,,,,,,,,,
SAGI s.r.l.,Italy,11.2,C031,,,,,,,,,,,,
Saha Pathanapibul PLC.,Thailand,11.3,H033a,,,,,,,,,,,,
Sahab Shubra,Saudi Arabia,CF,Confexhall+E011+D010,,,,,,,,,,,,
Sahyadri farms post harvest care Ltd.,India,CF,Confexhall+G048,,,,,,,,,,,,
"Saigon Spices Import Export Co., Ltd",Vietnam,1.2,N008,,,,,,,,,,,,
SAINTE LUCIE,France,2.2,C036a,,,,,,,,,,,,
Saipei Foods Ltd,Kenya,3.1,A023,,,,,,,,,,,,
SAITE S.R.L,Bolivia,5.1,C071,,,,,,,,,,,,
Sakami Coffee Ltd,Kenya,3.1,A023,,,,,,,,,,,,
"Sakata Beika Co., Ltd.",Japan,2.1,D027,,,,,,,,,,,,
Saki Food GmbH,Germany,2.1,D026,,,,,,,,,,,,
Al Sakr for Food Industries,Egypt,2.1,D055,,,,,,,,,,,,
Sakr for Agriculture Products (Sakr Gardens),Egypt,4.2,E083,,,,,,,,,,,,
Saku Brewery Ltd,Estonia,8.1,B013,,,,,,,,,,,,
Sakura,Brazil,3.1,C026,,,,,,,,,,,,
Salumificio La Torre Spa,Italy,7.1,D015,,,,,,,,,,,,
Salam Rouyan Rastak,Iran,P4.1,Passage+Halle+4+Halle+5+A063a,,,,,,,,,,,,
Saldva,Lithuania,11.1,G018,,,,,,,,,,,,
Salewski Feinkost GmbH,Germany,4.2,C020,,,,,,,,,,,,
SALICA INDUSTRIA ALIMENTARIA S.A.,Spain,11.1,A040a,,,,,,,,,,,,
Schouten Europe B.V.,Netherlands,1.2,E021,,,,,,,,,,,,
I. Schroeder KG (GmbH & Co),Germany,4.2,C088+B089,,,,,,,,,,,,
Schwarzwaldmilch GmbH Freiburg,Germany,10.2,D059a,,,,,,,,,,,,
Rudolph Debbeler Schwede Fleisch GmbH & Co.KG,Germany,6.1,C106,,,,,,,,,,,,
Sciara srl,Italy,5.2,A041+A049,,,,,,,,,,,,
Scritch & CO SRL,Belgium,2.2,D049a,,,,,,,,,,,,
"SDIC Zhonglu Fruit Juice Co., Ltd.",China,7.1,F068a,,,,,,,,,,,,
Sdoukos S.A.,Greece,10.2,I019,,,,,,,,,,,,
SDS Spices (Pvt) Ltd.,Sri Lanka,1.2,G023,,,,,,,,,,,,
Sea Star Company,Jordan,2.1,E023,,,,,,,,,,,,
Sea Value Public Company Ltd,Thailand,11.3,H012,,,,,,,,,,,,
SEAFOODIA,France,9.1,B011,,,,,,,,,,,,
Seamaster Products Kft.,Hungary,7.1,E054,,,,,,,,,,,,
Seatrade Canning Corporation,Philippines,1.2,N011+M010,,,,,,,,,,,,
SEBAHAT SA,Belgium,2.2,B058,,,,,,,,,,,,
SECOM ONIX IMPEX SRL,Romania,11.3,F023,,,,,,,,,,,,
SecoSalt - Saudi Egyptian Company for Salt and Minerals,Egypt,2.1,D052a,,,,,,,,,,,,
SECRET ELEMENT GROUP S.R.L.,Moldova,5.2,B058b,,,,,,,,,,,,
SEDA,Saudi Arabia,CF,Confexhall+E011+D010,,,,,,,,,,,,
Sede America S.A.,Argentina,9.1,D053,,,,,,,,,,,,
Sedfa,South Africa,11.1,A060,,,,,,,,,,,,
See Green Organics,India,1.2,G014,,,,,,,,,,,,
See's International Food Mfg. Corp.,Philippines,1.2,N011+M010,,,,,,,,,,,,
Seeberger GmbH,Germany,10.2,C058,,,,,,,,,,,,
SEED FOOD SOCIEDAD ANONIMA CERRADA,Peru,3.1,A010,,,,,,,,,,,,
Segea Ltd,Cyprus,9.1,B017a,,,,,,,,,,,,
Segev Food B.V,Netherlands,5.2,C050,,,,,,,,,,,,
Segmen Kardesler Gida Uretim ve Ambalaj Sanayi A.S.,Türkiye,2.2,B035,,,,,,,,,,,,
Sehha Global LLC,United Arab Emirates,2.1,D045,,,,,,,,,,,,
Seitenbacher Vertriebs GmbH,Germany,10.2,C011,,,,,,,,,,,,
PT Sekar Laut Tbk,Indonesia,1.2,K011+J010,,,,,,,,,,,,
SEKE SA,Greece,11.2,G050,,,,,,,,,,,,
"Sela Pepper CO., Ltd",Cambodia,4.1,D094,,,,,,,,,,,,
SELECT BAKERY STAVROS NENDOS SA,Greece,3.2,B039,,,,,,,,,,,,
Select Fish S.A,Greece,4.1,D079,,,,,,,,,,,,
Select Harvest USA,United States of America,10.2,I079,,,,,,,,,,,,
SELECTA FOODS TRADING S.A.,Paraguay,3.1,C081+D081,,,,,,,,,,,,
SELEKTIA ITALIA SRL,Italy,11.2,E049,,,,,,,,,,,,
Selektmeat Products BV,Netherlands,4.2,A021,,,,,,,,,,,,
Selen Food GmbH,Germany,8.1,C108,,,,,,,,,,,,
SELMI FOODS,Brazil,3.1,C020b,,,,,,,,,,,,
Selva Gida Sanayi A.S.,Türkiye,11.3,C037a,,,,,,,,,,,,
Selva Industrial S.A.,Peru,4.2,D055,,,,,,,,,,,,
Selvan Tarim Gida Urunleri San. Tic. Ltd Sti.,Türkiye,11.3,D025,,,,,,,,,,,,
Semih Hacim Tarim Ürünleri San. Ve Tic.,Türkiye,P4.1,Passage+Halle+4+Halle+5+A054,,,,,,,,,,,,
Sempio Foods Company,"Korea, Republic of",5.2,D017,,,,,,,,,,,,
Semvra Veconsa S.A.,Ecuador,3.1,B027,,,,,,,,,,,,
Sena Mills Refineries Exports (Pvt) Ltd,Sri Lanka,5.1,F060,,,,,,,,,,,,
SENDA MIZUHO Ltd.,Japan,2.1,E041,,,,,,,,,,,,
Seneca Foods Corporation,United States of America,10.2,I056,,,,,,,,,,,,
Senfas,France,10.2,G039,,,,,,,,,,,,
Senocak Gida Findik Entegre Turz. Nak. Ins. San. Tic. Ltd. Sti.,Türkiye,11.3,A010a,,,,,,,,,,,,
Señorios de Relleu S.L,Spain,11.1,B033a,,,,,,,,,,,,
Sentai Asiancook,France,5.2,E030,,,,,,,,,,,,
"Seoul F&B Co., Ltd.","Korea, Republic of",7.1,G045,,,,,,,,,,,,
SERBA WANGI SDN BHD,Malaysia,1.2,J017,,,,,,,,,,,,
Serena Ltd.,Bulgaria,5.1,F013,,,,,,,,,,,,
Serena S.R.L.,Italy,6.1,D104,,,,,,,,,,,,
Sergio Food Ind.,United Arab Emirates,CF,Confexhall+C032a,,,,,,,,,,,,
Carnicas Serrano S.L.,Spain,7.1,B048,,,,,,,,,,,,
Sertop Sp.z.o.o.,Poland,10.1,A029,,,,,,,,,,,,
Sesajal,Mexico,10.2,F079,,,,,,,,,,,,
Sesame Fields Food Industries Company,Jordan,2.1,D024a,,,,,,,,,,,,
F. CHOICE - SESAMIS NATURAL BARS,Greece,3.2,B041a,,,,,,,,,,,,
Setsong African Tea Crafters,South Africa,11.1,A050+B059,,,,,,,,,,,,
Settele GmbH & Co. KG,Germany,5.1,C040,,,,,,,,,,,,
"Setton Pistachio of Terra Bella, Inc.",United States of America,10.2,H070,,,,,,,,,,,,
Seven Hills Agro Commodities LLC,Uzbekistan,5.1,B079+C078,,,,,,,,,,,,
Seven Sky For Food Industries,Egypt,2.1,C056,,,,,,,,,,,,
Seven Star Ocean Fisheries Limited,China,4.1,B016a,,,,,,,,,,,,
SEVENCO S.A.,"Korea, Republic of",5.2,A071a,,,,,,,,,,,,
SEVENFOODS LTD,Türkiye,4.2,B030,,,,,,,,,,,,
"Sewha Seafood Co., Ltd.","Korea, Republic of",5.1,A062b,,,,,,,,,,,,
"Seyang Co., Ltd.","Korea, Republic of",5.1,A062a,,,,,,,,,,,,
Seyidoglu Gida San. ve Tic. A.S.,Türkiye,2.2,B038,,,,,,,,,,,,
Seyran Gida San. ve Tic. A.S.,Türkiye,11.3,A020,,,,,,,,,,,,
Seyrek Tarim Urunleri San. Ve Tic. Ltd. Sti.,Türkiye,11.3,D035,,,,,,,,,,,,
Sezgin Sayar Gida San. ve Tic. Ltd. Sti.,Türkiye,11.3,C025a,,,,,,,,,,,,
SFD S.A.,Poland,8.1,B027,,,,,,,,,,,,
"S.F.I Asia Co., Ltd",China,4.2,A091,,,,,,,,,,,,
"SGM Ferias y Servicios, S.L.",Spain,P4.1,Passage+Halle+4+Halle+5+B038,,,,,,,,,,,,
SGProtein Pte. Ltd.,Singapore,1.2,B034a,,,,,,,,,,,,
SGWH,Switzerland,10.1,C026,,,,,,,,,,,,
"SHAANXI JIEDONG FRUIT JUICE CO.,LTD.",China,P9.1,Passage+Halle+2+Halle+3+A002b,,,,,,,,,,,,
"Shaanxi jiwei Food Co.,Ltd.",China,P9.1,Passage+Halle+2+Halle+3+A001b,,,,,,,,,,,,
Shah Trading Company Ltd.,Canada,11.2,C046,,,,,,,,,,,,
Shakti Foods,India,11.3,G027a,,,,,,,,,,,,
SHAMEEM GULBAHAR CO. LTD,Iraq,1.2,L021,,,,,,,,,,,,
A . F JONES EXPORTERS CEYLON (PVT) LTD,Sri Lanka,8.1,C089,,,,,,,,,,,,
"Shan Shui Me Food Enterprise Co., Ltd.",Taiwan,2.1,B007,,,,,,,,,,,,
Shan Teas (PVT) Ltd.,Sri Lanka,8.1,D099,,,,,,,,,,,,
"Shandong Sunshine International Trade Co., Ltd.",China,5.2,D069,,,,,,,,,,,,
"Shandong Agroland Foodstuff Co., Ltd.",China,2.2,A059a,,,,,,,,,,,,
"Shandong Farmer Land Foodstuff Co., Ltd.",China,2.2,A059g,,,,,,,,,,,,
Fengxiang Food Development,China,9.1,E057,,,,,,,,,,,,
"Shandong Flavoryland Food Co., Ltd",China,5.1,B084,,,,,,,,,,,,
"Shandong Gangyue Food Co., Ltd.",China,CF,Confexhall+C047,,,,,,,,,,,,
"SHANDONG HANJIN FOOD CO.,LTD.",China,2.2,A061,,,,,,,,,,,,
Shandong Huanfeng Food Co. Ltd,China,4.1,C010,,,,,,,,,,,,
"Shandong Huayu Group Co., Ltd.",China,4.1,C008,,,,,,,,,,,,
"Shandong Jinhan Foods Co., Ltd.",China,5.1,A084b,,,,,,,,,,,,
"Shandong Joywin Foods Co., Ltd.",China,CF,Confexhall+F041,,,,,,,,,,,,
"Shandong Juxinyuan Agricultural Technology Co., Ltd.",China,1.2,E036,,,,,,,,,,,,
SHANDONG JY FOODS GROUP CO LTD,China,P1.1,Passage+Halle+2+Halle+4+005a,,,,,,,,,,,,
"Shandong Kangding Food Co., Ltd.",China,4.2,A014,,,,,,,,,,,,
"SHANDONG KINGSTAR INTERNATIONAL TRADE CO., LTD",China,CF,Confexhall+B045,,,,,,,,,,,,
"SHANDONG LECHANG SEASONING CO., LTD",China,4.2,A012a,,,,,,,,,,,,
"Shandong Mingtai Biological Technology Co., Ltd.",China,1.2,F033a,,,,,,,,,,,,
"Shandong Nutrition Guardian Food Co.,Ltd",China,1.2,J039,,,,,,,,,,,,
"Shandong Pangda Food Co.,Ltd.",China,CF,Confexhall+D045,,,,,,,,,,,,
"Shandong Qingmaiyuan Agricultural Technology Development Co., Ltd.",China,4.1,A014a,,,,,,,,,,,,
"SHANDONG SANGONGJU FOOD CO., LTD",China,1.2,N025,,,,,,,,,,,,
"Shandong Santao Food Co., Ltd",China,4.2,C094,,,,,,,,,,,,
"Shandong Seahisun Agriculture&Husbandry Group Co.,LTD",China,CF,Confexhall+B047,,,,,,,,,,,,
"Shandong Seasir Brewing Food Co., Ltd.",China,1.2,N028a,,,,,,,,,,,,
"Shandong Shuochang Agri-food Co., Ltd.",China,4.1,C016,,,,,,,,,,,,
"Shandong Sunshine Vermicelli Co., Ltd",China,1.2,L048a,,,,,,,,,,,,
"Shandong Walsung Food Co.,Ltd",China,CF,Confexhall+D049,,,,,,,,,,,,
Shandong Wheatsun Food Co. Ltd.,China,4.1,A015b,,,,,,,,,,,,
"Shandong Xinnuo Food Technology Co., Ltd",China,CF,Confexhall+B059,,,,,,,,,,,,
"Shandong Yipin Agro (Group) Co., Ltd.",China,1.2,F039,,,,,,,,,,,,
Shandong Zhonghe Foodstuffs,China,1.2,D038,,,,,,,,,,,,
"Shandong Zhonglu Food Co., Ltd.",China,4.1,A004,,,,,,,,,,,,
"Shandong Ziyu Import & Export Co., Ltd.",China,4.1,A024b,,,,,,,,,,,,
"Shandong Hitop Foodstuff Co., Ltd",China,2.2,A002,,,,,,,,,,,,
"Shangdong Rongda Jinyi Food Technology Co.,Ltd.",China,CF,Confexhall+B049,,,,,,,,,,,,
"Shanghai Everglory Int'l Trading Co., Ltd.",China,1.2,K032,,,,,,,,,,,,
"SHANGHAI MINCHEN BUSINESS CO.,LTD.",China,CF,Confexhall+C040,,,,,,,,,,,,
"SHANGHAI SHINEROAD FOOD INGREDIENTS CO., LTD.",China,1.2,C042,,,,,,,,,,,,
Shanghai Totole Food Ltd,China,P9.1,Passage+Halle+2+Halle+3+A002e,,,,,,,,,,,,
"SHANGHAI YANGQI FOODS CO.,LTD.",China,4.1,A006,,,,,,,,,,,,
"Shangri-La Guheng Agricultural Development Co.,Ltd",China,1.2,H044,,,,,,,,,,,,
Shangrila Foods Pvt Ltd,Pakistan,8.1,A017,,,,,,,,,,,,
"Shanxi Fret International Trade CO.,LTD",China,2.2,A061d,,,,,,,,,,,,
"Shanxi Mingya Trading Co.,Ltd.",China,P1.1,Passage+Halle+2+Halle+4+006a,,,,,,,,,,,,
"Shanxi Chateau Rongzi Co., Ltd",China,7.1,G069,,,,,,,,,,,,
"Shanxi Dingxin Biotechnology Co., Ltd.",China,CF,Confexhall+B055,,,,,,,,,,,,
"Shanxi Duffy Trading Co.,Ltd",China,5.1,A074b,,,,,,,,,,,,
SHANXI ELITE STAR FOODS LTD.,China,CF,Confexhall+A051,,,,,,,,,,,,
"Shanxi Great Nut Co.,Ltd.",China,CF,Confexhall+A049,,,,,,,,,,,,
"Shanxi Guowei Youpin Food Co., Ltd.",China,1.2,F048,,,,,,,,,,,,
"Shanxi Kangyu Tianyuan Agricultural Co., Ltd",China,5.1,A072a,,,,,,,,,,,,
"Shanxi Ma Yifang Food Technology Co., Ltd",China,5.1,A070a,,,,,,,,,,,,
"SHANXI PENGDA ZHENGLONG FOOD CO.,LTD",China,10.2,A089g,,,,,,,,,,,,
"SHANXI SHAN JINYUAN FOOD CO.,LTD",China,CF,Confexhall+B046,,,,,,,,,,,,
"SHANXI TIANHONG IMPORT AND EXPORT CO.,LTD",China,1.2,N034,,,,,,,,,,,,
Shanxi Xiaoguo Trading Company Limited,China,2.2,A061b,,,,,,,,,,,,
"Shanxi Yiguo Food Co.,Ltd",China,5.1,B087a%2C+A080g,,,,,,,,,,,,
"Shanxi Zilin Vinegar Industry Co., Ltd.",China,CF,Confexhall+A059,,,,,,,,,,,,
Sharg Ulduzu LLC,Azerbaijan,8.1,B020,,,,,,,,,,,,
Sharjah Chamber of Commerce and Industry,United Arab Emirates,2.1,E061,,,,,,,,,,,,
SHASYN FOOD PROCESSING SDN BHD,Malaysia,1.2,H028,,,,,,,,,,,,
Shchedra Nyva,Ukraine,5.2,E058,,,,,,,,,,,,
Sheepka99 AD,Bulgaria,10.1,G027,,,,,,,,,,,,
Sheki Sharab,Azerbaijan,8.1,B020,,,,,,,,,,,,
"ShenYang Hongmei Food Co., Ltd",China,CF,Confexhall+A052,,,,,,,,,,,,
"SHENGZHOU BOBAND TEA INDUSTRY CO., LTD",China,8.1,B119c,,,,,,,,,,,,
"Shengzhou Houtu Tea Co.,Ltd",China,8.1,A118,,,,,,,,,,,,
"SHENZHEN GLOBAL DRAGON IMPORT AND EXPORT CO.,LTD",China,CF,Confexhall+A056,,,,,,,,,,,,
"Shibanuma Soy Sauce International Co., Ltd.",Japan,2.1,B048,,,,,,,,,,,,
"SHIH-CHUAN EXCELLENCE FOOD CO., LTD.",Taiwan,2.1,A013,,,,,,,,,,,,
Shihan Overseas Private Limited,India,5.1,C073,,,,,,,,,,,,
"Shimakyu Co., Ltd.",Thailand,11.3,H032,,,,,,,,,,,,
Shimla Hills Offerings Private Ltd,India,8.1,E068,,,,,,,,,,,,
"Shin Ho Sing Ocean Enterprise Co., Ltd.",Taiwan,4.2,E098,,,,,,,,,,,,
Shirin GmbH,Germany,B.1,Boulevard+074,,,,,,,,,,,,
Shiv Shakti International,India,CF,Confexhall+G012b,,,,,,,,,,,,
SHN Gida Sanayi ve Ticaret A.S.,Türkiye,11.3,C033,,,,,,,,,,,,
Shoei Foods Corporation,Japan,10.2,E011c,,,,,,,,,,,,
SHOKOOH BONAB Co.,Iran,2.1,E052,,,,,,,,,,,,
SHREE BHAGWATI FLOUR & FOODS PVT LTD,India,11.3,A029,,,,,,,,,,,,
Shree Sai Industries LTD,Kenya,5.2,C059,,,,,,,,,,,,
SHREE SAI TRADING LTD,United Kingdom,10.2,G065,,,,,,,,,,,,
Shreeji nut butter,India,11.3,H022,,,,,,,,,,,,
Shri Hari Industries,India,11.3,H022a,,,,,,,,,,,,
Shubham Nutri Foods,India,2.2,F055,,,,,,,,,,,,
Si Commercial 7 Ltd.,Bulgaria,2.2,B040,,,,,,,,,,,,
SIA,Latvia,5.1,A040,,,,,,,,,,,,
SIA,Latvia,6.1,A053a,,,,,,,,,,,,
SIA 525 Food Production,Latvia,6.1,A057,,,,,,,,,,,,
SIA CIDO GRUPA,Latvia,7.1,G059,,,,,,,,,,,,
SIA NORTH EFFECT,Latvia,7.1,F056a,,,,,,,,,,,,
SIA Orkla Latvija,Latvia,3.2,B011,,,,,,,,,,,,
SIA RĀMKALNI NORDECO,Latvia,5.2,A056b,,,,,,,,,,,,
SIA Snacks ans More,Latvia,3.2,B015,,,,,,,,,,,,
SUDRABLINIS,Latvia,5.1,A040,,,,,,,,,,,,
Sia Syfud,Latvia,5.1,A040,,,,,,,,,,,,
SIA Very Berry,Latvia,5.2,A058a,,,,,,,,,,,,
Siam Food (2513) Company Limited,Thailand,11.3,G048b,,,,,,,,,,,,
"Siam Fruit Garden Co., Ltd.",Thailand,11.3,H042a,,,,,,,,,,,,
Siam Grains Company Limited,Thailand,11.3,H014,,,,,,,,,,,,
"Siam M.C. Co., Ltd.",Thailand,11.3,H023,,,,,,,,,,,,
Siam Original Food Co. Ltd,Thailand,11.3,H043,,,,,,,,,,,,
SIAS,France,4.2,B043,,,,,,,,,,,,
Sibas Gida San. ve Tic. A.S.,Türkiye,11.3,B024,,,,,,,,,,,,
Sicam Tunisie,Tunisia,11.3,C046b,,,,,,,,,,,,
"SICHUAN CONWEE FOOD CO., LTD.",China,1.2,M031a,,,,,,,,,,,,
"Sichuan Eastern Morning Biological Technology Co.,Ltd",China,5.1,B076a,,,,,,,,,,,,
"SICHUAN JIUDA SALT MANUFACTURING CO.,LTD",China,1.2,K012,,,,,,,,,,,,
"Sichuan Teway Food Group Co., ltd",China,1.2,J037,,,,,,,,,,,,
"SICHUAN XINXIN HUOWA FOOD CO., LTD.",China,1.2,K012,,,,,,,,,,,,
SICILFORMAGGI SRL,Italy,11.2,E008,,,,,,,,,,,,
Siciliani Spa,Italy,6.1,A070,,,,,,,,,,,,
Sicily Food Srl,Italy,4.1,D028,,,,,,,,,,,,
Sicily Food Belice Valley soc coop,Italy,11.2,E008,,,,,,,,,,,,
SICOBERRY,Serbia,4.2,A063,,,,,,,,,,,,
Siemssen Tiefkühlprodukte GmbH,Germany,4.2,E018,,,,,,,,,,,,
SIERRA DE JABUGO S.L,Spain,7.1,B054,,,,,,,,,,,,
Sievers & Ravenborg GmbH & Co. KG,Germany,4.2,E018,,,,,,,,,,,,
SIFOR SRL,Italy,5.2,A041+A049,,,,,,,,,,,,
Sigdal Bakeri AS,Norway,3.2,A008,,,,,,,,,,,,
Sigmen Milk ltd,Bulgaria,10.1,D077,,,,,,,,,,,,
Signature Flatbreads,United Kingdom,3.2,A049,,,,,,,,,,,,
"SIGNATURE RICE CO., LTD",Cambodia,2.1,B011+B019,,,,,,,,,,,,
"Sikun Import and Export ( Zhangzhou) Co.,Ltd.",China,1.2,K037,,,,,,,,,,,,
Sila Gum S.r.l,Italy,11.2,C052,,,,,,,,,,,,
Silk Flower International GmbH,Germany,10.2,C081,,,,,,,,,,,,
silk united company,Saudi Arabia,CF,Confexhall+E032,,,,,,,,,,,,
Frigorífico Silva,Brazil,6.1,E079,,,,,,,,,,,,
Silva for Food Industry S.A.E.,Egypt,4.2,A097,,,,,,,,,,,,
The Silver Crane Company Ltd.,United Kingdom,10.2,F059a,,,,,,,,,,,,
Silver Impex,Pakistan,11.3,G047,,,,,,,,,,,,
Silver Line Gate Dairy Products,United Arab Emirates,CF,Confexhall+D021,,,,,,,,,,,,
"SILVER SOUND FOODS CO.,LTD.",China,4.2,E095,,,,,,,,,,,,
Silvermill Natural Beverages (Pvt) Ltd,Sri Lanka,11.3,D042,,,,,,,,,,,,
Silvestres S.A.,Chile,3.1,A064,,,,,,,,,,,,
SIMAPA,Morocco,11.3,A040+B049,,,,,,,,,,,,
Simas Bulgur Gida San. ve Tic. Ltd. Sti.,Türkiye,11.3,C019a,,,,,,,,,,,,
Simens Alimentare srl,Italy,11.2,B051,,,,,,,,,,,,
SIMEONIDIS BROS GP,Greece,11.2,G057c,,,,,,,,,,,,
SIMEXCO DAKLAK LTD,Vietnam,CF,Confexhall+B030+C039,,,,,,,,,,,,
Simon-Fleisch GmbH,Germany,6.1,D101,,,,,,,,,,,,
Simons Vleeswaren B.V.,Netherlands,7.1,E071,,,,,,,,,,,,
"Simple Foods Co., Ltd.",Thailand,7.1,G041,,,,,,,,,,,,
Green House For Food Industries,Egypt,2.1,A057,,,,,,,,,,,,
Simsek Biskuvi ve Gida San. A.S.,Türkiye,2.2,A034a,,,,,,,,,,,,
Sindbad (Pvt ) Limited,Sri Lanka,8.1,A079,,,,,,,,,,,,
Singapore Food Manufacturers' Association,Singapore,2.1,A027+A037,,,,,,,,,,,,
Singsong Food Corporation,"Korea, Republic of",5.2,A065,,,,,,,,,,,,
Sinmas Australia Pty Limited,Australia,1.2,E028,,,,,,,,,,,,
"Sinopaprika Co., Ltd.",China,5.1,B081a,,,,,,,,,,,,
SIOF,Morocco,11.3,A040+B049,,,,,,,,,,,,
Siomo Tea Factory EPZ Ltd,Kenya,8.1,A060,,,,,,,,,,,,
Siouras S.A.,Greece,10.2,G042,,,,,,,,,,,,
Sipa International S.r.l.,Italy,5.1,F049,,,,,,,,,,,,
SIPAC DI MICHELE PORTOGHESE & C. S.A.S.,Italy,11.2,C035a,,,,,,,,,,,,
SIRDARYA BEANS EXPORT,Uzbekistan,5.1,B079+C078,,,,,,,,,,,,
Siricam Ltd.,Cyprus,11.2,G045,,,,,,,,,,,,
SIRIUS INVESTMENT SP. Z O.O.,Poland,10.2,D058,,,,,,,,,,,,
Sirogojno Company,Serbia,4.2,D019,,,,,,,,,,,,
Sirsil S.A,Uruguay,6.1,A100+B109,,,,,,,,,,,,
SIS Natural CJSC,Armenia,8.1,B051,,,,,,,,,,,,
SITa-SA,Côte d'Ivoire,11.1,A058,,,,,,,,,,,,
SITEVIS SA,Switzerland,8.1,A095,,,,,,,,,,,,
Sitoglu Pazarlama Tic. Ltd. Sti.,Türkiye,2.2,C035,,,,,,,,,,,,
Skal Drinks Pty Ltd,South Africa,11.1,A050+B059,,,,,,,,,,,,
Sklodowscy S.P. z o.o.,Poland,6.1,E111+E119,,,,,,,,,,,,
SKOT INDIA,India,7.1,F057,,,,,,,,,,,,
Skriveru Saldumi Ltd,Latvia,5.2,A058,,,,,,,,,,,,
SKS Food Marketing (M) SDN BHD,Malaysia,1.2,N010+O011,,,,,,,,,,,,
Skvyrskyi Grain Processing Factory Ltd.,Ukraine,11.1,C059,,,,,,,,,,,,
Sky Agri Export,India,11.3,F033,,,,,,,,,,,,
"Skybio Co., Ltd","Korea, Republic of",5.1,A060c,,,,,,,,,,,,
Slodkie Hawo SP.O.O.,Poland,4.1,E092,,,,,,,,,,,,
SLOMAX Group s.r.o.,Czech Republic,2.1,E033,,,,,,,,,,,,
SARIO - Slovak Investment and Trade Development Agency,Slovakia,10.2,B091,,,,,,,,,,,,
Slow Walnuts AM Food Processing,Ukraine,4.1,D098+C091,,,,,,,,,,,,
"SLS Company Co.,Ltd.","Korea, Republic of",5.1,A062c,,,,,,,,,,,,
De Smaakspecialist,Netherlands,P4.1,Passage+Halle+4+Halle+5+A066+B067,,,,,,,,,,,,
SMAKMAK SP. Z O.O.,Poland,11.1,D055,,,,,,,,,,,,
Smartfoody SIA,Latvia,5.1,F009,,,,,,,,,,,,
Smartnuts SpA,Chile,3.1,A074,,,,,,,,,,,,
SOHOSNACKS,Morocco,3.1,D072,,,,,,,,,,,,
SMH Food International Pte Ltd,Singapore,2.1,A024,,,,,,,,,,,,
Smilde Foods BV,Netherlands,10.1,A022a,,,,,,,,,,,,
"Smile Fruit Co.,Ltd.",Thailand,11.3,H041,,,,,,,,,,,,
"SMILEAT, S.L",Spain,11.2,F051,,,,,,,,,,,,
Smiling Baker SA,Belgium,4.1,D080,,,,,,,,,,,,
Smilla Food A/S,Denmark,10.1,H081,,,,,,,,,,,,
JSC Smiltenes Piens,Latvia,10.1,G028c,,,,,,,,,,,,
Smiths Saigol & Gulf,United Arab Emirates,CF,Confexhall+D029,,,,,,,,,,,,
SMJ Exports Private Limited,India,11.3,G035,,,,,,,,,,,,
SMO Nuts Gida Ihr. Ith. San. ve Tic. Ltd. Sti.,Türkiye,11.3,B013b,,,,,,,,,,,,
SMZ Industries Private Limited (SMZ Foods),Pakistan,11.3,G049,,,,,,,,,,,,
Snack Connection,Germany,P4.1,Passage+Halle+4+Halle+5+B051,,,,,,,,,,,,
Snack Crops S.A.,Argentina,3.1,C074,,,,,,,,,,,,
Snack Family LLC,Ukraine,B.1,Boulevard+124,,,,,,,,,,,,
Snack Kraken LLC,United States of America,10.2,G060,,,,,,,,,,,,
"SNACKS EL VALLE, S.L",Spain,11.1,A038,,,,,,,,,,,,
SNAP FOOD SRL,Romania,11.3,F013a,,,,,,,,,,,,
SNCK,Denmark,5.2,D036,,,,,,,,,,,,
Snebo Sp. z o.o.,Poland,4.2,C021,,,,,,,,,,,,
snow fresh egypt,Egypt,4.2,A106,,,,,,,,,,,,
Snowchange Cooperative,Finland,10.2,A070a,,,,,,,,,,,,
Snowdonia Cheese Company,United Kingdom,10.1,F011a,,,,,,,,,,,,
SNS Foods Sp. zo.o.,Poland,6.1,D111,,,,,,,,,,,,
Soavegel S.r.l.,Italy,4.2,D018,,,,,,,,,,,,
Soberana,Colombia,3.1,D030+D048,,,,,,,,,,,,
Sobeval,France,6.1,B010+C011,,,,,,,,,,,,
SOCIETE BOUAJILA DE PRODUCTION AGRICOLE SOBOPA,Tunisia,11.3,D047,,,,,,,,,,,,
Soc. Agr. Eredi di Spagnoletti Zeuli G.,Italy,11.2,C052b,,,,,,,,,,,,
Socado srl,Italy,3.2,A059,,,,,,,,,,,,
"Sociedade Conserveira Açoriana, Lda.",Portugal,4.1,A051+B058,,,,,,,,,,,,
SOCIEDADE DE BEBIDAS PANIZZON LTDA,Brazil,8.1,B031,,,,,,,,,,,,
"Sociedade Panificadora Costa & Ferreira, S. A.",Portugal,11.1,F049b,,,,,,,,,,,,
Società Agricola Bertinelli S.S.,Italy,11.2,F047,,,,,,,,,,,,
SOCIETA AGRICOLA CANTINA GIBA SRL,Italy,11.1,A051+A057,,,,,,,,,,,,
Società agricola Manaresi Mario s.s.,Italy,5.1,E076,,,,,,,,,,,,
Società Agricola Pisciotta Srls,Italy,5.2,A001,,,,,,,,,,,,
Società Agricola Semplice Pier.Olea SS,Italy,11.1,A051+A057,,,,,,,,,,,,
Società Alimentari Italiana S.p.A.,Italy,11.3,D019,,,,,,,,,,,,
Societe Agricole Froid Trading,Tunisia,11.3,D045b,,,,,,,,,,,,
SOCIETE AMANI AGROALIMENTAIRE,Morocco,11.3,A040+B049,,,,,,,,,,,,
Societe francaise de commerce eurl,France,7.1,G012,,,,,,,,,,,,
SOCODAL CONSERVES S.A,Tunisia,11.3,C042a,,,,,,,,,,,,
SODIAAL DAIRY INTERNATIONAL,Germany,10.1,B010,,,,,,,,,,,,
Soilmates International B.V.,Netherlands,B.1,Boulevard+117l%2C+Boulevard+117,,,,,,,,,,,,
Soke Degirmencilik San. ve Tic. A.S.,Türkiye,2.2,A035a,,,,,,,,,,,,
Soko Gorica,Republic of North Macedonia,7.1,G038,,,,,,,,,,,,
Sokolow SA,Poland,11.1,D053b,,,,,,,,,,,,
Solana S.p.a.,Italy,11.2,B021,,,,,,,,,,,,
Solana Nin d.o.o.,Croatia,11.1,F033,,,,,,,,,,,,
Solania S.R.L.,Italy,5.1,F041,,,,,,,,,,,,
Solarec SA,Belgium,10.1,B020c,,,,,,,,,,,,
Sole-Mizo c.Plc.,Hungary,9.1,B030,,,,,,,,,,,,
SÖLEN CIKOLATA GIDA SANAYI VE TICARET AS,Türkiye,3.2,A031,,,,,,,,,,,,
SOLIS MEAT - ERSINAL SA,Uruguay,6.1,A100+B109,,,,,,,,,,,,
"SOLMOI F&C CO., LTD.","Korea, Republic of",1.2,I023,,,,,,,,,,,,
Solo Cose Buone s.r.l.,Italy,11.2,D061a,,,,,,,,,,,,
Solo Italia S.R.L.,Italy,11.2,C050b,,,,,,,,,,,,
Solymar Food Import Export and Foodstuff Trade,Egypt,8.1,C044,,,,,,,,,,,,
SOMADIR,Morocco,11.3,A040+B049,,,,,,,,,,,,
Somar Meats,Poland,7.1,A037,,,,,,,,,,,,
SOMENOYA TOFU ltd,Japan,2.1,B048,,,,,,,,,,,,
Somerdale International,United Kingdom,10.1,G010a,,,,,,,,,,,,
Somi Foods Inc.,Japan,2.1,B038a,,,,,,,,,,,,
SONAB CED,Tunisia,11.3,C043,,,,,,,,,,,,
DARLING INGREDIENTS INTERNATIONAL RENDERING AND SPECIALTIES B.V.,Netherlands,6.1,C010,,,,,,,,,,,,
SonderJansen B.V.,Netherlands,4.2,C078,,,,,,,,,,,,
Soneri Foods (PVT) Ltd.,Pakistan,2.2,F051a,,,,,,,,,,,,
Sopraco NV,Belgium,6.1,D010,,,,,,,,,,,,
Soreal,France,10.2,F030,,,,,,,,,,,,
Sorì Italia Srl,Italy,10.1,H033,,,,,,,,,,,,
Sorrento Sapori e Tradizioni s.r.l.,Italy,4.1,E028,,,,,,,,,,,,
SOT Dairy Trade Cooperative,Poland,10.1,C070+C078,,,,,,,,,,,,
SOTAM,Tunisia,11.3,C041,,,,,,,,,,,,
Sotiva Seed Ltd,Hungary,5.2,C032a,,,,,,,,,,,,
Sottolestelle srl Benefit Company,Italy,11.2,A056,,,,,,,,,,,,
Sotudex,Tunisia,11.3,C040a,,,,,,,,,,,,
Etabl. J. Soubry NV / SA,Belgium,5.2,D053,,,,,,,,,,,,
Souroti S.A.,Greece,8.1,C041c,,,,,,,,,,,,
South Aegean Region,Greece,8.1,B073,,,,,,,,,,,,
South Caernarfon Creameries Ltd.,United Kingdom,10.2,G051,,,,,,,,,,,,
SOUTH MEKONG,Vietnam,CF,Confexhall+E050+F059,,,,,,,,,,,,
SOUTHERN SEEDS PRODUCTION S.A.,Argentina,3.1,C063,,,,,,,,,,,,
Southfood llc,Ukraine,2.2,D034,,,,,,,,,,,,
Southland Global Agriculture,Côte d'Ivoire,11.3,B035b,,,,,,,,,,,,
Sovarog Ltd,Ukraine,5.2,E058,,,,,,,,,,,,
Sovena,Spain,11.1,E008a,,,,,,,,,,,,
,Greece,11.2,F039a,,,,,,,,,,,,
SPA SNAX,Algeria,3.1,D009,,,,,,,,,,,,
SPACElab s.r.o.,Slovakia,8.1,C019,,,,,,,,,,,,
Spack BV,Netherlands,5.1,C069,,,,,,,,,,,,
SPADAFORA S.R.L.,Italy,11.2,C008+D009,,,,,,,,,,,,
Spájz Szörp Ltd.,Hungary,7.1,E058,,,,,,,,,,,,
Spanferkel Spezialitäten Beck GmbH u. Co. KG,Germany,6.1,D109,,,,,,,,,,,,
Spanish Cheese SL,Spain,10.1,E021,,,,,,,,,,,,
Sparckitchen B.V.,Netherlands,1.2,D028+E029,,,,,,,,,,,,
SPARTA GOURMET S.A.,Greece,11.2,F031b,,,,,,,,,,,,
SPECTRA COMPANY,Egypt,2.1,A053b,,,,,,,,,,,,
SPECTRUM FOOD PRODUCTS,India,CF,Confexhall+G046a,,,,,,,,,,,,
SPHERE PRODUCTION SA,France,10.2,F018,,,,,,,,,,,,
SPI WEST PORT CORPORATION,Taiwan,3.1,D007,,,,,,,,,,,,
Spices Board India,India,P9.1,Passage+Halle+2+Halle+3+027,,,,,,,,,,,,
SPICEWORLD GmbH,Austria,11.2,G017,,,,,,,,,,,,
"SPIRIT SLOVENIA, PUBLIC AGENCY",Slovenia,11.1,E038,,,,,,,,,,,,
Spirito Alchemico Sea Water Spirits,Italy,11.2,C008+D009,,,,,,,,,,,,
SPIŻARNIA SP Z O.O.,Poland,11.1,F065,,,,,,,,,,,,
Splendid Foods,Spain,7.1,D049,,,,,,,,,,,,
Spoldzielnia Mieczarska w Gostyniu,Poland,10.1,C070+C078,,,,,,,,,,,,
Spomet Bergen,Poland,11.1,F052,,,,,,,,,,,,
Spóldzielcza Mleczarnia Spomlek,Poland,10.1,C070+C078,,,,,,,,,,,,
Spoldzielnia Producentow Owocow i Warzyw Nadwislanka W Ozarowie Spoldzielnia,Poland,CF,Confexhall+A020+B029,,,,,,,,,,,,
Spraga Beverages s.r.o.,Czech Republic,8.1,C052,,,,,,,,,,,,
Springhaus,Argentina,3.1,C069,,,,,,,,,,,,
SPS HANDEL SP. Z O.O.,Poland,2.2,D010,,,,,,,,,,,,
SQ Portugal Lda,Portugal,11.1,C055,,,,,,,,,,,,
SRG INTERNATIONAL B.V.,Netherlands,4.1,E095,,,,,,,,,,,,
Sri Lanka Export Development Board,Sri Lanka,1.2,G029,,,,,,,,,,,,
Sri Lanka Tea Board,Sri Lanka,8.1,B089b%2C+B088gC089g,,,,,,,,,,,,
SRL KULT Kefir,Belgium,7.1,G013a,,,,,,,,,,,,
SÃO SALVADOR ALIMENTOS (SSA),Brazil,9.1,C043a,,,,,,,,,,,,
SSHS Group Ltd,Hungary,7.1,E056,,,,,,,,,,,,
St Dalfour SAS,France,3.2,B021,,,,,,,,,,,,
St Michel Biscuits,France,2.2,D030,,,,,,,,,,,,
St. Paul,Netherlands,10.1,B051,,,,,,,,,,,,
STAMEVSKI,Serbia,4.2,A065,,,,,,,,,,,,
Standard-Fleisch GmbH & Co. KG,Germany,6.1,E009,,,,,,,,,,,,
Staple Foods,Pakistan,11.3,E038,,,,,,,,,,,,
Star Food Impex Gmbh,Germany,2.1,F052,,,,,,,,,,,,
Star Global Multi Venture Pvt Ltd,India,P9.1,Passage+Halle+2+Halle+3+007,,,,,,,,,,,,
Star Mushrooms Private Limited,Sri Lanka,1.2,F026a,,,,,,,,,,,,
Star Rice Land Pvt. Ltd.,India,3.1,D010,,,,,,,,,,,,
"Starfish, SIA",Latvia,5.1,A040,,,,,,,,,,,,
"STARMEAT Katowicz, Ignatowicz, Sp.z o.o.",Poland,9.1,D031+E038,,,,,,,,,,,,
Starzinger GmbH & Co. KG,Austria,8.1,D031,,,,,,,,,,,,
Zakład Drobiarski w Stasinie sp. z o.o.,Poland,9.1,D031+E038,,,,,,,,,,,,
Stassen Exports (Pvt) Ltd.,Sri Lanka,8.1,A070,,,,,,,,,,,,
State Institution,Ukraine,10.1,C079d,,,,,,,,,,,,
Staud's GmbH,Austria,2.2,D050,,,,,,,,,,,,
STAYIA FARM IKE,Greece,2.2,D024,,,,,,,,,,,,
STCO FOODS COMPANY LIMITED,Vietnam,CF,Confexhall+E050+F059,,,,,,,,,,,,
Société Agro Export Sahel,Tunisia,11.3,C042b,,,,,,,,,,,,
STE MOUNIR NEGOCE,Morocco,11.3,A040+B049,,,,,,,,,,,,
Steinemann Holding GmbH & Co. KG,Germany,6.1,D103,,,,,,,,,,,,
"Steinex, a.s.",Czech Republic,7.1,C029,,,,,,,,,,,,
Steinhaus GmbH,Germany,7.1,A018,,,,,,,,,,,,
Stella Bernrain,Switzerland,5.1,D080,,,,,,,,,,,,
Stella Foods Australia Pty Ltd,Australia,6.1,B100a,,,,,,,,,,,,
Stenger Waffeln GmbH,Germany,3.1,B051,,,,,,,,,,,,
Sterilgarda Alimenti SPA,Italy,10.1,C009,,,,,,,,,,,,
Steriltom S.R.L.,Italy,11.2,B033,,,,,,,,,,,,
Sternburg Brauerei GmbH,Germany,7.1,D024,,,,,,,,,,,,
STOHOS FOODS  LEONTZINI I. S.A. KREATON,Greece,4.2,A031,,,,,,,,,,,,
Stokelp SAS,France,B.1,Boulevard+095,,,,,,,,,,,,
Stokson Modern Bakery,Poland,2.2,A020,,,,,,,,,,,,
J. & W. Stollenwerk oHG,Germany,10.2,B051,,,,,,,,,,,,
STOELZLE GLASS GROUP,Austria,11.2,G010,,,,,,,,,,,,
Stoppato 1887,Italy,5.2,B020+C021,,,,,,,,,,,,
Chr. Storz GmbH & Co. KG,Germany,3.1,B049,,,,,,,,,,,,
Strampelli Srl,Italy,5.2,A030+B031,,,,,,,,,,,,
Strand Palace Agencies Limited,Malta,11.1,E063,,,,,,,,,,,,
STRICKS AG LLC,United States of America,10.2,G077,,,,,,,,,,,,
Stritzinger Import-Export GmbH,Austria,4.2,E030,,,,,,,,,,,,
Stroopwafel & Co,Netherlands,2.2,E053,,,,,,,,,,,,
Strouthos Farm House,Cyprus,10.1,A039a,,,,,,,,,,,,
Stylis Olive Producers Cooperatives,Greece,10.2,I022,,,,,,,,,,,,
"SUBAR INTERNATIONAL FOOD CO., LTD.",Taiwan,7.1,F052,,,,,,,,,,,,
Sucesores de J. Pont S.A.,Spain,7.1,D045a,,,,,,,,,,,,
Sud Italia Alimentari S.R.L.,Italy,5.2,B034,,,,,,,,,,,,
Süd-Eis GmbH & Co KG,Germany,4.1,C038,,,,,,,,,,,,
Sudambeef,Brazil,6.1,E070a,,,,,,,,,,,,
Sudambeef Trading CO.,Uruguay,6.1,D088+E089,,,,,,,,,,,,
Südtiroler Speck Konsortium,Italy,7.1,B068+C069,,,,,,,,,,,,
Sudtirolerspeck SRL,Italy,7.1,A060+B061,,,,,,,,,,,,
Sueños de Alba Ganadera S.L.,Spain,7.1,A050a,,,,,,,,,,,,
Suer Gida San. ve Dis Tic. A.S.,Türkiye,11.3,C031,,,,,,,,,,,,
Sugal Alimentos SA,Portugal,11.1,F043,,,,,,,,,,,,
SugarCreek,United States of America,4.1,D038,,,,,,,,,,,,
SUITEFOOD SRL,Italy,1.2,D036,,,,,,,,,,,,
Sulpizio Tartufi,Italy,5.2,A030+B031,,,,,,,,,,,,
SULSON OVERSEAS PVT LTD,India,11.3,F026,,,,,,,,,,,,
Suminter India Organics Pvt. Ltd.,India,CF,Confexhall+G042a,,,,,,,,,,,,
SUMMAUL Co.Ltd,"Korea, Republic of",1.2,I011,,,,,,,,,,,,
Summit Premium Tree Nuts,United States of America,10.2,I071,,,,,,,,,,,,
Sumol + Compal Marcas SA,Portugal,11.1,E050a,,,,,,,,,,,,
"SUN EAST FOODS CO., LTD.",China,P1.1,Passage+Halle+2+Halle+4+024a,,,,,,,,,,,,
SUN FRUIT LLC,Armenia,11.3,C049,,,,,,,,,,,,
Sun Impex International Foods LLC,United Arab Emirates,1.2,F029,,,,,,,,,,,,
Sun Lolly,Denmark,5.2,E039,,,,,,,,,,,,
Sun Sesam GmbH,Germany,10.2,I044,,,,,,,,,,,,
SUN THEW CHUN HUP KEE SAUCE MANUFACTURER,Malaysia,1.2,N010+O011,,,,,,,,,,,,
"SUN YANG FOOD CO., LTD.",Thailand,11.3,H033,,,,,,,,,,,,
Sun-Maid Growers of California,United States of America,10.2,H068,,,,,,,,,,,,
Sunbeam Foods Pty Ltd.,Australia,10.2,A080,,,,,,,,,,,,
SUNFILL LLC,Ukraine,5.2,E058g,,,,,,,,,,,,
"Sunflower Food Industrial (Xingfeng) Co.,Ltd.",China,1.2,H039,,,,,,,,,,,,
SunflowerFamily GmbH,Germany,1.2,B032,,,,,,,,,,,,
Sunfly OU,Estonia,2.2,D038,,,,,,,,,,,,
SUNFOOD LLC,Armenia,2.1,D058+E059,,,,,,,,,,,,
"Sungbo Co.,Ltd","Korea, Republic of",5.2,A070a,,,,,,,,,,,,
"Sunjoy Trading Co., ltd.",China,1.2,G033a,,,,,,,,,,,,
Sunny Fruit Production LLC,Uzbekistan,5.1,E082,,,,,,,,,,,,
SUNNY KING,Hong Kong,1.2,L024,,,,,,,,,,,,
Sunny Land Products,Uzbekistan,11.3,B046,,,,,,,,,,,,
"Sunnysyrup Food Co., Ltd.",Taiwan,7.1,F054,,,,,,,,,,,,
SunProd Srl,Italy,8.1,C008,,,,,,,,,,,,
Sunright Foods Corporation,Taiwan,2.1,A005,,,,,,,,,,,,
SUNRISE FOODSTUFF JOINT STOCK COMPANY,Vietnam,CF,Confexhall+B030+C039,,,,,,,,,,,,
SUNRISE INS CO. LTD.,Vietnam,1.2,K029,,,,,,,,,,,,
Sunrise Naturals Private Limited,India,8.1,D038,,,,,,,,,,,,
Sunrose-Bega Dis Ticaret AS,Türkiye,10.2,C089,,,,,,,,,,,,
Sunshine Deutschland GmbH,Germany,2.1,C020a,,,,,,,,,,,,
Sunshine International Co. Ltd.,Thailand,4.2,B072,,,,,,,,,,,,
Sunshine Tea Pvt Ltd,Sri Lanka,8.1,B088a,,,,,,,,,,,,
Sunshine Export S.A.C.,Peru,4.2,D053,,,,,,,,,,,,
Sunshine Nut Company,Mozambique,11.1,A058,,,,,,,,,,,,
SUNSWEET Public Company Limited,Thailand,1.2,I008,,,,,,,,,,,,
Sunsweet Chile SpA,Chile,3.1,B081a,,,,,,,,,,,,
Sunsweet Growers Inc,United States of America,10.2,A080,,,,,,,,,,,,
SunWest Foods Inc.,United States of America,10.2,I066a,,,,,,,,,,,,
Super Foods Paraguay S.A,Paraguay,5.1,C059+D058,,,,,,,,,,,,
SUPERSTORIES SA,Belgium,2.1,A058d,,,,,,,,,,,,
SuperDrob S.A.,Poland,9.1,D031+E038,,,,,,,,,,,,
Superior Foods International LLC,United States of America,4.2,A091,,,,,,,,,,,,
Super Nutri Foods,India,11.3,G039,,,,,,,,,,,,
SUPPLE TEK INDUSTRIES PRIVATE LIMITED,India,11.3,F020,,,,,,,,,,,,
Supremo Carnes,Brazil,6.1,E070a,,,,,,,,,,,,
Suquipa,Spain,11.1,C032a,,,,,,,,,,,,
Surapon Foods Public Company Limited,Thailand,4.2,A075,,,,,,,,,,,,
Sure Good Foods Ltd.,Canada,6.1,E050,,,,,,,,,,,,
"Suree Interfoods Co., Ltd",Thailand,11.3,F014,,,,,,,,,,,,
Surgital SPA,Italy,4.2,E029,,,,,,,,,,,,
Surmont SpA,Italy,4.2,C031,,,,,,,,,,,,
SURPRISE DRINKS a.s.,Czech Republic,8.1,A026,,,,,,,,,,,,
SURUCHI SPICES PRIVATE LIMITED,India,3.1,D010a,,,,,,,,,,,,
Sus Campiniae,Belgium,6.1,E010+E018,,,,,,,,,,,,
Susanna Hakobyan PE,Armenia,11.3,C049,,,,,,,,,,,,
Sushi King Tallinn,Estonia,B.1,Boulevard+191,,,,,,,,,,,,
Southern US Trade Association (SUSTA),United States of America,10.2,G072a,,,,,,,,,,,,
SUSTAINABLE EU ALMOND,Spain,P4.1,Passage+Halle+4+Halle+5+A048,,,,,,,,,,,,
Sustainable European Food and Wine,Spain,P4.1,Passage+Halle+4+Halle+5+A031,,,,,,,,,,,,
"Suzhou Crown Food Co., Ltd.",China,P9.1,Passage+Halle+2+Halle+3+A002a,,,,,,,,,,,,
"Suzhou D.M Import & Export Co,.LTD",China,CF,Confexhall+F043,,,,,,,,,,,,
"SUZHOU JIN SHUO   FOODS  CO.,LTD",China,7.1,G065,,,,,,,,,,,,
"Suzhou Joywell Taste Co.,Ltd",China,P9.1,Passage+Halle+2+Halle+3+A005,,,,,,,,,,,,
"Suzhou Milim Agriculture Forestry & Aquatic Product Co., Ltd.",China,1.2,M033,,,,,,,,,,,,
"Suzhou Sunrise Food Co., Ltd ,",China,1.2,F046,,,,,,,,,,,,
JSC Svencioniu vaistazoles,Lithuania,10.2,F045a,,,,,,,,,,,,
SVILA Srl,Italy,4.1,B031,,,,,,,,,,,,
Svyturys - Utenos Alus UAB,Lithuania,7.1,F060a,,,,,,,,,,,,
SVZ International B.V.,Netherlands,8.1,D041,,,,,,,,,,,,
sway Sports & Health GmbH,Austria,11.2,G011a,,,,,,,,,,,,
"Sweet Bee Farm Co., Ltd.",Thailand,11.3,H045,,,,,,,,,,,,
Sweet Brands Sp.z o.o.,Poland,11.1,D055a,,,,,,,,,,,,
Sweet Delight a.s.,Czech Republic,4.1,D081,,,,,,,,,,,,
Sweet Dried Fruit Chile Agroindustrial Limitada,Chile,3.1,B067,,,,,,,,,,,,
SWEET HOUSE EXCLUSIVE,Serbia,4.2,B060a,,,,,,,,,,,,
Sweet Intentions Aps,Denmark,5.1,D069+F068,,,,,,,,,,,,
Sweetpack BVBA,Belgium,2.1,A044,,,,,,,,,,,,
"Sweet Street Desserts, Inc.",United States of America,4.1,A021,,,,,,,,,,,,
Sweet World Sp. z o.o.,Poland,7.1,D034,,,,,,,,,,,,
SWEETFIT LLC,Serbia,11.1,C048a,,,,,,,,,,,,
SWEETKIWI HOLDINGS,Nigeria,11.1,A058,,,,,,,,,,,,
"Shenzhen Amos Sweets & Foods Co.,Ltd.",China,2.2,A060,,,,,,,,,,,,
Swiat Pigwowca Beata Poslednik,Poland,7.1,F018,,,,,,,,,,,,
Swift and Company Trade Group,Australia,6.1,C105,,,,,,,,,,,,
SWISS AGRO S.L.,Spain,11.1,F011d,,,,,,,,,,,,
SWISS PRODUCTION Germany GmbH,Germany,4.1,D095,,,,,,,,,,,,
Switzerland Cheese Marketing AG,Switzerland,10.1,C024+B025,,,,,,,,,,,,
Switzerland Global Enterprise,Switzerland,3.1,D049%2C+D051,,,,,,,,,,,,
Sykofagos,Greece,10.2,I010a,,,,,,,,,,,,
Symfonio bv,Netherlands,5.2,C056g%2C+C059g,,,,,,,,,,,,
Symphony Confection Sdn Bhd,Malaysia,1.2,N010+O011,,,,,,,,,,,,
Syndicate of Lebanese Food Industrialists,Lebanon,2.1,E011,,,,,,,,,,,,
"SYNEHON(XIAMEN)TRADING CO.,LTD",China,1.2,G032a,,,,,,,,,,,,
Syros NV,Belgium,5.1,B031,,,,,,,,,,,,
Sysco International Food Group,United States of America,9.1,B018,,,,,,,,,,,,
Szalpol Andrzej Szala,Poland,10.1,H027,,,,,,,,,,,,
Szobi Italgyártó Kft.,Hungary,7.1,E058b,,,,,,,,,,,,
T & R Global Food GmbH & Co. KG,Germany,9.1,A031,,,,,,,,,,,,
"T PRESTIGE, LTD",Ukraine,2.2,E056,,,,,,,,,,,,
T&C TARTUFI - TRUFFLES,Italy,11.2,B055b,,,,,,,,,,,,
T&Co.,Kenya,3.1,A023,,,,,,,,,,,,
T&P Gelati Srl,Italy,4.1,C018,,,,,,,,,,,,
T1 Food GmbH,Germany,6.1,B079,,,,,,,,,,,,
Tab Green Line SRL,Italy,11.2,B045a,,,,,,,,,,,,
CARNICAS TABLADILLO S.L.,Spain,7.1,A056a,,,,,,,,,,,,
TACHAS BROS CO,Greece,10.1,A041,,,,,,,,,,,,
"TACHIZ ENTERPRISE CO., LTD.",Taiwan,7.1,G050,,,,,,,,,,,,
"Taekyung Food Co., Ltd.","Korea, Republic of",1.2,I015,,,,,,,,,,,,
Tagfeef Food Processing,Egypt,11.1,A058,,,,,,,,,,,,
Tai Hua Food Industries Pte Ltd,Singapore,2.1,A026,,,,,,,,,,,,
"Tai Shiang Tea Co., Ltd.",Taiwan,8.1,A069,,,,,,,,,,,,
Taishi Food Inc.,Japan,2.1,C031a,,,,,,,,,,,,
Taiwan External Trade Development Council (TAITRA),Taiwan,2.1,A007,,,,,,,,,,,,
"Taiwan Golden Buckwheat Co.,Ltd.",Taiwan,3.1,D007g,,,,,,,,,,,,
"TaiYuan July Household Co.,Ltd",China,CF,Confexhall+B053,,,,,,,,,,,,
"Taiyuan Tianhe Food Group Co., Ltd.",China,2.2,A061c,,,,,,,,,,,,
Taizhou Overseas Int'l Ltd.,China,1.2,F035a,,,,,,,,,,,,
Productos Tajín SA de CV,Mexico,11.1,E025,,,,,,,,,,,,
"Takerng Pineapple Industrial Co., Ltd.",Thailand,11.3,G046,,,,,,,,,,,,
"TAKEYA MISO CO., LTD.",Japan,2.1,D029,,,,,,,,,,,,
TALA Food GmbH & Co. KG,Germany,B.1,Boulevard+114,,,,,,,,,,,,
TĀLAVA SIA,Latvia,7.1,F058,,,,,,,,,,,,
TALLER DE PINCHOS Y TAPAS SLU,Spain,11.1,A048a,,,,,,,,,,,,
TAMAGO FOOD,France,1.2,C021,,,,,,,,,,,,
TAMAKI GIDA,Türkiye,2.1,E029a,,,,,,,,,,,,
TAMEK SAGRA GRUP GIDA URETIM A.S.,Türkiye,8.1,A008a,,,,,,,,,,,,
"Tan Do Refreshing Water Co., Ltd.",Vietnam,8.1,A013a,,,,,,,,,,,,
TAN LONG GROUP JSC,Vietnam,CF,Confexhall+A030+B039,,,,,,,,,,,,
Tan Nhat Huong Co Ltd,Vietnam,CF,Confexhall+D050+E059,,,,,,,,,,,,
Tan Phat Foods Corporation (EDISON FOOD),Vietnam,1.2,K008,,,,,,,,,,,,
Tan Seng Kee Foods Pte Ltd,Singapore,2.1,B020b,,,,,,,,,,,,
"Tan Tan Cultivation- Trading- Manufacturing Co., Ltd.",Vietnam,1.2,G020,,,,,,,,,,,,
TAN-VIET INTERNATIONAL P.S.A.,Poland,CF,Confexhall+F040+G041,,,,,,,,,,,,
TANDEM-POPOVO LTD,Bulgaria,6.1,A099,,,,,,,,,,,,
TANGARA IMPORTADORA E EXPORTADORA SA,Brazil,3.1,B022b,,,,,,,,,,,,
"Tanghan Zhenzhu Chestnut Foods Co., Ltd.",China,5.1,A080g,,,,,,,,,,,,
"Tangshan C&T Lichun Food Co., Ltd",China,1.2,E034,,,,,,,,,,,,
"Tangshan City Meikeduo Food Co., Ltd",China,5.1,B081,,,,,,,,,,,,
Tante Fanny Frischteig GmbH,Austria,5.1,B011+C010,,,,,,,,,,,,
Tanveer Food Ltd.,Bangladesh,3.1,A029,,,,,,,,,,,,
Tao Trading,Brazil,3.1,D021a,,,,,,,,,,,,
Taokaenoi Food and Marketing PLC.,Thailand,11.3,D040,,,,,,,,,,,,
Tar-Tas Gida Tar. ve Hayv. Urun. San. ve Tic. A.S.,Türkiye,4.1,E060,,,,,,,,,,,,
Taralia SRL,Italy,2.2,F051,,,,,,,,,,,,
Taramisu Exotic Foods Private Limited,India,11.3,H020,,,,,,,,,,,,
Tarbal Food S.L.,Spain,11.1,A010c,,,,,,,,,,,,
Tarczynski Deutschland GmbH,Germany,7.1,A010+B011,,,,,,,,,,,,
Tareeq Al-Kawther Sp. z o.o.,Poland,5.2,D044,,,,,,,,,,,,
Taris Fig Union,Türkiye,11.3,A011a,,,,,,,,,,,,
Taris Olive and Olive Oil Inc.,Türkiye,11.3,B034c,,,,,,,,,,,,
Taris Sultana Union,Türkiye,11.3,A009gA015g,,,,,,,,,,,,
S.S. Taris Uzum T.S.K.B.,Türkiye,11.3,B019a,,,,,,,,,,,,
Tartaros Gonzalo Castello S.L.,Spain,11.1,C010,,,,,,,,,,,,
CALUGI S.R.L.,Italy,11.2,D017,,,,,,,,,,,,
TARTUFI SABETTA DI SABETTA ANGELO,Italy,11.2,A008,,,,,,,,,,,,
TARTUFI SR LLC,Serbia,11.1,D045,,,,,,,,,,,,
Tartuflanghe,Italy,11.2,C061a,,,,,,,,,,,,
Tasco Gida Ve Danismanlik Sanayi Ticaret LTD.STI.,Türkiye,4.2,C098,,,,,,,,,,,,
Tasoulas Peppers Ltd,Greece,10.2,I039,,,,,,,,,,,,
TASTE AFRICA FOODS (PTY) LTD,South Africa,11.1,A050+B059,,,,,,,,,,,,
Tastelab PTY Ltd,South Africa,11.1,A050+B059,,,,,,,,,,,,
Tastell Import & Export Limited (Anhui),China,1.2,F046a,,,,,,,,,,,,
Tastiway Sdn Bhd,Malaysia,1.2,N010+O011,,,,,,,,,,,,
Tasty Food International Trading LLC,United Arab Emirates,CF,Confexhall+E041,,,,,,,,,,,,
TAT GIDA SANAYI A.S.,Türkiye,P6.1,Passage+Halle+10+Halle+11+001,,,,,,,,,,,,
Tat Hui Foods Pte Ltd,Singapore,2.1,A020a,,,,,,,,,,,,
Tat Makarnacilik San. ve Tic. A.S.,Türkiye,11.3,B020a,,,,,,,,,,,,
TATA CONSUMER PRODUCT LIMITED,India,CF,Confexhall+G034,,,,,,,,,,,,
Tatár Pékség Kft.,Hungary,4.1,E058,,,,,,,,,,,,
Tatawa Industries (M) SDN BHD,Malaysia,1.2,N010+O011,,,,,,,,,,,,
Tatlicilar Backwaren,Germany,2.2,C041,,,,,,,,,,,,
"Taveephol Product Co.,Ltd.",Thailand,7.1,G041b,,,,,,,,,,,,
Taylor Preston Limited,New Zealand,6.1,A088,,,,,,,,,,,,
Taylors of Harrogate,United Kingdom,8.1,C070,,,,,,,,,,,,
Tayseer Arar Food Industries LLC,United Arab Emirates,CF,Confexhall+D011,,,,,,,,,,,,
Tazart,Tunisia,CF,Confexhall+E010+F019,,,,,,,,,,,,
TBM Sp. z o.o.,Poland,CF,Confexhall+A020+B029,,,,,,,,,,,,
Trade Development Authority of Pakistan (TDAP),Pakistan,11.3,G045a,,,,,,,,,,,,
TDK TRADE LINKS (PVT) LTD,Sri Lanka,8.1,B085,,,,,,,,,,,,
Tea Board of Kenya,Kenya,8.1,A062a,,,,,,,,,,,,
Tea Trends Exports (Pvt) Ltd,Sri Lanka,8.1,A098,,,,,,,,,,,,
Team Tap,Colombia,3.1,D030+D048,,,,,,,,,,,,
TECHNOBEEF,Uruguay,P4.1,Passage+Halle+4+Halle+5+A047,,,,,,,,,,,,
Técnica y Comercio de la Pesca C.A.,Ecuador,3.1,A028,,,,,,,,,,,,
"Tecnología Circular de los Alimentos, SL",Spain,11.1,A041,,,,,,,,,,,,
Tedesco S.r.l.,Italy,2.2,C056,,,,,,,,,,,,
Tehnoalat Komerc,Republic of North Macedonia,11.1,G052,,,,,,,,,,,,
Tekinak Gida San. ve Tic. A.S.,Türkiye,11.3,C023,,,,,,,,,,,,
"TEKMAR SLOVENSKO, s.r.o.",Slovakia,10.2,B091,,,,,,,,,,,,
Tellioglu Yem-Gida Entegre Tesisleri San. ve Tic. A.S.,Türkiye,11.3,B034b,,,,,,,,,,,,
Tema Fine Foods B.V.,Netherlands,11.1,E058,,,,,,,,,,,,
Tender Meat Sp z o.o.,Poland,9.1,A061+A069,,,,,,,,,,,,
Tendriade,France,6.1,B010+C011,,,,,,,,,,,,
"TENGFEI SUNFLOWER SEEDS FOOD CO.,LTD",China,1.2,N038,,,,,,,,,,,,
TENIMENTI GRIECO S.R.L. A SOCIO UNICO,Italy,11.2,A008,,,,,,,,,,,,
Tentazioni Pugliesi Srl,Italy,5.2,B020+C021,,,,,,,,,,,,
TENUTA GUALTIERI SRLS,Italy,11.2,A008,,,,,,,,,,,,
Societa Agricola Tenute Mokarta SRL,Italy,5.2,A001,,,,,,,,,,,,
"Tequilas del Senor, SA de CV",Mexico,7.1,E046,,,,,,,,,,,,
"Teraoka Yuuki Jyouzou Co., Ltd",Japan,2.1,B026,,,,,,,,,,,,
Terapy Ceylon Ayurveda Pvt Ltd Terapy Ceylon,Sri Lanka,1.2,F026a,,,,,,,,,,,,
TERKENLIS SA,Greece,2.2,C028,,,,,,,,,,,,
Termes Tarim Sanayi Ve Ticaret Ltd. Sti.,Türkiye,11.3,A026a,,,,,,,,,,,,
TERRA LLC,Ukraine,5.1,D057,,,,,,,,,,,,
Terra Beata Farms Ltd.,Canada,11.2,D039a,,,,,,,,,,,,
Terra Ingredients B.V.,Netherlands,5.2,C056g%2C+C059g,,,,,,,,,,,,
Terra Lacta,France,10.1,B012,,,,,,,,,,,,
Terra Liber SpA,Chile,3.1,A079a,,,,,,,,,,,,
TERRAFOOD LLC,Ukraine,CF,Confexhall+B028,,,,,,,,,,,,
Terrandes S.A.,Argentina,4.1,B095a,,,,,,,,,,,,
Terrani Mokka Ltd,Kenya,3.1,A023,,,,,,,,,,,,
Terranuts Agroindustrial SA,Brazil,3.1,C023,,,,,,,,,,,,
TerraSana,Netherlands,P4.1,Passage+Halle+4+Halle+5+A066+B067,,,,,,,,,,,,
Terravita Sp. z o.o.,Poland,2.2,D006,,,,,,,,,,,,
Terre de fromages,Belgium,10.1,B020d,,,,,,,,,,,,
TERRE DI PUGLIA DI VISAGGIO NICOLA,Italy,11.2,E019,,,,,,,,,,,,
"TERTULIA BRUGGE, S.A.",Costa Rica,3.1,B010+B018,,,,,,,,,,,,
Tervete Food SIA,Latvia,4.1,C031,,,,,,,,,,,,
Tesco Matt Ltd,Kenya,5.2,C059,,,,,,,,,,,,
Pasta Testa di Testa Michele,Italy,11.2,A008,,,,,,,,,,,,
Vereinigung der Tête de Moine Fabrikanten,Switzerland,10.1,C020,,,,,,,,,,,,
TEVITTA LLC,Ukraine,4.2,E062,,,,,,,,,,,,
Teys Australia,Australia,6.1,C101a,,,,,,,,,,,,
TFT FOOD SL,Spain,11.1,F011b,,,,,,,,,,,,
TGI technology pte ltd,Singapore,2.1,C021b,,,,,,,,,,,,
TGL Food,Paraguay,5.1,C059+D058,,,,,,,,,,,,
Thabico Food Industry Jsc,Vietnam,8.1,D116,,,,,,,,,,,,
Tradenex,Belgium,3.1,C078+D079,,,,,,,,,,,,
TRADEONE GLOBE (PVT) LTD,Sri Lanka,8.1,B084,,,,,,,,,,,,
Tradin Organic Agriculture B.V,Netherlands,5.1,D010,,,,,,,,,,,,
Trading Blue Mountain,Costa Rica,3.1,B010+B018,,,,,,,,,,,,
Tradizione Italiana Italian Food Tradition S.c.a.r.l.,Italy,5.2,A020+B021%2C+A010+B019,,,,,,,,,,,,
TRANSAVIA SA,Romania,9.1,E041,,,,,,,,,,,,
"TRANSFORMACIONES AGRÍCOLAS DE BADAJOZ, S.A",Spain,CF,Confexhall+D072,,,,,,,,,,,,
TRANSILVANIA NUTS SRL,Romania,11.3,F013,,,,,,,,,,,,
Tranzit-Food Kft.,Hungary,9.1,D060+D068,,,,,,,,,,,,
Trapeza LLC,Ukraine,11.3,D008,,,,,,,,,,,,
Trasimeno S.p.A.,Italy,11.1,D036,,,,,,,,,,,,
TRE STELLE FOOD SRL,Italy,10.1,E036,,,,,,,,,,,,
Treasure Orbit (Singapore) Pte. Ltd,Singapore,2.1,A020b,,,,,,,,,,,,
Treko Gida San. A.S.,Türkiye,7.1,G029,,,,,,,,,,,,
TrendyTop Sp. z o.o.,Poland,10.1,A029a,,,,,,,,,,,,
Tres Valores,Argentina,4.1,B091gC098g,,,,,,,,,,,,
TRESPALDUM S.R.L.,Italy,11.2,A008,,,,,,,,,,,,
Tress Lebensmittel GmbH & Co. KG,Germany,10.2,D057,,,,,,,,,,,,
E.M. TREUR & ZN. B.V.,Netherlands,10.1,H078,,,,,,,,,,,,
Trevalli Cooperlat Soc. Coop. Agricola,Italy,10.1,B049,,,,,,,,,,,,
Productos Trevijano SL,Spain,P4.1,Passage+Halle+4+Halle+5+B043a,,,,,,,,,,,,
ARZAK (TRIA GROUP),Morocco,11.3,A040+B049,,,,,,,,,,,,
Trigon Food B.V.,Netherlands,11.1,G013,,,,,,,,,,,,
Trigona Dairy Trade B.V.,Netherlands,10.1,H029,,,,,,,,,,,,
TRINACRIA AGRICOLA SRL,Italy,11.2,E008,,,,,,,,,,,,
Trinity Trade BV,Netherlands,9.1,C021+C023,,,,,,,,,,,,
"Trinity Distribution, Inc.",United States of America,4.2,C094,,,,,,,,,,,,
Triscom BV,Netherlands,10.1,A012,,,,,,,,,,,,
Triselecta S.L.,Spain,11.1,F019c,,,,,,,,,,,,
TRISUN Ltd.,Israel,8.1,E081,,,,,,,,,,,,
Tritech Green Energy Pvt Ltd,Sri Lanka,1.2,G011a,,,,,,,,,,,,
Trivelli Tartufi Srl,Italy,11.3,C010,,,,,,,,,,,,
TRIVITYS UG (haftb.),Germany,B.1,Boulevard+123%2C+Boulevard+123l,,,,,,,,,,,,
Trofico S.A.,Greece,10.2,H049,,,,,,,,,,,,
Trois Continental sdn bhd,Malaysia,1.2,N010+O011,,,,,,,,,,,,
Trolli GmbH,Germany,3.1,A050,,,,,,,,,,,,
Tropical Exporters,India,3.1,A015a,,,,,,,,,,,,
"Tropical Food Industries Co.,Ltd.",Thailand,11.3,G059,,,,,,,,,,,,
Tropical Health Food (Pvt) Ltd,Sri Lanka,5.1,F019,,,,,,,,,,,,
Tropical MAC EPZ Limited,Kenya,5.2,C059,,,,,,,,,,,,
Tropical Paradise Fruits Co,Costa Rica,4.2,C025,,,,,,,,,,,,
Tropicool Foods,India,4.2,C029,,,,,,,,,,,,
Tropifrost S.A.,Costa Rica,4.1,C041,,,,,,,,,,,,
Tropikal Life International (Pvt) Ltd,Sri Lanka,1.2,G027a,,,,,,,,,,,,
"TRUC ANH TRADING CO., LTD",Vietnam,CF,Confexhall+E050+F059,,,,,,,,,,,,
True ApS,Denmark,5.2,D038,,,,,,,,,,,,
Truffleat Srl,Italy,5.2,A030+B031,,,,,,,,,,,,
"Trung Minh Thanh Trading Co., Ltd",Vietnam,CF,Confexhall+D050+E059,,,,,,,,,,,,
Trung Nguyen Group Corporation,Vietnam,8.1,B100,,,,,,,,,,,,
TRUSTAGRO LLC,Uzbekistan,11.3,B046,,,,,,,,,,,,
TS FOOD COMPANY LIMITED,Vietnam,CF,Confexhall+B030+C039,,,,,,,,,,,,
"Tsan Yu Yen Food Co., Ltd",Taiwan,2.1,B009,,,,,,,,,,,,
EVANGELOS TSANOS LTD,Greece,2.2,B061,,,,,,,,,,,,
Tsarouchas Bros. S.A.,Greece,10.2,H045,,,,,,,,,,,,
TSB International Gida Bilisim San. ve Tic. Ltd. Sti.,Türkiye,2.2,A035,,,,,,,,,,,,
TSC Food Products GmbH,Austria,3.2,A038,,,,,,,,,,,,
Tsin-Kaz LTD.,Kazakhstan,5.2,D051a,,,,,,,,,,,,
TSK Beverages (M) Sdn Bhd,Malaysia,1.2,N010+O011,,,,,,,,,,,,
"Tsushima Suisan Co.,ltd",Japan,2.1,C041a,,,,,,,,,,,,
TTCL Piotr Rudzki,Poland,CF,Confexhall+A020+B029,,,,,,,,,,,,
TUAL FAST CHANCE'98 SRL,Romania,2.2,C012,,,,,,,,,,,,
"TUAN MINH TRADING AND PRODUCTION CO.,LTD",Vietnam,CF,Confexhall+B030+C039,,,,,,,,,,,,
TUCAL,Tunisia,11.3,D045a,,,,,,,,,,,,
Tuchel & Sohn GmbH,Germany,5.1,C019,,,,,,,,,,,,
Tugrul Tarim ve Petrol Urunleri Tic. / ve San. A.S.,Türkiye,11.3,A011,,,,,,,,,,,,
Tukas Gida San. ve Tic. A.S.,Türkiye,11.3,C019,,,,,,,,,,,,
Tulip International Inc.,"Korea, Republic of",8.1,A029,,,,,,,,,,,,
Tumminello SRL,Italy,5.2,A041+A049,,,,,,,,,,,,
Tuna Food GmbH,Germany,7.1,D029,,,,,,,,,,,,
Tunay Gida San. Ve Tic. A.S.,Türkiye,8.1,A010,,,,,,,,,,,,
Tündérkert Trading Kft.,Hungary,5.2,C034,,,,,,,,,,,,
"Tung Shaing Foods Co., Ltd.",Taiwan,7.1,F056,,,,,,,,,,,,
Tunisian American Olive Oil Company,Tunisia,11.3,C041,,,,,,,,,,,,
Tupinamba SA,Spain,P4.1,Passage+Halle+4+Halle+5+A003,,,,,,,,,,,,
Tural Grup Ltd,Georgia,11.1,D054,,,,,,,,,,,,
TURCHET S.R.L.,Italy,5.2,C038,,,,,,,,,,,,
Officina Trasformazione Italia S.r.l. Società Benefit,Italy,11.2,E050,,,,,,,,,,,,
Turka Invest Sp. z o.o.,Poland,2.2,B028,,,,,,,,,,,,
Turkcom Gida San. ve Tic. A.S.,Türkiye,5.1,D048,,,,,,,,,,,,
Turkish Food Exporters,Türkiye,11.3,B019,,,,,,,,,,,,
Turkuaz GmbH,Germany,3.2,B008,,,,,,,,,,,,
TURM-Sahne GmbH,Germany,10.1,F033,,,,,,,,,,,,
TURONAGROMARKET LLC,Uzbekistan,5.1,B079+C078,,,,,,,,,,,,
Turri Fratelli srl,Italy,11.2,A056a,,,,,,,,,,,,
Turrones José Garrigós S.A.,Spain,11.1,A031a,,,,,,,,,,,,
Turtle srl,Belgium,2.1,A058b,,,,,,,,,,,,
Turun Gida San. Ve Tic. A.S.,Türkiye,11.3,C033b,,,,,,,,,,,,
"Tutti Pasta, S.A.",Spain,4.2,D029a,,,,,,,,,,,,
Two Counties Foods Limited,United Kingdom,9.1,C008,,,,,,,,,,,,
TWO RED TIGERS INTERNATIONAL BEER JSC,Vietnam,CF,Confexhall+E050+F059,,,,,,,,,,,,
Two Spice AG,Switzerland,5.1,F081,,,,,,,,,,,,
TXOGITXU SLU,Spain,11.1,A040,,,,,,,,,,,,
TYC INSAAT SAN VE TIC A.S,Türkiye,2.2,A050,,,,,,,,,,,,
Typcal,Brazil,3.1,D024a,,,,,,,,,,,,
TYRAS DAIRIES CYPRUS LIMITED,Cyprus,10.1,F079b,,,,,,,,,,,,
Tyson Foods,Netherlands,9.1,B021+C020,,,,,,,,,,,,
"Tyson Foods, Inc.",United States of America,9.1,B021+C020,,,,,,,,,,,,
Tzafettas S.A.,Greece,10.1,D041a,,,,,,,,,,,,
U Jędrusia Sp. z o.o.,Poland,5.1,B010,,,,,,,,,,,,
UAB,Lithuania,10.2,F037,,,,,,,,,,,,
UAB AR MAISTAS,Lithuania,10.2,F039,,,,,,,,,,,,
UAB DAIRYHUB.LT,Lithuania,10.1,D079,,,,,,,,,,,,
UAB EKKO LT,Lithuania,10.2,F049,,,,,,,,,,,,
UAB OMG Bubble Tea,Lithuania,7.1,F062a,,,,,,,,,,,,
Wise Trading Group UAB,Lithuania,8.1,D090,,,,,,,,,,,,
"Ubago Group Mare, S.L.",Spain,11.1,E011,,,,,,,,,,,,
Ubojnia Zwierzat Robert Rytel,Poland,9.1,A061+A069,,,,,,,,,,,,
Ubuntu Extra Virgin Olive Oil,South Africa,11.1,A050+B059,,,,,,,,,,,,
"Uchibori Vinegar, Inc.",Japan,2.1,C043,,,,,,,,,,,,
Ucuzcular Gida Mad. San. ve Tic. A.S.,Türkiye,11.3,B014a,,,,,,,,,,,,
Uelzena eG,Germany,10.1,G034,,,,,,,,,,,,
UGS Urla Gida ve Tarim Urunleri San. Ve Tic. A.S.,Türkiye,11.3,A020b,,,,,,,,,,,,
Uhrenholt A/S,Denmark,10.1,F008,,,,,,,,,,,,
Ukrainian Berries Association,Ukraine,5.2,E057l,,,,,,,,,,,,
Ukrainian Bee LLC,Ukraine,2.2,B012,,,,,,,,,,,,
UKRCORN,Ukraine,5.2,E058,,,,,,,,,,,,
Ukrptahoservis Private Enterprise,Ukraine,4.2,C020,,,,,,,,,,,,
ULAR FARM,Ukraine,9.1,A030a,,,,,,,,,,,,
Ulas Gida Un Tekstil Nak. Tic. ve San. / A.S.,Türkiye,11.3,B030a,,,,,,,,,,,,
Veyseloglu LLC / Ulduz Chocolate Factory,Azerbaijan,5.2,B068g,,,,,,,,,,,,
Ulmer Fleisch GmbH,Germany,6.1,B068+C069,,,,,,,,,,,,
Ulmer GmbH,Germany,10.2,A020,,,,,,,,,,,,
Ulmer Schokoladen GmbH & Co. KG,Germany,3.1,B048,,,,,,,,,,,,
ULTRACONGELADOS CAMPO VERDE S.L.,Spain,4.2,D059,,,,,,,,,,,,
Ultramar Caffè SRL,Italy,8.1,B090,,,,,,,,,,,,
Ultramares,Brazil,3.1,D021a,,,,,,,,,,,,
Uludag Icecek Turk A.S.,Türkiye,8.1,C020,,,,,,,,,,,,
Ulusoy Un San. ve Tic. A.S.,Türkiye,11.3,A026b,,,,,,,,,,,,
Unadam Unlu Mamuller Gida Imalat Turizm / Nakliyat San. ve Tic. A.S.,Türkiye,2.2,A037a,,,,,,,,,,,,
UNDA SIA,Latvia,5.1,A040,,,,,,,,,,,,
UNI-T group,Cyprus,8.1,E098,,,,,,,,,,,,
Unidex B.V.,Netherlands,11.3,F010+G011,,,,,,,,,,,,
Unifrango,Brazil,9.1,C045a,,,,,,,,,,,,
UNIFREEZE SP. Z O.O.,Poland,4.2,A079,,,,,,,,,,,,
Unigrà SpA,Italy,1.2,B028+C029,,,,,,,,,,,,
Unikai Foods PJSC,United Arab Emirates,CF,Confexhall+D037,,,,,,,,,,,,
Unilac Holland BV,Netherlands,10.1,H028+G029,,,,,,,,,,,,
"Unió Nuts, SCCL",Spain,11.1,D013,,,,,,,,,,,,
UNION SRL,Italy,5.2,C043,,,,,,,,,,,,
Union of Agricultural Cooperatives of Korinthia S.A.,Greece,5.1,B055,,,,,,,,,,,,
"UNIONE CO., LTD.","Korea, Republic of",5.2,B071,,,,,,,,,,,,
Unipick Foods Pvt Ltd,India,1.2,K008a,,,,,,,,,,,,
Unique Fragrances,India,11.3,F028,,,,,,,,,,,,
UNISMACK,Greece,11.2,F058a,,,,,,,,,,,,
UNISOURCE HONG KONG COMPANY LIMITED,Hong Kong,1.2,M011a,,,,,,,,,,,,
UNISTAR INTERNATIONAL PVT LTD,Sri Lanka,1.2,F020,,,,,,,,,,,,
Unisun Ltd.,Bulgaria,11.2,G052,,,,,,,,,,,,
United Dutch Breweries BV,Netherlands,11.1,F012,,,,,,,,,,,,
United Food Brands Limited,United Kingdom,10.2,E064,,,,,,,,,,,,
United Foods Company (PJSC),United Arab Emirates,CF,Confexhall+D033,,,,,,,,,,,,
UNITED FOODS,India,CF,Confexhall+G018,,,,,,,,,,,,
UNITED FOODS PUBLIC COMPANY LIMITED,Thailand,11.3,G024,,,,,,,,,,,,
UNITED GROSS,Sweden,5.2,E056,,,,,,,,,,,,
United Investment Group - Unifood,Egypt,4.2,A095,,,,,,,,,,,,
United King Foods PVT Ltd,Pakistan,11.3,E034,,,,,,,,,,,,
Unitrades (Pvt) Ltd,Sri Lanka,1.2,F024,,,,,,,,,,,,
Unitrading & Logistic LLC,Brazil,6.1,D073,,,,,,,,,,,,
Univer Product Zrt.,Hungary,2.1,C040,,,,,,,,,,,,
UNIVERS DELI SARL AU,Morocco,11.3,A040+B049,,,,,,,,,,,,
Univers Drink S.A.,Belgium,7.1,F047,,,,,,,,,,,,
UNIVERSAL IBERLAND SLU,Spain,8.1,C003,,,,,,,,,,,,
Universal Marketing SRL,Italy,5.1,F041,,,,,,,,,,,,
Universal Trading Indonesia,Indonesia,1.2,K011+J010,,,,,,,,,,,,
UNIWORLD TEAS (PVT) LTD,Sri Lanka,8.1,B082,,,,,,,,,,,,
Uno Foods Dubicki i Wspolnicy Sp.J.,Poland,3.1,B041a,,,,,,,,,,,,
Unsoy Tarim Urunleri ve Gida San. ve Tic. A.S.,Türkiye,4.1,E066,,,,,,,,,,,,
Untamed World SL/ Untamed Honey,Spain,11.1,A032a,,,,,,,,,,,,
Unterweger Früchteküche GmbH,Austria,11.2,F018a,,,,,,,,,,,,
UP4MARKET,Brazil,3.1,D021a,,,,,,,,,,,,
Update Food Holding Ltd.,Hungary,7.1,E054b,,,,,,,,,,,,
UPISA,Paraguay,6.1,E098,,,,,,,,,,,,
Upper Egypt for Food Industries,Egypt,4.2,B094,,,,,,,,,,,,
Upper Egypt for Concentrate and Juices,Egypt,2.1,E055a,,,,,,,,,,,,
BRACIA URBANEK SP. Z O.O.,Poland,11.1,G059,,,,,,,,,,,,
URBANI TARTUFI SRL,Italy,10.2,A021,,,,,,,,,,,,
Urcimar SA,Morocco,11.3,A040+B049,,,,,,,,,,,,
URGASA,Spain,9.1,E061,,,,,,,,,,,,
Urgut Ufa Invest LLC,Uzbekistan,5.1,B079+C078,,,,,,,,,,,,
URIEN LOZA S.A. MALEFU AGROPECUARIA SRL.,Argentina,6.1,D020,,,,,,,,,,,,
Uruguay XXI,Uruguay,P4.1,Passage+Halle+4+Halle+5+A047,,,,,,,,,,,,
"Urzante, S.L.",Spain,11.1,F008,,,,,,,,,,,,
US Grocer AB,Sweden,1.2,E008a,,,,,,,,,,,,
USA Pavilion c/o Koelnmesse Inc.,United States of America,2.2,A053,,,,,,,,,,,,
USA Dry Pea & Lentil Council (USDPLC),United States of America,10.2,G078,,,,,,,,,,,,
USA Rice Federation,United States of America,10.2,H058,,,,,,,,,,,,
U.S. Dept of Agriculture -FAS / U.S. Embassy Berlin,Germany,10.2,I078,,,,,,,,,,,,
User Gida ve Tuketim Mallari San. ve Tic. Ltd. Sti.,Türkiye,2.2,A038,,,,,,,,,,,,
Usibras-Usina Brasileira de Oleos e Castanha Ltda,Brazil,3.1,B024b,,,,,,,,,,,,
Ustronianka Sp. z o.o.,Poland,8.1,B023,,,,,,,,,,,,
"Ustukiu Malunas, UAB",Lithuania,10.2,E046,,,,,,,,,,,,
Utry.me GmbH,Germany,B.1,Boulevard+071%2C+Boulevard+073%2C+Boulevard+073l,,,,,,,,,,,,
Uygun Rafine Yag San. ve Tic. Ltd. Sti.,Türkiye,11.3,A012a,,,,,,,,,,,,
"V&K Pineapple Canning Co., Ltd",Thailand,1.2,I016,,,,,,,,,,,,
V-Cubes by Veggiebel BV,Belgium,7.1,D031,,,,,,,,,,,,
V. ROUBIS SINGLE MEMBER LLC,Greece,8.1,B058,,,,,,,,,,,,
"V. Thai Food Product Co., Ltd.",Thailand,11.3,G030a,,,,,,,,,,,,
VA BRANDS LTD VALEX TEAM,Bulgaria,7.1,E033,,,,,,,,,,,,
Vacom MP Ltd.,Bulgaria,10.1,H011,,,,,,,,,,,,
Vacum Carnes de Lujo S.L.,Spain,6.1,D108,,,,,,,,,,,,
Vadex Mezöföldi Zrt.,Hungary,9.1,B008,,,,,,,,,,,,
Vadilal Industries USA Inc.,United States of America,4.1,E070,,,,,,,,,,,,
Vagabund Brauerei FB GmbH,Germany,7.1,E029,,,,,,,,,,,,
Vagiannis Dimitrios & Sia G.P.,Greece,11.2,G054,,,,,,,,,,,,
VAHDAM Teas Global Inc.,United States of America,8.1,B118,,,,,,,,,,,,
"VALA THAI FOOD CO.,LTD.",Thailand,7.1,G041a,,,,,,,,,,,,
Valade Group,France,10.2,F023,,,,,,,,,,,,
Valbifrut,Chile,10.2,E017a,,,,,,,,,,,,
Valchev OOD,Bulgaria,10.1,A052,,,,,,,,,,,,
Valcolatte S.p.a.,Italy,10.1,C030,,,,,,,,,,,,
"Valente Marques, S.A.",Portugal,11.1,E046b,,,,,,,,,,,,
Valenzi GmbH & Co. KG,Germany,10.2,B031,,,,,,,,,,,,
VALETTE GASTRONOMIE,France,10.2,G043,,,,,,,,,,,,
Valfleuri S.A.,France,10.2,F040,,,,,,,,,,,,
Valgosa S.L,Spain,11.1,C008a,,,,,,,,,,,,
VALGRANA SPA,Italy,10.1,A081,,,,,,,,,,,,
Valia SAS,France,4.2,C044,,,,,,,,,,,,
Valle Fine Foods Italia s.r.l.,Italy,4.1,A092,,,,,,,,,,,,
Valle del Dittaino Soc. Coop. Agricola,Italy,11.2,D056,,,,,,,,,,,,
VALLE FRIO NUTRISCO,Chile,3.1,B081,,,,,,,,,,,,
Valle Redondo,Mexico,8.1,E040,,,,,,,,,,,,
"VALLE, BALLINA Y FERNANDEZ SA",Spain,11.1,C012,,,,,,,,,,,,
Valledoro SpA,Italy,2.2,D059,,,,,,,,,,,,
Valley Pride Ag Co,United States of America,10.2,H074,,,,,,,,,,,,
Valsa Group S.p.A.,Italy,4.1,A078,,,,,,,,,,,,
Valsoia S.p.a.,Italy,11.2,F011,,,,,,,,,,,,
Valutrade Business Corporation,Panama,8.1,E101,,,,,,,,,,,,
Vamvalis SA,Greece,10.2,A059,,,,,,,,,,,,
Van Aerde nv,Belgium,6.1,A081,,,,,,,,,,,,
Van Assche Premium Rabbit Meat bv,Belgium,9.1,C035,,,,,,,,,,,,
Van Breukelen Kaas BV,Netherlands,10.1,A010,,,,,,,,,,,,
Van Caem Klerks Group,Netherlands,10.2,A010,,,,,,,,,,,,
VAN DUC TIEN GIANG FOOD EXPORT COMPANY,Vietnam,4.2,A051,,,,,,,,,,,,
Van Es Foods International B.V.,Netherlands,4.2,D070,,,,,,,,,,,,
Van Gils Distributie NV,Belgium,4.1,B066,,,,,,,,,,,,
Van Hees GmbH,Germany,10.2,B038,,,,,,,,,,,,
Van Koolen B.V.,Netherlands,1.2,B044,,,,,,,,,,,,
Van Rooi Meat BV,Netherlands,6.1,A049,,,,,,,,,,,,
Van-O-Bel NV,Belgium,9.1,D038,,,,,,,,,,,,
Vandersterre Holland B.V.,Netherlands,10.1,F039,,,,,,,,,,,,
VanDrie Group,Netherlands,6.1,B010+C011,,,,,,,,,,,,
VANILLA MOLINA,Mexico,10.2,F079,,,,,,,,,,,,
Vanille B.V.,Netherlands,10.2,A041,,,,,,,,,,,,
Vanlommel Vee- en Vleeshandel  NV,Belgium,6.1,A010,,,,,,,,,,,,
Vanozza Foods GmbH,Germany,B.1,Boulevard+075,,,,,,,,,,,,
Vapza Alimentos S/A,Brazil,3.1,B028,,,,,,,,,,,,
"VARA FOOD & DRINK CO., LTD.",Thailand,7.1,F040c,,,,,,,,,,,,
Vassilakis Estate,Greece,10.2,I041,,,,,,,,,,,,
Noussias Georgios & Apostolos CO,Greece,10.1,A024,,,,,,,,,,,,
VAUBERNIER,France,10.1,C012,,,,,,,,,,,,
VCR,Morocco,11.3,A040+B049,,,,,,,,,,,,
Vedoura Greek Dairy Products,Greece,10.1,F071,,,,,,,,,,,,
Quesos Vega Sotuelamos S.L.,Spain,10.1,F028,,,,,,,,,,,,
Veganis,Portugal,11.1,E046a,,,,,,,,,,,,
VEGANSEA,Morocco,11.3,A040+B049,,,,,,,,,,,,
vegconom GmbH,Germany,1.2,D034,,,,,,,,,,,,
Vegefarm Corp.,Taiwan,1.2,A036,,,,,,,,,,,,
VeggieMeat GmbH,Austria,7.1,A059,,,,,,,,,,,,
Topas GmbH,Germany,5.1,F091,,,,,,,,,,,,
vegi farm for food industries,Egypt,4.2,A104,,,,,,,,,,,,
Velibaba Baharat ve Gida Mad. Urt. Pak. Ins. Nak. Paz. San. ve Tic. Ltd. Sti.,Türkiye,11.3,C033c,,,,,,,,,,,,
Ven Poultry B.V.,Netherlands,9.1,E019,,,,,,,,,,,,
VENDA LLC,Armenia,2.1,D058+E059,,,,,,,,,,,,
VENERABLE CAPITAL S.L.,Spain,7.1,E021,,,,,,,,,,,,
VENT DES SAVEURS,France,4.2,B047,,,,,,,,,,,,
Venture Hub LLC (Castle Farms),Saudi Arabia,CF,Confexhall+F037,,,,,,,,,,,,
VENTURE TEA (PVT) LTD,Sri Lanka,8.1,A087,,,,,,,,,,,,
VENUS BISKUVI SAN. VE TIC. A.S,Türkiye,2.2,B054,,,,,,,,,,,,
Venus Growers,Greece,10.2,G044,,,,,,,,,,,,
Vepo Cheese N.V.,Netherlands,10.1,E029,,,,,,,,,,,,
Vepura GmbH,Germany,4.2,A007,,,,,,,,,,,,
Vera Pizza Napoli srl,Italy,4.1,D089,,,,,,,,,,,,
Vera Soc coop Agricola,Italy,11.2,E056,,,,,,,,,,,,
SA Veracruz,Argentina,8.1,E029a,,,,,,,,,,,,
Veracruz Industries Unipessoal Lda.,Portugal,11.1,F047b,,,,,,,,,,,,
Verbau SA,Belgium,4.1,D088,,,,,,,,,,,,
VERCELLI S.P.A,Italy,6.1,D100,,,,,,,,,,,,
Verde Yag Besin Mad. San. ve Tic. A.S.,Türkiye,11.3,C017a,,,,,,,,,,,,
"Verdú Cantó Saffron Spain,S.L.",Spain,11.1,B033,,,,,,,,,,,,
Vergani Secondo S.p.A.,Italy,2.2,C058,,,,,,,,,,,,
Vergeer Holland,Netherlands,10.1,C059,,,,,,,,,,,,
SIA Verģi (Vergi Ltd),Latvia,5.1,A040,,,,,,,,,,,,
Verival Bio GmbH,Austria,5.1,F080+E081,,,,,,,,,,,,
VerMints Inc.,United States of America,5.1,C051,,,,,,,,,,,,
Vermuyten - Professional Dairy Products S.L.,Spain,11.1,B049,,,,,,,,,,,,
F.lli Veroni Fu Angelo S.P.A. Con Unico Socio,Italy,7.1,C051,,,,,,,,,,,,
Vert Limited,Kenya,3.1,A023,,,,,,,,,,,,
Vertograd Juice Sp. z o.o.,Poland,8.1,B060,,,,,,,,,,,,
Verzì Caffè S.R.L.,Italy,8.1,C108a,,,,,,,,,,,,
Vesta Tarim Urunleri San. ve Tic. A.S.,Türkiye,11.3,B027b,,,,,,,,,,,,
Vestey Foods Ltd,United Kingdom,6.1,B021,,,,,,,,,,,,
Vesves Gida San. ve Tic. Ltd. Sti.,Türkiye,11.3,A024a,,,,,,,,,,,,
Vette & Verhaart BV,Netherlands,5.1,F081,,,,,,,,,,,,
VEVI GREEK HERBS,Greece,10.2,H009b,,,,,,,,,,,,
VFI GmbH,Austria,11.2,G018,,,,,,,,,,,,
VG COMERCIO DE CAFE LTDA,Brazil,3.1,D022,,,,,,,,,,,,
VG Handel GmbH Viciunai Group,Germany,4.2,A010,,,,,,,,,,,,
VGO,Cyprus,11.2,G049,,,,,,,,,,,,
VI.GA. S.r.L.,Italy,5.2,B040,,,,,,,,,,,,
VIANDES DU BRETON INC.,Canada,6.1,E050a,,,,,,,,,,,,
Antonio Viani Importe GmbH,Germany,10.2,D031,,,,,,,,,,,,
Viba sweets GmbH,Germany,3.1,B054,,,,,,,,,,,,
Viblance Hungary Kft.,Hungary,5.2,C030b,,,,,,,,,,,,
Vibra Foods,Brazil,9.1,C047,,,,,,,,,,,,
VICAMO - COMPASS,Spain,P4.1,Passage+Halle+4+Halle+5+A003,,,,,,,,,,,,
Vicente Trapani S.A.,Argentina,8.1,E027,,,,,,,,,,,,
Vicenzi S.p.A.,Italy,2.2,B048,,,,,,,,,,,,
Vichy Catalan (Premium Mix Group SL),Spain,P4.1,Passage+Halle+4+Halle+5+B002,,,,,,,,,,,,
Vicky Foods,Spain,3.2,B050,,,,,,,,,,,,
Victoria Foods PVT. Ltd.,India,11.3,H024b,,,,,,,,,,,,
Victoria Pulse Trading Corp.,Canada,11.2,D021,,,,,,,,,,,,
Videeko Vanilla,Madagascar,2.1,D028,,,,,,,,,,,,
Vieira de Castro - Produtos Alimentares SA,Portugal,2.2,E039,,,,,,,,,,,,
Vierre s.r.l.,Italy,6.1,C008,,,,,,,,,,,,
Viet International Co. Ltd.,Vietnam,CF,Confexhall+D050+E059,,,,,,,,,,,,
VIET PEPPER JOINT STOCK COMPANY,Vietnam,CF,Confexhall+D050+E059,,,,,,,,,,,,
VINAMILK,Vietnam,CF,Confexhall+A030+B039,,,,,,,,,,,,
Viet Nam Pepper and Spice Association,Vietnam,1.2,N008,,,,,,,,,,,,
Vietnam Trade Promotion Agency,Vietnam,CF,Confexhall+B030+C039,,,,,,,,,,,,
VIFON CORPORATION - HAI DUONG BRANCH,Vietnam,CF,Confexhall+A030+B039,,,,,,,,,,,,
Vifon Joint Stock Company - Ho Chi Minh City Branch,Vietnam,CF,Confexhall+F040+G041,,,,,,,,,,,,
Viglia Olives S.A.,Greece,5.1,B029,,,,,,,,,,,,
Vignerons Mais Autrement,France,8.1,C037,,,,,,,,,,,,
VIGOS GIDA SAN. VE TIC. A.S.,Türkiye,2.2,B030,,,,,,,,,,,,
Vikeda,Lithuania,4.1,C020,,,,,,,,,,,,
VIKELIDIS - CHRISANTHIDIS S.A,Greece,3.2,A070,,,,,,,,,,,,
"Viktor & K, PE",Ukraine,11.1,G066,,,,,,,,,,,,
Viktoria DL EOOD,Bulgaria,10.2,D048,,,,,,,,,,,,
VILIS private enterprise,Ukraine,CF,Confexhall+B018,,,,,,,,,,,,
VILLA FRANCA SOCIEDAD ANONIMA,Paraguay,3.1,C081+D081,,,,,,,,,,,,
Villa Germania Alimentos SA,Brazil,9.1,D042a,,,,,,,,,,,,
Villaolivo,Spain,11.1,B016,,,,,,,,,,,,
UAB Vilniaus Degtine,Lithuania,7.1,E048,,,,,,,,,,,,
VILUX SOCIETE NOUVELLE SARL,France,10.2,E012,,,,,,,,,,,,
Vimal Agro Products Pvt. Ltd.,India,11.2,E015,,,,,,,,,,,,
"VINA FNV., JSC",Vietnam,CF,Confexhall+D050+E059,,,,,,,,,,,,
"VINA FOODS KYOEI CO., LTD.",Vietnam,CF,Confexhall+E048,,,,,,,,,,,,
"Vinasamex., JCS",Vietnam,CF,Confexhall+A030+B039,,,,,,,,,,,,
"Vinagrerias Riojanas, S.A.",Spain,11.1,A022a,,,,,,,,,,,,
Vinagres de Yema S.L.,Spain,11.1,E028c,,,,,,,,,,,,
"GOYVAL VINAGRES, S.L",Spain,11.1,E014,,,,,,,,,,,,
"VIÑALS SOLER, S.L.",Spain,6.1,C084,,,,,,,,,,,,
Vineves SA,Portugal,11.1,E041,,,,,,,,,,,,
Vinkymon OÜ,Estonia,5.2,B060,,,,,,,,,,,,
Vinorte SRL,Italy,8.1,B048,,,,,,,,,,,,
"VINOS & BODEGAS, S.A",Spain,7.1,F059,,,,,,,,,,,,
Vintage Teas Ceylon (PVT) LTD,Sri Lanka,8.1,C093,,,,,,,,,,,,
Vion Food International B.V.,Netherlands,6.1,C050,,,,,,,,,,,,
Viosal Ltd,Greece,10.1,E039,,,,,,,,,,,,
Virco International PVT LTD,Sri Lanka,1.2,G013,,,,,,,,,,,,
Virginia Dept of Agriculture & Cons. Svc,United States of America,10.2,G060,,,,,,,,,,,,
"Virto Group / ULTRACONGELADOS VIRTO, S.A.U.",Spain,4.2,C060,,,,,,,,,,,,
Virtu Production sp. z o.o.,Poland,5.1,A014,,,,,,,,,,,,
VIRU S.A.,Peru,4.1,E079,,,,,,,,,,,,
Vishaal Natural Food Products (I) Pvt Ltd,India,1.2,I007,,,,,,,,,,,,
VISIMEX CORPORATION JOINT STOCK COMPANY,Vietnam,CF,Confexhall+A030+B039,,,,,,,,,,,,
VISNUKUMAR TRADERS PRIVATE LIMITED,India,11.3,A031,,,,,,,,,,,,
Visol Isfara LLC,Tajikistan,11.3,B048,,,,,,,,,,,,
Visser Kaas,Netherlands,10.1,E028,,,,,,,,,,,,
VITA FRUCT LLC,Armenia,11.3,C049,,,,,,,,,,,,
"Vita-Club Functional Foods, S.L.",Spain,8.1,B040,,,,,,,,,,,,
Vitacuire,France,4.1,B020,,,,,,,,,,,,
Vitafood,Kosovo,2.1,E012a,,,,,,,,,,,,
Vitakai S.A,Chile,3.1,B077,,,,,,,,,,,,
VITAL AGRO PRODUCTS PRIVATE LIMITED,India,3.1,D012,,,,,,,,,,,,
Vitalia Nikola Ltd,Republic of North Macedonia,4.1,D097,,,,,,,,,,,,
VITALL SRL,Romania,9.1,B056,,,,,,,,,,,,
VITALPOL PPH Marek Wieczorek,Poland,CF,Confexhall+A020+B029,,,,,,,,,,,,
Vitalyv international srl,Italy,8.1,A050,,,,,,,,,,,,
Vitaminka JSC,Republic of North Macedonia,3.1,D039,,,,,,,,,,,,
Vitar s.r.o.,Czech Republic,4.1,D093a,,,,,,,,,,,,
Vitavigor S.r.l.,Italy,11.2,D053,,,,,,,,,,,,
Vitecer Kft.,Hungary,4.1,D093,,,,,,,,,,,,
Vitelco b.v.,Netherlands,6.1,C020+C028,,,,,,,,,,,,
Bunge Canada Inc.,Canada,11.2,D043,,,,,,,,,,,,
"JV Vitmark-Ukraine, LLC",Ukraine,8.1,A019,,,,,,,,,,,,
Vitom S.A. -CHB Group,Greece,8.1,C029,,,,,,,,,,,,
Vitto Tea Board s.r.o.,Czech Republic,8.1,A111,,,,,,,,,,,,
Vittoria spa,Italy,10.1,G058a,,,,,,,,,,,,
VIVA CON AGUA Wasser GmbH,Germany,7.1,F008,,,,,,,,,,,,
VIVAKS doo,Republic of North Macedonia,8.1,B009,,,,,,,,,,,,
Vivaldi Srl,Italy,10.1,H080,,,,,,,,,,,,
VIVITA d.o.o.,Croatia,11.1,F031a,,,,,,,,,,,,
"Vivo Group Co., Ltd.",Myanmar (Burma),CF,Confexhall+D078,,,,,,,,,,,,
"Vivo Tribe, LLC",United States of America,5.1,C051,,,,,,,,,,,,
LLC Firma Vizard LTD,Ukraine,2.1,E037,,,,,,,,,,,,
Vladalex Impex SRL,Romania,5.1,D031a,,,,,,,,,,,,
VLAM vzw,Belgium,6.1,E010+E018,,,,,,,,,,,,
Vleescentrale van der Horst B.V.,Netherlands,6.1,B091,,,,,,,,,,,,
Vleeswaren L. Michielssen bv,Belgium,7.1,D019,,,,,,,,,,,,
Vlevy N.V.,Belgium,7.1,D033,,,,,,,,,,,,
Vô Jorge Alimentos,Brazil,3.1,C023b,,,,,,,,,,,,
VOBRO sp. z o.o. sp.k.,Poland,3.1,B030,,,,,,,,,,,,
VOG AG,Austria,11.2,C010+D011,,,,,,,,,,,,
VOG Import Export Deutschland Ges.m.b.H.,Germany,11.2,C010+D011,,,,,,,,,,,,
VOG Products Gen. Landw. Ges,Italy,4.1,B039,,,,,,,,,,,,
Voion Land Products,Greece,11.2,G025,,,,,,,,,,,,
Voltan S.p.A.,Italy,5.1,A056,,,,,,,,,,,,
Volynski Browar,Ukraine,7.1,E031a,,,,,,,,,,,,
Volys Star NV,Belgium,7.1,D035a,,,,,,,,,,,,
Walo von Mühlenen AG,Switzerland,10.1,B018,,,,,,,,,,,,
Vondelmolen NV,Belgium,2.1,A054a,,,,,,,,,,,,
Vonk Cheese,Belgium,10.1,G031,,,,,,,,,,,,
Vorarlberg Milch eGen,Austria,10.1,C029,,,,,,,,,,,,
Vori Jordanka DOOEL,Republic of North Macedonia,10.2,A029,,,,,,,,,,,,
VOSSKO GmbH & Co. KG,Germany,9.1,E028,,,,,,,,,,,,
Vrionis S.A.,Greece,11.2,G068,,,,,,,,,,,,
VSMAK LLC,Ukraine,11.3,B031,,,,,,,,,,,,
VTCTRADE GIDA SANAYI TICARET LIMITED SIRKETI,Türkiye,CF,Confexhall+B024,,,,,,,,,,,,
vTrade GmbH,Germany,B.1,Boulevard+130,,,,,,,,,,,,
VZKK,Latvia,5.1,A040,,,,,,,,,,,,
w-wintrading,Malaysia,4.2,A081,,,,,,,,,,,,
"Wadakyu Europe,S.L.",Spain,5.2,D045a,,,,,,,,,,,,
Wadi alamin international,Türkiye,5.2,E034,,,,,,,,,,,,
Wadi El Nile Italia,Italy,5.2,E052,,,,,,,,,,,,
Wadi Food for Food Industries,Egypt,2.1,B054,,,,,,,,,,,,
WAGH BAKRI TEA GROUP,India,8.1,D117,,,,,,,,,,,,
Waguruwela Oil Mills (Pvt) Ltd,Sri Lanka,1.2,F022,,,,,,,,,,,,
Wagyu Verband Deutschland e.V.,Germany,6.1,A059,,,,,,,,,,,,
Waime Spices LLC,Georgia,11.1,E057,,,,,,,,,,,,
LLC DFC Waiz,Ukraine,5.1,D055,,,,,,,,,,,,
WAKALEX FOR INDUSTRY@TRADE CO,Egypt,2.1,C057,,,,,,,,,,,,
Walker & Sons,United States of America,10.2,G076,,,,,,,,,,,,
Walker's Nonsuch Ltd,United Kingdom,10.2,E050,,,,,,,,,,,,
Walter Heindl GmbH,Austria,11.2,F016,,,,,,,,,,,,
Walton & Post,United States of America,10.2,H073,,,,,,,,,,,,
WAMMCO International Southern Meats,Australia,6.1,B102,,,,,,,,,,,,
"Wan Run Foods Co.,Ltd",China,4.2,D061,,,,,,,,,,,,
Wan Thai Foods Industry Co. Ltd.,Thailand,CF,Confexhall+E040,,,,,,,,,,,,
WANA BEVERAGE JSC,Vietnam,8.1,A049,,,,,,,,,,,,
Wanis Ltd,United Kingdom,10.2,E058a,,,,,,,,,,,,
Want Want Europe GmbH,Germany,10.2,A069,,,,,,,,,,,,
WAQAR RICE MILLS,Pakistan,CF,Confexhall+G050,,,,,,,,,,,,
Wardat Al Mashreq Food Co. Processed Cheese and Food Manufacturer,Saudi Arabia,CF,Confexhall+F035,,,,,,,,,,,,
Warrendale Wagyu,United Kingdom,6.1,C044a,,,,,,,,,,,,
WARWIN S.A.,Poland,8.1,C009,,,,,,,,,,,,
Wasgau C + C Großhandel GmbH,Germany,10.2,D072,,,,,,,,,,,,
Waterfresh Technology SA,Greece,8.1,B056,,,,,,,,,,,,
"Watermark Industrial Co., Ltd.",Taiwan,7.1,G053a,,,,,,,,,,,,
Wawel S.A.,Poland,3.1,C038,,,,,,,,,,,,
WAWI-Euro GmbH,Germany,3.1,C055,,,,,,,,,,,,
We Get Any Stock Ltd,United Kingdom,10.2,E068,,,,,,,,,,,,
WEDA SP. Z O.O.,Poland,5.2,D046,,,,,,,,,,,,
Wedlinka Sp. z o.o. Sp.komandytowa,Poland,6.1,E110,,,,,,,,,,,,
"WeDoTech, Lda.",Portugal,11.1,E045,,,,,,,,,,,,
Wegdam Food Link BV,Netherlands,6.1,D068,,,,,,,,,,,,
"Weifang Jinhexinshidai Food Co.,Ltd",China,4.1,A015,,,,,,,,,,,,
"WEIFANG HAIWANG FOOD CO., LTD",China,2.2,E068,,,,,,,,,,,,
"WEIFANG HUIMING FOOD CO.,LTD.",China,1.2,E037,,,,,,,,,,,,
"Weifang Legang Food Co., Ltd.",China,4.1,B012,,,,,,,,,,,,
"Weifang Meicheng Foodstuffs Co., Ltd.",China,5.2,D075,,,,,,,,,,,,
"Weifang Shanshui Trading Co., Ltd.",China,4.1,C008b,,,,,,,,,,,,
"Weifang Zhongrui Import & Export Co., Ltd.",China,1.2,K044a,,,,,,,,,,,,
"WEIHAI QZ-BLUESEA FOODS CO.,LTD",China,4.2,E091b,,,,,,,,,,,,
Weimon Food Co. Ltd.,Taiwan,2.1,A015,,,,,,,,,,,,
Weinachy,Austria,7.1,F063a,,,,,,,,,,,,
WELLBEINGBIO,"Korea, Republic of",5.2,A067d,,,,,,,,,,,,
Wellnox Health AB,Sweden,10.2,A050,,,,,,,,,,,,
Wellnuts Naturkost GmbH,Germany,B.1,Boulevard+084,,,,,,,,,,,,
Welsh Government (Wales Area),United Kingdom,10.2,G051,,,,,,,,,,,,
WENSTRADE SA,Argentina,3.1,D077,,,,,,,,,,,,
Werner Lampert Beratungsges. m.b.H,Austria,P4.1,Passage+Halle+4+Halle+5+A068,,,,,,,,,,,,
Wernsing Feinkost GmbH,Germany,4.1,D049+E048,,,,,,,,,,,,
Wertform GmbH,Germany,8.1,D071,,,,,,,,,,,,
WESA Feinkost GmbH & Co. KG,Germany,10.1,F031,,,,,,,,,,,,
"West Berry, LLC",Ukraine,4.2,E058,,,,,,,,,,,,
West Shefford Food Company Inc.,Canada,6.1,E060,,,,,,,,,,,,
Western India Cashew Co. Pvt. Ltd.,India,P9.1,Passage+Halle+2+Halle+3+013,,,,,,,,,,,,
Westfleisch SCE mbH,Germany,6.1,B020+C021,,,,,,,,,,,,
Westfort Vleesproducten B.V.,Netherlands,6.1,A080,,,,,,,,,,,,
Westfro NV,Belgium,4.2,C041,,,,,,,,,,,,
Wewalka GmbH Nfg. KG,Austria,5.1,B011+C010,,,,,,,,,,,,
WF DISTRIBUTION,France,9.1,C034a,,,,,,,,,,,,
WFB Wirtschaftsfoerderung Bremen GmbH,Germany,10.2,A038,,,,,,,,,,,,
What s Cooking?,United Kingdom,10.2,G051,,,,,,,,,,,,
What's Cooking Group NV,Belgium,7.1,D035,,,,,,,,,,,,
Whatever Brands,United Kingdom,10.2,E054,,,,,,,,,,,,
WHG Weißenfelser Handelsgesellschaft mbH,Germany,3.1,B059,,,,,,,,,,,,
WHITEFIELDS GLOBAL PRIVATE LIMITED,India,11.3,H024a,,,,,,,,,,,,
Whittard Trading Ltd,United Kingdom,10.2,E060b,,,,,,,,,,,,
"Wholesome Three International Co., Ltd.",Thailand,1.2,J027,,,,,,,,,,,,
Wichy Plantation Company Pvt Ltd,Sri Lanka,1.2,C040,,,,,,,,,,,,
Gottfried Wicklein GmbH & Co. KG,Germany,3.1,B050,,,,,,,,,,,,
Wide Faith Group,Thailand,1.2,H027,,,,,,,,,,,,
Wiesenhof Gastro-Service Eine Division der Allfein Feinkost GmbH & Co. KG,Germany,9.1,C011+D018,,,,,,,,,,,,
WIESENHOF Geflügel-Kontor GmbH,Germany,9.1,C011+D018,,,,,,,,,,,,
Wiesenhof Geflügelwurst GmbH & Co KG,Germany,9.1,C011+D018,,,,,,,,,,,,
Wiesenhof International GmbH,Germany,9.1,C011+D018,,,,,,,,,,,,
De Wijndragers BV,Netherlands,11.1,G014,,,,,,,,,,,,
Wijngaard Kaas b.v.,Netherlands,10.1,H035,,,,,,,,,,,,
"Wilbur Packing Co., Inc",United States of America,10.2,I075,,,,,,,,,,,,
WildFromance B.V.,Netherlands,1.2,D020,,,,,,,,,,,,
Wilhelm Braun Erben GmbH & Co. KG,Germany,7.1,F069,,,,,,,,,,,,
Willard Meats International Ltd.,Canada,6.1,E060,,,,,,,,,,,,
WILLIAM'S NATURAL PRODUCTS SP. Z O.O.,Poland,8.1,B099,,,,,,,,,,,,
Willie's Cacao Ltd,United Kingdom,10.2,E062,,,,,,,,,,,,
Willy's ACV,United Kingdom,5.1,F010,,,,,,,,,,,,
WILMINGTON FOODS FZE,United Arab Emirates,2.1,D010,,,,,,,,,,,,
Wim Food A/S,Denmark,9.1,A036,,,,,,,,,,,,
Windel GmbH & Co. KG,Germany,3.1,B046,,,,,,,,,,,,
"Winland Foods, Inc",United States of America,10.2,I059,,,,,,,,,,,,
"WINNERFISH, S.L",Spain,5.1,C064,,,,,,,,,,,,
Winnica Plochockich,Poland,CF,Confexhall+A020+B029,,,,,,,,,,,,
WinterTrade Zrt,Hungary,5.2,C032c,,,,,,,,,,,,
WIPASZ S.A.,Poland,9.1,D058,,,,,,,,,,,,
Wirtschaftskammer Österreich,Austria,5.1,F082+E083,,,,,,,,,,,,
Wisconsin Department of Agriculture,United States of America,10.2,I051,,,,,,,,,,,,
Wisniewski Sp. Z o.o. ( Ltd ),Poland,7.1,F018,,,,,,,,,,,,
Gebrüder Woerle GmbH,Austria,10.1,D028,,,,,,,,,,,,
"Wogu (Shandong) Health Technology Co., Ltd",China,10.2,A089,,,,,,,,,,,,
Województwo Lubelskie,Poland,CF,Confexhall+A010+B019,,,,,,,,,,,,
Wojewodztwo Swietokrzyskie (Polska),Poland,CF,Confexhall+A020+B029,,,,,,,,,,,,
Wolf Essgenuss GmbH,Germany,6.1,C104,,,,,,,,,,,,
WolfPak Brands,United States of America,5.1,C051,,,,,,,,,,,,
Won-Star Tomato Group,China,1.2,M016,,,,,,,,,,,,
WONDER FOODS SRL,Romania,3.1,A021,,,,,,,,,,,,
WONDERFOODS UNICORN S.L.,Spain,B.1,Boulevard+162,,,,,,,,,,,,
"WONDERFUL FOOD CO., LTD.",Taiwan,7.1,F050a,,,,,,,,,,,,
Wonderful Pistachios & Almonds,United States of America,10.2,F078,,,,,,,,,,,,
"Wonilfood Co.,Ltd","Korea, Republic of",5.2,A070,,,,,,,,,,,,
"Woodhead Bros, part of Myton Food Group",United Kingdom,6.1,C044,,,,,,,,,,,,
"Woosin Trading Co., Ltd.","Korea, Republic of",5.2,A068a,,,,,,,,,,,,
"World Deal Traders, LLC",United States of America,10.2,G070,,,,,,,,,,,,
WSC GmbH,Germany,11.2,D060,,,,,,,,,,,,
Wssf Corporation (Ji Nan),China,4.1,C016a,,,,,,,,,,,,
Wuhu Gongmingzhe Import and Export Trade,China,7.1,F023,,,,,,,,,,,,
"Wuhu Yuyuan Agricultural Technology Co., Ltd",China,1.2,G036a,,,,,,,,,,,,
"WUJIANG GOODPAK PACKING CO., LTD",China,CF,Confexhall+B041,,,,,,,,,,,,
BettaFish wunderfish GmbH,Germany,1.2,C015,,,,,,,,,,,,
"Wuxi Baisiwei Food Industry Co., Ltd",China,7.1,G066,,,,,,,,,,,,
"Wuyuan County Dafeng Oil Food Co., LTD",China,2.2,A059g,,,,,,,,,,,,
"Wuyuan County Sanrong Trading Co., Ltd",China,1.2,M031,,,,,,,,,,,,
"WUZHOU HONGJING TRADING CO.,LTD",China,1.2,N038a,,,,,,,,,,,,
Wyke Farms Ltd.,United Kingdom,10.1,A020a,,,,,,,,,,,,
Wytwórnia Makaronu Domowego Pol-mak S.A.,Poland,4.1,E097,,,,,,,,,,,,
X-Line24 GmbH,Germany,7.1,F013,,,,,,,,,,,,
Xena's Food Group,United Kingdom,B.1,Boulevard+092,,,,,,,,,,,,
"Xi'An Hudu Trading Co., Ltd.",China,P9.1,Passage+Halle+2+Halle+3+A001e,,,,,,,,,,,,
"Xi'an Wailitong Food Co., Ltd.",China,P9.1,Passage+Halle+2+Halle+3+A002c,,,,,,,,,,,,
"Xi'an Wansheng Catering Management Co., Ltd",China,4.1,A022a,,,,,,,,,,,,
"Xiamen Amoytop Import & Export Co.,Ltd.",China,1.2,J040,,,,,,,,,,,,
Xiamen Domiya Import & Export Co. Ltd.,China,CF,Confexhall+D066,,,,,,,,,,,,
"Xiamen Jooever Co.,Ltd",China,4.2,E099a,,,,,,,,,,,,
"Xiamen Lilai Imp. & Exp. Co.,Ltd.",China,1.2,I034a,,,,,,,,,,,,
Xiamen Pak Shing Imp & Exp Co. Ltd,China,P1.1,Passage+Halle+2+Halle+4+028,,,,,,,,,,,,
Xiamen Panpan Foodstuff Investment Co. Ltd.,China,2.2,B005,,,,,,,,,,,,
"Xiamen Rising Star Foodstuffs Co., Ltd.",China,1.2,N044,,,,,,,,,,,,
"Xiamen Sharp Dragon International Trading Co.,Ltd",China,4.1,A010b,,,,,,,,,,,,
"Xiamen Songcang Commerce And Trade Co.,",China,1.2,L050a,,,,,,,,,,,,
"Xiamen Sungiven Enterprise Co., Ltd.",China,1.2,D040,,,,,,,,,,,,
"XIAMEN SUNLIGHT NEW CENTURY TRADE CO., LTD.",China,CF,Confexhall+B048,,,,,,,,,,,,
"Xiamen Suntreat Foods Supply Chain CO.,LTD.",China,2.2,A059g,,,,,,,,,,,,
"Xiamen Timay Import & Export Co.,Ltd",China,4.1,C010b,,,,,,,,,,,,
"Xiamen Yamata Foods Co.,Ltd",China,2.2,A055,,,,,,,,,,,,
"XIAMEN YIHE TRADE CO.,LTD.",China,1.2,N042a,,,,,,,,,,,,
"Xiamen Yotoyo Foods Co.,Ltd.",China,1.2,E030,,,,,,,,,,,,
"Xiangcheng Sanyou Food Co., Ltd.",China,1.2,K031a,,,,,,,,,,,,
"XIANGJUNFU WEIYE CO., LTD.",China,1.2,H044a,,,,,,,,,,,,
"Xiangyang Jun Sheng Yuan Ecological Food Co.,Ltd",China,5.1,A066c,,,,,,,,,,,,
"Xiang Yang Sino_thailand Desheng Modern Agriculture Co.,ltd.",China,1.2,K036,,,,,,,,,,,,
"Xinding Biological Technology Co., Ltd.",China,5.1,F021,,,,,,,,,,,,
"Xingtai Hongri Biotech Co.,Ltd",China,1.2,J037a,,,,,,,,,,,,
Xingu Fruit,Brazil,3.1,C028b,,,,,,,,,,,,
"Xinjiang Bio Grains Agricultural Development Co.,Ltd.",China,1.2,G034a,,,,,,,,,,,,
"Xinjiang Chenfan Fruits And Vegetables Products Co.,Ltd.",China,P1.1,Passage+Halle+2+Halle+4+026,,,,,,,,,,,,
Xinjiang Guannong Group Co. Ltd.,China,5.2,C060,,,,,,,,,,,,
"Xinjiang Guozhipin Agricultural Technology Co., Ltd.",China,1.2,M028,,,,,,,,,,,,
"Xinjiang Maixi Li International Trade Co., LTD",China,1.2,M035,,,,,,,,,,,,
"Xinjiang Pollo Food Co., Ltd.",China,5.1,B080,,,,,,,,,,,,
"XINJIANG QIMINGXING GOJI BERRY INDUSTRY DEVELOPMENT CO., LTD.",China,5.2,A060,,,,,,,,,,,,
"Xinjiang Raisins Trading Co., Ltd.",China,1.2,O023,,,,,,,,,,,,
"XINJIANG SALAM TRADE CO.,LTD",China,5.1,A090,,,,,,,,,,,,
"Xinjiang Shanglihongrun Agricultural Science And Technology Co. , Ltd",China,5.2,C066c,,,,,,,,,,,,
"Xinjiang Tianjiao Hong'An Seeds Science & Technology Co.,Ltd",China,1.2,K042,,,,,,,,,,,,
"Xinjiang Tianshan Wellland Tomato Products Co., Ltd.",China,1.2,G038,,,,,,,,,,,,
"Xinwei(Shandong) Food Technology Co., Ltd.",China,5.1,B083,,,,,,,,,,,,
"XINYANG HUINONG TEA CO.,LTD",China,1.2,E032,,,,,,,,,,,,
XL Energy Marketing SP. ZOO,Poland,8.1,B021,,,,,,,,,,,,
XORIATIKI ZIMI S.A.,Greece,4.1,D010,,,,,,,,,,,,
XOX Gebäck GmbH,Germany,3.1,B047,,,,,,,,,,,,
"Xuan'en Wutai Changchen Tea Industry Co.,Ltd",China,8.1,A118b,,,,,,,,,,,,
Xunta De Galicia,Spain,5.2,C040,,,,,,,,,,,,
yahya bioil,Morocco,11.3,A040+B049,,,,,,,,,,,,
Yakin Sedap Sdn Bhd,Malaysia,1.2,N010+O011,,,,,,,,,,,,
"Yamae Foods Products Co., Ltd.",Japan,2.1,D029,,,,,,,,,,,,
Yamama Co,Lebanon,2.1,E017b,,,,,,,,,,,,
"YAMASAN Co., Ltd.",Japan,2.1,B030,,,,,,,,,,,,
Yamuna Georgia LLC,Georgia,11.1,D050a,,,,,,,,,,,,
"Yan Wal Yun Corporation Group Co., Ltd.",Thailand,11.3,G042c,,,,,,,,,,,,
"Yang Lou Dong Tea Industry Co., Ltd.",China,5.1,F021,,,,,,,,,,,,
"Yanjin Kemen Noodle Manufacturing Co.,lt",China,1.2,O039a,,,,,,,,,,,,
"YANTAI CHANGSHENG FOOD CO.,LIMITED",China,1.2,L033,,,,,,,,,,,,
Yantai Deshengyuan International Trade Co. Ltd.,China,1.2,K042a,,,,,,,,,,,,
"Yantai Eversun Food Co., LTD.",China,1.2,J035,,,,,,,,,,,,
"Yantai Lushun Foodstuff Co., Ltd.",China,1.2,L039,,,,,,,,,,,,
"YANTAI RUNHENG FOOD CO.,LTD.",China,CF,Confexhall+A046,,,,,,,,,,,,
Yantai Sanjia Vermicelli Co. Ltd.,China,CF,Confexhall+B040,,,,,,,,,,,,
"Yantai Shinho Enterprise Foods Co., Ltd.",China,CF,Confexhall+C049,,,,,,,,,,,,
"YANTAI SWEET YARD BEE PRODUCT CO.,LTD.",China,5.2,C060c,,,,,,,,,,,,
"Yantai Tianlu Foods Co., Ltd.",China,1.2,O031,,,,,,,,,,,,
"Yantai Xufeng Food Co., Ltd.",China,2.2,E066,,,,,,,,,,,,
"Yantai Yinquan Food Co.,Ltd.",China,1.2,M020,,,,,,,,,,,,
"Yantai Yinsidalongkou Vermicelli Co., Ltd.",China,1.2,O035,,,,,,,,,,,,
"Yasmina Company, LLC",Ukraine,1.2,E012,,,,,,,,,,,,
Yavuz Incir Gida Tar. San. Tic. Ltd. Sti,Türkiye,11.3,A006a,,,,,,,,,,,,
Yaxyoxon trade 2020,Uzbekistan,5.1,B079+C078,,,,,,,,,,,,
YAYA Kombucha,Netherlands,P4.1,Passage+Halle+4+Halle+5+A066+B067,,,,,,,,,,,,
Yayla Agro Gida San. ve Tic. A.S.,Türkiye,11.3,C011b,,,,,,,,,,,,
Yayla Türk Lebensmittelvertrieb GmbH,Germany,10.1,G011+H010,,,,,,,,,,,,
IPL Brands BV,Netherlands,7.1,F019,,,,,,,,,,,,
Yeditepe Organik Tarim Gida Tekstil Oto San. Ve Tic. Ltd. Sti,Türkiye,11.3,A012b,,,,,,,,,,,,
Yein T&G,"Korea, Republic of",7.1,G043a,,,,,,,,,,,,
YEMAS DE SANTA TERESA S.A.,Spain,11.1,B038,,,,,,,,,,,,
Yemeni Honey House,Jordan,2.1,E023a,,,,,,,,,,,,
Yeni Tekozel Markali Ürünler Dag Hizmetleri A.S.,Türkiye,4.1,A060,,,,,,,,,,,,
Yenicag Gida San. ve Tic. A.S.,Türkiye,11.3,C027a,,,,,,,,,,,,
Yerbatera Hoja Verde SRL,Argentina,8.1,B077,,,,,,,,,,,,
"YESODAM CO,. LTD","Korea, Republic of",5.1,A064b,,,,,,,,,,,,
Yeya Goods,United States of America,10.2,H075a,,,,,,,,,,,,
"Yichang Qingxigou Tribute Tea Co., Ltd.",China,5.1,F021,,,,,,,,,,,,
"Yichang Tea Group Co., Ltd.",China,5.1,F021,,,,,,,,,,,,
"YICHENG DASHANHE EDIBLE TECHNOLOGY CO.,LTD",China,1.2,E038,,,,,,,,,,,,
"YiGuo Foods (Qingdao)  Co.,Ltd",China,5.1,C088a,,,,,,,,,,,,
Yildirimoglu Fermantasyon Gida San. ve Tic. A.S.,Türkiye,11.3,C027,,,,,,,,,,,,
Yildizagro Gida Ins. Taah. San. ve Tic. A.S.,Türkiye,11.3,B036a,,,,,,,,,,,,
Yimor d.o.o.,Bosnia and Herzegovina,11.1,F037,,,,,,,,,,,,
"Yingxi International Trading Co.,Ltd.",China,4.1,A022b,,,,,,,,,,,,
YIOTIS S.A.,Greece,2.2,C020,,,,,,,,,,,,
Yme Kuiper B.V.,Netherlands,P4.1,Passage+Halle+4+Halle+5+A053,,,,,,,,,,,,
Yogi Foods,India,1.2,K026,,,,,,,,,,,,
YONCA GIDA SANAYI ISLETMELERI IC VE DIS TICARET A.S.,Türkiye,10.2,C080,,,,,,,,,,,,
YONG WEN FOOD SINGAPORE PTE LTD,Singapore,2.1,C036,,,,,,,,,,,,
YORUKOGLU Süt Ve Ürünleri San. Tic. A.S.,Türkiye,10.1,H041,,,,,,,,,,,,
"Yoshikai industry Co.,Ltd.",Japan,2.1,B024b,,,,,,,,,,,,
"Young Poong Co., Ltd.","Korea, Republic of",5.2,D009,,,,,,,,,,,,
"Young Sun Frozen Foods Co., Ltd.",Taiwan,4.2,E096,,,,,,,,,,,,
Younique Foods LTD,Bulgaria,3.1,A040,,,,,,,,,,,,
yourharvest AG,Switzerland,3.1,D041,,,,,,,,,,,,
"Yuchang Food Co., Ltd.","Korea, Republic of",1.2,L015,,,,,,,,,,,,
Yugotrejd doo,Serbia,4.2,A069b,,,,,,,,,,,,
yuly global international sdn bhd,Malaysia,1.2,H028,,,,,,,,,,,,
YUMIS LLC,Serbia,11.1,D049,,,,,,,,,,,,
Yunnan Kaysen Food Co. Ltd.,China,5.1,A080g,,,,,,,,,,,,
"YUNNAN MUYUAN FOOD CO.,LTD",China,CF,Confexhall+D041,,,,,,,,,,,,
"Yunnan Sunbright Imp. Exp. Co.,Ltd",China,4.1,A028,,,,,,,,,,,,
YURRITA GASTRONOMIKA,Spain,11.1,E018,,,,,,,,,,,,
"Yuru Import and Export (Beijing) Co., Ltd",China,CF,Confexhall+F049,,,,,,,,,,,,
"YUSHU YUXIANG BEAN PRODUCTS CO.,LTD.",China,4.2,A018a,,,,,,,,,,,,
Yuu'n Mee fine foods Vertriebs-GmbH,Austria,4.2,C099,,,,,,,,,,,,
"Yuyao Gumancang Food Co., Ltd.",China,4.2,E097,,,,,,,,,,,,
"Yuyao Yijia Food Technology Co., Ltd",China,1.2,G039,,,,,,,,,,,,
YZN GmbH,Germany,10.2,B026,,,,,,,,,,,,
"Zigui County Qugu Food Co.,Ltd",China,2.1,D045,,,,,,,,,,,,
Z.BORAS & CO LTD,Greece,10.2,I021,,,,,,,,,,,,
Zabun Group,Türkiye,CF,Confexhall+E011+D010,,,,,,,,,,,,
Zakład Przetwórstwa Mięsnego „ZACZYK” Sp. z o.o.,Poland,6.1,D021,,,,,,,,,,,,
ZAGHIS SRL,Italy,2.2,C051,,,,,,,,,,,,
Zaklad Drobiarski Linodrob,Poland,9.1,D031+E038,,,,,,,,,,,,
Zaklady Miesne LUKÓW S.A.,Poland,6.1,E110,,,,,,,,,,,,
Zaklady Miesne Skiba S.A.,Poland,9.1,A061+A069,,,,,,,,,,,,
Zaklady Miesne Zakrzewscy,Poland,6.1,E121,,,,,,,,,,,,
"ZAKU Mineral Water, Markol Ltd.",Latvia,7.1,F056b,,,,,,,,,,,,
Zakłady Drobiarskie,Poland,9.1,D031+E038,,,,,,,,,,,,
Zaklady Miesne Carnis Kolo Bronisław Rowecki S.K.A.,Poland,6.1,E121,,,,,,,,,,,,
Zaklady Miesne NOWAK Sp. z o.o.,Poland,6.1,E110,,,,,,,,,,,,
Zalar Farms,Morocco,11.3,A040+B049,,,,,,,,,,,,
Zalmhuys Group,Netherlands,5.1,B033,,,,,,,,,,,,
Zamil Food Industries,Saudi Arabia,CF,Confexhall+E039,,,,,,,,,,,,
Zamzam Brothers Co for Industry & TRADE,Jordan,2.1,E021a,,,,,,,,,,,,
ZANAE S.A.,Greece,10.2,G012,,,,,,,,,,,,
Zanchetta,Brazil,6.1,D076,,,,,,,,,,,,
Zanchetta Alimentos Ltda,Brazil,9.1,D040b,,,,,,,,,,,,
Jan Zandbergen BV,Netherlands,6.1,B050,,,,,,,,,,,,
Zandbergen World's Finest Meat,Netherlands,6.1,E040,,,,,,,,,,,,
Ferdinand Zandbergen BV,Netherlands,9.1,D010,,,,,,,,,,,,
ZANETTI SPA,Italy,10.1,H070+G071,,,,,,,,,,,,
Zargarzadeh Commercial co,Iran,10.2,D089,,,,,,,,,,,,
ZAROS S.A.,Greece,8.1,C041a,,,,,,,,,,,,
Zarotti SPA,Italy,11.2,E040,,,,,,,,,,,,
Zazi's Productions CC,South Africa,11.1,A050+B059,,,,,,,,,,,,
Zbyszko Company SA,Poland,8.1,E080,,,,,,,,,,,,
Zdravo Organic LLC,Serbia,11.1,C040a,,,,,,,,,,,,
ZEEN Tech AG,Switzerland,B.1,Boulevard+111,,,,,,,,,,,,
Zeisner Feinkost GmbH & Co. KG,Germany,10.2,C039,,,,,,,,,,,,
CNG Cengiz Tedarik Dis Ticaret A.S.,Türkiye,7.1,C071,,,,,,,,,,,,
AB Zemaitijos pienas,Lithuania,10.1,A020,,,,,,,,,,,,
ZEMO Gebrüder Moser GmbH,Germany,6.1,C102,,,,,,,,,,,,
ZEO BAKERS,Greece,4.1,C061,,,,,,,,,,,,
Zer Yag San. ve Tic. A.S.,Türkiye,11.3,C031b,,,,,,,,,,,,
Zester BV,Belgium,B.1,Boulevard+196,,,,,,,,,,,,
Zeytursan Gida San. ve Tic. A.S.,Türkiye,11.3,C025,,,,,,,,,,,,
"Zhangzhou Hengbin Trade CO, LTD.",China,4.1,B012a,,,,,,,,,,,,
"ZHANGZHOU KINGFOOD IMPORT AND EXPORT & TRADING CO.,LTD",China,CF,Confexhall+A058,,,,,,,,,,,,
"Zhangzhou Canny Food Co.,Ltd.",China,1.2,N044a,,,,,,,,,,,,
"Zhangzhou Dongwang Food Co., Ltd.",China,P1.1,Passage+Halle+2+Halle+4+026a,,,,,,,,,,,,
"Zhangzhou Greencan Food Co., Ltd.",China,5.2,D069a,,,,,,,,,,,,
"Zhangzhou Hongyi Import & Export Co., Ltd",China,P1.1,Passage+Halle+2+Halle+4+003a,,,,,,,,,,,,
"Zhangzhou Jiawei Foods Co.,Ltd.",China,1.2,N046a,,,,,,,,,,,,
"Zhangzhou Lixing Import & Export Trade Co., Ltd.",China,2.2,A055c,,,,,,,,,,,,
"ZHANGZHOU MJC FOOD CO.,LTD",China,1.2,L050,,,,,,,,,,,,
"Zhangzhou New South China International Trading Co., Ltd.",China,1.2,G030a,,,,,,,,,,,,
"Zhangzhou Pumei Food Products Co., Ltd.",China,4.1,A012,,,,,,,,,,,,
"Zhangzhou Rainbow & Greenland Import & Export Co.,Ltd.",China,1.2,L034,,,,,,,,,,,,
"Zhangzhou Songhuaxing Foods Co.,Ltd.",China,1.2,N033,,,,,,,,,,,,
Zhangzhou Tan Co Ltd Fujian China,China,P1.1,Passage+Halle+2+Halle+4+012,,,,,,,,,,,,
"Zhangzhou Tongfa Foods Industry Co.,Ltd",China,5.2,D061c,,,,,,,,,,,,
"Zhangzhou Wanshili Canned Food Co.,Ltd.",China,1.2,K046,,,,,,,,,,,,
"Zhangzhou Xiangcheng Shunxing Canned Food Co., Ltd.",China,1.2,K039,,,,,,,,,,,,
"ZHANGZHOU ZHENGKAI TRADING CO.,LTD",China,1.2,L035,,,,,,,,,,,,
ZHAOQING CHANGXIN IMPORT AND EXPORT COMPANY LIMITED,China,5.1,A088c,,,,,,,,,,,,
"ZHAOQING DY TRADING CO., LTD.",China,1.2,M039,,,,,,,,,,,,
"Zhejiang Aijia Food Co., Ltd.",China,4.1,A016a,,,,,,,,,,,,
Zhejiang Baixing Food Co. Ltd.,China,1.2,G033,,,,,,,,,,,,
"Zhejiang Boduo International Trade Co., Ltd.",China,8.1,B111,,,,,,,,,,,,
"Zhejiang Cereals, Oils & Foodstuffs Import & Export Co., Ltd.",China,1.2,F030,,,,,,,,,,,,
"JIN YU YUAN FOOD INDUSTRY CO., LTD.",China,8.1,A110,,,,,,,,,,,,
"ZHEJIANG GREEN HOME FOOD CO., LTD.",China,1.2,F038a,,,,,,,,,,,,
"Zhejiang Pagoda Brand Import & Export Co., Ltd.",China,1.2,F030a,,,,,,,,,,,,
ZHEJIANG RES-CATHAY INTERNATIONAL LTD.,China,8.1,B111a,,,,,,,,,,,,
"Zhejiang Rongrui Foods Co., Ltd.",China,1.2,F032a,,,,,,,,,,,,
"Zhejiang Shanming Tea Co., Ltd.",China,8.1,B119a,,,,,,,,,,,,
"Zhejiang Silver River Foods Co.,Ltd.",China,4.2,E095a,,,,,,,,,,,,
"Zhejiang Taizhou Yiguan Food Co., Ltd",China,1.2,G037,,,,,,,,,,,,
Zhejiang Tea Group Co. Ltd.,China,8.1,B119,,,,,,,,,,,,
"Zhejiang Willing Foreign Trading Co., Ltd.",China,1.2,G031,,,,,,,,,,,,
"Zhejiang Yisong Agricultural Development Co.,",China,4.2,E101,,,,,,,,,,,,
"Zhengzhou Qianweiyangchu Food Co., Ltd.",China,4.1,B006,,,,,,,,,,,,
"Zhonggang (Fujian) Aquatic Food Co.,Ltd.",China,CF,Confexhall+C041,,,,,,,,,,,,
"ZHONGNONG ZHENPIN(SHANDONG) FRUIT AND VEGETABLE CO., LTD.",China,1.2,M040b,,,,,,,,,,,,
"Zhongshan Jolion Foodstuffs Co.,Ltd",China,1.2,I030,,,,,,,,,,,,
"Zhongshan Weifeng Foodstuffs Co., Ltd",China,1.2,L037,,,,,,,,,,,,
"ZHOUSHAN  OCEAN FAMILY FIRST FOOD CO., LTD",China,1.2,M015%2C+N022,,,,,,,,,,,,
"ZHOUSHAN OCEAN SUN RISING AQUATIC PRODUCTS CO., LTD",China,1.2,M015,,,,,,,,,,,,
Zhucheng Jinyinsha Food Co. Ltd.,China,P1.1,Passage+Halle+2+Halle+4+008,,,,,,,,,,,,
"Zhuhai Kingzest Food Co., Ltd.",China,P1.1,Passage+Halle+2+Halle+4+001,,,,,,,,,,,,
"Zhytomyr meat producing company, LLC",Ukraine,9.1,B071,,,,,,,,,,,,
Zicaffè Spa,Italy,5.2,A019,,,,,,,,,,,,
Zigante tartufi d.o.o.,Croatia,11.1,F040,,,,,,,,,,,,
Velder,Netherlands,10.1,E010,,,,,,,,,,,,
Zini Prodotti Alimentari SPA,Italy,4.2,D011,,,,,,,,,,,,
Hans Zipperle AG,Italy,8.1,A031,,,,,,,,,,,,
ZIRVE ICECEK GIDA SAN. VE TIC. LTD.STI,Türkiye,7.1,F027,,,,,,,,,,,,
ZISIMOS KONSTANTINOS,Greece,10.1,A048,,,,,,,,,,,,
Zito Prom LLC,Republic of North Macedonia,2.2,E059,,,,,,,,,,,,
ZIV Ltd.,Bulgaria,2.2,D040,,,,,,,,,,,,
ZKHL - Zentrale Koordination Handel-Landwirtschaft e.V.,Germany,B1.1,Boulevard+049,,,,,,,,,,,,
ZMFOOD UAB,Lithuania,5.2,E046,,,,,,,,,,,,
ZOWARTSRL,Italy,10.1,G060+G068,,,,,,,,,,,,
ZPC Milanówek Sp. z o.o.,Poland,11.1,G055,,,,,,,,,,,,
ZPC SKAWA S.A.,Poland,11.1,A062,,,,,,,,,,,,
ZPO Janusz Koza,Poland,7.1,F018,,,,,,,,,,,,
Zuccato F.LLI SRL,Italy,11.2,F041,,,,,,,,,,,,
Züger Frischkäse GmbH,Germany,10.1,C038,,,,,,,,,,,,
ZUHO QAMAR PE,Uzbekistan,5.1,B079+C078,,,,,,,,,,,,
ZUMING BEAN PRODUCTS CORP.,China,1.2,A016,,,,,,,,,,,,
"ZUNHUA GUANGHUI FOODS CO.,LTD.",China,5.1,B074,,,,,,,,,,,,
zur Mühlen Gruppe Markenvertriebs GmbH,Germany,6.1,B070+C079,,,,,,,,,,,,
Zuri Nuts LTD,Kenya,5.2,C059,,,,,,,,,,,,
Zùsto NV,Belgium,2.1,A034,,,,,,,,,,,,
ZUXRIDDIN GOLDEN FRIUTS LLC,Uzbekistan,5.1,B079+C078,,,,,,,,,,,,
Zvolenská mliekaren s.r.o.,Slovakia,10.1,A080,,,,,,,,,,,,
Zwanenberg Food Group B.V.,Netherlands,6.1,C070,,,,,,,,,,,,
ZYMI FOOD,Netherlands,B.1,Boulevard+085,,,,,,,,,,,,
ZZA B.V.,Netherlands,10.1,C050+C058,,,,,,,,,,,,
Eastern Agro Export LLC,Uzbekistan,5.1,B079+C078,,,,,,,,,,,,
Osterberg Food Service ApS,Denmark,5.1,E071+F078,,,,,,,,,,,,
Gloria Argentina SA,Argentina,10.1,G048,,,,,,,,,,,,
GLOSTER Kft,Hungary,5.2,C036c,,,,,,,,,,,,
GLUTEN FREE FOODS SRL,Italy,11.2,E056,,,,,,,,,,,,
GN Wildly Delicious / Georgian Nectar LL,Georgia,7.1,G061c,,,,,,,,,,,,
GO Hallyu GmbH,Germany,B.1,Boulevard+120,,,,,,,,,,,,
Go&Fun International Ltd,Malta,7.1,D030,,,,,,,,,,,,
Go-Tan B.V.,Netherlands,11.1,G022,,,,,,,,,,,,
Gobarto S.A.,Poland,9.1,C031,,,,,,,,,,,,
Godfroy S.A.S.,France,4.2,A028,,,,,,,,,,,,
Godshall's Quality Meats,United States of America,9.1,A029a,,,,,,,,,,,,
Goedegebuur Vlees Rotterdam B.V.,Netherlands,6.1,B031+B039,,,,,,,,,,,,
Gof Hungary Ltd.,Hungary,5.2,C036,,,,,,,,,,,,
Goknur Gida Mad. Enerji Imalat Ith. Ihr. Tic. ve San A.S.,Türkiye,7.1,F038,,,,,,,,,,,,
Gold Crown Foods (EPZ) Ltd,Kenya,8.1,B076,,,,,,,,,,,,
GOLD GRELIA LP,Greece,11.2,G069,,,,,,,,,,,,
Gold Harvest Kuruyemis Gida ve Tarim Urunleri San. ve Tic. A.S.,Türkiye,11.3,C034,,,,,,,,,,,,
Gold Kili Trading Enterprise Pte Ltd,Singapore,2.1,B021,,,,,,,,,,,,
"Gold Sands Enterprise, Inc",United States of America,4.2,E065,,,,,,,,,,,,
Golda Gida San. ve Tic. A.S.,Türkiye,11.3,B029a,,,,,,,,,,,,
Goldback GmbH,Germany,4.1,E010,,,,,,,,,,,,
"Goldberry, LLC",Ukraine,4.2,E058,,,,,,,,,,,,
Golden Agri-Resources (GAR),Indonesia,1.2,K016,,,,,,,,,,,,
"Golden Daun Keo Rice Mill Co.,Ltd.",Cambodia,2.1,B011+B019,,,,,,,,,,,,
Golden Foods S.A.,Spain,11.1,E010a,,,,,,,,,,,,
Golden Harvest Foods (Pvt) Ltd.,Pakistan,11.3,E046a,,,,,,,,,,,,
golden nuts for agricultural  developmen,Egypt,2.1,A055b,,,,,,,,,,,,
"Golden Pacific (Dalian) Food Co., Ltd.",China,5.1,C084a,,,,,,,,,,,,
Golden Prize Canning Co. Ltd.,Thailand,11.3,H040,,,,,,,,,,,,
"Golden Rice Cambodia Co., Ltd",Cambodia,2.1,B011+B019,,,,,,,,,,,,
Golden Star Rice Import Export Co.Ltd,Cambodia,2.1,B011+B019,,,,,,,,,,,,
Golden Sunland Singapore Pte Ltd,Singapore,2.1,A028a,,,,,,,,,,,,
GOLDENNUTS GIDA ITHALAT IHRACAT SANAYI VE TICARET LIMITED SIRKETI,Türkiye,2.1,D013,,,,,,,,,,,,
GOLDSTEIG Käsereien Bayerwald GmbH,Germany,10.1,E059+F058,,,,,,,,,,,,
Golebiewski Holding sp. z o.o.,Poland,2.2,E014,,,,,,,,,,,,
Golfera in Lavezzola SPA,Italy,10.2,A078,,,,,,,,,,,,
Golski LT,Lithuania,11.1,G016,,,,,,,,,,,,
goncalves e tortola sa / GTF   Lorenz,,3.1,C021,,,,,,,,,,,,
Good Company Ltd.,Bulgaria,B.1,Boulevard+077,,,,,,,,,,,,
Good Crop India LLP,India,11.3,A035,,,,,,,,,,,,
Good Life Organic (PTY) Ltd,South Africa,11.1,A050+B059,,,,,,,,,,,,
Good Sodas,Denmark,5.1,D069+F068,,,,,,,,,,,,
GOODFNB,"Korea, Republic of",5.2,A061b,,,,,,,,,,,,
Goodvalley ltd,Poland,6.1,E110,,,,,,,,,,,,
GOODWILL INTERNATIONAL,India,3.1,A015,,,,,,,,,,,,
GORAN-TEE Großhandel GmbH & Co. KG,Germany,8.1,A100,,,,,,,,,,,,
Gotszlik Sp.z.o.o.,Poland,2.2,D016,,,,,,,,,,,,
Gourmance (Episens by InVivo),France,2.2,C030a,,,,,,,,,,,,
Gourmand Pastries SA,Belgium,4.1,E078,,,,,,,,,,,,
GOURMET ITALIAN FOOD SPA,Italy,5.1,C030,,,,,,,,,,,,
GOVIFARM / ZANICHELLI & GOVI SRL,Italy,11.2,B053a,,,,,,,,,,,,
Govinda Natur GmbH,Germany,5.1,F091,,,,,,,,,,,,
"Goya en España, S.A.U.",Spain,11.2,C011,,,,,,,,,,,,
Goya Europa SLU,Spain,11.2,C011,,,,,,,,,,,,
Goychay-SUD ASC,Azerbaijan,8.1,B020,,,,,,,,,,,,
Goymen Food Gida San. ve Tic. A.S.,Türkiye,11.3,C011a,,,,,,,,,,,,
Goze Tarim Ur. Paz. San. Ve Tic. A.S.,Türkiye,11.3,C031c,,,,,,,,,,,,
GOZOKI,France,10.2,F021,,,,,,,,,,,,
GPR Hazelnut,Georgia,11.1,E051,,,,,,,,,,,,
GPS FOOD GROUP,United Kingdom,6.1,D048%2C+D045,,,,,,,,,,,,
GPS Food Group,United States of America,9.1,B028a,,,,,,,,,,,,
Graceland Fruit Inc.,United States of America,10.2,H052,,,,,,,,,,,,
GradOil Refinery LLC,Ukraine,11.1,G062,,,,,,,,,,,,
"Grain Millers, Inc.",United States of America,5.1,C051,,,,,,,,,,,,
Fromagerie de Livarot,France,10.1,B018,,,,,,,,,,,,
Grainmore JSC,Lithuania,10.2,F041,,,,,,,,,,,,
Gralgo From Ceylon (Pvt) Ltd.,Sri Lanka,1.2,F026a,,,,,,,,,,,,
GRAN-PIK Liwocz Sp. z o.o. Sp. k.,Poland,11.1,D051,,,,,,,,,,,,
Grana Sp.o.o.,Poland,8.1,D071,,,,,,,,,,,,
Granarolo Spa,Italy,10.1,C061+C069,,,,,,,,,,,,
Granata Antonio & C. Srl,Italy,5.1,B014,,,,,,,,,,,,
GRAND CAROB,Portugal,B.1,Boulevard+091,,,,,,,,,,,,
Grande Dolceria Srl.,Romania,2.2,E003,,,,,,,,,,,,
Granderroble Desserts SLU,Spain,4.1,B061,,,,,,,,,,,,
Grandor Co.,Iran,2.1,E044a,,,,,,,,,,,,
Graneles Sudamericanos Srl,Argentina,4.1,B097,,,,,,,,,,,,
"Granex, JSC",Lithuania,10.2,G073,,,,,,,,,,,,
Granja Tres Arroyos S.A.C.A.F.e.I,Argentina,9.1,D051a,,,,,,,,,,,,
Granny's Spices (India) LLP,India,11.3,F030,,,,,,,,,,,,
Granos y Semillas del Sur,Spain,11.1,A024a,,,,,,,,,,,,
Virgin Oil Press Kft.,Hungary,5.1,C063,,,,,,,,,,,,
Grappa Gida San. ve Tic. A.S.,Türkiye,11.3,B017,,,,,,,,,,,,
Graska d.o.o.,Slovenia,1.2,B029,,,,,,,,,,,,
"Grau Nuts, S.A.U",Spain,11.1,D013a,,,,,,,,,,,,
Great Food (Dehydration) Co.Ltd.,Thailand,11.3,H057,,,,,,,,,,,,
Pt. Great Giant Pineapple,Indonesia,8.1,D078,,,,,,,,,,,,
GREAT MOMENTS BV,Belgium,2.1,B059c,,,,,,,,,,,,
Great Northern Ag,United States of America,10.2,G079,,,,,,,,,,,,
Great Trade Exhibitions & Exports Consulting Single Member P.C.,Greece,10.1,F071,,,,,,,,,,,,
Greater Omaha Packing Co.,United States of America,9.1,B024,,,,,,,,,,,,
Greci Industria Alimentare,Italy,11.2,F049,,,,,,,,,,,,
GrECo Specialty GmbH,Austria,11.2,F010b,,,,,,,,,,,,
GREEK TRADE SP. Z O.O.,Poland,5.2,E049,,,,,,,,,,,,
F.H.U. Green,Poland,9.1,D015,,,,,,,,,,,,
Green Agrevolution Private Limited,India,P9.1,Passage+Halle+2+Halle+3+008,,,,,,,,,,,,
Green Atlas Tree Co. Ltd.,Iran,2.1,F057,,,,,,,,,,,,
GREEN EXPERTS CORP.,Taiwan,7.1,F052a,,,,,,,,,,,,
"Dalian Green Farm Food Co., Ltd.",China,P9.1,Passage+Halle+2+Halle+3+A006,,,,,,,,,,,,
Green Fields Alex for Food Industries,Egypt,4.2,D098,,,,,,,,,,,,
Green Grizzly GmbH,Germany,5.1,F030,,,,,,,,,,,,
Green Hope for Agricultural Development Ltd.,Egypt,5.2,B064,,,,,,,,,,,,
Green Meadows for food industries,Egypt,2.1,D050,,,,,,,,,,,,
Green Nile,Egypt,2.1,A059a,,,,,,,,,,,,
Green Organics,Netherlands,P4.1,Passage+Halle+4+Halle+5+A066+B067,,,,,,,,,,,,
Green Star Foodstuff Trading L.L.C,United Arab Emirates,2.1,E061,,,,,,,,,,,,
Green Sweet B.V.,Netherlands,2.2,F058a,,,,,,,,,,,,
Green Way LTD,Bulgaria,8.1,D104,,,,,,,,,,,,
greenco GmbH,Germany,B.1,Boulevard+151,,,,,,,,,,,,
"Greendeli Foods Co., Ltd.",Thailand,11.3,H049,,,,,,,,,,,,
Greenfield Bio Plantations (Pvt) Ltd,Sri Lanka,1.2,G017,,,,,,,,,,,,
GREENIFY AGRO PRODUCTS PRIVATE LIMITED,India,3.1,A015a,,,,,,,,,,,,
Greenjoy Company Limited,Vietnam,CF,Confexhall+D050+E059,,,,,,,,,,,,
GREENSAN SRL,Romania,9.1,A051,,,,,,,,,,,,
"Greentea Co., Ltd.",Thailand,7.1,F040,,,,,,,,,,,,
GreenVie Foods,Cyprus,10.1,G044,,,,,,,,,,,,
Greeny for manufacturing,Egypt,4.2,B096,,,,,,,,,,,,
Greenyard Frozen Belgium NV,Belgium,4.2,E081,,,,,,,,,,,,
Grefusa S.L.,Spain,P4.1,Passage+Halle+4+Halle+5+B010,,,,,,,,,,,,
Greta-Plus Anna Greta sp.k.,Poland,6.1,A121,,,,,,,,,,,,
Greyfood GmbH,Germany,10.2,C069,,,,,,,,,,,,
Grissin Bon S.p.A.,Italy,11.2,B051a,,,,,,,,,,,,
GRISSINIFICIO ZINGONIA SRL,Italy,3.2,B068a,,,,,,,,,,,,
Grissitalia SRL,Italy,3.2,C031,,,,,,,,,,,,
Gristiren Ltd.,Greece,10.1,G044,,,,,,,,,,,,
GroenlandKip BV,Netherlands,9.1,C011+D018,,,,,,,,,,,,
Groenveld Vlees B.V.,Netherlands,6.1,E105,,,,,,,,,,,,
Grofresh Agrofoods Private Limited,India,4.2,A062,,,,,,,,,,,,
Groot Conserven B.V.,Netherlands,6.1,E051,,,,,,,,,,,,
GROUP URSA,Spain,P4.1,Passage+Halle+4+Halle+5+A003,,,,,,,,,,,,
Groupe Bigard,France,6.1,D011,,,,,,,,,,,,
Groupe Geloso,Canada,7.1,E033a,,,,,,,,,,,,
Groupe Salins,France,10.2,F015,,,,,,,,,,,,
Grove Fruit Growers,Cambodia,4.1,D094,,,,,,,,,,,,
Grover Sons,India,11.3,G031,,,,,,,,,,,,
"GroveServices, Inc",United States of America,9.1,C024,,,,,,,,,,,,
Growers Agri Pte Ltd,Singapore,2.1,A020,,,,,,,,,,,,
Grozette B.V.,Netherlands,10.1,H069,,,,,,,,,,,,
"Grunweg, LLC",Ukraine,5.2,E057a,,,,,,,,,,,,
"Grup Baucells Alimentació, S.L.",Spain,6.1,C049,,,,,,,,,,,,
Grup Viñas,Spain,6.1,C080,,,,,,,,,,,,
Grupo Apex,Spain,11.1,A028,,,,,,,,,,,,
IL FORNAIO DEL CASALE S.P.A.,Italy,3.2,A068,,,,,,,,,,,,
Il Mangiar Sano Spa SB,Italy,10.2,C075,,,,,,,,,,,,
IL NUOVO FRESCO Srl,Italy,11.3,E013,,,,,,,,,,,,
Il Pastaio Srl,Italy,4.2,D040,,,,,,,,,,,,
Il Rovo Srl,Italy,11.2,B015,,,,,,,,,,,,
Ilida S.A.,Greece,10.2,I035,,,,,,,,,,,,
Ilocos Food Products,Philippines,1.2,N011+M010,,,,,,,,,,,,
IMAG Organics,Mexico,10.2,F079,,,,,,,,,,,,
Imca SpA,Italy,10.2,D084a,,,,,,,,,,,,
Imcomvil Grup SRL,Moldova,2.2,C011,,,,,,,,,,,,
Imeko Dairy Products B.V.,Netherlands,10.1,G061,,,,,,,,,,,,
Imex Poland Sp. z o.o,Poland,9.1,D031+E038,,,,,,,,,,,,
Imperial Tea Exports (PVT) LTD.,Sri Lanka,8.1,B101,,,,,,,,,,,,
Import Promotion Desk sequa gGmbH,Germany,4.1,D098+C091,,,,,,,,,,,,
Importaco International SLU,Spain,10.2,D010,,,,,,,,,,,,
"In D Mood For Herb Co., Ltd",Thailand,7.1,F040a,,,,,,,,,,,,
Inalpi spa,Italy,10.1,G008+H008,,,,,,,,,,,,
Instituto Nacional de Carnes (INAC) Uruguay,Uruguay,6.1,A100+B109,,,,,,,,,,,,
PRONACA INAEXPO,Ecuador,3.1,A020,,,,,,,,,,,,
Inalca S.p.A.,Italy,7.1,A030+B039,,,,,,,,,,,,
INALPA IND. ALIM. PAVON ARRIBA S.A.,Argentina,3.1,C069a,,,,,,,,,,,,
INALVE S.R.L,Costa Rica,4.1,C041,,,,,,,,,,,,
"Inaniwa Udon Ogawa Co.,Ltd.",Japan,2.1,B024,,,,,,,,,,,,
INARIZ,France,10.2,F026,,,,,,,,,,,,
INC International Nut and Dried Fruit Council,Spain,10.2,D018aE019a,,,,,,,,,,,,
Industrias Cárnicas Loriente Piqueras SA Incarlopsa,Spain,7.1,B059,,,,,,,,,,,,
INCOM d.o.o.,Slovenia,4.1,D011,,,,,,,,,,,,
Indagro for Food,Egypt,2.1,A053,,,,,,,,,,,,
INDEPENDENT BRAZIL,Brazil,6.1,D073a,,,,,,,,,,,,
India Agro Exports Private Limited,India,1.2,F011,,,,,,,,,,,,
India Trade Promotion Organisation (ITPO),India,CF,Confexhall+G030,,,,,,,,,,,,
Gelato d'Italia-Indian SRL,Italy,4.1,C079,,,,,,,,,,,,
PT. Indo Rempah Commodities,Indonesia,1.2,K011+J010,,,,,,,,,,,,
Indochina Rice Mill Limited,Cambodia,2.1,B011+B019,,,,,,,,,,,,
PT. Indofood CBP Sukses Makmur Tbk.,Indonesia,10.2,D046,,,,,,,,,,,,
Indus Agro Commodities,India,2.2,E050,,,,,,,,,,,,
Industria Aceitunera Marciense S.A.,Spain,11.1,F029c,,,,,,,,,,,,
INDUSTRIA ALIMENTARE FERRARO S.R.L.,Italy,11.2,C035,,,,,,,,,,,,
Nuova Industria Biscotti Crich S.p.,Italy,2.2,B051,,,,,,,,,,,,
INDUSTRIA DE ALIMENTOS PROCESADOS INALPROCES SA,Ecuador,P4.1,Passage+Halle+4+Halle+5+A044,,,,,,,,,,,,
Industria Gastronómica Blanca Mencía,Spain,11.1,E012b,,,,,,,,,,,,
Industria Ittica Torrenovese Srl,Italy,5.1,B009,,,,,,,,,,,,
INDUSTRIA LOJANA DE ESPECERIAS ILE CA,Ecuador,3.1,C011+C019,,,,,,,,,,,,
Industria Molitoria Denti S.r.l.,Italy,5.2,B041a,,,,,,,,,,,,
Industria Molitoria Mininni S.r.l.,Italy,5.2,C041a,,,,,,,,,,,,
Industria Salumi Simonini S.p.A.,Italy,7.1,B028,,,,,,,,,,,,
Industrializarea Carnii Kosarom S.A,Romania,9.1,B050b,,,,,,,,,,,,
Racionero,Spain,11.1,C028a,,,,,,,,,,,,
Industrias Alimentarias de Navarra S.A.U./ GRUPO ALIMENTARIO IAN,Spain,11.1,C010b,,,,,,,,,,,,
Industrias Borja Inborja S.A. ASEPTIC BANANA PUREE,Ecuador,8.1,A021,,,,,,,,,,,,
Industrias Espadafor S.A.,Spain,7.1,F041,,,,,,,,,,,,
INDUSTRIAS FRIGORIFICAS SUR S.A.,Argentina,6.1,E029,,,,,,,,,,,,
INDUSTRIAS LÁCTEAS ASTURIANAS S.A.,Spain,10.1,E035,,,,,,,,,,,,
Industrie Montali srl,Italy,5.2,B041,,,,,,,,,,,,
Les Industries Bernard & Fils Ltee,Canada,11.2,C042,,,,,,,,,,,,
INDYK-ŚLĄSK SPÓŁKA Z O. O.,Poland,9.1,D031+E038,,,,,,,,,,,,
Indykpol S.A.,Poland,9.1,D031+E038,,,,,,,,,,,,
"INES ROSALES , SAU",Spain,11.1,F019e,,,,,,,,,,,,
INEX NV,Belgium,10.1,H030,,,,,,,,,,,,
Ingenio Risaralda S.A.,Colombia,3.1,D030+D048,,,,,,,,,,,,
Injera Flour Company,Netherlands,B.1,Boulevard+137,,,,,,,,,,,,
INKA CROPS S.A.,Peru,3.1,A018,,,,,,,,,,,,
Inlead Nutrition GmbH & Co. KG,Germany,B.1,Boulevard+134l%2C+Boulevard+134,,,,,,,,,,,,
"Inner Mongolia Dingye Foodstuff Co., Ltd.",China,5.1,B090b,,,,,,,,,,,,
"Inner Mongolia Genheng Food Co., Lt",China,P9.1,Passage+Halle+2+Halle+3+A002,,,,,,,,,,,,
Inner Mongolia Xuanda Food Co. Ltd.,China,5.1,A081,,,,,,,,,,,,
"INNER MONGOLIA CHENGTAI FOOD CO.,LTD",China,1.2,G040,,,,,,,,,,,,
"Inner Mongolia Crown Star Food Industries Co., Ltd.",China,1.2,J031,,,,,,,,,,,,
"INNER MONGOLIA DAZHONG FOODS CO.,LTD",China,CF,Confexhall+C057,,,,,,,,,,,,
"Inner Mongolia Fuyuan industry And Trade Co., Ltd.",China,1.2,M035,,,,,,,,,,,,
"Inner Mongolia Gongrenhong Cereals Oils And Food Co., Ltd",China,5.2,C068a,,,,,,,,,,,,
"INNER MONGOLIA HONGZEYUAN COMMERCIAL CO.,LTD.",China,CF,Confexhall+F045,,,,,,,,,,,,
Inner Mongolia JiPing Industry And Trade,China,1.2,M025,,,,,,,,,,,,
"INNER MONGOLIA JUNKUI AGRICULTURAL TRADE CO., LTD",China,1.2,I050,,,,,,,,,,,,
"Inner Mongolia KeXin Foods CO.,LTD",China,2.2,A006a,,,,,,,,,,,,
"Inner Mongolia Li Niuniu Food And Technology Co.,Ltd",China,5.1,A086,,,,,,,,,,,,
"Inner Mongolia Magic Agriculture Co.,Ltd",China,5.1,A082,,,,,,,,,,,,
"Inner Mongolia Mengxin Food Co.,Ltd.",China,5.1,B085,,,,,,,,,,,,
Innova Market Insights B.V.,Netherlands,B.1,Boulevard+204,,,,,,,,,,,,
Innovative Biscuits (PVT) Limited,Pakistan,11.3,E046,,,,,,,,,,,,
Innovative Food and Beverage Pte. Ltd.,Singapore,7.1,G036,,,,,,,,,,,,
Innovative Next Version Food INV Food GmbH,Germany,4.2,C019,,,,,,,,,,,,
INNOVEAT LLC,Serbia,4.2,B068a,,,,,,,,,,,,
INOSPEKTAR DOOEL,Republic of North Macedonia,11.1,G058b,,,,,,,,,,,,
INPA S.p.A.,Italy,11.2,A034a,,,,,,,,,,,,
INSIFA,Albania,2.2,E054,,,,,,,,,,,,
Insight Food Private Limited,India,11.3,G037,,,,,,,,,,,,
Instanta Sp. z o.o.,Poland,8.1,B110,,,,,,,,,,,,
INSTANTIA,Costa Rica,3.1,B010+B018,,,,,,,,,,,,
"Instituto Navarro de Tecnologías e Infraestructuras Agroalimentarias, S.A.",Spain,P4.1,Passage+Halle+4+Halle+5+B038,,,,,,,,,,,,
INTENTO SRL,Italy,11.2,B034,,,,,,,,,,,,
Inter Europol S.A.,Poland,4.1,E020,,,,,,,,,,,,
Intercheese Holland B.V.,Netherlands,10.1,A062,,,,,,,,,,,,
InterCheese AG,Switzerland,10.1,C020a,,,,,,,,,,,,
Intercomm Foods S.A.,Greece,10.2,F009,,,,,,,,,,,,
Interfood B.V.,Netherlands,10.1,G008+H008,,,,,,,,,,,,
INTERFOOD 60 LLC,Serbia,11.1,C048b,,,,,,,,,,,,
Interloom,Peru,3.1,A004,,,,,,,,,,,,
International Agricultural Processing,India,P9.1,Passage+Halle+2+Halle+3+014,,,,,,,,,,,,
INTERNATIONAL BEERS & BEVERAGES (IBB),France,8.1,C033a,,,,,,,,,,,,
INTERNATIONAL COMPANY FOR OILS AND AGRI- FOOD INDUSTRIES - Mano Food,Egypt,4.1,D098+C091,,,,,,,,,,,,
"International Exports, Inc.",United States of America,10.2,H059,,,,,,,,,,,,
International Food and Consumable Goods Egypt S.A.E,Egypt,4.1,B028,,,,,,,,,,,,
International Food SRL,Italy,1.2,E007,,,,,,,,,,,,
International Food & Consumable Goods Co,Saudi Arabia,CF,Confexhall+F029,,,,,,,,,,,,
IFC - International Food Connectors BV,Netherlands,6.1,E069,,,,,,,,,,,,
International Trends BV,Belgium,8.1,D098,,,,,,,,,,,,
International Turkish Coffee Roasters and Mills,Jordan,8.1,D101a,,,,,,,,,,,,
Interoliva S.A.,Greece,10.2,H026,,,,,,,,,,,,
Interprofession du Gruyère,Switzerland,10.1,B021,,,,,,,,,,,,
"Interra International, LLC.",United States of America,9.1,A019,,,,,,,,,,,,
Interval International de Ventes Alimentaires,France,10.1,B015,,,,,,,,,,,,
Intervision Foods,United States of America,9.1,B025,,,,,,,,,,,,
Intervlees NV,Belgium,6.1,B071,,,,,,,,,,,,
INTRA EUROPE B.V.,Netherlands,4.2,D064,,,,,,,,,,,,
INTRAFRUT - IND TRANSF DE FRUTOS S/A,Brazil,8.1,B039b,,,,,,,,,,,,
Invernada,Chile,10.2,D014a,,,,,,,,,,,,
Inversiones Rojumana,Venezuela,1.2,E015,,,,,,,,,,,,
Invert LLC,Ukraine,5.2,E058g,,,,,,,,,,,,
Invertec Natural Juice S.A.,Chile,8.1,E082,,,,,,,,,,,,
Investment and Trade Promotion Center (ITPC) of Ho Chi Minh City,Vietnam,CF,Confexhall+E050+F059,,,,,,,,,,,,
IOANNIS ILIA ALEXAKIS LTD,Greece,4.1,B059,,,,,,,,,,,,
IOANNIS KOURIKOS A.V.E.E.,Greece,8.1,C066,,,,,,,,,,,,
Torrefazione Ionia S.p.A.,Italy,10.2,E041,,,,,,,,,,,,
Ioniki Sfoliata S.A.,Greece,4.1,D041,,,,,,,,,,,,
IPA GmbH,Germany,8.1,E019,,,,,,,,,,,,
Iposea s.r.l.,Italy,5.2,B036a,,,,,,,,,,,,
Ipsa Spa,Italy,5.2,B049,,,,,,,,,,,,
"IPSA TRADING,S.L.",Spain,7.1,E027,,,,,,,,,,,,
K. Iraklidis & Sons SA,Greece,10.2,H047,,,,,,,,,,,,
Iran Dried Fruit Exporters Association,Iran,10.2,D089l,,,,,,,,,,,,
Iran International Exhibitions Co. (I.I.E.C.),Iran,2.1,E050,,,,,,,,,,,,
IRIS OHYAMA INC.,Japan,2.1,E041,,,,,,,,,,,,
IronMaxx Nutrition GmbH & Co. KG,Germany,10.2,C070+D071,,,,,,,,,,,,
Isba Tarim Urunleri Gida Hayv. Ith. Ihr. San. ve Tic. A.S.,Türkiye,11.3,B011b,,,,,,,,,,,,
Iscon Balaji Foods Private Limited,India,4.1,B098+A099,,,,,,,,,,,,
Isfarafood LLC,Tajikistan,11.3,B048,,,,,,,,,,,,
Isigny Sainte-Mere,France,10.1,B013,,,,,,,,,,,,
Isik Tarim,Türkiye,5.1,F059,,,,,,,,,,,,
Isle of Man Creamery,United Kingdom,10.1,F011,,,,,,,,,,,,
ismailia national co for foodind - foodi,Egypt,4.2,A108a,,,,,,,,,,,,
Isoya Corporation,Japan,2.1,C025,,,,,,,,,,,,
Israel Export Institute,Israel,5.2,B050b,,,,,,,,,,,,
Isstormur ehf,Iceland,2.1,C022a,,,,,,,,,,,,
Ferrari & Franceschetti Spa,Italy,11.2,E028,,,,,,,,,,,,
Istanbul Chamber of Commerce,Türkiye,1.2,B039,,,,,,,,,,,,
Istanbul Convention&Visitors Bureau,Türkiye,11.3,A009,,,,,,,,,,,,
Istanbul Dried Fruits and Products Exporters Association,Türkiye,11.3,B038a,,,,,,,,,,,,
ITAGEL Srl,Italy,4.2,B101,,,,,,,,,,,,
Ital Lemon SPA,Italy,11.2,B017b,,,,,,,,,,,,
Italcarciofi S.R.L.,Italy,5.2,C045b,,,,,,,,,,,,
Italfood Ost Soc. Coop.,Italy,10.2,E041,,,,,,,,,,,,
Italgelato,Italy,4.1,C069+D068,,,,,,,,,,,,
Italian Food and Cheese,Italy,11.2,A037,,,,,,,,,,,,
Italian Tasty Aliments Srl,Italy,11.2,A040,,,,,,,,,,,,
ITALIANA BAKERY S.R.L.S.,Italy,5.2,A038+B039,,,,,,,,,,,,
Italiana Confetti Srl,Italy,5.2,A010+B019,,,,,,,,,,,,
Italiana Vera SRL,Italy,11.2,A012,,,,,,,,,,,,
ITALIATARTUFI S.R.L.,Italy,5.1,F058a,,,,,,,,,,,,
Italmen S.A. MENUDENCIAS,Argentina,6.1,C036,,,,,,,,,,,,
Monicom d.o.o,Serbia,CF,Confexhall+E049,,,,,,,,,,,,
Georges Monin SAS,France,7.1,D028,,,,,,,,,,,,
Monini S.p.A.,Italy,10.2,C010,,,,,,,,,,,,
Monkeys by the Sea,Netherlands,1.2,D028+E029,,,,,,,,,,,,
Montalbano Food S.r.l.,Italy,11.2,A025,,,,,,,,,,,,
The United Co. For Food Industries Montana,Egypt,2.1,D052,,,,,,,,,,,,
Montanari e Gruzza spa,Italy,5.2,B043a,,,,,,,,,,,,
Aceitunas Montegil S.L.,Spain,11.1,E010,,,,,,,,,,,,
Montenegro DOO,Republic of North Macedonia,11.1,G058a,,,,,,,,,,,,
MONTESIERRA SA,Spain,7.1,B054a,,,,,,,,,,,,
"Monty & Totco Co., Ltd.",Thailand,11.3,G010,,,,,,,,,,,,
MOONFISH LTD,Canada,6.1,E060,,,,,,,,,,,,
Cuno Moormann & Zn. BV,Netherlands,6.1,D098,,,,,,,,,,,,
Olive Morabito,Italy,11.2,B030a,,,,,,,,,,,,
"Moralejo Selección, S.L.U.",Spain,9.1,A018,,,,,,,,,,,,
Morato Pane SpA,Italy,3.2,A020,,,,,,,,,,,,
MORAVKA PRO LLC,Serbia,11.1,C040,,,,,,,,,,,,
MORCILLAS TERE SLUK,Spain,7.1,B057a,,,,,,,,,,,,
"MORE Co., Ltd.","Korea, Republic of",5.1,A064a,,,,,,,,,,,,
MOREL VULLIEZ S.A.,Argentina,3.1,C077,,,,,,,,,,,,
Moreno Sáez,Spain,7.1,A052,,,,,,,,,,,,
MORESH,Morocco,11.3,A040+B049,,,,,,,,,,,,
MORIHAKU CONFECTIONERY LTD.,Japan,2.1,D027,,,,,,,,,,,,
MORINAGA-GH INC,Japan,2.1,C043a,,,,,,,,,,,,
MORNIN LLC,Armenia,11.3,C049,,,,,,,,,,,,
Morning Arch Sdn Bhd,Malaysia,1.2,N010+O011,,,,,,,,,,,,
Morning Foods Ltd,United Kingdom,10.2,G051,,,,,,,,,,,,
MOROCCO FOODEX,Morocco,11.3,A040+B049%2C+A030%2C+B050%2C+A043%2C+A041%2C+A050+B059,,,,,,,,,,,,
Moroz Artur Moroz,Poland,9.1,D031+E038,,,,,,,,,,,,
Moser GmbH,Italy,7.1,B064,,,,,,,,,,,,
Mother Dairy Fruit & Vegetable Pvt. Ltd.,India,8.1,E008,,,,,,,,,,,,
Mother India Farms,India,5.1,F015,,,,,,,,,,,,
Mother Nutri Foods,India,11.3,H022b,,,,,,,,,,,,
Moti Ice S.R.L,Romania,B.1,Boulevard+135%2C+Boulevard+135l,,,,,,,,,,,,
MOTTA S.A.S DI MOTTA CARMELA & C.,Italy,11.2,A010,,,,,,,,,,,,
Moulins de Kleinbettingen S.A.,Luxembourg,1.2,D011,,,,,,,,,,,,
Mountaire Farms Inc.,United States of America,9.1,B012,,,,,,,,,,,,
Mova Plus Corporation,Vietnam,CF,Confexhall+E050+F059,,,,,,,,,,,,
Mövenpick Holding AG,Switzerland,3.1,C048,,,,,,,,,,,,
Pastificio Mozzo Srl,Italy,11.3,D020,,,,,,,,,,,,
MPOUMPAS,Greece,10.2,I011,,,,,,,,,,,,
"Mr.Fruity Co., Ltd.",Thailand,11.3,H055,,,,,,,,,,,,
Mr Popiah Pte Ltd,Singapore,2.1,B020,,,,,,,,,,,,
MR. MORIS SRL,Italy,11.2,A048a,,,,,,,,,,,,
"MRM2, S.A.",Spain,7.1,C047,,,,,,,,,,,,
MRS.BECTORS FOOD SPECIALITIES LIMITED,India,2.2,A058,,,,,,,,,,,,
MSG srl Soc.Agr.,Italy,5.2,A038+B039,,,,,,,,,,,,
MSU SA,Argentina,3.1,C075,,,,,,,,,,,,
MTM SIRELA LLC,Serbia,11.1,C048c,,,,,,,,,,,,
Paul M. Müller GmbH,Germany,2.1,C019,,,,,,,,,,,,
Mueller Aussenhandel e.K,Germany,10.2,B072,,,,,,,,,,,,
"Mueloliva y Minerva, S.L.",Spain,11.1,B009,,,,,,,,,,,,
MÜHLHÄUSER GmbH,Germany,10.2,A034,,,,,,,,,,,,
Albert Mühlschlegel GmbH & Co. KG,Germany,10.2,A020,,,,,,,,,,,,
MUHTAROGLU,Türkiye,8.1,C018,,,,,,,,,,,,
Mulackal Handel GmbH,Austria,11.2,G019,,,,,,,,,,,,
Müller Fleisch GmbH,Germany,6.1,B068+C069,,,,,,,,,,,,
Müller Food GmbH,Germany,6.1,B079,,,,,,,,,,,,
MULTEGO TRADING LTD - ZERZEKKIS,Cyprus,10.1,A039,,,,,,,,,,,,
Multifoods,Peru,3.1,B007,,,,,,,,,,,,
Mundi Riso Srl,Italy,11.3,D024,,,,,,,,,,,,
MÜNNICH FROMAGE GmbH & Co. KG,Germany,10.1,B018,,,,,,,,,,,,
Münsterland J. Lülf GmbH,Germany,10.1,D033,,,,,,,,,,,,
MURACA SRL,Italy,5.2,A038+B039,,,,,,,,,,,,
Muraglia Savino & C. Societa Agricola Semplice,Italy,11.2,F059,,,,,,,,,,,,
MURATBEY GIDA SANAYI VE TICARET A.S.,Türkiye,10.1,G037,,,,,,,,,,,,
MUSETTI GROUP,Italy,5.2,B020+C021,,,,,,,,,,,,
MushGarden Food Co. Ltd,United States of America,CF,Confexhall+G068,,,,,,,,,,,,
Mushlabs GmbH,Germany,1.2,C017,,,,,,,,,,,,
"MUSO CO., Ltd.",Japan,2.1,C029a,,,,,,,,,,,,
Mussini s.r.l.,Italy,5.2,E032,,,,,,,,,,,,
Mustis Fleischwelt GmbH,Germany,6.1,A076,,,,,,,,,,,,
Muti Gida San. Paz. ve Tic. A.S.,Türkiye,4.1,D067,,,,,,,,,,,,
Mutlu Makarnacilik San. ve Tic. A.S.,Türkiye,11.3,A016a,,,,,,,,,,,,
"MUTUAL FOODS (DALIAN) CO., LTD.",China,4.2,E093a,,,,,,,,,,,,
MV Group Production,Lithuania,7.1,F060,,,,,,,,,,,,
MVT Foods,Iran,2.1,E058,,,,,,,,,,,,
MWT Foods,Australia,10.2,E011b,,,,,,,,,,,,
My Bizcuit SDN BHD,Malaysia,1.2,N010+O011,,,,,,,,,,,,
MY PHUONG FOOD COMPANY LIMITED,Vietnam,CF,Confexhall+E050+F059,,,,,,,,,,,,
myiafood srls,Italy,5.2,A038+B039,,,,,,,,,,,,
MyriaMeat GmbH,Germany,7.1,C059,,,,,,,,,,,,
Mystakelli Dairy Products,Greece,5.1,B025,,,,,,,,,,,,
MYTILOS P.C.,Greece,5.1,B021,,,,,,,,,,,,
MŁYN NIEDŹWIADY A.SIEWKOWSKI SPÓŁKA KOMA,Poland,11.1,C050c,,,,,,,,,,,,
N ZEPPONE S A,Brazil,3.1,C029c,,,,,,,,,,,,
NA SPICE GROUP JOINT STOCK COMPANY,Vietnam,CF,Confexhall+D050+E059,,,,,,,,,,,,
NA.ma srl,Italy,5.2,A019,,,,,,,,,,,,
Privatmolkerei Naarmann GmbH,Germany,10.1,F018,,,,,,,,,,,,
NABA Feinkost GmbH,Germany,P4.1,Passage+Halle+4+Halle+5+A069,,,,,,,,,,,,
Nadi Holding GmbH,Germany,2.1,D031,,,,,,,,,,,,
Naehr Engel GmbH,Germany,10.2,E007,,,,,,,,,,,,
Nafoods Group JSC,Vietnam,CF,Confexhall+B030+C039,,,,,,,,,,,,
Nagel-Group Logistics SE,Germany,7.1,A009,,,,,,,,,,,,
Naggar Trading & Consultancy,Egypt,2.1,B016,,,,,,,,,,,,
"Nagoya Shokuryo Co.,Ltd.",Japan,2.1,E041,,,,,,,,,,,,
Nagyszentjánosi Agrárgazdasági Kft,Hungary,5.1,C065,,,,,,,,,,,,
Nairyan Gourmet LLC,Armenia,11.3,C049,,,,,,,,,,,,
Naji Makhoul & Sons Ltd.,Israel,5.2,C053,,,,,,,,,,,,
Nakheel Aldka LTD,Saudi Arabia,CF,Confexhall+D032,,,,,,,,,,,,
Nakheel Palestine Ltd.,Palestine,10.2,E078,,,,,,,,,,,,
NakhlSabzSobhi,Iran,2.1,F059,,,,,,,,,,,,
Molino Naldoni SRL,Italy,11.2,B045,,,,,,,,,,,,
Nam Son Phu Tho Company Limited,Vietnam,CF,Confexhall+D050+E059,,,,,,,,,,,,
NAM VIET FOODS AND BEVERAGE JSC,Vietnam,8.1,E119,,,,,,,,,,,,
Namazi Trading B.V.,Netherlands,3.1,A031,,,,,,,,,,,,
Namchow (Thailand) Limited,Thailand,1.2,I020,,,,,,,,,,,,
Namsal Gida San. ve Tic. A.S.,Türkiye,4.1,D061,,,,,,,,,,,,
NAMYANG DAIRY PRODUCTS CO LTD,"Korea, Republic of",5.2,E010,,,,,,,,,,,,
"NANAFRUITS CO., LTD.",Thailand,11.3,H045a,,,,,,,,,,,,
Nanak Foods Inc,Canada,11.2,C034,,,,,,,,,,,,
Nanjing Bonagro Intl Trading Co. Lt,China,P1.1,Passage+Halle+2+Halle+4+024,,,,,,,,,,,,
Nanjing Frostar Fruits and Vegetables Co Ltd,China,4.2,E101a,,,,,,,,,,,,
"Nanjing Guri Food Co., Ltd.",China,CF,Confexhall+C052,,,,,,,,,,,,
"Nanjing Hightop Imp. & Exp. Co., Ltd.",China,5.1,A066d,,,,,,,,,,,,
Nano Foods Ltd,Ghana,5.2,C059,,,,,,,,,,,,
"Nantong dingbur seaweeds &foods Co., Ltd",China,CF,Confexhall+C056,,,,,,,,,,,,
Nantong Chitsuru Foods Co. Ltd,China,4.1,A016,,,,,,,,,,,,
"Nantong Foodwe Foods Co., Ltd",China,P1.1,Passage+Halle+2+Halle+4+006,,,,,,,,,,,,
"Nantong Guanqun Aquatic Food Co., Ltd.",China,4.1,A026a,,,,,,,,,,,,
"Nantong Haida Aquatic Food Co., Ltd.",China,4.1,A013a,,,,,,,,,,,,
"Nantong Huaxin Foods Co., Ltd.",China,CF,Confexhall+C050,,,,,,,,,,,,
"Nantong Litai Jianlong Food Co., Ltd.",China,1.2,L032,,,,,,,,,,,,
Nantong Sinfo Food Co. Ltd.,China,5.2,D065a,,,,,,,,,,,,
"Nantong Xiehe Foods Co., Ltd.",China,P1.1,Passage+Halle+2+Halle+4+004,,,,,,,,,,,,
"Nantong Yuanwei Food Co., Ltd",China,1.2,N037,,,,,,,,,,,,
"NANYANG  MINGTAI  FOODSTUFF  CO.,LTD.",China,4.1,B015a,,,,,,,,,,,,
NAOUMIDIS PETROS,Greece,11.2,G025,,,,,,,,,,,,
NAPPN.ORG,Bulgaria,1.2,B040,,,,,,,,,,,,
Naranjas Che Coop. V,Spain,11.1,A047,,,,,,,,,,,,
Narpa Narin Dis Ticaret A. S.,Türkiye,11.3,A016b,,,,,,,,,,,,
Narwal Food Products PVT Ltd.,India,CF,Confexhall+G062,,,,,,,,,,,,
Nasco,United Kingdom,10.2,E072,,,,,,,,,,,,
NASIAKOPOULOS S.A. ARTION,Greece,10.2,I032,,,,,,,,,,,,
Nasim LLC,Tajikistan,11.3,B048,,,,,,,,,,,,
NASKORSPORTS B.V.,Netherlands,10.2,B059,,,,,,,,,,,,
SAS NATAïS,France,10.2,E055,,,,,,,,,,,,
Natco Foods Ltd,United Kingdom,10.2,E070,,,,,,,,,,,,
NATFOOD,Argentina,3.1,C065,,,,,,,,,,,,
National Biscuits & Confectionery,Saudi Arabia,CF,Confexhall+D028,,,,,,,,,,,,
Sally Marketing - Nafeeseh Sweets,Jordan,2.1,D024,,,,,,,,,,,,
Manufacturas Salomón S.L.,Spain,P4.1,Passage+Halle+4+Halle+5+B047,,,,,,,,,,,,
SALOMON FoodWorld GmbH,Germany,6.1,C050,,,,,,,,,,,,
SALOV S.P.A,Italy,11.2,F017,,,,,,,,,,,,
SALSIA s.r.o.,Slovakia,9.1,A070,,,,,,,,,,,,
Salt Odyssey,Greece,10.2,I038,,,,,,,,,,,,
SC Saltempo srl,Romania,9.1,A051a,,,,,,,,,,,,
Salud Foodgroup Europe BV,Netherlands,4.2,B048,,,,,,,,,,,,
SALUMI EMMEDUE SRL,Italy,11.2,B053,,,,,,,,,,,,
Salumificio S. Pietro s.r.l.,Italy,5.2,A038+B039,,,,,,,,,,,,
Salumificio Sorrentino S.R.L.,Italy,7.1,B019,,,,,,,,,,,,
Salumificio Callà,Italy,5.2,A038+B039,,,,,,,,,,,,
Salumificio Fratelli Riva S.p.A.,Italy,7.1,A031,,,,,,,,,,,,
Salumificio Geca SRL,Italy,11.2,C045,,,,,,,,,,,,
SALUMIFICIO MONTEPORO SRL,Italy,11.2,C008+D009,,,,,,,,,,,,
Salumificio San Carlo Spa,Italy,7.1,D055,,,,,,,,,,,,
Salumificio San Michele,Italy,7.1,C050,,,,,,,,,,,,
Salumificio Valpolicella Spa,Italy,11.2,A058a,,,,,,,,,,,,
Salumificio Valtermina SNC,Italy,7.1,C035,,,,,,,,,,,,
Salvest SA,Estonia,5.1,D051,,,,,,,,,,,,
Salviani S.r.l.,Italy,11.2,A014,,,,,,,,,,,,
"Salysol, S.A.",Spain,11.1,F019d,,,,,,,,,,,,
Sam Global Trading,United Arab Emirates,7.1,D036,,,,,,,,,,,,
Sama Spa,Italy,11.3,D022a,,,,,,,,,,,,
Samagi Spice Exports Pvt Ltd,Sri Lanka,1.2,F012,,,,,,,,,,,,
"SAMAH INTERNATIONAL CO., LTD.","Korea, Republic of",5.2,B063a,,,,,,,,,,,,
SAMAKO IMPORT-EXPORT ltd,Bulgaria,2.1,D015,,,,,,,,,,,,
Saman Tea Private Limited,India,8.1,A089,,,,,,,,,,,,
Samara S.A.R.L.,Morocco,11.3,A040+B049,,,,,,,,,,,,
SAMBA FOODS,Brazil,3.1,C021a,,,,,,,,,,,,
SAMBAZON LTD,United Kingdom,4.2,E085,,,,,,,,,,,,
SAMBOR,Poland,7.1,F018,,,,,,,,,,,,
Samex Australian Meat Company Pty. Ltd.,Australia,6.1,B106,,,,,,,,,,,,
SAMIYAMEALS S.A.,Ecuador,3.1,A028,,,,,,,,,,,,
"SAMJIN GLOBALNET CO.,LTD.","Korea, Republic of",5.1,A064,,,,,,,,,,,,
Samkale Gida San. ve Tic. Ltd. Sti.,Türkiye,8.1,B087b,,,,,,,,,,,,
"Samroiyod Corp., Ltd.",Thailand,11.3,H051a,,,,,,,,,,,,
Samyang Foods Co Ltd,"Korea, Republic of",5.2,E068,,,,,,,,,,,,
SAMZ HOLDING SDN BHD,Malaysia,1.2,N010gO011g,,,,,,,,,,,,
Acqua Minerale San Benedetto S.p.A.,Italy,11.2,E016a,,,,,,,,,,,,
San Giorgio S.p.A.,Italy,5.2,B020+C021,,,,,,,,,,,,
SAN MARZANO DOP,Italy,5.2,C052,,,,,,,,,,,,
SA San Miguel Global,Argentina,8.1,E079,,,,,,,,,,,,
"San Shu Gong Food Co., Ltd.",Taiwan,2.1,B005,,,,,,,,,,,,
San Vincenzo di Fernando Rota srl,Italy,7.1,D039,,,,,,,,,,,,
"SAN YING FOODS CO., LTD.",Taiwan,5.1,C077,,,,,,,,,,,,
SANA ALMADINAH DATES COMPANY,Saudi Arabia,2.1,E018,,,,,,,,,,,,
Sana Salt,Pakistan,11.3,E046b,,,,,,,,,,,,
Christine Berger GmbH & Co. KG,Germany,10.2,C057,,,,,,,,,,,,
Sanford Gida AS,Türkiye,5.2,E036,,,,,,,,,,,,
Sangkutsa Food Products Inc.,Philippines,1.2,N011+M010,,,,,,,,,,,,
"Sanguan Wongse Starch Co.,Ltd.",Thailand,11.3,G026,,,,,,,,,,,,
Sanguedolce Srl,Italy,10.1,G058,,,,,,,,,,,,
Sanita Gida Sterilizasyon ve Kurutma San. ve Tic. A.S.,Türkiye,11.3,D023a,,,,,,,,,,,,
"Sanmenxia Huayang Foodstuff Co., Lt",China,2.2,A013,,,,,,,,,,,,
Sanmik Natural Food Pty Ltd.,Australia,5.1,F061,,,,,,,,,,,,
Sanmy S.A.,Spain,8.1,E113,,,,,,,,,,,,
SANO VITA,Romania,11.2,G032,,,,,,,,,,,,
SanoRice Holding B.V.,Netherlands,5.1,D063,,,,,,,,,,,,
Sant Dalmai Food Company,Spain,7.1,C046,,,,,,,,,,,,
Santa Giulia,Argentina,6.1,C032a,,,,,,,,,,,,
SANTAFRUTA S.A.,Ecuador,3.1,A028,,,,,,,,,,,,
Sante Sp. z o.o.,Poland,10.2,A025,,,,,,,,,,,,
Sante Gida San. ve Tic. A.S.,Türkiye,5.1,F046,,,,,,,,,,,,
Santini Foods,United States of America,5.1,C051,,,,,,,,,,,,
Santos Enterprise Food B.V,Netherlands,8.1,C058,,,,,,,,,,,,
Sanyeh trading company,Saudi Arabia,2.1,E018,,,,,,,,,,,,
SAO MAI AGRO PROCESSING JSC,Vietnam,1.2,M008a,,,,,,,,,,,,
Saor del Mar SRL,Italy,5.1,B039,,,,,,,,,,,,
SAOR ITALIA SRL,Italy,5.2,A021,,,,,,,,,,,,
SAPI FOODS,Brazil,9.1,C044,,,,,,,,,,,,
Sapidum d.o.o.,Slovenia,2.2,E052,,,,,,,,,,,,
"SAPO DAKLAK CO., LTD",Vietnam,CF,Confexhall+B030+C039,,,,,,,,,,,,
Sapori dell'Antica Murgia Sas,Italy,11.2,B011b,,,,,,,,,,,,
Sapori della Valdichiana S.R.L.,Italy,11.2,A020a,,,,,,,,,,,,
SAPORI DI CASA,Italy,5.2,C041b,,,,,,,,,,,,
Sapori in corso srl,Italy,11.2,B036a,,,,,,,,,,,,
Sappe Public Company Limited,Thailand,8.1,D069,,,,,,,,,,,,
Sapphire Dairies Pvt Ltd,Pakistan,11.3,E044,,,,,,,,,,,,
SAPROS Küchenfertige Salate und Gemüse GmbH,Germany,P2.1,Passage+Halle+3+Halle+11+003,,,,,,,,,,,,
Saputo Dairy UK,United Kingdom,10.1,G010,,,,,,,,,,,,
Saquella 1856 S.R.L.,Italy,11.2,A053,,,,,,,,,,,,
Sara Kalinoski,Germany,B.1,Boulevard+152,,,,,,,,,,,,
Saracoglu Kuruyemis ve Gida San. Tic. Ltd.,Türkiye,3.1,C018,,,,,,,,,,,,
Saraf Trading Corporation Pvt. Ltd.,India,8.1,A081,,,,,,,,,,,,
Sarah Impex,India,3.1,A013,,,,,,,,,,,,
Saray Bisküvi ve Gida San. A.S.,Türkiye,2.2,B032a,,,,,,,,,,,,
Sarchio SPA,Italy,5.1,D038,,,,,,,,,,,,
Sardaformaggi S.p.A.,Italy,11.2,A030a,,,,,,,,,,,,
Sardes Gida San. ve Tarim Urun. Tic. Ith. Ihr. Ltd. Sti.,Türkiye,11.3,C021b,,,,,,,,,,,,
SARE INCIR TARIM GIDA HAY. TIC.LTD.STI,Türkiye,11.3,B033,,,,,,,,,,,,
LE CHOCOLATIER SABLAIS,France,10.2,E024,,,,,,,,,,,,
SARL FERME DE JEANSARTHE,France,10.2,F029,,,,,,,,,,,,
Sarteneja Conservas sl,Spain,11.1,E030,,,,,,,,,,,,
Sartori Company,United States of America,10.1,H038,,,,,,,,,,,,
Sarveshwar Foods Ltd,India,11.3,H024c,,,,,,,,,,,,
Sarwar Foods (Pvt) Ltd,Pakistan,11.3,E042,,,,,,,,,,,,
SAS FROMAGES BACH,France,10.1,B017,,,,,,,,,,,,
SAS LA COMPAGNIE DES PRUNEAUX,France,10.2,F031,,,,,,,,,,,,
SAS SO CHiPS FRANCE,France,10.2,E022,,,,,,,,,,,,
PT. SASA INTI,Indonesia,7.1,G016,,,,,,,,,,,,
Sasu Su ve Tarim Urunleri Gida Tekstil San. Tic. A.S.,Türkiye,7.1,D060,,,,,,,,,,,,
SATCO South American Trading Company,Argentina,9.1,E055,,,,,,,,,,,,
Sativa S.A.,Greece,10.2,H018,,,,,,,,,,,,
Saudi Exim Bank,Saudi Arabia,CF,Confexhall+E011+D010,,,,,,,,,,,,
Saudi Export Development Authority,Saudi Arabia,CF,Confexhall+E011+D010,,,,,,,,,,,,
Saudi Exports,Saudi Arabia,CF,Confexhall+E011+D010,,,,,,,,,,,,
Saudi exports authority,Saudi Arabia,CF,Confexhall+E011+D010,,,,,,,,,,,,
Saudi Halal Center,Saudi Arabia,CF,Confexhall+D030g+E031g,,,,,,,,,,,,
SAV AGRO PARTNER LLC,Ukraine,4.2,E058,,,,,,,,,,,,
SAS SAVEL,France,9.1,C012,,,,,,,,,,,,
Savimex Ltd.,Bulgaria,3.2,A006,,,,,,,,,,,,
SAVOR CREATIONS,France,10.2,G031,,,,,,,,,,,,
SAVOUIDAKIS SA,Greece,5.1,C070,,,,,,,,,,,,
Savour India Private limited,India,11.3,A037,,,,,,,,,,,,
Saya International Tea and Food Exports,Sri Lanka,8.1,B089a,,,,,,,,,,,,
SAYGIN GmbH,Germany,4.2,E071,,,,,,,,,,,,
Saysan Dis Tic. Ltd. Sti.,Türkiye,11.3,B012,,,,,,,,,,,,
SC ALBRAU PROD SA,Romania,11.2,G038,,,,,,,,,,,,
SC Alpin 57 Lux Srl.,Romania,11.3,F011a,,,,,,,,,,,,
THE BEST OF GREECE P.C.,Greece,10.2,H025,,,,,,,,,,,,
The Bridge Srl Società Unipersonale,Italy,1.2,C028+D029,,,,,,,,,,,,
The Crushi bv,Netherlands,B.1,Boulevard+090,,,,,,,,,,,,
The Cup Company,Belgium,2.1,A040,,,,,,,,,,,,
The Egyptian Food - Faragalla,Egypt,2.1,D057,,,,,,,,,,,,
The Epic Spice Company,Greece,10.2,H022,,,,,,,,,,,,
The Exotic Blends Co.,Ecuador,3.1,A024,,,,,,,,,,,,
The Food Factory,Malta,4.2,E010,,,,,,,,,,,,
The FRESHGLOW Co.,United States of America,10.2,H079a,,,,,,,,,,,,
The Ginger People Foodstuff LLC,United Arab Emirates,CF,Confexhall+D039,,,,,,,,,,,,
Good Guys Oy,Finland,7.1,G010,,,,,,,,,,,,
The Green Farm,Denmark,1.2,C007,,,,,,,,,,,,
The Green Table BV,Netherlands,1.2,D028+E029,,,,,,,,,,,,
The Honey Exporters Association (HEA),Moldova,5.2,B054a%2C+B054,,,,,,,,,,,,
The Hub For Trading,Egypt,2.1,E057,,,,,,,,,,,,
The Impulse Factory B.V.,Netherlands,P4.1,Passage+Halle+4+Halle+5+B064,,,,,,,,,,,,
The Kochmanski Company Sp. z .o.o.,Poland,5.1,B070,,,,,,,,,,,,
"The Link, Achim Speidel",Germany,7.1,E032,,,,,,,,,,,,
The Mallows,Denmark,5.2,E035a,,,,,,,,,,,,
The Marujyu Soysauce & Seasoning Corp.,Japan,2.1,D029,,,,,,,,,,,,
"The Mitsuhashi,Inc.",Japan,2.1,E041,,,,,,,,,,,,
The Morning Star Packing Company,United States of America,10.2,I075a,,,,,,,,,,,,
The New Originals Company GmbH,Austria,1.2,B010,,,,,,,,,,,,
The Nile Egyptian for Food Stuff Industry,Egypt,4.2,A102a,,,,,,,,,,,,
THE OLIVE LEGEND GROUP S.A.,Greece,10.2,A057,,,,,,,,,,,,
The Peace Canning 1958 Co. Ltd.,Thailand,11.3,G053,,,,,,,,,,,,
The Protein Ball Co. Ltd.,United Kingdom,10.2,G063a,,,,,,,,,,,,
"The Select Brand, S.L",Spain,11.1,A045,,,,,,,,,,,,
The Skinny Food Co,United Kingdom,10.2,G067,,,,,,,,,,,,
The Spice Factory SA,Belgium,10.2,D063,,,,,,,,,,,,
The Spice Factory B.V.,Netherlands,11.1,B046,,,,,,,,,,,,
The Vida World Sdn Bhd,Malaysia,7.1,G030,,,,,,,,,,,,
The Village Nut Company Limited,Kenya,5.2,C059,,,,,,,,,,,,
The Wholapola Company,Belgium,2.1,A056,,,,,,,,,,,,
The Whole Company Food A/S,Denmark,5.2,D032a,,,,,,,,,,,,
Theppadungporn Coconut Co.Ltd.,Thailand,1.2,I029,,,,,,,,,,,,
Thermotraffic B.V.,Netherlands,4.2,A028,,,,,,,,,,,,
Thermotraffic GmbH,Germany,4.2,A028,,,,,,,,,,,,
Think Mediterranean,Spain,10.1,G033,,,,,,,,,,,,
"Think Milk, Taste Europe, Be Smart",Italy,10.1,H051,,,,,,,,,,,,
Thise Dairy,Denmark,10.1,C045,,,,,,,,,,,,
Thomas Export SAS,France,10.1,C010a,,,,,,,,,,,,
Thomas Foods Australia,Australia,6.1,C051,,,,,,,,,,,,
Thomas Foods Canada,Canada,6.1,C051,,,,,,,,,,,,
Thomas Foods International Luiten Food B.V.,Netherlands,6.1,C051,,,,,,,,,,,,
Thomas Foods UK Luiten Food LTD,United Kingdom,6.1,C051,,,,,,,,,,,,
Thomas Foods USA,United States of America,6.1,C051,,,,,,,,,,,,
Thomsen Food Line,Brazil,9.1,C046,,,,,,,,,,,,
Thong Siek Food Industry Pte Ltd.,Singapore,4.2,A058,,,,,,,,,,,,
THREE BEARS LLC,Ukraine,4.2,E058,,,,,,,,,,,,
"Thuan Phong Co., Ltd",Vietnam,CF,Confexhall+A030+B039,,,,,,,,,,,,
THUAN PHONG AGRICULTURAL PRODUCTS PROCESSING COMPANY LTD.,Vietnam,5.1,D076,,,,,,,,,,,,
Thüringer Mühlenwerke GmbH,Germany,10.2,A020,,,,,,,,,,,,
Thy Long Production Trading Company Ltd,Vietnam,CF,Confexhall+E050+F059,,,,,,,,,,,,
"Tia Rita, S.L.",Spain,4.1,B071,,,,,,,,,,,,
"Tianhe Agricultural Group Zhejiang Import And Export Trade Co., Ltd.",China,1.2,F034,,,,,,,,,,,,
"Tianjin Best Nuts Import And Export Co.,Ltd",China,CF,Confexhall+B051,,,,,,,,,,,,
"TIANJIN DUNHE INTERNATIONAL TRADE CO.,LTD",China,1.2,J031b,,,,,,,,,,,,
"TIANJIN FOOD JUNC TOMATO PRODUCTS CO.,LTD.",China,5.1,B089,,,,,,,,,,,,
"Tianjin Foodstuffs Imp. & Exp. Co., Ltd.",China,1.2,K034,,,,,,,,,,,,
"Tianjin Hengjunlong Commercial Co., Ltd",China,P9.1,Passage+Halle+2+Halle+3+A001a,,,,,,,,,,,,
TIANJIN JIASHENG YUDA IMPORT AND EXPORT TRADE CO. LTD.,China,1.2,M013,,,,,,,,,,,,
"TIANJIN LONGCHENGJIAYI CO., LTD.",China,5.2,C060b,,,,,,,,,,,,
"Tianjin Tianwei Food Co.,Ltd.",China,1.2,N030,,,,,,,,,,,,
"TIANJIN WAYSUN FOODSTUFF CO., LTD",China,5.2,D065,,,,,,,,,,,,
"Tianxiang Foods Group Co., Ltd.",China,1.2,K037a,,,,,,,,,,,,
"TIANXIN FLAVORS CO., LTD",China,2.2,A059e,,,,,,,,,,,,
"Tianzhen Agricultural Trading Development  Co,Ltd",China,5.1,A070b,,,,,,,,,,,,
"Tianzhen Bocheng Vegetables Co.,ltd",China,1.2,M019,,,,,,,,,,,,
"Tianzhen Health Foods Co., Ltd.",China,5.1,A072,,,,,,,,,,,,
"Tianzhen County Tonghang Grain Trade Co., Ltd.",China,5.1,C084,,,,,,,,,,,,
tiba food for food industries,Egypt,4.2,A099b,,,,,,,,,,,,
Ticaret ve Sanayi Kontuvari T.A.S.,Türkiye,11.3,C009a,,,,,,,,,,,,
TICCIM,Argentina,8.1,D026,,,,,,,,,,,,
TicoFrut S.A.,Costa Rica,8.1,E018,,,,,,,,,,,,
Tiefkühlbackwaren Einhaus GmbH,Germany,4.1,A081,,,,,,,,,,,,
Tien Duc JSC,Vietnam,CF,Confexhall+B030+C039,,,,,,,,,,,,
Tien Thinh Group JSC,Vietnam,CF,Confexhall+B030+C039,,,,,,,,,,,,
Tigre sp. z o.o.,Poland,CF,Confexhall+A010+B019,,,,,,,,,,,,
TILIZ,France,4.2,C052,,,,,,,,,,,,
Tillman`s Convenience GmbH,Germany,6.1,B070+C079,,,,,,,,,,,,
Time Travelling Milkman,Netherlands,1.2,D028+E029,,,,,,,,,,,,
TIMS FOODS LTD,Bulgaria,3.2,C014,,,,,,,,,,,,
Timtas Tarim Ilac ve Mahsulleri Tic. A.S,Türkiye,11.3,B011,,,,,,,,,,,,
Tip Top Food Industry Srl,Romania,2.2,C016,,,,,,,,,,,,
TIPIAK,France,4.2,B058,,,,,,,,,,,,
Tirlán Ltd,Ireland,10.1,G020b,,,,,,,,,,,,
TIRMA S.A.,Spain,11.1,E009,,,,,,,,,,,,
Tiryaki Agro,Türkiye,10.2,D018,,,,,,,,,,,,
TISACOOP LLC,Serbia,11.1,D049a,,,,,,,,,,,,
TM Pichkar,Ukraine,4.1,D098+C091,,,,,,,,,,,,
TMT Taurus Meat-Trading GmbH,Germany,6.1,E040,,,,,,,,,,,,
''the Manna'' bakery N.TSATSARONAKIS SA,Greece,2.2,B020,,,,,,,,,,,,
PT Toba Surimi Industries TBK,Indonesia,1.2,K017,,,,,,,,,,,,
Tofutown Lüneburger Heide GmbH,Germany,1.2,C016,,,,,,,,,,,,
"Tokunaga Seika Co., Ltd.",Japan,2.1,C029c,,,,,,,,,,,,
Luigi Tomadini Srl,Italy,11.2,D055,,,,,,,,,,,,
Caseificio Tomasoni s.r.l.,Italy,11.2,A032a,,,,,,,,,,,,
TOMATA s.r.o.,Slovakia,10.2,B091,,,,,,,,,,,,
Tomato Farm Spa,Italy,5.2,A054,,,,,,,,,,,,
"Tomcare Bio Tech Co., Ltd.",Vietnam,CF,Confexhall+B030+C039,,,,,,,,,,,,
Tomex Danmark A/S,Denmark,6.1,E081,,,,,,,,,,,,
OTG Enterprise Pte Ltd,Singapore,2.1,C021a,,,,,,,,,,,,
Tongguan Shengtong Catering Management C,China,4.1,A022,,,,,,,,,,,,
TONITTO 1939 S.p.A.,Italy,4.1,A050,,,,,,,,,,,,
Tönnies Lebensmittel GmbH & Co. KG,Germany,6.1,B070+C079%2C+B080+C081,,,,,,,,,,,,
Tönnies Rind GmbH & Co. KG,Germany,6.1,B070+C079,,,,,,,,,,,,
Tonno Tripodi srls,Italy,11.2,C008+D009,,,,,,,,,,,,
Top Brands Srl,Italy,8.1,E099,,,,,,,,,,,,
"TOP CANDY, S.L",Spain,11.1,E030,,,,,,,,,,,,
TOP EXPORT,India,3.1,A007,,,,,,,,,,,,
SIA,Latvia,10.1,G026a,,,,,,,,,,,,
Top Sweets GmbH,Germany,3.1,B040,,,,,,,,,,,,
TOP Taste B.V.,Netherlands,10.2,C028,,,,,,,,,,,,
Töpfer GmbH,Germany,P2.1,Passage+Halle+3+Halle+11+003,,,,,,,,,,,,
Toprak Zeytincilik A.S.,Türkiye,11.3,D039,,,,,,,,,,,,
Torr FoodTech,Israel,5.2,C051a,,,,,,,,,,,,
Patatas Torres,Spain,11.1,D031a,,,,,,,,,,,,
Torres de Briz S.C.L,Spain,7.1,B069,,,,,,,,,,,,
Torrons Vicens S. L.,Spain,11.1,D031,,,,,,,,,,,,
TORTILLAS MEXWRAPS,Mexico,P4.1,Passage+Halle+4+Halle+5+A041,,,,,,,,,,,,
Torto Food Industries (M) Sdn. Bhd,Malaysia,1.2,N010+O011,,,,,,,,,,,,
Toschi Vignola S.R.L.,Italy,5.2,C017a,,,,,,,,,,,,
TOSCOBOSCO by Effetre,Italy,5.2,B028,,,,,,,,,,,,
"TOSTADEROS SOL DE ALBA, S.L.",Spain,11.1,E020,,,,,,,,,,,,
Tostini Caffè s.a.s. di Recovery srls,Italy,8.1,A107,,,,,,,,,,,,
TOU PREVEZANOU E.E.,Greece,10.2,I015,,,,,,,,,,,,
"Toumi Foods & Product Co., Ltd.",Thailand,11.3,H015,,,,,,,,,,,,
TOYO RICE CORPORATION,Japan,2.1,E041,,,,,,,,,,,,
TOYOTA TSUSHO AGRI FOODS CORPORATION,Japan,2.1,E041,,,,,,,,,,,,
TRA-SAS Tracimexco Supply Chains and Agency Services JSC,Vietnam,CF,Confexhall+E050+F059,,,,,,,,,,,,
Imkerij de Traay,Netherlands,2.2,C043,,,,,,,,,,,,
Tracklements Speciality Condiments,United Kingdom,10.2,F061a,,,,,,,,,,,,
Trade Cafe Group,United States of America,9.1,B010,,,,,,,,,,,,
Trade Development Company JSC,Uzbekistan,5.1,B079+C078,,,,,,,,,,,,
Trade Food LLC,United States of America,10.2,H065,,,,,,,,,,,,
Trade Industry and Competition - THEDTIC,South Africa,11.1,A050+B059,,,,,,,,,,,,
Trade Malta Limited,Malta,11.1,D060,,,,,,,,,,,,
Trade Milk Sp. z o.o.,Poland,10.1,C070+C078,,,,,,,,,,,,
Tradecos S.R.L.,Argentina,8.1,C069,,,,,,,,,,,,
Crunchi / Vegan Fisherman,Netherlands,B.1,Boulevard+093,,,,,,,,,,,,
Cruz  Group sp. zo.o.,Poland,8.1,B030,,,,,,,,,,,,
Csanyi Pinceszet Zrt.,Hungary,9.1,B030,,,,,,,,,,,,
CTH - Darling Ingredients B.V.,Netherlands,6.1,C010,,,,,,,,,,,,
Cuadrat Valley S.L.U.,Spain,P4.1,Passage+Halle+4+Halle+5+A003,,,,,,,,,,,,
Cucina Lenta,Romania,9.1,B049,,,,,,,,,,,,
Cuetara SLU,Spain,3.2,A058,,,,,,,,,,,,
Cuka Corporate Group,Ecuador,3.1,C011+C019,,,,,,,,,,,,
Cumberland Packing Corp,United States of America,10.2,H066,,,,,,,,,,,,
CUOVER INTERNATIONAL FOODS LTD,Canada,11.2,D049,,,,,,,,,,,,
Curcija SA,Argentina,3.1,B668a,,,,,,,,,,,,
Curius AG,Switzerland,3.1,D043,,,,,,,,,,,,
CURRELI MARCELLO,Italy,11.1,A051+A057,,,,,,,,,,,,
PT Pasifik Harvest Indonesia,Indonesia,1.2,K011+J010,,,,,,,,,,,,
Cygne SA,Argentina,4.1,B097a,,,,,,,,,,,,
CYNARA EU SLU,Spain,11.1,B010a,,,,,,,,,,,,
CZANIECKIE MAKARONY Sp. z. o.o.,Poland,5.2,C069,,,,,,,,,,,,
D C I & E FOOD LTD,United Kingdom,5.2,B061,,,,,,,,,,,,
D&G FoodSupply Co Ltd,Thailand,11.3,H043a,,,,,,,,,,,,
"D&J Organic Food Co., Ltd.",China,5.1,C086,,,,,,,,,,,,
Global Export Company LLC,Uzbekistan,11.3,B046,,,,,,,,,,,,
GLOBAL FOOD EXCLUSIVE LLC,Uzbekistan,5.1,B079+C078,,,,,,,,,,,,
"GLOBAL FOOD LINK, S.L.",Spain,4.2,B078,,,,,,,,,,,,
GLOBAL FOOD TIMES TRADING LIMITED,Hong Kong,1.2,L022,,,,,,,,,,,,
"Global Food Trading Co.,Ltd.",Thailand,1.2,H013,,,,,,,,,,,,
Global Foods Al Arabia,Saudi Arabia,CF,Confexhall+D034,,,,,,,,,,,,
GLOBAL FOODS GROUP,France,9.1,B069,,,,,,,,,,,,
GLOBAL FOODS SOLUTIONS,United Arab Emirates,9.1,A037,,,,,,,,,,,,
Global Fries BV,Belgium,4.1,A065,,,,,,,,,,,,
Global Green Europe Kft.,Hungary,5.1,C061a,,,,,,,,,,,,
Global Macadamia Marketing (Pty) Ltd.,Australia,10.2,A080,,,,,,,,,,,,
Global Pioneer Pte. Ltd.,Singapore,2.1,B021a,,,,,,,,,,,,
GLOBAL UNITED TRADE cm PC,Greece,11.2,G065,,,,,,,,,,,,
"GlobalTribe, Lda",Portugal,4.1,C052,,,,,,,,,,,,
Globalwing,Argentina,6.1,E011,,,,,,,,,,,,
GLOBENATURAL SUPERFOODS S.A.C.,Peru,3.1,A014,,,,,,,,,,,,
Globex International,United States of America,9.1,C028,,,,,,,,,,,,
Glocelia S.L,Spain,2.2,D046,,,,,,,,,,,,
Glockengold Fruchtsaft AG,Germany,8.1,E020,,,,,,,,,,,,
GLORIA S.A.,Peru,3.1,A012,,,,,,,,,,,,
SC Ruzhin-moloko,Ukraine,10.1,C079b,,,,,,,,,,,,
Sc Senneville Inter Srl,Romania,11.3,F025a,,,,,,,,,,,,
SC Trading GmbH,Germany,10.2,C079,,,,,,,,,,,,
SC UNIC CONCEPT SRL,Romania,5.1,D037a,,,,,,,,,,,,
SC VELTA PROD SRL,Romania,8.1,A048,,,,,,,,,,,,
PUFULETE SRL,Romania,2.2,C012a,,,,,,,,,,,,
Scaldisfood BV,Netherlands,10.1,G080,,,,,,,,,,,,
ScandChoco AB,Sweden,10.2,A050,,,,,,,,,,,,
Scelta Mushrooms B.V.,Netherlands,4.2,A029,,,,,,,,,,,,
SCG SAS,France,9.1,A039,,,,,,,,,,,,
Schalk Mühle GmbH & Co KG,Austria,5.1,E085a,,,,,,,,,,,,
Schedro LLC,Ukraine,11.1,G060,,,,,,,,,,,,
Schepens & Co. N.V.,Belgium,10.2,C090,,,,,,,,,,,,
Schloss Wachenheim AG,Germany,7.1,E014,,,,,,,,,,,,
Schluckwerder GmbH,Germany,3.1,A056,,,,,,,,,,,,
Schmitt Food GmbH,Germany,6.1,B079,,,,,,,,,,,,
GS Schmitz GmbH & Co. KG,Germany,7.1,C008,,,,,,,,,,,,
Schne-frost Ernst Schnetkamp GmbH & Co. KG,Germany,4.2,E031,,,,,,,,,,,,
Schoonderwoerd Vlees B.V.,Netherlands,6.1,E041,,,,,,,,,,,,
H. Schoppe & Schultz GmbH & Co. KG,Germany,10.1,G034,,,,,,,,,,,,
"THAI AGRI FOODS PUBLIC CO., LTD.",Thailand,CF,Confexhall+C019,,,,,,,,,,,,
Thai Coconut Public Company Limited,Thailand,7.1,F053,,,,,,,,,,,,
"Thai Edible Oil Co., Ltd.",Thailand,11.3,H029,,,,,,,,,,,,
"Thai Ha Public Co., Ltd.",Thailand,11.3,H027a,,,,,,,,,,,,
"Thai Lee Foods International Co., Ltd",Thailand,11.3,H047a,,,,,,,,,,,,
Thai Preeda Trading Co Ltd,Thailand,11.3,G030,,,,,,,,,,,,
THAI PRESIDENT FOODS PLC.,Thailand,1.2,L011,,,,,,,,,,,,
"Thai Shing Ye Inter-Marketing Co., Ltd.",Thailand,11.3,G032,,,,,,,,,,,,
Thai Summit Marketing,Thailand,4.2,C093,,,,,,,,,,,,
"Thaitan Foods International Co., Ltd.",Thailand,CF,Confexhall+D040,,,,,,,,,,,,
"Thai Union Manufacturing Co., Ltd.",Thailand,11.3,H008,,,,,,,,,,,,
Thai Victor Food,Thailand,7.1,F040b,,,,,,,,,,,,
"Thai Younger Farm Co., Ltd.",Thailand,11.3,G022,,,,,,,,,,,,
"Thai-Korean Seaweed Co.,Ltd.",Thailand,11.3,G024a,,,,,,,,,,,,
Thailand Department of International Trade Promotion (DITP),Thailand,11.3,G010a%2C+G010gH019g,,,,,,,,,,,,
"Thaitheparos Public Co., Ltd.",Thailand,11.3,G028,,,,,,,,,,,,
"THANH CONG VINA IEP CO., LTD",Vietnam,CF,Confexhall+D050+E059,,,,,,,,,,,,
Thaweephan Product part ltd,Thailand,11.3,G020a,,,,,,,,,,,,
Thaweephol Samroiyod Ltd Part.,Thailand,11.3,H049a,,,,,,,,,,,,
The Belgian Chocolate Group,Belgium,2.1,B033,,,,,,,,,,,,
