no,name,categories,target_sector,specialities,certifications,about_importers,company,company_url,company_attributes,pavilion,booth,exhibited_products,show,image_url,product_url
21,Mirocl Karte,Professional Services,"Who can benefit from Mirocl Karte | Mirocl Karte is ideal for companies in manufacturing—such as automotive, chemicals, food, industrial machinery, metal processing, precision equipment, and packaging materials—that face challenges in equipment maintenance. It’s also suitable for businesses seeking more efficient facility management, including transportation (vehicle fleets), hospitals, leisure facilities, and service industries. | | Recommended for sites like these: | ・Struggling with the limitations of paper- or Excel-based record handovers | ・Looking to streamline maintenance operations and boost overall factory productivity | ・Finding large-scale maintenance systems too complex or oversized for their needs | ・Aiming to promote skill transfer from experienced technicians","Ready to use—right away! | As long as you have a device connected to the internet, you can start using Mirocl Karte immediately. With intuitive input from smartphones or tablets, maintenance tasks like daily inspections, repairs, and part replacements are naturally recorded and utilized, helping build a culture of smart maintenance. | | Easy to implement! | As a cloud-based service, no server installation is required. This keeps both initial and ongoing maintenance costs low. | | Accessible anytime, anywhere! | Built on the cloud, Mirocl Karte enables not just information sharing within a single factory, but also seamless use across multiple sites. Designed specifically for maintenance work, the interface is optimized for field usability and on-site efficiency.",,,Mirocrea,https://miroclkarte.mirocl.net/,Japan exhibitors | Exportable,Start up,E7-DD14,"Mirocle Karte transforms maintenance operations from the ground up. | It eliminates paper-based and Excel-based management by centralizing plans, inspections, and repair histories in the cloud. | | The optional AI Maintenance Navigator analyzes extensive historical data to help identify root causes of failures and automatically propose optimal corrective actions. This standardizes decision-making that previously relied on individual expertise, enabling anyone to perform maintenance at a high level while reducing dependency on specific personnel and improving productivity. | | The newly released Mirocle AI Help Chat instantly searches across all help documents and provides the best operation methods, relevant pages, and even practical use cases and best practices that are not written in the manuals.",FOODEX JAPAN 2026 / 2026 Japan Meat Industry Fair 50th,,https://www.jma-tradeshow.com/foodex/webguide_en/product.php?no=21
54,Ladyfingers,Baked Goods | Cakes / Dessert | Bread | Japanese sweets | Gluten-free,"Bakery, Cake Industry",,ISO9001 | ISO22000 | HALAL | EU Organic Certification,We have an importer,Bonomi SPA,https://www.fornobonomi.com,Overseas exhibitors | Exportable,Imports Food,E6-Z12,"Ladyfingers (for tiramisù cake), puff pastry glazed and sugar topped, shortbread, puff pastry savoury (cheese, rosemary and pepper, tomato and oregano), Mini-ladyfingers (for tiramisù cake in small cups).",FOODEX JAPAN 2025 / 2025 Japan Meat Industry Fair 49th,,https://www.jma-tradeshow.com/foodex/webguide_en/product.php?no=54
80,Plant-based Salami and Chorizo (Soy Based),Frozen Fruit & Vegetables | Frozen Ready Meals | Vegetarian | Vegan | Halal | Savoury snacks,"Plant-Based Foods, Vegan & Vegetarian Products, Meat Alternatives, Health & Wellness, Sustainable Foods, Gourmet and Specialty Foods","High-Protein, Low-Fat, 100% Plant-Based and Vegan, Fermented for Rich Flavor, Non-GMO Soy Ingredients, Sustainable and Eco-Friendly Production, Cholesterol-Free and Heart-Healthy, Allergen-Friendly Options Available, Supports a Healthy Lifestyle and Environment, Rich Usage Scenes.",ISO9001 | ISO22000 | Other HACCP | HALAL | FDA | GMP | Non-GMO Certification,We don't have an importer,Beanstalk food S.L.,https://beanstalkfoods.com/en/,Overseas exhibitors | Exportable,Plant Based / Alternative Food,E5-K11,"Meat alternative, plant-based meat, vegan food, vegan snacks, vegan sauce, vegan salami, vegan Chorizo, vegan calamari, vegan chicken, vegan pastrami, vegan bolognese, vegan meatballs, vegan burger patty, vegan savory protein bar, vegan fish fingers, vegan cubed ham, vegan pulled pork, vegan minced meat, vegan crab paste, vegan chicken nuggets",FOODEX JAPAN 2025 / 2025 Japan Meat Industry Fair 49th,https://www.jma-tradeshow.com/foodex/webguide_en/datafile/product_image1_80.jpg,https://www.jma-tradeshow.com/foodex/webguide_en/product.php?no=80
87,Namazume Barley Miso 500g,Miso,,"Barley miso is a traditional miso in Kyusyu area in Japan, it has a rich sweetness and aroma compared to mixed miso.",FSSC22000,,"Fundokin Shoyu Co., Ltd.",https://www.fundokin.co.jp/,Japan exhibitors | Exportable | Co-exhibitor | Organizer : JAPAN FEDERATION OF MISO MANFRS CO-OPS,Exports from Japan,S2-K33-019,"Soy Sauce, Miso, Dressing",FOODEX JAPAN 2026 / 2026 Japan Meat Industry Fair 50th,https://www.jma-tradeshow.com/foodex/webguide_en/datafile/product_image1_176224569213.jpg,https://www.jma-tradeshow.com/foodex/webguide_en/product.php?no=87
90,Namazume Mixed Miso Organic 500g,Miso,,This is a non-additive mixed miso with organic rice and organic soybeans as raw materials. | It is authorized by Organic JAS.,Organic JAS Mark | FSSC22000,,"Fundokin Shoyu Co., Ltd.",https://www.fundokin.co.jp/,Japan exhibitors | Exportable | Co-exhibitor | Organizer : JAPAN FEDERATION OF MISO MANFRS CO-OPS,Exports from Japan,S2-K33-019,"Soy Sauce, Miso, Dressing",FOODEX JAPAN 2026 / 2026 Japan Meat Industry Fair 50th,https://www.jma-tradeshow.com/foodex/webguide_en/datafile/product_image1_90.jpg,https://www.jma-tradeshow.com/foodex/webguide_en/product.php?no=90
105,KAORIBAKO 1KG,Frozen Seafood | Halal | Processed seafood products,"Sales Channels: | Foodservice, ready-made meal providers, trading companies, wholesalers, manufacturers, supermarkets, department stores, other retail outlets | | Target Customers: | Primarily men and women aged 30 to 60. The product appeals to households that enjoy high-quality Japanese cuisine, health-conscious consumers, and a broad range of customers who shop at deli counters and sushi sections.","【This product is developed with halal-friendly recipes in preparation for the Halal market, and we are targeting Halal certification around June 2026. The ingredients and formulation are designed to suit a wide range of global application. 】Kaoribako is a high-end crab-flavored product that replicates the appearance and taste of snow crab (zuwaigani). It is one of Sugiyo’s flagship items and was awarded the prestigious Emperor’s Cup at the 45th Agriculture, Forestry and Fisheries Festival in Japan. | Made with high-quality Alaska pollock surimi, Kaoribako delivers a flavor and texture close to the real thing. As a ready-to-eat product, it requires no heating and is ideal for various professional applications such as sushi toppings, sashimi-style dishes, salads, and soups. | Packaged in a 1kg IQF (Individually Quick Frozen) format, it allows for easy portion control—just thaw the amount needed—making it highly convenient for foodservice operations and contributing to reduced food waste. | Its delicate fiber-like texture and vibrant color enhance the visual appeal and perceived value of dishes, earning high praise as a premium ingredient for professional use.",US-HACCP | FDA,,SUGIYO,https://www.sugiyo.co.jp/en/,Japan exhibitors | Exportable,Processed Food,E6-G64,"<Imitation Crab> | Uminokaori, Dandankaniyanagi, Royal Carib, Kaoribako, Takuminokanikama, Otonanokanikama | <Fried Fish Cake> | Unakamachan, Shiromisakanaage, Kagaage, Chikuwa | <Other> | Yuzu Sasakama, Wasabi Sauce, Tenigirisatsumagushi, Cheese Korokoro, Baked Fish Stick with Three Cheeses, Fish Stick with Salmon, Lobster-like Fish Stick, Tsuyujiman Oden",FOODEX JAPAN 2026 / 2026 Japan Meat Industry Fair 50th,https://www.jma-tradeshow.com/foodex/webguide_en/datafile/product_image1_176231223465.jpg,https://www.jma-tradeshow.com/foodex/webguide_en/product.php?no=105
127,Plant-based Pulled Pork (Wet extrusion),Frozen Fruit & Vegetables | Vegetarian | Vegan | Halal,"Plant-Based Foods, Vegan & Vegetarian Products, Meat Alternatives, Seafood Alternatives, Health & Wellness, Sustainable Foods, Gourmet and Specialty Foods, Cost Effective Meat Options, Quick-Service Food, Food Service, Catering, Hospitality, Supermarket, Grocery, Fast Food Chain","Low Cost Plant-Based Option, | 100% Vegan, | High-Protein, Clean Label, | Non-GMO Soy Ingredients, | Meat-like Taste and Texture | Suitable for All Ages, | Easy to Cook, | Cholesterol-Free, | Environmentally Friendly",ISO9001 | ISO22000 | Other HACCP | HALAL | FDA | GMP | Non-GMO Certification,We don't have an importer,Beanstalk food S.L.,https://beanstalkfoods.com/en/,Overseas exhibitors | Exportable,Plant Based / Alternative Food,E5-K11,"Meat alternative, plant-based meat, vegan food, vegan snacks, vegan sauce, vegan salami, vegan Chorizo, vegan calamari, vegan chicken, vegan pastrami, vegan bolognese, vegan meatballs, vegan burger patty, vegan savory protein bar, vegan fish fingers, vegan cubed ham, vegan pulled pork, vegan minced meat, vegan crab paste, vegan chicken nuggets",FOODEX JAPAN 2025 / 2025 Japan Meat Industry Fair 49th,https://www.jma-tradeshow.com/foodex/webguide_en/datafile/product_image1_127.jpg,https://www.jma-tradeshow.com/foodex/webguide_en/product.php?no=127
128,Plant-based Luncheon Meat (Original/Spicy Flavor),Vegetarian | Vegan | Halal | Savoury snacks | Finger Food | Salty Snacks | Rice Crackers & Healthy Snacks,"Plant-Based Foods, | Vegan & Vegetarian Products, | Meat Alternatives, | Shelf-Stable Foods, | Ready-to-Eat Foods, | Convenience Foods, | Sustainable Foods, | Packaged Foods","100% Vegan, | Shelf-Stable for Convenience, | Individually Wrapped for Freshness, | Non-GMO Ingredients, | High-Protein, Low-Fat, | Meat-Free Alternative, | No Refrigeration Required, | Ready-to-Eat, | Health-Conscious Choice, | Sustainable and Eco-Friendly",ISO9001 | ISO22000 | Other HACCP | HALAL | FDA | GMP | Non-GMO Certification,We don't have an importer,Beanstalk food S.L.,https://beanstalkfoods.com/en/,Overseas exhibitors | Exportable,Plant Based / Alternative Food,E5-K11,"Meat alternative, plant-based meat, vegan food, vegan snacks, vegan sauce, vegan salami, vegan Chorizo, vegan calamari, vegan chicken, vegan pastrami, vegan bolognese, vegan meatballs, vegan burger patty, vegan savory protein bar, vegan fish fingers, vegan cubed ham, vegan pulled pork, vegan minced meat, vegan crab paste, vegan chicken nuggets",FOODEX JAPAN 2025 / 2025 Japan Meat Industry Fair 49th,https://www.jma-tradeshow.com/foodex/webguide_en/datafile/product_image1_128.jpg,https://www.jma-tradeshow.com/foodex/webguide_en/product.php?no=128
144,Teraokake Soy Sauce for Eggs,Soy Sauce | Liquid Seasoning,"Supermarket, Restaurant, EC","Special soy sauce goes perfectly with eggs! | This best-selling soy sauce is a perfect blend Koikuchi soy sauce with bonito, kelp, and oyster extract as the secret ingredient. | Mild and moderately sweet taste goes perfectly well with egg dish. | | Besides eggs ... | Perfect for stir-fries, stews, or as a base for hot pots and noodle soup—use it as is or dilute it to your preference. |",FSSC22000,,"Teraoka Yuuki Jyouzou Co., Ltd.",https://www.teraokake.co.jp/,Japan exhibitors | Exportable | Co-exhibitor | Organizer : JAPAN SHOYU ASSOCIATION,Exports from Japan,S2-C29-018,"Teraokake Soy Sauce for Eggs(150ml),Teraokake Organic Soy Sauce KURADASHI - KIOKE 3 Years Aged(150ml), Teraokake Soy Sauce for Sushi and Sashimi(150ml), Teraokake Yuzu Ponzu(150ml),Teraokake Less Sodium Soy Sauce(150ml)",FOODEX JAPAN 2026 / 2026 Japan Meat Industry Fair 50th,https://www.jma-tradeshow.com/foodex/webguide_en/datafile/product_image1_144.jpg,https://www.jma-tradeshow.com/foodex/webguide_en/product.php?no=144
200,EBI KATSU,Frozen Seafood | Seafood | Processed seafood products,,,EU-HACCP | US-HACCP | HALAL | FDA | ASC(Aquaculture Stewardship Council),,THUAN PHUOC SEAFOODS AND TRADING CORPORATION,http://www.thuanphuoc.vn/,Overseas exhibitors | Exportable,Seafood,S1-E18,"Sushi, Raw Sushi, Hanging meat Sushi, Tempura, Breaded shrimp, Nobashi, CPDTO, CPD, Ebi Katsu",FOODEX JAPAN 2026 / 2026 Japan Meat Industry Fair 50th,https://www.jma-tradeshow.com/foodex/webguide_en/datafile/product_image1_200.jpg,https://www.jma-tradeshow.com/foodex/webguide_en/product.php?no=200
216,Twice fermented soy sauce perfect for fish dishes,Soy Sauce,"Retail store(supermarket), Department store, Online sales, Restaurant","This soy sauce is produced using twice fermentation method, which creates richer taste and excellent aroma compared to general soy sauce. This soy sauce is especially good for fish dishes. Double-layer bottles used in this product prevent oxidation of the soy sauce and keep its freshness effectively.",SQF,,"MIYAJIMA SHOYU CO.,LTD.",https://www.miyajima-soy.co.jp/english-site,Japan exhibitors | Exportable | Co-exhibitor | Organizer : JAPAN SHOYU ASSOCIATION,Exports from Japan,S2-C29-026,"Soy Sauce, Dashi Stock, Processed Soy Sauce Products (Men-Tsuyu), Mixed Spice Seasoning, Sauce, Yuzu Ponzu Sauce, Barbecue Sauce, Liquid Seasoning, Powder Seasoning, Products for HORECA (Hotel, Restaurants, Cafe) , PB/ODM/OEM Production",FOODEX JAPAN 2026 / 2026 Japan Meat Industry Fair 50th,https://www.jma-tradeshow.com/foodex/webguide_en/datafile/product_image1_216.jpg,https://www.jma-tradeshow.com/foodex/webguide_en/product.php?no=216
218,Khustai Gouda,Alternative Milk Products | Cheese | Vegetarian | Organic Products,"Our target market includes high-end artisanal cheese aficionados, wine bars, restaurants, cheese enthusiasts, wine drinkers, and everyday consumers. In Japan, the consumption of premium artisanal cheeses has steadily grown as Western food culture influences increase through globalization and tourism. High-quality cheeses are featured in top European restaurants, and more Japanese consumers are pairing them with fine wines. Cheese consumption in Japan grew after 1964 and the Tokyo Olympics, with the popularity of Italian dishes like pizza and pasta. Despite the steady growth of domestic cheese demand, Japan relies heavily on imports, covering only 12.1% of cheese production in 2020. To reduce dependence on imports, the Japanese Ministry of Agriculture has incentivized local farmers to sell raw milk to cheese producers. However, with increasing demand for high-end cheeses, Japan's cheese market remains dependent on imported artisanal products.","We sell our cheeses in our high-end food products shops “Fromagerie MACU The Shop”, and also cook delicious recipes with it in our restaurant “Fromagerie MACU” based in Ulaanbaatar, Mongolia. We also sell it to other high-end restaurants in Ulaanbaatar and in Hong Kong.","MNTR2:2011: ""Technical regulations for the production and trade of milk products"" ; MNS4228:2011: ""A",We don't have an importer,MACU (Mongolian Artisan Cheesemakers Union) LLC,https://www.facebook.com/FromagerieMACU/,Overseas exhibitors | Exportable | Co-exhibitor | Organizer : MONGOLIA,National Pavilion,E5-Y11-00,"We produce and sell Mongolian artisanal cheeses. For Foodex, we will present our flagship product, Khustai Gouda, the oldest and premier Mongolian cheese, made continuously for 30 years in the Khustai National Park. Produced by Tumurkhuyag Urtnasan and his family since 1995, it comes from a remote, nomadic area 80 km southwest of Ulaanbaatar. Khustai Gouda is unique for several reasons. The milk used comes from cows grazing on wild forbs in high-altitude pastures. This summer milk is rich in proteins and minerals, giving the cheese its distinctive flavor. Handmade in small batches, the cheese is salted and aged for 2-3 months in a wooden shed before further maturation near Ulaanbaatar. Some batches age up to 18 months, resulting in a firm, crumbly texture and a flavor that evolves from mild and slightly salty to rich, nutty, and caramelized with umami notes. Unlike industrial Gouda, it contains no preservatives or additives, reflecting the pure taste of Mongolian milk. Khustai Gouda stands out for its exceptional quality and pairs well with wine, enhancing dishes like fondue and pasta.",FOODEX JAPAN 2025 / 2025 Japan Meat Industry Fair 49th,https://www.jma-tradeshow.com/foodex/webguide_en/datafile/product_image1_218.jpg,https://www.jma-tradeshow.com/foodex/webguide_en/product.php?no=218
219,Frozen spring rolls pastry,Frozen Baked Goods | Frozen Ready Meals | Vegetarian | Halal,"Spring rolls pastry in food service and retail pack | 10"", 8.5"", 7.5"", 6"", 5""",Home brand and private label (OEM) spring rolls pastry for HORECA and retail,Other HACCP | HALAL,We don't have an importer,Bumimas Food Manufacturing Sdn. Bhd.,https://kimyam.com.my,Overseas exhibitors | Exportable,,E5-X27,"Frozen French Fries, Frozen Hash Brown, Frozen Spring Rolls Pastry, Frozen Paratha Pastry, Frozen Gyoza Pastry, Frozen Wonton Pastry, Frozen Dumpling Pastry, Frozen Sweet Corn, Frozen Sweet Corn Cob, Frozen Mantou, Frozen Steam Buns, Frozen Glutinous Rice Ball, Frozen Tortilla, Frozen Pita Breads.",FOODEX Frozen Processed Food,https://www.jma-tradeshow.com/foodex/webguide_en/datafile/product_image1_219.jpg,https://www.jma-tradeshow.com/foodex/webguide_en/product.php?no=219
230,FOOD TAIPEI 2026,"Baked Goods | Production Management | Cakes / Dessert | Order Management | Bread | Image Inspection | Japanese sweets | Voice Input | Gluten-free | Equipment Maintenance | Bottled Water | Generative AI | Carbonated Soft Drinks | Data Analysis | Coffee | Sales Promotion | Energy Drinks | Others | Flavoured Water | Instant Beverages | Juice | Non-alcoholic Beverages | Smoothies | Tea | Eggs & Egg Products | Mushroom | Fresh Fruit & Vegetables | Soy Sauce | Miso | Powdered Seasoning | Liquid Seasoning | Vinegar | Canned Products | Dried Fruits | Dry Seafood | Pasta | Alternative Milk Products | Butter | Cheese | Cream & Cream Products | Milk | Yoghurt (NULLRegular, Flavoured, Fruit, etc.) | Tofu/Natto | Fortified & Functional Products | Protein Drink | Supplements | Health & Wellness Products | Frozen Baked Goods | Frozen Dairy Products | Frozen Fruit & Vegetables | Frozen Meat | Frozen Seafood | Frozen Ready Meals | Ice Cream / Sorbet Gelato | Vegetarian | Vegan | Halal | Kosher | Dried Meat | Organ Meats & Offal | Poultry & Feathered Game | Processed Meat | Unprocessed Meat | Organic Products | Seafood | Savoury Baked Products | Savoury snacks | Vegetable snacks | Cereals / Fruit Bars | Crackers | Dates & Date Palm Products | Dried Fruit & Vegetables | Finger Food | Nuts | Popcorn | Salty Snacks | Spreads, Honey & Jams | Vegetable & Animal Oils & Fats | Breakfast Cereals | Coffee Beans | Pulses | Rice | Wheat | Packaging | Sanitary | Cooking and Baking Equipment | Refrigeration and Cooling Equipment | Food Preparation Equipment | Beverage Equipment | Professional Services | Still wines - red | Still wines - rose | Still wines - white | Sparkling wines | Fortified wines | Flavored wines | Dessert wines | Organic wines | Vegan wines | Fruit and flavored | Non-alcoholic wines | Low-alcoholic wines | Beer | Japanese Sake | Shochu | Fruit Liqueur | Spirits | Whiskey | Others | Solid Seasonings | Rice Toppings & Ochazuke Mixes | Ready-to-eat Foods, Sealed Packaged Foods (e.g., curry, rice bowl toppings) | Rice Crackers & Healthy Snacks | Plant-based / Alternative Foods",1. Precision Nutrition: Companies specializing in personalized health and nutrition solutions. | 2. Plant-Based Products: Buyers seeking sustainable and plant-derived food alternatives. | 3. Ready-to-Eat Delights: Retailers and foodservice operators offering convenient meal solutions. | 4. Functional Beverages: Brands and distributors focused on health-oriented and fortified drinks.,"FOOD TAIPEI, Asia’s premier food exhibition, leads with the themes of SMART EATING and GREEN LIVING. It gathers top brands across every food sector—from fresh produce and seafood to snacks, beverages, and organics. | Debuting in 2026, the “Fresh Living” Area at TWTC Hall 1 will feature precision nutrition, plant-based products, ready-to-eat delights, and functional beverages. | As the gateway to Asia’s food market, FOOD TAIPEI is the stage to showcase innovation, connect with buyers, and unlock global opportunities.",,,FOOD TAIPEI 2026 (TAITRA),,Overseas exhibitors | Exportable,National Pavilion,E6-DD83,,FOODEX JAPAN 2026 / 2026 Japan Meat Industry Fair 50th,https://www.jma-tradeshow.com/foodex/webguide_en/datafile/product_image1_230.jpg,https://www.jma-tradeshow.com/foodex/webguide_en/product.php?no=230
231,Akajishi Tare (Miso Flavor)・Aojishi Tare (Soy Sauce Flavor),Liquid Seasoning,"Retail store(supermarket), Department tore, Online sales, Restaurant","Akajishi Tare (Miso Flavor)：This is miso flavored-tare sauce using chili pepper grown in Karatsu, Japan. Rich spiciness of the red chili pepper and flavor from the miso make this tare more flavorful. This tare is not only good for grilled meat but also for cooking stir-fried vegetables. | Aojishi Tare (Soy Sauce Flavor)：This is soy sauce flavored-tare sauce using chili pepper grown in Karatsu, Japan. Lingering spiciness of the green chili pepper and flavor from the garlic make this tare more distinctive. This tare is not only good for grilled meat but also for cooking stir-fried rice.",,,"MIYAJIMA SHOYU CO.,LTD.",https://www.miyajima-soy.co.jp/english-site,Japan exhibitors | Exportable | Co-exhibitor | Organizer : JAPAN SHOYU ASSOCIATION,Exports from Japan,S2-C29-026,"Soy Sauce, Dashi Stock, Processed Soy Sauce Products (Men-Tsuyu), Mixed Spice Seasoning, Sauce, Yuzu Ponzu Sauce, Barbecue Sauce, Liquid Seasoning, Powder Seasoning, Products for HORECA (Hotel, Restaurants, Cafe) , PB/ODM/OEM Production",FOODEX JAPAN 2026 / 2026 Japan Meat Industry Fair 50th,https://www.jma-tradeshow.com/foodex/webguide_en/datafile/product_image1_231.jpg,https://www.jma-tradeshow.com/foodex/webguide_en/product.php?no=231
234,Non-Alcohol SAIKA Yuzu Rochk’n Yuzu,Juice | Non-alcoholic Beverages | Vegan | Halal | Kosher,"・Halal, Kosher and Vegan. | ・People who don't drink alcohol. People who can't drink alcohol.","This non-alcoholic yuzu drink is Halal, Kosher, and vegan certified. | Different from yuzu juice, it features the refreshing aroma and rich acidity that only yuzu can offer. | Can be enjoyed on the rocks, straight, with soda, warm, or poured over ice cream. |","HALAL | FDA | Kosher, Vegan",We don't have an importer,"Kokonoesaika Co.,Ltd.",https://www.kokonoesaika.co.jp,Japan exhibitors | Exportable | Co-exhibitor | Organizer : Wakayama Prefecture,Local Specialities in Japan,S2-C12-00,"Non-alcoholic, red vinegar, sake, liqueur",FOODEX JAPAN 2025 / 2025 Japan Meat Industry Fair 49th,https://www.jma-tradeshow.com/foodex/webguide_en/datafile/product_image1_234.jpg,https://www.jma-tradeshow.com/foodex/webguide_en/product.php?no=234
292,SAIKA Yuzushu,Vegan | Kosher | Fruit Liqueur,"・Japanese restaurants, bars, and eateries | ・Liqueur lovers | ・Yuzu lovers | ・People looking for kosher and vegan liqueurs |","This yuzu liqueur is made using sake and features the refreshing aroma and rich acidity unique to yuzu. | It can be enjoyed on the rocks, straight, with soda, warm, or poured over ice cream. | This yuzu liqueur is kosher and vegan certified. | London Sake Challenge 2020: Platinum Award Winner","FDA | Kosher, Vegan",We don't have an importer,"Kokonoesaika Co.,Ltd.",https://www.kokonoesaika.co.jp,Japan exhibitors | Exportable | Co-exhibitor | Organizer : Wakayama Prefecture,Local Specialities in Japan,S2-C12-00,"Non-alcoholic, red vinegar, sake, liqueur",FOODEX JAPAN 2025 / 2025 Japan Meat Industry Fair 49th,https://www.jma-tradeshow.com/foodex/webguide_en/datafile/product_image1_292.jpg,https://www.jma-tradeshow.com/foodex/webguide_en/product.php?no=292
324,Farmed Red Seabream Fillet,Frozen Seafood | Seafood,"Trading and wholesale,Super market,Hotel,banquet","These fillets of proton-frozen sea bream are caught in the Sukumo region,one of japan's leadingaquaculture fishing grounds,and processed on the same day. | The fish is fed with locally ginger,which reduces the fish's distinctive odor and gives it a stronger umami tasete than regular snapper.",Other HACCP,We don't have an importer,"YORIKISUISAN Co.,Ltd",https://yorikisuisan.co.jp/,Japan exhibitors | Exportable | Co-exhibitor | Organizer : KOCHI SEAFOOD EXPORT PROMOTION ASSOCIATION,Seafood,E7-C13-00,"Fish, Fresh fish, Frozen fish, Seafood, Madai, Kinmedai, Katsuo, Buri, Maguro, Aji, Kue, Shimaaji",FOODEX JAPAN 2025 / 2025 Japan Meat Industry Fair 49th,https://www.jma-tradeshow.com/foodex/webguide_en/datafile/product_image1_173164740655.jpg,https://www.jma-tradeshow.com/foodex/webguide_en/product.php?no=324
343,TROFICO - Greek Olives jars,Vegan | Kosher | Organic Products,TROFICO - Greek Olives jars,,ISO9001 | ISO22000 | FSMA | FDA | EU Organic Certification | Non-GMO Certification,We don't have an importer,TROFICO S.A.,https://www.troficosa.com,"Overseas exhibitors | Exportable | Co-exhibitor | Organizer : ENTERPRISE GREECE, INVEST AND TRADE S.A",National Pavilion,E1-A15-00,"Olives, Olive pasta, Olive oil",FOODEX JAPAN 2025 / 2025 Japan Meat Industry Fair 49th,https://www.jma-tradeshow.com/foodex/webguide_en/datafile/product_image1_173175365915.jpg,https://www.jma-tradeshow.com/foodex/webguide_en/product.php?no=343
345,4DROPS Greek Extra Virgin Olive Oil,Vegetable & Animal Oils & Fats,4DROPS Greek Extra Virgin Olive Oil,,ISO9001 | ISO22000 | FSMA | FDA | EU Organic Certification | Non-GMO Certification,We don't have an importer,TROFICO S.A.,https://www.troficosa.com,"Overseas exhibitors | Exportable | Co-exhibitor | Organizer : ENTERPRISE GREECE, INVEST AND TRADE S.A",National Pavilion,E1-A15-00,"Olives, Olive pasta, Olive oil",FOODEX JAPAN 2025 / 2025 Japan Meat Industry Fair 49th,,https://www.jma-tradeshow.com/foodex/webguide_en/product.php?no=345
347,Steamed Hokkaido Octopus Premium,Seafood,,,,,"SHIMIZU SHOTEN CO., LTD.",,"Japan exhibitors | Exportable | Co-exhibitor | Organizer : Organization for SME and Global Business Support, IBARAKI",Exports from Japan,S2-C23-006,,FOODEX JAPAN 2026 / 2026 Japan Meat Industry Fair 50th,,https://www.jma-tradeshow.com/foodex/webguide_en/product.php?no=347
381,83 Islands Distillery,Others,,"Our exceptional Yumi Rum and Aged Rum from 83 Islands Distillery have both secured Silver Awards at the prestigious London Spirits Award competition, achieving remarkable scores of 88 and 87 points, respectively!",Other HACCP,We don't have an importer,Vanuatu Chamber of Commerce and Industry,https://vcci.vu/,Overseas exhibitors | Exportable | Co-exhibitor | Organizer : Pacific Islands Centre,Imports Food,E6-C23-00,"Rum, Chocolate, Vanilla, Pepper, Virgin Oil, Coffee",FOODEX JAPAN 2025 / 2025 Japan Meat Industry Fair 49th,https://www.jma-tradeshow.com/foodex/webguide_en/datafile/product_image1_381.jpg,https://www.jma-tradeshow.com/foodex/webguide_en/product.php?no=381
389,Gaston Chocolat,Baked Goods | Health & Wellness Products,,Our 70% Dark is fruity and intense. Amelonado Cocoa Variety harvested on Malekula Island has developed Cherry and Fig flavours which blend with intensity of chocolate and an Arabica coffee finish. It took several seasons of detailed work with the cocoa growers to find the right fermentation patterns and adapt this throughout harvest seasons and temperature variations to come up with this unique combination of fruitiness and strength.,Other HACCP,We don't have an importer,Vanuatu Chamber of Commerce and Industry,https://vcci.vu/,Overseas exhibitors | Exportable | Co-exhibitor | Organizer : Pacific Islands Centre,Imports Food,E6-C23-00,"Rum, Chocolate, Vanilla, Pepper, Virgin Oil, Coffee",FOODEX JAPAN 2025 / 2025 Japan Meat Industry Fair 49th,https://www.jma-tradeshow.com/foodex/webguide_en/datafile/product_image1_389.jpg,https://www.jma-tradeshow.com/foodex/webguide_en/product.php?no=389
403,Vanilla Extract,Liquid Seasoning,,"Vanilla is a spice, a perennial plant from the orchid family. This splendid orchid plant was introduced to the Cook Islands in 1942. Vanilla plants thrive in hot-humid tropical climates which makes the Cook Islands ideal conditions. The Cook Islands has a great opportunity to pounce on vanilla production as there is a huge global demand overseas. Vanilla is a money-making crop for a small farmer, a kilogram of these pods can fetch up to $1000 per kilo. The Cook Islands has adequate conditions to grow one of the most profitable spices in the world.",,We don't have an importer,Turepu Vanilla Ltd,,Overseas exhibitors | Exportable | Co-exhibitor | Organizer : Pacific Islands Centre,Imports Food,E6-C23-00,Vanilla Beans、Vanilla Extract,FOODEX JAPAN 2025 / 2025 Japan Meat Industry Fair 49th,https://www.jma-tradeshow.com/foodex/webguide_en/datafile/product_image1_403.jpg,https://www.jma-tradeshow.com/foodex/webguide_en/product.php?no=403
420,CANNED FRUITS,"Baked Goods | Cakes / Dessert | Gluten-free | Juice | Smoothies | Yoghurt (NULLRegular, Flavoured, Fruit, etc.) | Kosher","Our selection of canned fruits provides a range of options to cater to different preferences: Peaches in halves, dices, or slices, Apricots in halves, fruit cocktail in diced form, and Pears halves. | Canned sizes: | - 410g & 820g can be packaged in cartons or trays containing 6, 12, or 24 tins per carton. | -A9,A10 & A12 can be packaged in cartons or trays containing 3 or 6 tins per carton.",,,We don't have an importer,KRONOS S.A.,https://www.kronos.com.gr/preload,"Overseas exhibitors | Exportable | Co-exhibitor | Organizer : ENTERPRISE GREECE, INVEST AND TRADE S.A",National Pavilion,E1-A15-00,"Canned: peaches / apricots / fruit cocktail / pears | Glass jars: peaches / apricots / fruit cocktail / pears ( flavors available) | Plastic cups: fruit combinations , olives | Aseptic: peach dices, pear dices, apricot halves | Puree concentrate: Peach / apricot / pear/ apple",FOODEX JAPAN 2025 / 2025 Japan Meat Industry Fair 49th,,https://www.jma-tradeshow.com/foodex/webguide_en/product.php?no=420
421,GLASS JARS,Baked Goods | Cakes / Dessert | Kosher,"ur selection of glass jars offers a variety of options to suit every need. | Choose from Peach halves or slices, Apricot halves, Pear halves and Fruitcocktail. For those seeking an extra touch of indulgence, we also offer flavored options including: Vanilla, Almond, Cinnamon. (Flavoured or Aroma). | | Also, we have avaiable glass jars of green olives, from whole or pitted to stuffed with pepper paste, almond, garlic, sundried tomatoes, jalapeno, and lemon paste. | | Glass jars can be packaged in cartons or trays containing 6 or 12 jars per carton. | Jar sizes: | - 580ml Cylindrical or Orcio(Amphora) | -720ml Cylindrical",,,We don't have an importer,KRONOS S.A.,https://www.kronos.com.gr/preload,"Overseas exhibitors | Exportable | Co-exhibitor | Organizer : ENTERPRISE GREECE, INVEST AND TRADE S.A",National Pavilion,E1-A15-00,"Canned: peaches / apricots / fruit cocktail / pears | Glass jars: peaches / apricots / fruit cocktail / pears ( flavors available) | Plastic cups: fruit combinations , olives | Aseptic: peach dices, pear dices, apricot halves | Puree concentrate: Peach / apricot / pear/ apple",FOODEX JAPAN 2025 / 2025 Japan Meat Industry Fair 49th,,https://www.jma-tradeshow.com/foodex/webguide_en/product.php?no=421
502,sweet potato print,Cakes / Dessert,"Department stores, supermarkets, roadside stations","A very rich plin made with Anno sweet potatoes, cream and eggs. | On top is a special candy. Please enjoy the texture of the candy and the richness of the sweet potato together by mixing them together.",,We don't have an importer,KISHU ZOE,https://www.kishuzoe.com/,Japan exhibitors | Exportable | Co-exhibitor | Organizer : Wakayama Prefecture,Local Specialities in Japan,S2-C12-00,"Wakayama Foods, Sweets, General Merchandise, Direct from Place of Origin",FOODEX JAPAN 2025 / 2025 Japan Meat Industry Fair 49th,https://www.jma-tradeshow.com/foodex/webguide_en/datafile/product_image1_502.jpg,https://www.jma-tradeshow.com/foodex/webguide_en/product.php?no=502
505,Smooth Tiramisu,Cakes / Dessert,"Supermarkets, department stores, retailers, mass merchandisers","Tiramissimo is so well known and popular in the Kansai region that it has been introduced on many TV programs. | The tiramisu is made with Italian mascarpone, genuine Osaka cream, and Sicilian espresso beans, and boasts of being the smoothest tiramisu in Japan.",,We don't have an importer,KISHU ZOE,https://www.kishuzoe.com/,Japan exhibitors | Exportable | Co-exhibitor | Organizer : Wakayama Prefecture,Local Specialities in Japan,S2-C12-00,"Wakayama Foods, Sweets, General Merchandise, Direct from Place of Origin",FOODEX JAPAN 2025 / 2025 Japan Meat Industry Fair 49th,https://www.jma-tradeshow.com/foodex/webguide_en/datafile/product_image1_173215684124.jpg,https://www.jma-tradeshow.com/foodex/webguide_en/product.php?no=505
520,THE SA BAR,Seafood,"・It can be used as a daily delivery item or a souvenir item regardless of gender or age. | Our customers are trading companies, wholesalers, manufacturer department stores, and other retailers.","・THE SA BAR is unique because it can be stored at room temperature for a year, making it perfect for exporting overseas without using preservatives, or as a regular food. | ・Mataichi Salt...This is a precious salt that has been handed down since animes in Itoshima, and you can enjoy a flavor that is a little different from others. It is low in salt, but you can feel the original flavor of the ingredients. | ・Yagata Salt ... Made with ""Yagata Salt (natural salt)"" from the Goto Islands in Nagasaki, this low-salt drink brings out the full flavor. THE Sa BAR's classic plain drink. | ・Mentaiko: A collaboration product with Hakata Ryotei Wakae. Slowly simmered in a high-quality mentaiko marinade, we have created the ultimate delicious and spicy combination of mackerel and mentaiko. | ・Aged ​​garlic: The aroma of aged mackerel and the richness of aged garlic are perfectly harmonized to create a well-balanced flavor. A masterpiece that has perfected the clas | ・Super spicy: A combination of mackerel and chili peppers, with a rich spice blend, creating a spicy and stimulating taste like nothing you've ever experienced before.","Although we are not HACCP certified, we manage our hygiene in accordance with HACCP.",We don't have an importer,"Yamahira Co., Ltd.",http://www.mutugorou.co.jp/,Japan exhibitors | Exportable | Co-exhibitor | Organizer : Fukuoka Chamber of Commerce and Industry,Exports from Japan,S1-C06-00,"THE SA BAR (Mataichi salt, Yagame salt, mentaiko, aged garlic, spicy),Manma Shrimp, Crispy Eel, Gentle Lightly Fried Shrimp, Manma Shrimp,Smoked raw seaweed,Golden mackerel",FOODEX JAPAN 2025 / 2025 Japan Meat Industry Fair 49th,https://www.jma-tradeshow.com/foodex/webguide_en/datafile/product_image1_520.jpg,https://www.jma-tradeshow.com/foodex/webguide_en/product.php?no=520
584,TAKEYA SHIROMISO-SHEET,Miso,,"・This white miso is made using plenty of rice koji created with a koji brewing technique that is highly regarded within the industry. It is characterized by its bright white color and finely textured composition. It has received high praise from many customers for use as a marinade for meat and fish. | ・This white miso is wrapped in a non-woven sheet, making it easier to use as a marinade. When you wrap ingredients in this sheet, only the miso components transfer to the ingredients, while the miso remains inside the sheet. Therefore, when using it, you simply remove the ingredients from the sheet, eliminating the need to wash the ingredients or your hands. | ・It is produced without using bleaching agents or preservatives (about 3% alcohol is added to prevent re-fermentation).",ISO9001,,"TAKEYA MISO Co., Ltd.",https://www.takeya-miso.co.jp/,Japan exhibitors | Exportable | Co-exhibitor | Organizer : JAPAN FEDERATION OF MISO MANFRS CO-OPS,Exports from Japan,S2-K33-018,"TAKEYA TOKUJO MISO, TAKEYA SHIOHIKAEME, TAKEYA MEIJIN NO MISO, TAKEYA GENEN MISO, TAKEDEN KOUJI, TAKEDEN TENCHIGAESHI, SHIROMISO-SHEET",FOODEX JAPAN 2026 / 2026 Japan Meat Industry Fair 50th,,https://www.jma-tradeshow.com/foodex/webguide_en/product.php?no=584
617,SUMO MISO,Miso | Liquid Seasoning,"Eat out,Home-made replacement,Trading company,Department store etc.","We mix uniquely-blended miso with a plenty of red pepper and garlic to attain the perfect harmony of spicy taste and umami. Very spicy. This product won the Silver Prize, Taste Award, and Package Award at the Local Miso & Soy Sauce Grand Prix in the FOODEX JAPAN 2014.",Other HACCP,We don't have an importer,"TSURUMISO JYOZOU CO., LTD.",https://www.tsurumiso.jp,Japan exhibitors | Exportable | Co-exhibitor | Organizer : Fukuoka Food Business Association,Exports from Japan,S1-G06-00,"miso,miso processed products",FOODEX JAPAN 2025 / 2025 Japan Meat Industry Fair 49th,https://www.jma-tradeshow.com/foodex/webguide_en/datafile/product_image1_617.jpg,https://www.jma-tradeshow.com/foodex/webguide_en/product.php?no=617
619,Curry Miso Sauce,Miso | Liquid Seasoning,"Retails, Super Market, Department Store, Restaurant, Food Service, | Central Kitchen, Private Brand, OEM",Our original curry miso is a new type of seasoning that combines | the flavor and spices of curry with our soybeans miso. It is products | that makes the most of the characteristics of soybeans miso which | adds richness and umami to dishes.,ISO22000 | FDA | FSSC22000,,"Sato Brewery Co., Ltd.",https://www.shippomiso.com/,Japan exhibitors | Exportable | Co-exhibitor | Organizer : JAPAN SHOYU ASSOCIATION,Exports from Japan,S2-C29-011,"Yuzu Dashi Ponzu Sauce, Japonaise Sauce, Yakiniku Sauce, Misodare Ichiban, | Curry Miso Sauce",FOODEX JAPAN 2026 / 2026 Japan Meat Industry Fair 50th,https://www.jma-tradeshow.com/foodex/webguide_en/datafile/product_image1_619.jpg,https://www.jma-tradeshow.com/foodex/webguide_en/product.php?no=619
621,CASA BONITA CORN TORTILLAS,Baked Goods | Bread | Gluten-free | Vegetarian | Vegan | Organic Products,Quality & Craftsmanship | | • Authentic | • Handmade | • Artisanal | • Traditional | • Premium | | Ingredients | | • Non-GMO | • Organic | • Whole grain | • Stone-ground | • Gluten-free | | Taste & Texture | | • Soft | • Fresh | • Flavorful | • Warm | • Flexible | | Health & Nutrition | | • Low-calorie | • No preservatives | • Vegan-friendly | • High-fiber | • Heart-healthy | | Cultural Connection | | • Mexican heritage | • Authentic flavors | • Family recipe | • Tradition-inspired | • Homestyle | | Versatility & Uses | | • Tacos | • Quesadillas | • Enchiladas | • Burritos | • Perfect for any dish,"1. Authentic Taste & Tradition | | • Made using traditional methods for a truly authentic Mexican flavor. | • Inspired by centuries-old recipes, bringing a taste of heritage to your table. | 2. Premium Ingredients | | • Crafted with stone-ground, non-GMO corn for superior quality and taste. | • No additives or preservatives, ensuring a clean, wholesome product. | 3. Health Benefits | | • Naturally gluten-free and perfect for diverse dietary needs. | • Low in fat and high in fiber, offering a healthy alternative to bread and flour tortillas. | 4. Superior Freshness & Texture | | • Soft, pliable texture that holds up perfectly in tacos, enchiladas, or quesadillas. | • Made in small batches to guarantee freshness and consistency. | 5. Versatility in the Kitchen | | • Ideal for tacos, tostadas, enchiladas, quesadillas, and more. | • Complements any cuisine, from traditional Mexican dishes to creative fusion recipes. | 6. Sustainable Practices | | • Made with eco-friendly, locally sourced ingredients where possible. | • Packaged in biodegradable or recyclable materials, reducing environmental impact. | | 7. Perfect for Any Occasion | | • Great for family dinners, parties, or restaurant-quality meals at home. | |",ISO9001 | ISO22000 | US-HACCP | Other HACCP | GMP | USDA Organic Certification | Non-GMO Certification | GFCO(Gluten-Free Certification Organization) | GFCP(Gluten Free Certification Program),We don't have an importer,Casa Bonita Foods,https://www.casabonitafoods.com,Overseas exhibitors | Exportable | Co-exhibitor | Organizer : Agriculture and Agri-Food Canada,National Pavilion,E4-A07-11,"Corn tortillas, corn chips cantina style,fire roasted salsas, street taco seasonings,queso",FOODEX JAPAN 2025 / 2025 Japan Meat Industry Fair 49th,https://www.jma-tradeshow.com/foodex/webguide_en/datafile/product_image1_621.jpg,https://www.jma-tradeshow.com/foodex/webguide_en/product.php?no=621
670,Yakiniku sauce miso flavor,Liquid Seasoning,"Can be used for a wide range of purposes, from general household use to professional use.","This is a yakiniku sauce made with Koujiya's soybean miso. In neighboring Matsusaka City, there is a culture of eating grilled chicken with miso sauce, and this dish allows you to enjoy a unique rich flavor that is a little different from soy sauce.",,,"Koujiya Co., Ltd.",,Japan exhibitors | Exportable | Co-exhibitor | Organizer : JAPAN SHOYU ASSOCIATION,Exports from Japan,S2-C29-016,,FOODEX JAPAN 2026 / 2026 Japan Meat Industry Fair 50th,https://www.jma-tradeshow.com/foodex/webguide_en/datafile/product_image1_176394084796.jpg,https://www.jma-tradeshow.com/foodex/webguide_en/product.php?no=670
717,We provide consultation regarding international expansion！,Professional Services,Experts are here to help with your 'What to do about going overseas?' questions.,"”I want to export products or services overseas, but I'm not sure where to start..."" | | ""I want to establish a base overseas."" | | ""I need to find a way to manage the operations of our overseas subsidiary...""",,,"SME SUPPORT,JAPAN",https://www.smrj.go.jp/sme/overseas/index.html,Japan exhibitors | Exportable,Export Support Service,S2-R41,"""We support the overseas expansion of small and medium-sized enterprises in Japan!",FOODEX JAPAN 2026 / 2026 Japan Meat Industry Fair 50th,,https://www.jma-tradeshow.com/foodex/webguide_en/product.php?no=717
721,THIS IS SALAD Carrot Chips,Health & Wellness Products | Vegetarian | Vegan | Savoury snacks | Vegetable snacks | Finger Food | Salty Snacks | Rice Crackers & Healthy Snacks,,"Because these crackers are rich in carrots, they are rich in dietary fiber, which helps regulate the intestines, and vitamin A, which improves immunity. In particular, one bag of dietary fiber can provide about the same amount of dietary fiber as about two carrots. Recommended for those who are concerned about not having enough vegetables or for children who want to feed them as much vegetables as possible. | No chemical seasonings or preservatives",Other HACCP,We don't have an importer,Tokyobal.inc,https://tokyobal.co.jp/,Japan exhibitors | Exportable,Organic,E5-J14,"THIS IS SALAD Granolas, KAWAIINE Sweet potato snack, Plant based SAMURAI JERKY, 100% Plant based PARMESAN STYLE",FOODEX JAPAN 2025 / 2025 Japan Meat Industry Fair 49th,https://www.jma-tradeshow.com/foodex/webguide_en/datafile/product_image1_173277499675.jpg,https://www.jma-tradeshow.com/foodex/webguide_en/product.php?no=721
734,Rooibos,Tea,"Tea, brands, packers, traders, Rooibos, Espresso, Cappuccino, Organic, JAS, instant tea","Premium, quality, organic, Rooibos, tea, South Africa",ISO22000 | Organic JAS Mark | USDA Organic Certification | EU Organic Certification,We have an importer,Cape Rooibos,https://www.caperooibostea.co.za,Overseas exhibitors | Exportable,Beverage,S1-C18,"Rooibos, JAS, organic, Honeybush, Tea, Private Label, Rooibos Cappuccino, Instant Tea, Green Tea",FOODEX JAPAN 2025 / 2025 Japan Meat Industry Fair 49th,https://www.jma-tradeshow.com/foodex/webguide_en/datafile/product_image1_173278106607.jpg,https://www.jma-tradeshow.com/foodex/webguide_en/product.php?no=734
741,Raw Wasabi made from ground roots 50%,Fresh Fruit & Vegetables | Powdered Seasoning | Liquid Seasoning,"It contains the root part of wasabi50%. Wasabi's stem, wasabi mixed paste was not used. It is a product with a good cost-effectiveness.","I made it using the root part, even among wasabi. It features no stem or mixed paste. It has various capacities.",ISO9001 | Other HACCP,We don't have an importer,"ZOOBEE FOODS Co., Ltd.",https://www.zoobee.co.kr/,Overseas exhibitors | Exportable,Processed Food,E7-M20,"Prepared Spice(wasabi), Sauce, Pickled food, Instant cooking food",FOODEX JAPAN 2025 / 2025 Japan Meat Industry Fair 49th,https://www.jma-tradeshow.com/foodex/webguide_en/datafile/product_image1_741.jpg,https://www.jma-tradeshow.com/foodex/webguide_en/product.php?no=741
743,Wasabi Root Soy Sauce,Soy Sauce,It contains the root part of wasabi. It's a spicy sauce that's not salty.,"It is a special soy sauce containing fresh raw wasabi. It is characterized by the spicy yet clean and fragrant taste of fresh wasabi, and is a simple sauce that does not require separate preparation of wasabi and soy sauce. Add more vinegar or soy sauce to your taste.",ISO9001 | Other HACCP,We don't have an importer,"ZOOBEE FOODS Co., Ltd.",https://www.zoobee.co.kr/,Overseas exhibitors | Exportable,Processed Food,E7-M20,"Prepared Spice(wasabi), Sauce, Pickled food, Instant cooking food",FOODEX JAPAN 2025 / 2025 Japan Meat Industry Fair 49th,https://www.jma-tradeshow.com/foodex/webguide_en/datafile/product_image1_743.jpg,https://www.jma-tradeshow.com/foodex/webguide_en/product.php?no=743
746,Sashimi Soy Sauce,Soy Sauce,It's a luxurious soy sauce for sashimi.,"ZOOBEE's ambitious sashimi soy sauce. A sauce exclusively for sashimi with a great savory taste of clear soy sauce. With a moderate salinity, it's easy to eat. You can feel the deep savory taste that stimulates your appetite by removing the fishy smell of the fish.",ISO9001,We don't have an importer,"ZOOBEE FOODS Co., Ltd.",https://www.zoobee.co.kr/,Overseas exhibitors | Exportable,Processed Food,E7-M20,"Prepared Spice(wasabi), Sauce, Pickled food, Instant cooking food",FOODEX JAPAN 2025 / 2025 Japan Meat Industry Fair 49th,https://www.jma-tradeshow.com/foodex/webguide_en/datafile/product_image1_173278355792.jpg,https://www.jma-tradeshow.com/foodex/webguide_en/product.php?no=746
752,Kokusan Zenkojidaira(White),Miso,,"Made exclusively with domestic ingredients, this white miso has a refreshing flavor and a gentle, mellow sweetness..",ISO22000,,"MARUMO AOKI MISO CO., LTD.",https://www.aokimiso.co.jp/,Japan exhibitors | Exportable | Co-exhibitor | Organizer : JAPAN FEDERATION OF MISO MANFRS CO-OPS,Exports from Japan,S2-K33-007,"Kokusan Zenkojidaira(Red),Kokusan Zenkojidaira(White),Nihon Kokusan,Organic Brown Rice Miso(Red),Organic Brown Rice Miso(White)",FOODEX JAPAN 2026 / 2026 Japan Meat Industry Fair 50th,https://www.jma-tradeshow.com/foodex/webguide_en/datafile/product_image1_752.jpg,https://www.jma-tradeshow.com/foodex/webguide_en/product.php?no=752
765,Meltique Beef Standard Striploin,Frozen Meat | Processed Meat,"Hotel, Restaurant, Catering, Pub, Club, Retail, E-Commerce, Izakaya, Japanese restaurant, Steak restaurant, Yakiniku restaurant, Hotpot restaurant","Australian beef, Grass fed beef, Juicy, Tender, Cost effective, Less work, Less waste, Easy to handle, Frozen beef, Frozen meat, Easy to cook, Long shelf life",Other HACCP,We don't have an importer,MELTIQUE BEEF by HOKUBEE AUSTRALIA,https://www.meltiquebeefaustralia.com.au/,Overseas exhibitors | Exportable,,E5-F27,"Meltique Beef Sirloin, Meltique Beef Striploin, Meltique Beef Ribeye, Meltique Beef Cube roll, Meltique Beef, Hokubee, Striploin, Sirloin, Cube roll, Ribeye, Rump, Flap meat, Australian Beef",FOODEX Frozen Processed Food,https://www.jma-tradeshow.com/foodex/webguide_en/datafile/product_image1_173283166497.jpg,https://www.jma-tradeshow.com/foodex/webguide_en/product.php?no=765
771,Meltique Beef Halal Cube roll,Frozen Meat | Processed Meat,"Hotel, Restaurant, Catering, Pub, Club, Retail, E-Commerce, Izakaya, Japanese restaurant, Steak restaurant, Yakiniku restaurant, Hotpot restaurant","Australian beef, Grass fed beef, Juicy, Tender, Cost effective, Less work, Less waste, Easy to handle, Frozen beef, Frozen meat, Easy to cook, Long shelf life",Other HACCP | HALAL,We don't have an importer,MELTIQUE BEEF by HOKUBEE AUSTRALIA,https://www.meltiquebeefaustralia.com.au/,Overseas exhibitors | Exportable,,E5-F27,"Meltique Beef Sirloin, Meltique Beef Striploin, Meltique Beef Ribeye, Meltique Beef Cube roll, Meltique Beef, Hokubee, Striploin, Sirloin, Cube roll, Ribeye, Rump, Flap meat, Australian Beef",FOODEX Frozen Processed Food,https://www.jma-tradeshow.com/foodex/webguide_en/datafile/product_image1_771.jpg,https://www.jma-tradeshow.com/foodex/webguide_en/product.php?no=771
775,Eat as is with dried bonito flakes,Dry Seafood,"Mass retailers, specialty retailers, mail order companies, co-ops, department stores, roadside stations, export companies, online stores, food wholesalers, commercial wholesalers, manufacturers, etc.","This is a bonito flake that can be eaten as is, made from bonito landed at Makurazaki fishing port in Kagoshima Prefecture, seasoned with soy sauce and has a moist and soft texture. It won the Fisheries Agency Commissioner's Award in 2024.",,We don't have an importer,"KANESHICHI CO.,LTD.",https://kane7.co.jp/,Japan exhibitors | Exportable | Co-exhibitor | Organizer : TOYAMA city association of product promotion,Local Specialities in Japan,S2-K21-02,"Dashi packs, powder, dashi stock, dried sardines, konbumaki, tsukudani, bonito flakes, gifts, snacks, furikake, delicacies, firefly squid, white shrimp, delicacies, Japanese food, Kaneshichi, Japanese style, umami dashi, flavor seasonings",FOODEX JAPAN 2025 / 2025 Japan Meat Industry Fair 49th,https://www.jma-tradeshow.com/foodex/webguide_en/datafile/product_image1_173284145499.jpg,https://www.jma-tradeshow.com/foodex/webguide_en/product.php?no=775
784,Everyday happiness with pure kelp stock,Powdered Seasoning | Vegan | Halal,"Mass retailers, specialty retailers, mail order companies, co-ops, department stores, roadside stations, export companies, online stores, food wholesalers, commercial wholesalers, manufacturers, etc.","This granulated soup base does not contain any umami seasonings (amino acids, etc.) and allows you to enjoy the original umami flavor of kelp. It uses salt from Okinawa, and the minerals enhance the deliciousness even more. The stick type makes it easy to use and serves as a guide for the amount to use in cooking. The outer film is made of paper, and we are committed to creating products that are environmentally friendly. This product is manufactured in an ISO22000 certified factory and is also Halal and Vegan certified. A 1kg size for commercial use is also available.",ISO22000 | Halal and vegan certification,We don't have an importer,"KANESHICHI CO.,LTD.",https://kane7.co.jp/,Japan exhibitors | Exportable | Co-exhibitor | Organizer : TOYAMA city association of product promotion,Local Specialities in Japan,S2-K21-02,"Dashi packs, powder, dashi stock, dried sardines, konbumaki, tsukudani, bonito flakes, gifts, snacks, furikake, delicacies, firefly squid, white shrimp, delicacies, Japanese food, Kaneshichi, Japanese style, umami dashi, flavor seasonings",FOODEX JAPAN 2025 / 2025 Japan Meat Industry Fair 49th,,https://www.jma-tradeshow.com/foodex/webguide_en/product.php?no=784
845,Mixed berries pastel de nata - Nata Pura,Cakes / Dessert | Eggs & Egg Products | Frozen Baked Goods,- Bar/Coffee shops/Restaurant | - Distributors/Resseler | - Food Service | - Hotel | - Importer/Trader/Wholesaler | - Retailer,"Nata Pura brings the authentic pastel de nata to the world stage. For over 300 years, this iconic Portuguese pastry has been enjoyed in Portugal; now it’s time to share it with the world. While variations like the eggtart exist, none compare to the true taste of Portuguese pastel de nata. Our gourmet pastéis de nata features rich custard cream in flaky pastry, caramelized to perfection. With the finest ingredients, Nata Pura is the most award-winning pastel de nata worldwide. Enjoy the true taste of Portugal, wherever you are! | For a fruitier twist, our mixed berries pastel de nata blends creamy custard with vibrant berry notes, offering a refreshing and perfectly balanced flavour. |",HALAL,,Nata Pura,https://www.natapura.com,Overseas exhibitors | Exportable | Co-exhibitor | Organizer : PortugalFoods,National Pavilion,W1-CC23-001,"Original pastel de nata - Nata Pura, Chocolate pastel de nata - Nata Pura, Salted caramel pastel de nata - Nata Pura, Apple pastel de nata - Nata Pura, Mixed berries pastel de nata - Nata Pura, Vegan pastel de nata - Nata Pura, Gluten free pastel de nata - Nata Pura, Codfish Original Delicacy, Bakeology",FOODEX JAPAN 2026 / 2026 Japan Meat Industry Fair 50th,https://www.jma-tradeshow.com/foodex/webguide_en/datafile/product_image1_845.jpg,https://www.jma-tradeshow.com/foodex/webguide_en/product.php?no=845
847,Nutrients Intact [Strawberry Powder],Dried Fruits,"Men and women aged 10 to 40 who are interested in smoothies, yogurt, and baking. They prefer healthy and natural ingredients and are looking for convenient, high-quality ingredients.","This is a flavor-rich powder made from Amaou strawberries grown in Fukuoka Prefecture, concentrated through an air-stream grinding method (instantaneous drying and grinding). The powder processing, which does not involve heat treatment, ensures that the product retains higher nutritional value compared to others.",,We don't have an importer,"YAHIME Co., Ltd",,Japan exhibitors | Exportable | Co-exhibitor | Organizer : Fukuoka Chamber of Commerce and Industry,Exports from Japan,,,FOODEX JAPAN 2025 / 2025 Japan Meat Industry Fair 49th,https://www.jma-tradeshow.com/foodex/webguide_en/datafile/product_image1_847.jpg,https://www.jma-tradeshow.com/foodex/webguide_en/product.php?no=847
850,Amaou Strawberry Jam with Strawberry Powder,"Spreads, Honey & Jams","In department stores, strawberry jam is ideal for health-conscious individuals and those who enjoy baking. It is convenient for everyday use, while also being suitable for gifts and special occasions.","This luxurious jam is made with Fukuoka Prefecture's ""Amaou"" strawberries. By expertly blending the fruit's flesh with our own strawberry powder, we offer a rich and delightful flavor. What sets this jam apart is the use of a unique air flow grinding method (instant dry grinding) to concentrate the strawberry's nutrients into the powder. This method does not involve heat treatment, allowing the natural nutritional value of the strawberries to be preserved while enhancing the flavor. You can fully enjoy the fresh and rich taste of Amaou strawberries in every bite.",,We don't have an importer,"YAHIME Co., Ltd",,Japan exhibitors | Exportable | Co-exhibitor | Organizer : Fukuoka Chamber of Commerce and Industry,Exports from Japan,,,FOODEX JAPAN 2025 / 2025 Japan Meat Industry Fair 49th,https://www.jma-tradeshow.com/foodex/webguide_en/datafile/product_image1_850.jpg,https://www.jma-tradeshow.com/foodex/webguide_en/product.php?no=850
866,Ｏrｇａｎｉｃ Ｍｉｋａｗａ Ｍｉｒｉｎ,Liquid Seasoning | Others,,"Organic Sanshu Mirin(Organic Sweet rice seasoning) | It uses organic rice grown in the natural eco-system in Japan. We use traditional Mikawa brewing method maintained over 200 years to create this mirin. It has natural rice sweetness and rich flavor, add a bright touch to food and enhance the taste. It is used as cooking condiment as well as consumed as liquor in Japan. |",ISO22000 | Organic JAS Mark | USDA Organic Certification | EU Organic Certification,We have an importer,"MIKAWA MIRIN SUMIYA BUNJIRO BREWERY CO.,LTD.",http://www.mikawamirin.jp,Japan exhibitors | Exportable,Exports from Japan,S1-V11,Sanshu Mikawa Mirin(Sweet rice seasoning)、Organic Sanshu Mirin(Organic Sweet rice seasoning),FOODEX JAPAN 2025 / 2025 Japan Meat Industry Fair 49th,https://www.jma-tradeshow.com/foodex/webguide_en/datafile/product_image1_173301088394.jpg,https://www.jma-tradeshow.com/foodex/webguide_en/product.php?no=866
868,Carrot puree 2L,Juice | Non-alcoholic Beverages | Vegetarian | Vegan,"B2C,B2B, food industry, food service industry, diet and nutrition sector, beverage industry, export market, health and wellness","baby food market, health and wellness sector, culinary applications, premium segments, export opportunities, every imaginable retails",ISO22000 | GAP,We don't have an importer,Vitafit Invest LLC,https://www.facebook.com/vitafitgroupllc,Overseas exhibitors | Exportable | Co-exhibitor | Organizer : MONGOLIA,National Pavilion,E5-Y11-00,"Carrot puree, carrot juice 100%",FOODEX JAPAN 2025 / 2025 Japan Meat Industry Fair 49th,https://www.jma-tradeshow.com/foodex/webguide_en/datafile/product_image1_868.jpg,https://www.jma-tradeshow.com/foodex/webguide_en/product.php?no=868
878,Food Bacteria Count System「DOX」,Sanitary,"Extensive use throughout food industry, particularly fresh food processing. | Fresh processed foods,such as meat, fish, and vegetables; prepared foods, such as frozen and deli; seasonings, confectionery, pet food, and even wet tissues/pads.","DOX Advantages in Food Bacteria Counting | ・Easy operation allows anyone to perform counting | ・Inspections only take 3 steps | ・Reduces running costs | ・Can count bacteria of multiple samples simultaneously | The DOX lineup consists of two models, which can count bacteria of either 60 or 30 samples. Since up to three units can be connected, it is possible to count up to 180 samples simultaneously. In addition, there is no need to check the start time of each channel, as counting automatically start in order from the channels in which cell cartridges are set in the main unit. | ・The greater the abnormality, the sooner the detection | The conventional method takes 24 to 72 hours just to incubate a sample, but with DOX, a viable count of 10^5 CFU/g can be detected in about 6 hours. The principle of the oxygen electrode method allows for a rapid response to any abnormality detected because the higher the number of bacteria, the quicker the reaction appears. | ・Automatic transfer of results to database | ・Reliable pre-introduction check of actual main unit | ・Less hassle to introduce",AOAC Research Institute Performance Tested Methods SM License Number 040801/120801,We don't have an importer,"Bio-Theta., Ltd.",https://www.bio-theta.co.jp/,Japan exhibitors | Exportable,Food Safety,E7-Z04,Food Bacteria Count System “DOX SYSTEM”,FOODEX JAPAN 2025 / 2025 Japan Meat Industry Fair 49th,https://www.jma-tradeshow.com/foodex/webguide_en/datafile/product_image1_173310610405.jpg,https://www.jma-tradeshow.com/foodex/webguide_en/product.php?no=878
884,Satsumanokatuomeshi,Dry Seafood,"Food wholesaler,Restaurant industry,General consumer,etc.","Using dried bonito flakes from Kagoshima Prefecture, domestic kelp, and domestic seaweed, this versatile furikake can be used in a wide variety of dishes such as tamago kake rice, rice balls, salads, tamagoyaki, somen noodles, pasta, and udon noodles. |",,We don't have an importer,"Marusho Co., Ltd.",,Japan exhibitors | Exportable | Co-exhibitor | Organizer : Kagoshima Prefecture,Exports from Japan,S1-C04-00,"Satsuma bonito rice, Marusho brand ∞ Mugen ∞ dried bonito seaweed, dashi pack No. 1",FOODEX JAPAN 2025 / 2025 Japan Meat Industry Fair 49th,https://www.jma-tradeshow.com/foodex/webguide_en/datafile/product_image1_884.jpg,https://www.jma-tradeshow.com/foodex/webguide_en/product.php?no=884
901,Marusyouzirushi Mugen Katsubushinori,Dry Seafood,"Food wholesaler,Restaurant industry,General consumer,etc","The fluffy texture of rare domestically produced loose seaweed is very popular among people of all ages. It is matched with Marusho's carefully selected dried bonito flakes from Makurazaki, making it a product that you will not be able to stop eating once you start.",,We don't have an importer,"Marusho Co., Ltd.",,Japan exhibitors | Exportable | Co-exhibitor | Organizer : Kagoshima Prefecture,Exports from Japan,S1-C04-00,"Satsuma bonito rice, Marusho brand ∞ Mugen ∞ dried bonito seaweed, dashi pack No. 1",FOODEX JAPAN 2025 / 2025 Japan Meat Industry Fair 49th,https://www.jma-tradeshow.com/foodex/webguide_en/datafile/product_image1_901.jpg,https://www.jma-tradeshow.com/foodex/webguide_en/product.php?no=901
906,Kullamust Apple original,Juice | Non-alcoholic Beverages,"Retail, HORECA,",Kullamust Apple | Pure clear apple juice from carefully selected | apples.,ISO22000 | Other HACCP | HALAL | FDA,We don't have an importer,Kullabygdens Musteri AB,https://Kullamust.se https://mustly.se,Overseas exhibitors | Exportable | Co-exhibitor | Organizer : Business Sweden,National Pavilion,E2-K30-00,"Kullamust, a wide range of still products made of 100% fruit. | | Mustly, the new drink that makes every day Sparkling. A carbonated drink free from added sugar or sweetener |",FOODEX JAPAN 2025 / 2025 Japan Meat Industry Fair 49th,https://www.jma-tradeshow.com/foodex/webguide_en/datafile/product_image1_906.jpg,https://www.jma-tradeshow.com/foodex/webguide_en/product.php?no=906
915,"Discover, lav alkohol, mousserende vin, vin, frugtvin, traditionel metode, æbler, Danmark, håndlavet, lavet i Danmark, Skandinavien",Sparkling wines | Low-alcoholic wines,"Restauranter, high-end, fine restauranter, Michelin. Low alcohol",,,We have an importer,ANDERSEN WINERY,,Overseas exhibitors | Exportable | Co-exhibitor | Organizer : Danish Industry,National Pavilion,E3-M03-00,"Sparkling Wines made from Danish fruits and berries, traditional method.",FOODEX JAPAN 2025 / 2025 Japan Meat Industry Fair 49th,,https://www.jma-tradeshow.com/foodex/webguide_en/product.php?no=915
917,"Stevns, mousserende vin, frugtvin, traditionel metode, æbler, kirsebær, Danmark, håndlavet, lavet i Danmark, Skandinavien",Sparkling wines | Fruit and flavored,"Restauranter, high-end, fine restauranter, Michelin",,,We have an importer,ANDERSEN WINERY,,Overseas exhibitors | Exportable | Co-exhibitor | Organizer : Danish Industry,National Pavilion,E3-M03-00,"Sparkling Wines made from Danish fruits and berries, traditional method.",FOODEX JAPAN 2025 / 2025 Japan Meat Industry Fair 49th,https://www.jma-tradeshow.com/foodex/webguide_en/datafile/product_image1_173313724432.jpg,https://www.jma-tradeshow.com/foodex/webguide_en/product.php?no=917
918,"Sorbet - ""Il Sorbetto""",Ice Cream / Sorbet Gelato | Vegetarian | Vegan,"Sorbet, Italian, Made in Italy, 100% natural","100% natural, gluten free, lactose free, dairy free, high percentage of fruit, creamy as a gelato.",,We don't have an importer,Tonitto 1939 S.p.A.,https://www.tonitto.com/en/,Overseas exhibitors | Exportable,,E6-BB09,"Sorbet, Gelato",FOODEX Frozen Sweets & Snacks,https://www.jma-tradeshow.com/foodex/webguide_en/datafile/product_image1_918.jpg,https://www.jma-tradeshow.com/foodex/webguide_en/product.php?no=918
942,Seafood and Ariake Seaweed Peperoncino,Pasta | Frozen Seafood | Frozen Ready Meals | Seafood,"Working Generation (20s to 40s) | This group seeks to enjoy special meals in place of dining out during their busy daily lives. They appreciate the convenience of quick preparation while still enjoying an authentic taste. | | Dual-Income and Child-Rearing Households | Families looking for a meal that everyone can enjoy. The appeal lies in the product’s easy and quick preparation, making it ideal for time-strapped parents. | | Younger Generation and Students | Students and singles who want to enjoy a higher-end meal at an affordable price. | | Gift-Buying Customers | With a price point of 500 yen, this product is perfect for casual gifts or gift sets, appealing to those looking for a convenient, yet thoughtful present.","No Additives, Pure Flavor | | Free from artificial additives, preserving the natural flavors of the ingredients. This appeals to consumers seeking healthier, clean-label products. | Deep Umami from Hokkaido Kombu | | Uses Hokkaido kombu to bring out a rich, deep umami flavor, enhancing the overall taste and making it stand out from other pasta sauces. | Sweet, Flavorful Snow Garlic | | Made with snow garlic, known for its high sweetness and intense flavor, adding a unique and aromatic depth to the dish. | Generous Use of Ariake Seaweed | | Ariake seaweed, renowned for its rich umami and texture, is used generously to elevate the taste and add an authentic Japanese touch. | Packed with Vegetables and Seafood | | Includes broccoli, tomatoes, squid, and clams, providing a well-balanced dish with plenty of nutrients and flavor, appealing to health-conscious consumers. | Quick and Easy to Prepare | | Ready in just a few minutes—simply heat and serve. This convenience makes it perfect for busy individuals and families looking for a high-quality meal without the long prep time. | Affordable Gourmet Meal | | Offering restaurant-quality flavor at an affordable price of around 500 yen per serving, this product provides grea",Other HACCP,We don't have an importer,"YANAGAWA FROZEN FOOD CO., LTD.",https://yanarei.co.jp/,Japan exhibitors | Exportable | Co-exhibitor | Organizer : Fukuoka Food Business Association,Exports from Japan,S1-G06-00,Peperoncino with seafood and Ariake seaweed,FOODEX JAPAN 2025 / 2025 Japan Meat Industry Fair 49th,https://www.jma-tradeshow.com/foodex/webguide_en/datafile/product_image1_942.jpg,https://www.jma-tradeshow.com/foodex/webguide_en/product.php?no=942
948,TEMPURA,Frozen Fruit & Vegetables | Frozen Seafood | Frozen Ready Meals | Halal | Seafood | Packaging | Cooking and Baking Equipment | Refrigeration and Cooling Equipment,,,"EU-HACCP | US-HACCP | Other HACCP | HALAL | Non-GMO Certification | ASC(Aquaculture Stewardship Council) | BEST AQUACULTURE PRACTICES (BAP), BRC, ISO/IEC17025, SMETA, ANIMAL WELFARE",We have an importer,KHANG AN FOODS,,Overseas exhibitors | Exportable,,E6-U01,,FOODEX Frozen Processed Food,,https://www.jma-tradeshow.com/foodex/webguide_en/product.php?no=948
974,RO-1 NAMA OROSHI WASABI OTSUKURI,Soy Sauce | Miso | Powdered Seasoning | Liquid Seasoning | Vinegar | Frozen Baked Goods | Frozen Dairy Products | Frozen Fruit & Vegetables | Frozen Meat | Frozen Seafood | Frozen Ready Meals | Ice Cream / Sorbet Gelato,,"・Best selling grated type, It is sticking to the quality of raw matelial. | ・It is used mainly HAKUHO, you can enjoy the fresh aroma. | ・Those of superior material are thus matched with best taste well. | ・Coars grain give to serve easily, so, good for sashimi,sushi, etc",ISO22000 | FDA,We don't have an importer,"KINJIRUSHI Sales Co., Ltd.",https://www.kinjirushi.co.jp/,Japan exhibitors | Exportable,Condiments / Seasoning,E1-Q06,"Kinjirushi is committed to delivering high quality products that are safe and bring the true flavor of wasabi to our customers' dining tables. | | Kinjirushi products : | | For wholesale: Powdered Horseradish, High grade frozen grated wasabi, standard wasabi, etc. | For Retail :Wasabi paste, Wasabi oil, etc. | What's more, we also offers a variety of yuzu products, including: | YUZU products (Frozen yuzu peels, 100% Yuzu juice, Yuzu oil, Yuzu salt, Yuzu paper, etc.) | Flavored salt (Wasabi salt, Wasabi soy sauce powder, Yuzu salt) | | Kinjirushi are continuing to pursue sales activities to promote wasabi products to the world. |",FOODEX JAPAN 2025 / 2025 Japan Meat Industry Fair 49th,https://www.jma-tradeshow.com/foodex/webguide_en/datafile/product_image1_974.jpg,https://www.jma-tradeshow.com/foodex/webguide_en/product.php?no=974
975,YKD-250 Kizami Wasabi (Chopped Wasabi）,Soy Sauce | Miso | Powdered Seasoning | Liquid Seasoning | Vinegar | Frozen Baked Goods | Frozen Dairy Products | Frozen Fruit & Vegetables | Frozen Meat | Frozen Seafood | Frozen Ready Meals | Ice Cream / Sorbet Gelato,,"・Made with freshly picked wasabi stem, minced and marinated with soy sauce, packed frozen to maintain the fresh taste. | ・It has enhanced pungency to be spicy enough with any dish, such as sushi, steak, or even as a sauce ingredient. | ・The fresh aroma and the spicy taste of wasabi last longer due to Kinjirushi's unique processing technique. | ・Kinjirushi's original horseradish breed, ""Hakuho"", is minced and blended for longer-lasting pungency. | ・It's finely minced and ready to serve when defrosted. | ・Simply defrost and enjoy the elegant aroma and crunchy texture of wasabi.",ISO22000 | FDA,We don't have an importer,"KINJIRUSHI Sales Co., Ltd.",https://www.kinjirushi.co.jp/,Japan exhibitors | Exportable,Condiments / Seasoning,E1-Q06,"Kinjirushi is committed to delivering high quality products that are safe and bring the true flavor of wasabi to our customers' dining tables. | | Kinjirushi products : | | For wholesale: Powdered Horseradish, High grade frozen grated wasabi, standard wasabi, etc. | For Retail :Wasabi paste, Wasabi oil, etc. | What's more, we also offers a variety of yuzu products, including: | YUZU products (Frozen yuzu peels, 100% Yuzu juice, Yuzu oil, Yuzu salt, Yuzu paper, etc.) | Flavored salt (Wasabi salt, Wasabi soy sauce powder, Yuzu salt) | | Kinjirushi are continuing to pursue sales activities to promote wasabi products to the world. |",FOODEX JAPAN 2025 / 2025 Japan Meat Industry Fair 49th,https://www.jma-tradeshow.com/foodex/webguide_en/datafile/product_image1_975.jpg,https://www.jma-tradeshow.com/foodex/webguide_en/product.php?no=975
977,YP-100 KINJIRUSHI SPICE SELECTION Yuzukoshō,Soy Sauce | Miso | Powdered Seasoning | Liquid Seasoning | Vinegar | Frozen Baked Goods | Frozen Dairy Products | Frozen Fruit & Vegetables | Frozen Meat | Frozen Seafood | Frozen Ready Meals | Ice Cream / Sorbet Gelato,,"・Green chili, Yuzu peel, yuzu juice we use domestic raw materials. | ・We used rock salt, finished with eyes with suppressed salt content.(Usually Yuzu pepper has salinity of 20% or more, our company is about 15%) | ・It is a yuzu pepper that gives a refreshing fragrance.",ISO22000 | FDA,We don't have an importer,"KINJIRUSHI Sales Co., Ltd.",https://www.kinjirushi.co.jp/,Japan exhibitors | Exportable,Condiments / Seasoning,E1-Q06,"Kinjirushi is committed to delivering high quality products that are safe and bring the true flavor of wasabi to our customers' dining tables. | | Kinjirushi products : | | For wholesale: Powdered Horseradish, High grade frozen grated wasabi, standard wasabi, etc. | For Retail :Wasabi paste, Wasabi oil, etc. | What's more, we also offers a variety of yuzu products, including: | YUZU products (Frozen yuzu peels, 100% Yuzu juice, Yuzu oil, Yuzu salt, Yuzu paper, etc.) | Flavored salt (Wasabi salt, Wasabi soy sauce powder, Yuzu salt) | | Kinjirushi are continuing to pursue sales activities to promote wasabi products to the world. |",FOODEX JAPAN 2025 / 2025 Japan Meat Industry Fair 49th,https://www.jma-tradeshow.com/foodex/webguide_en/datafile/product_image1_977.jpg,https://www.jma-tradeshow.com/foodex/webguide_en/product.php?no=977
990,THE SA BAR (Mentaiko),Seafood,"It can be used by anyone, regardless of gender or age, as a daily item or souvenir. | ・Trading company/Wholesale | ・Manufacturer | ・department store | ・Other retail","The delicious and spicy combination of mackerel and mentaiko is irresistible! This is a collaboration product with Hakata Ryotei Mentaiko's Wakae. It is stewed slowly in a high-quality mentaiko marinade. The mackerel is cut so that it is easy to eat, and it comes in a convenient tray with toothpicks and a towel, so you can eat it as is after opening the bag.","Although we are not HACCP certified, we manage our hygiene in accordance with HACCP.",We don't have an importer,"Yamahira Co., Ltd.",http://www.mutugorou.co.jp/,Japan exhibitors | Exportable | Co-exhibitor | Organizer : Fukuoka Chamber of Commerce and Industry,Exports from Japan,S1-C06-00,"THE SA BAR (Mataichi salt, Yagame salt, mentaiko, aged garlic, spicy),Manma Shrimp, Crispy Eel, Gentle Lightly Fried Shrimp, Manma Shrimp,Smoked raw seaweed,Golden mackerel",FOODEX JAPAN 2025 / 2025 Japan Meat Industry Fair 49th,https://www.jma-tradeshow.com/foodex/webguide_en/datafile/product_image1_990.jpg,https://www.jma-tradeshow.com/foodex/webguide_en/product.php?no=990
1010,THE SA BAR（Aged garlic）,Seafood,It can be used by people of all genders and ages as a daily necessity or as a souvenir.,"The key to the flavor is ""Yagatame Salt (natural salt)"" from the Goto Islands in Nagasaki and domestically aged garlic. The smoked mackerel and garlic go perfectly together. The mackerel is cut so it's easy to eat, and it comes in a convenient tray with toothpicks and a towel, so you can eat it as is after opening the bag.","Although we are not HACCP certified, we manage our hygiene in accordance with HACCP.",We don't have an importer,"Yamahira Co., Ltd.",http://www.mutugorou.co.jp/,Japan exhibitors | Exportable | Co-exhibitor | Organizer : Fukuoka Chamber of Commerce and Industry,Exports from Japan,S1-C06-00,"THE SA BAR (Mataichi salt, Yagame salt, mentaiko, aged garlic, spicy),Manma Shrimp, Crispy Eel, Gentle Lightly Fried Shrimp, Manma Shrimp,Smoked raw seaweed,Golden mackerel",FOODEX JAPAN 2025 / 2025 Japan Meat Industry Fair 49th,https://www.jma-tradeshow.com/foodex/webguide_en/datafile/product_image1_1010.jpg,https://www.jma-tradeshow.com/foodex/webguide_en/product.php?no=1010
1017,Norwegian Mackerel Salted with Kelp,Frozen Seafood | Seafood | Processed seafood products,Restaurant Izakaya Deli Bento Shop Commercial Use Retail Overseas,"Dashi broth made from kombu seaweed is the foundation of Japanese seasoning. | We carefully select Norwegian mackerel rich in fat, marinate it in our unique concentrated kombu extract, | and slowly dry it with cold air to craft this product with meticulous care. | As the originator of kombu salted mackerel, our company uses an unchanged, unique method since our founding to create salted mackerel that is rich in flavor without any unpleasant odor. | It contains high-quality protein, and the kombu flavor combined with its moderate saltiness creates a perfectly balanced taste. | Please enjoy our Yushu mackerel.",Other HACCP | FDA,,"Yosyukogyo Co.,Ltd",https://yosyu.jp/,Japan exhibitors | Exportable | Co-exhibitor | Organizer : Ehime Prefecture Organizing Committee/Uwajima City/Yawatahama City/Seiyo City,Local Specialities in Japan,S3-G17-001,"Norwegian kelp-salted mackerel (grilled mackerel), Norwegian marinated mackerel, miso-simmered mackerel",FOODEX JAPAN 2026 / 2026 Japan Meat Industry Fair 50th,https://www.jma-tradeshow.com/foodex/webguide_en/datafile/product_image1_176431788417.jpg,https://www.jma-tradeshow.com/foodex/webguide_en/product.php?no=1017
1062,TEMPURA SET,Frozen Fruit & Vegetables | Frozen Seafood | Vegetarian | Vegan | Halal | Seafood | Packaging | Cooking and Baking Equipment | Refrigeration and Cooling Equipment | Professional Services,,,"EU-HACCP | US-HACCP | Other HACCP | HALAL | FSMA | Non-GMO Certification | ASC(Aquaculture Stewardship Council) | BEST AQUACULTURE PRACTICES (BAP), BRC, ISO/IEC17025, SMETA, ANIMAL WELFARE",We have an importer,KHANG AN FOODS,,Overseas exhibitors | Exportable,,E6-U01,,FOODEX Frozen Processed Food,https://www.jma-tradeshow.com/foodex/webguide_en/datafile/product_image1_1062.jpg,https://www.jma-tradeshow.com/foodex/webguide_en/product.php?no=1062
1064,THE SA BAR（Very spicy）,Seafood,"They can be used by people of all genders and ages, as daily necessities or as souvenirs.","We have smoked carefully selected fatty Norwegian mackerel. The combination of mackerel and chili peppers brings out a flavor never before seen. The mackerel is scored and the bones removed for easy eating, and it comes in a convenient tray with toothpicks and a towel so you can eat it as is after opening the bag. The long-awaited extra spicy version is finally here, our customers.","Although we are not HACCP certified, we manage our hygiene in accordance with HACCP.",We don't have an importer,"Yamahira Co., Ltd.",http://www.mutugorou.co.jp/,Japan exhibitors | Exportable | Co-exhibitor | Organizer : Fukuoka Chamber of Commerce and Industry,Exports from Japan,S1-C06-00,"THE SA BAR (Mataichi salt, Yagame salt, mentaiko, aged garlic, spicy),Manma Shrimp, Crispy Eel, Gentle Lightly Fried Shrimp, Manma Shrimp,Smoked raw seaweed,Golden mackerel",FOODEX JAPAN 2025 / 2025 Japan Meat Industry Fair 49th,https://www.jma-tradeshow.com/foodex/webguide_en/datafile/product_image1_1064.jpg,https://www.jma-tradeshow.com/foodex/webguide_en/product.php?no=1064
1066,Plant-based Cubed Ham (Soy Based),Frozen Ready Meals | Vegetarian | Vegan | Halal | Processed Meat,"Plant-Based Foods, | Vegan & Vegetarian Products, | Meat Alternatives, | Gourmet Foods, | Health & Wellness, | Holiday Foods, | Sustainable Foods","100% Vegan, Cubed or Sliced, | Soy-Based Meat Alternative, | High-Protein, Low-Fat, | Non-GMO Ingredients, | Bold, Savory Flavor, | Perfect for Cooking or Cold Dishes, | Cholesterol-Free, | Sustainable and Eco-Friendly, | Easy to Prepare and Slice, | Appeals to Vegan and Flexitarian Consumers",ISO9001 | ISO22000 | Other HACCP | HALAL | FDA | GMP | Non-GMO Certification,We don't have an importer,Beanstalk food S.L.,https://beanstalkfoods.com/en/,Overseas exhibitors | Exportable,Plant Based / Alternative Food,E5-K11,"Meat alternative, plant-based meat, vegan food, vegan snacks, vegan sauce, vegan salami, vegan Chorizo, vegan calamari, vegan chicken, vegan pastrami, vegan bolognese, vegan meatballs, vegan burger patty, vegan savory protein bar, vegan fish fingers, vegan cubed ham, vegan pulled pork, vegan minced meat, vegan crab paste, vegan chicken nuggets",FOODEX JAPAN 2025 / 2025 Japan Meat Industry Fair 49th,https://www.jma-tradeshow.com/foodex/webguide_en/datafile/product_image1_1066.jpg,https://www.jma-tradeshow.com/foodex/webguide_en/product.php?no=1066
1094,Boiled whitebait,Frozen Seafood | Seafood | Processed seafood products,"Restaurants, supermarkets, discount stores, department stores, retail stores","From catch to pot in as little as 10 minutes. Boiled and processed into finished products at our own factory (Kanemo). Low-temperature heat sterilization ensures safe delivery of our products. This is a vertically integrated product, from fishing (Mori Suisan) to processing (Kanemo).",ISO9001,,KANEMO,https://e-kanemo.com/,Japan exhibitors | Exportable,Seafood,S1-P17,"Boiled Dried whitebait, small sardines,Tsukudani",FOODEX JAPAN 2026 / 2026 Japan Meat Industry Fair 50th,https://www.jma-tradeshow.com/foodex/webguide_en/datafile/product_image1_1094.jpg,https://www.jma-tradeshow.com/foodex/webguide_en/product.php?no=1094
1148,Barley tea tea pack from Mie prefecture,Tea,It can be used by a wide range of age groups.,Six-rowed barley grown in Mie Prefecture is carefully roasted | using a hot-air roasting method to bring out the flavor and aroma. |,M-EMS,We have an importer,TEKOMAMEICHA CENTER,https://tekoma.sakura.ne.jp/,Japan exhibitors | Exportable | Co-exhibitor | Organizer : Yokkaichi Chamber of Commerce and Industry,Exports from Japan,S1-C15-00,"Hatomugi Tea Bags(Pearl Barley Tea), Barley Tea, Udon Noodle with sause, Japanese Tea Gift Set",FOODEX JAPAN 2025 / 2025 Japan Meat Industry Fair 49th,,https://www.jma-tradeshow.com/foodex/webguide_en/product.php?no=1148
1188,TIPCO 100% Shogun Orange Juice,Bottled Water | Carbonated Soft Drinks | Coffee | Energy Drinks | Flavoured Water | Instant Beverages | Juice | Non-alcoholic Beverages | Smoothies | Tea,100% NFC Juice,Fruit Juice Not From Concentrate | Product of Thailand |,ISO22000 | HALAL | GMP | FSSC22000,We have an importer,"TIPCO F&B CO.,LTD",https://www.tipco.net/en/,Overseas exhibitors | Exportable,Beverage,S1-A20,"100% Shogun Orange Juice, 100% Sithong Orange Juice, 100% Homsuwan Pineapple Juice, 100% Apple Beetroot Carrot Juice, 100% Coconut Water",FOODEX JAPAN 2025 / 2025 Japan Meat Industry Fair 49th,https://www.jma-tradeshow.com/foodex/webguide_en/datafile/product_image1_1188.jpg,https://www.jma-tradeshow.com/foodex/webguide_en/product.php?no=1188
1219,frozen fruits and vegetables,"Comprehensive Logistics | Japan Domestic Logistics | Import to Japan Support | Export from Japan Support | Warehousing | Others | Frozen Fruit & Vegetables | Kosher | Spreads, Honey & Jams | Packaging | Refrigeration and Cooling Equipment | Professional Services","Whole world , Supermarkets , Brokers , Suppliers ,Factories",For All Customers who needs a special taste | Frozen Fruits and Vegetables,"ISO9001 | ISO22000 | EU-HACCP | Other HACCP | HALAL | FDA | GAP | EU Organic Certification | Kosher, SEDEX ,BRC",,Frozen Gate For Food Investment,http://www.fgfi-eg.com,Overseas exhibitors | Exportable,,W3-I01,frozen vegetables and fruits,FOODEX Frozen Fresh Products,,https://www.jma-tradeshow.com/foodex/webguide_en/product.php?no=1219
1234,Brown Rice Miso,Miso,・People who want to incorporate Japanese fermented foods into their daily lives for their own health. | ・People seeking the umami of Japanese cuisine. | ・People who want to pay attention to package design.,"This made with Fukuoka-grown rice, Fukuoka-grown soybeans, and coarse salt from Ako, this Evis Miso is a meticulously crafted miso with a focus on flavor. | Aged for six months, which is two to three times longer than usual, to bring out the richness of Fukuoka's local ingredients. | Among the Ebisu Miso varieties, this miso has the lowest salt content. | The robust umami makes it suitable for simple miso soup with tofu and green onions or soups like ramen.",ISO22000 | FDA,,EBISUYA GENERAL PARTNERSHIP COMPANY,http://www.misoyanokitchen.com,Japan exhibitors | Exportable | Co-exhibitor | Organizer : JAPAN FEDERATION OF MISO MANFRS CO-OPS,Exports from Japan,S2-K33-006,"Miso, miso products, organic, OEM, new products, natural, fermented foods, gut health, wellness, vegan, traditional, long-aged, red miso, white miso, barley miso, commercial use, easy to use, dips, sauces, seasonings",FOODEX JAPAN 2026 / 2026 Japan Meat Industry Fair 50th,https://www.jma-tradeshow.com/foodex/webguide_en/datafile/product_image1_1234.jpg,https://www.jma-tradeshow.com/foodex/webguide_en/product.php?no=1234
1272,NATAVO Diced (Dose not go brown frozen avocados),Frozen Fruit & Vegetables,"This product is ideal for customers who use fresh or frozen avocados, those considering developing new avocado-based products, as well as retailers, wholesalers, trading companies, distributors, and foodservice operators.","This product is a revolutionary frozen avocado that does not brown due to oxidation, despite being completely additive-free, thanks to its patented technology. | With no additives whatsoever, it offers a flavor and texture exceptionally close to fresh avocado. | It solves the common issues associated with fresh avocados, including browning, difficulties in determining ripeness, and yield loss due to discoloration.",,,NATURO/Casa Natural,https://casanatural.co.jp/,Japan exhibitors | Exportable,,W3-A01-23,“Non-browning Frozen Avocado ‘NATAVO’”,FOODEX Frozen Processed Food,https://www.jma-tradeshow.com/foodex/webguide_en/datafile/product_image1_176455493227.jpg,https://www.jma-tradeshow.com/foodex/webguide_en/product.php?no=1272
1309,Plant-based Tenderloin,Frozen Meat | Vegetarian | Vegan | Halal | Processed Meat,"Plant-Based Foods, | Vegan & Vegetarian Products, | Meat Alternatives, | Gourmet Foods, | Health & Wellness, | Sustainable Foods, | High-Protein Foods","100% Vegan, | Soy-Based Meat Alternative, | High-Protein, Low-Fat, | Non-GMO Ingredients, | Tender, Meaty Texture, | Bold, Savory Flavor, | Versatile Cooking Options, | Cholesterol-Free, | Sustainable and Eco-Friendly, | Perfect for Gourmet and Everyday Meals",ISO9001 | ISO22000 | Other HACCP | HALAL | FDA | GMP | Non-GMO Certification,We don't have an importer,Beanstalk food S.L.,https://beanstalkfoods.com/en/,Overseas exhibitors | Exportable,Plant Based / Alternative Food,E5-K11,"Meat alternative, plant-based meat, vegan food, vegan snacks, vegan sauce, vegan salami, vegan Chorizo, vegan calamari, vegan chicken, vegan pastrami, vegan bolognese, vegan meatballs, vegan burger patty, vegan savory protein bar, vegan fish fingers, vegan cubed ham, vegan pulled pork, vegan minced meat, vegan crab paste, vegan chicken nuggets",FOODEX JAPAN 2025 / 2025 Japan Meat Industry Fair 49th,https://www.jma-tradeshow.com/foodex/webguide_en/datafile/product_image1_1309.jpg,https://www.jma-tradeshow.com/foodex/webguide_en/product.php?no=1309
1361,Meltique Beef Flap meat,Frozen Meat,"Hotel, Restaurant, Catering, Pub, Club, Retail, E-Commerce, Izakaya, Japanese restaurant, Steak restaurant, Yakiniku restaurant, Hotpot restaurant","Australian beef, Grass fed beef, Juicy, Tender, Cost effective, Less work, Less waste, Easy to handle, Frozen beef, Frozen meat, Easy to cook, Long shelf life",Other HACCP,We don't have an importer,MELTIQUE BEEF by HOKUBEE AUSTRALIA,https://www.meltiquebeefaustralia.com.au/,Overseas exhibitors | Exportable,,E5-F27,"Meltique Beef Sirloin, Meltique Beef Striploin, Meltique Beef Ribeye, Meltique Beef Cube roll, Meltique Beef, Hokubee, Striploin, Sirloin, Cube roll, Ribeye, Rump, Flap meat, Australian Beef",FOODEX Frozen Processed Food,,https://www.jma-tradeshow.com/foodex/webguide_en/product.php?no=1361
1463,"Inoue Honten Co.,Ltd.：Ponzusyoyu",Soy Sauce | Liquid Seasoning,"■ Food Manufacturers / Processors: Seasoning manufacturers, soup base makers | ■ Retail: Premium supermarkets, gourmet stores, Japanese grocery stores | ■ Food Service: Japanese restaurants, Asian restaurants, hotels, airline catering | ■ Distributors / Importers: Import agents, trading companies, wholesalers | ■ E-commerce / Online Retail: Cross-border EC, online grocery, subscription boxes",Ponzu soy sauce made with wooden barrel soy sauce “Kimajime”. An authentic ponzu featuring the tangy acidity of sudachi and yuzu juices from Tokushima Prefecture. | | ［Supplement］ | This soy sauce is produced by a member brewery of the Kioke Shoyu Export Facilitation Consortium — a group of producers working together to preserve and promote the craft of traditional wooden-barrel brewing for the next 100 years.,,,KIOKE SHOYU EXPORT FACILITATION CONSORTIUM,https://kioke.jp/,Japan exhibitors | Exportable,Exports from Japan,S2-C33,"Wooden Barrel Fermented Soy Sauce, Wooden Barrel Aged, Naturally Brewed, Traditional Method, Wooden Barrel, Fermented Seasoning, Soy Sauce, Japanese Seasoning, Dashi Soy Sauce, Tsuyu, Sauce, No Additives, Small Quantity, Commercial Use, Export Compatible, OEM Compatible, Overseas Seasoning, Japanese Food, Japanese Seasoning, Seasoning, Gluten-Free, Vegan, Kosher",FOODEX JAPAN 2026 / 2026 Japan Meat Industry Fair 50th,https://www.jma-tradeshow.com/foodex/webguide_en/datafile/product_image1_1463.jpg,https://www.jma-tradeshow.com/foodex/webguide_en/product.php?no=1463
1476,"Morita Co.,Ltd：Dashi soy sauce",Soy Sauce | Liquid Seasoning,Retail、Food Service / Hospitality、Distributors / Importers,"It is an authentic dashi soy sauce, simmered by combining our naturally brewed wooden barrel soy sauce with dried Japanese anchovy from the Seto Inland Sea and bonito flakes from Yaizu. | | ［Supplement］ | This soy sauce is produced by a member brewery of the Kioke Shoyu Export Facilitation Consortium — a group of producers working together to preserve and promote the craft of traditional wooden-barrel brewing for the next 100 years.",FSSC22000,,KIOKE SHOYU EXPORT FACILITATION CONSORTIUM,https://kioke.jp/,Japan exhibitors | Exportable,Exports from Japan,S2-C33,"Wooden Barrel Fermented Soy Sauce, Wooden Barrel Aged, Naturally Brewed, Traditional Method, Wooden Barrel, Fermented Seasoning, Soy Sauce, Japanese Seasoning, Dashi Soy Sauce, Tsuyu, Sauce, No Additives, Small Quantity, Commercial Use, Export Compatible, OEM Compatible, Overseas Seasoning, Japanese Food, Japanese Seasoning, Seasoning, Gluten-Free, Vegan, Kosher",FOODEX JAPAN 2026 / 2026 Japan Meat Industry Fair 50th,https://www.jma-tradeshow.com/foodex/webguide_en/datafile/product_image1_1476.jpg,https://www.jma-tradeshow.com/foodex/webguide_en/product.php?no=1476
1503,VEGAN UMAMI RAMEN (Plant-Based Tonkotsu Flavor),Soy Sauce | Miso | Powdered Seasoning | Liquid Seasoning | Vinegar | Noodles | Soups,Health-conscious upper-class consumers. | Premium supermarkets such as Whole Foods and Erewhon Market. | Targeting vegans and vegetarians. | | | | | | |,"Introducing our Vegan Umami Ramen, crafted to deliver a satisfying and flavorful experience while staying 100% animal-free. | | Premium Rice Flour Noodles: | Our noodles are made from Japanese rice flour and infused with powdered log-grown shiitake mushrooms. As the starch dissolves during cooking, it releases a rich umami flavor, ensuring a deep and satisfying taste even without animal-based ingredients. | | Inclusion of Japanese Dried Vegetables: | Featuring vegetables dried using traditional Japanese techniques, these ingredients not only enhance the soup's flavor with additional umami but also offer a delightful texture in every bite. | | Authentically Japanese: | Every component is made in Japan, ensuring the highest quality and authenticity. | | Flavor Variants: | Available in classic Soy Sauce and Miso flavors, providing options to suit diverse palates. | | This ramen is designed to elevate vegan and vegetarian lifestyles, addressing the common challenge of blandness in plant-based meals. Perfect for health-conscious consume",ISO9001,We don't have an importer,TOWA kanbutu,https://towakanbutu.co.jp/,Japan exhibitors | Exportable,Local Specialities in Japan,S2-K12,"Dried shiitake mushrooms, kikurage mushrooms, shrimps, fresh mushrooms, shiitake mushroom powder, dried sardines, grains, tea, lions main powder, etc.",FOODEX JAPAN 2025 / 2025 Japan Meat Industry Fair 49th,https://www.jma-tradeshow.com/foodex/webguide_en/datafile/product_image1_1503.jpg,https://www.jma-tradeshow.com/foodex/webguide_en/product.php?no=1503
1509,REVERIE ORANGE VDF 2024 ORANGE WINE,Still wines - white,ON & OFF TRADE,Excellent value for Money orange wine from France,,We don't have an importer,LGI WINES,https://lgi-wines.com,Overseas exhibitors | Exportable | Co-exhibitor | Organizer : BUSINESS FRANCE,National Pavilion,E2-C11-7,"Various varietals from South of France (Languedoc and Gascony) including: Cabernet Sauvignon, Pinot Noir, Merlot, Chardonnay, Sauvignon blanc, Viognier, Orange wines.",FOODEX JAPAN 2025 / 2025 Japan Meat Industry Fair 49th,https://www.jma-tradeshow.com/foodex/webguide_en/datafile/product_image1_1509.jpg,https://www.jma-tradeshow.com/foodex/webguide_en/product.php?no=1509
1510,ONE STORY CABERNET SAUVIGNON IGP PAYS D'OC 2023,Still wines - red,ON & OFF TRADE,"Excellent Value for Money Cabernet Sauvignon from Languedoc France. Gold Medal Berliner Wine Trophy 2024. Double oaked: 3 months in French oak, 3 month with American oak.",,We don't have an importer,LGI WINES,https://lgi-wines.com,Overseas exhibitors | Exportable | Co-exhibitor | Organizer : BUSINESS FRANCE,National Pavilion,E2-C11-7,"Various varietals from South of France (Languedoc and Gascony) including: Cabernet Sauvignon, Pinot Noir, Merlot, Chardonnay, Sauvignon blanc, Viognier, Orange wines.",FOODEX JAPAN 2025 / 2025 Japan Meat Industry Fair 49th,https://www.jma-tradeshow.com/foodex/webguide_en/datafile/product_image1_1510.jpg,https://www.jma-tradeshow.com/foodex/webguide_en/product.php?no=1510
1517,BTT RESERVA WINE,Still wines - red | Still wines - rose | Still wines - white | Sparkling wines | Fortified wines | Flavored wines | Dessert wines | Organic wines | Vegan wines | Fruit and flavored | Non-alcoholic wines | Low-alcoholic wines,WINE; RED WINE; GRAN RESERVA WINE; MEDALS; QUALITY,BEST WINE OF CHILE 2024 - MUNDUS VINI | PRICE POINT UNDER 2 EUROS/DOLLAR,EU-HACCP | US-HACCP | Other HACCP | PRIMUS GFSI STANDARD,We don't have an importer,BODEGAS TAGUA TAGUA SPA,https://www.bodegastt.cl,Overseas exhibitors | Exportable,,S4-C6,WINE; RED WINE; WHITE WINE; WINE IN BOTTLE; SPARKLING WINE;,FOODEX WINE,https://www.jma-tradeshow.com/foodex/webguide_en/datafile/product_image1_1517.jpg,https://www.jma-tradeshow.com/foodex/webguide_en/product.php?no=1517
1640,OH! Osacana (Small fish & Almonds),Rice Crackers & Healthy Snacks,Retail stores,"7th place in Rakuten Annual Ranking of 2022 in sweets and confectionery category (out of approx. 630,000 shops) | This is a delicious supplementation of calcium as an everyday snack. This healthy snack is very popular as it has sold more than 6 million bags for 6 years since its launch. | Osacana is a good source for growth of bones as it almost meets the recommended daily calcium intake with a single bag. | It is also rich in protein, vitamin D, dietary fiber, and other nutrients. | It is preservative-free so that everyone, from children to the elderly, can enjoy the taste of high-quality ingredients safely. | Currently, there are about 20 flavors available, and we will continue to develop new flavors in the future. | Please find your favorite Osacana. |",FSSC22000,We don't have an importer,Tamachanshop,https://tamachanshop.jp/online/,Japan exhibitors | Exportable,Organic,E5-C15,Organic log-grown shiitake mushrooms | Mushroom chips (5 varieties) | Japanese 30-grain blend | Small fish and almond mix | Collagen,FOODEX JAPAN 2025 / 2025 Japan Meat Industry Fair 49th,https://www.jma-tradeshow.com/foodex/webguide_en/datafile/product_image1_1640.jpg,https://www.jma-tradeshow.com/foodex/webguide_en/product.php?no=1640
1648,Healthy UMAMI Shiitake Mushroom Snack,Rice Crackers & Healthy Snacks,Retail stores etc.,"【Recommended for vegans】 | It is additive-free and pesticide-free, made from 100% plant-based ingredients. | These shiitake mushroom chips are made from only rare Japanese log cultivated shiitake mushrooms. | The vacuum-frying method allows you to enjoy the crispy texture without losing the aroma, flavor, and umami. | It is seasoned with Japanese soup stock for a gentle taste. They are rich in nutrients such as eritadenine, β-glucan, and dietary fiber, which are good for the body. | On October 15, Mushroom Day, it acquired 1st place in Sweets and Confectionery category and Real time Ranking of Rakuten Ichiba. | It is made from 5 kinds of unique mushrooms (shiitake, shimeji, maitake, oyster mushroom, and enoki,) using the vacuum-frying method. | The crispy and crunchy texture and flavorful taste are suitable for everyone from children to the elderly. | This healthy snack allows you to enjoy the nutrition and flavor of mushrooms. |",FSSC22000,We don't have an importer,Tamachanshop,https://tamachanshop.jp/online/,Japan exhibitors | Exportable,Organic,E5-C15,Organic log-grown shiitake mushrooms | Mushroom chips (5 varieties) | Japanese 30-grain blend | Small fish and almond mix | Collagen,FOODEX JAPAN 2025 / 2025 Japan Meat Industry Fair 49th,https://www.jma-tradeshow.com/foodex/webguide_en/datafile/product_image1_173372849375.jpg,https://www.jma-tradeshow.com/foodex/webguide_en/product.php?no=1648
1662,Dried and shaved fish cake,Processed seafood products,Men and women of all ages,"This is shaved kamaboko, made by drying kamaboko and shaving it into flakes. It is a traditional food produced in Ehime Prefecture since the Meiji era. It can be stored at room temperature for up to one year. It features a hanging hole and a zipper closure for display. It is sold not only domestically but also overseas. It is used in department stores, mass retailers, souvenir shops, mail order, gifts, and restaurants.",,,"TANIMOTO KAMABOKOTEN Co.,Ltd",https://tanimotokamabokoten.com/,Japan exhibitors | Exportable | Co-exhibitor | Organizer : Ehime Prefecture Organizing Committee/Uwajima City/Yawatahama City/Seiyo City,Local Specialities in Japan,S3-G17-016,"Dried Fish Cake,Fish wrapped around bamboo、Seafood chinese dumpling、Fried Fish Cake,Fried Fish Cake with RiceBuger",FOODEX JAPAN 2026 / 2026 Japan Meat Industry Fair 50th,https://www.jma-tradeshow.com/foodex/webguide_en/datafile/product_image1_1662.jpg,https://www.jma-tradeshow.com/foodex/webguide_en/product.php?no=1662
1672,With shell and liver 8 pieces per pack Large size 111–140g,Processed seafood products,"Food and beverage industry, hotels, izakayas (Japanese pubs), Japanese cuisine,wedding industry, barbecue","Cultivated in the nutrient-rich waters of Fujian Province, the high-quality and highly nutritious ""Fujian Ezo abalone"" is highly regarded not only in the Chinese domestic market but also internationally.",JAN Code 4580751604017,,XIAOMAIJAPAN,http://www.24xiaomai.com/jp/,Japan exhibitors | Exportable,,W3-K08,"Da Dong Peking Roast Duck, Blue Ribbon Braised Beef Brisket Rice, Cold Noodles with Shredded Chicken, Mapo Sauce, Yuxiang (Fish-Fragrant) Sauce, Kung Pao Sauce, Junyang Thin-Skin Chive Dumplings, Junyang Lava Brown Sugar Steamed Bun, Junyang Lava Brown Sugar Rice Cake, Junyang Thin-Skin Shumai with Salted Egg Yolk, Birch Sap (Birch Water), Caviar, Abalone.",FOODEX Frozen Processed Food,https://www.jma-tradeshow.com/foodex/webguide_en/datafile/product_image1_176474054476.jpg,https://www.jma-tradeshow.com/foodex/webguide_en/product.php?no=1672
1680,Japanese 30-Grain Soup Stock,Miso | Liquid Seasoning | Soups,Retail stores,"This product is a soup stock made with 30 kinds of minor grains cultivated in Japan. Just by dissolving it in hot water, it will be ready to serve in 10 seconds. | You can easily take in the nutrients of 30 kinds of ingredients with a soup. | There are 8 flavors available such as Miso, Spicy miso, Yakuzen, Tomato, Chinese, Bouillabaisse, Detox, and Dashi. | Miso flavor won the Grand Prix in Japan Food Selection 2023 which is evaluated by 23,000 food analysts. | It can be used as a vegetable dip, a topping on rice balls, and as a spice for various dishes. | | Miso (traditional Japanese seasoning) | Chige (spicy, rich taste, and appetizing with sesame oil) | Yakuzen (made with herbal ingredients) | Tomato (with umami flavor and acidity of tomatoes) | Detoc (made with 7 kinds of black ingredients) | Chinese soup (rich flavor of scallops and chicken) | Bouillabaisse (filled with the flavor of seafood) | Dashi (packed with 3 types of Japanese umami ingredients) |",ISO22000,We don't have an importer,Tamachanshop,https://tamachanshop.jp/online/,Japan exhibitors | Exportable,Organic,E5-C15,Organic log-grown shiitake mushrooms | Mushroom chips (5 varieties) | Japanese 30-grain blend | Small fish and almond mix | Collagen,FOODEX JAPAN 2025 / 2025 Japan Meat Industry Fair 49th,https://www.jma-tradeshow.com/foodex/webguide_en/datafile/product_image1_173373469283.jpg,https://www.jma-tradeshow.com/foodex/webguide_en/product.php?no=1680
1686,"JAPAN No,1 WAGYU BEEF ""NAKAYAMA WAGYU """,Unprocessed Meat,"Wholesalers, meat distributors, importers, restaurants, hotels, retailers, trading companies, dining establishments, butcher shops, steakhouses, burger joints, fine dining restaurants, luxury hotels.","With advanced breeding techniques and exceptional quality standards focused on umami flavor, we were awarded the top honor at the 2022 Wagyu Olympics (National Competitive Exhibition of Wagyu), held once every five years. | | Continuing our pursuit of the ultimate umami, we create a stress-free environment for our cattle and employ AI-powered image recognition technology for 24-hour monitoring. Our unique feed blend incorporates koji mold, the same used in renowned premium shochu brands such as Maou, Moriizo, and Murao, resulting in rich, creamy, and flavorful Kuroge Wagyu. | | We deliver premium, high-quality Wagyu beef directly from our farm to you.",ISO9001 | ISO22000 | EU-HACCP | US-HACCP | Other HACCP,We don't have an importer,"USHINO NAKAYAMA, Co., Ltd.",https://www.youtube.com/watch?v=5O0fi5ERu6Q,Japan exhibitors | Exportable | Co-exhibitor | Organizer : Kagoshima Prefecture,Exports from Japan,S1-C04-00,"JAPAN No,1 WAGYU BEEF ""NAKAYAMA WAGYU Beef""",FOODEX JAPAN 2025 / 2025 Japan Meat Industry Fair 49th,https://www.jma-tradeshow.com/foodex/webguide_en/datafile/product_image1_173373751996.jpg,https://www.jma-tradeshow.com/foodex/webguide_en/product.php?no=1686
1692,Whole Bone-in Iberico Ham – DOP Guijuelo Selection,Frozen Meat | Dried Meat,"Importers and distributors specialized in premium cured meats, gourmet and specialty food retailers, high-end supermarkets, luxury department stores, delicatessen shops, hotels and fine dining restaurants seeking authentic Spanish Iberian ham with certified origin. | | Targeted at professional buyers looking for a strong origin story, protected designation of origin and clear differentiation within the Iberian ham category. Especially suitable for partners supplying the premium retail, gift and horeca segments, where authenticity, tradition and certification are key purchasing criteria. | | Ideal for importers and distributors focused on European delicatessen products, Spanish gastronomy and premium food categories with strong added value and storytelling for the Japanese market.","Authentic Iberian ham produced in Guijuelo, one of the most prestigious curing regions in Spain, protected by the Denomination of Origin Guijuelo (DOP). This certification guarantees origin, traditional production methods and strict quality control throughout the entire process. | | Our range includes cebo, cebo de campo, bellota 75% DOP, bellota 100% and bellota 100% DOP, offering flexibility for different market segments while maintaining a clear premium positioning. | | Slow natural curing under the unique climate of Guijuelo provides balanced flavor, elegant aroma and excellent texture. A strong differentiation tool for the Japanese market, where certified origin, tradition and authenticity are key decision factors for premium cured meat buyers.","IFS, BRC, Animal Welfare...",,IBÉRICOS CESAR NIETO,https://www.cesarnieto.com/,Overseas exhibitors | Exportable | Co-exhibitor | Organizer : JAMONES IBERICOS,Meat,S1-K06-005,"Frozen Iberico pork meat, Whole bone-in Iberian ham DOP Guijuelo, Natural Iberico cured sausages (chorizo, salchichón, loin), Iberico mixed sliced selection, Iberico pork collar (cabecero without presa)",FOODEX JAPAN 2026 / 2026 Japan Meat Industry Fair 50th,https://www.jma-tradeshow.com/foodex/webguide_en/datafile/product_image1_1692.jpg,https://www.jma-tradeshow.com/foodex/webguide_en/product.php?no=1692
1694,Organic extra virgin olive oil,Organic Products | Vegetable & Animal Oils & Fats,,,,We have an importer,MIGASA,https://www.migasa.com ,Overseas exhibitors | Exportable | Co-exhibitor | Organizer : ICEX SPAIN TRADE AND INVESTMENT,National Pavilion,E2-A21-30,"Organic extra virgin olive oil, Extra virgin olive oil, Pure olive oil, Blend oil, olive-pomace oil, canola oil, high oleic sunflower oil, sunflower oil",FOODEX JAPAN 2025 / 2025 Japan Meat Industry Fair 49th,,https://www.jma-tradeshow.com/foodex/webguide_en/product.php?no=1694
1698,Olive-pomace oil,Vegetable & Animal Oils & Fats,Extra virgin olive oil,Extra virgin olive oil,,We have an importer,MIGASA,https://www.migasa.com ,Overseas exhibitors | Exportable | Co-exhibitor | Organizer : ICEX SPAIN TRADE AND INVESTMENT,National Pavilion,E2-A21-30,"Organic extra virgin olive oil, Extra virgin olive oil, Pure olive oil, Blend oil, olive-pomace oil, canola oil, high oleic sunflower oil, sunflower oil",FOODEX JAPAN 2025 / 2025 Japan Meat Industry Fair 49th,,https://www.jma-tradeshow.com/foodex/webguide_en/product.php?no=1698
1711,Stevia Sweetener,Health & Wellness Products,"Our Stevia is a premium zero-calorie sweetener, meticulously crafted to provide a taste profile virtually indistinguishable from sugar, without any aftertaste. It combines Erythritol, a naturally occurring polialcohol found in fruits, with high-purity Steviol Glycosides derived from stevia leaves. Scientifically formulated to have no impact on glycemic index, it is an excellent choice for individuals managing diabetes or seeking healthier lifestyle solutions.This innovative product is ideally suited for the health and wellness sector, natural and specialty food markets, and brands prioritizing diabetic-friendly or calorie-conscious offerings.","Our Stevia offers a versatile and innovative solution for a variety of applications. Designed to appeal to health-conscious individuals, diabetics, and those managing calorie intake, our Stevia combines functionality and flavor to exceed consumer expectations. Our product is crystallised in a process in which all crystals have the exact formulation without the necessity of mixing products.Thanks to our manufacturing process, both ingredients are fused into one crystal, bringing to the product a 100% natural and homogeneous flavour. Not only does this make our stevia products natural as we don’t use artificial aromas or ingredients but also allows us to eliminate the aftertaste.As a result of combining both erythritol and steviol glycosides (stevia), our product is calorie free and has a glycemic index of 0%, making it suitable for diabetic consumers.","HALAL | FDA | Kosher Star K, IFS, FSSC 22000",We don't have an importer,CASTELLO SINCE 1907,https://www.naturalcastello.com/,Overseas exhibitors | Exportable | Co-exhibitor | Organizer : ICEX SPAIN TRADE AND INVESTMENT,National Pavilion,E2-A21-24,"Stevia sweetener, erythritol sweetener, 0% and low sodium salts, Ice Tea, baking powder.",FOODEX JAPAN 2025 / 2025 Japan Meat Industry Fair 49th,https://www.jma-tradeshow.com/foodex/webguide_en/datafile/product_image1_1711.jpg,https://www.jma-tradeshow.com/foodex/webguide_en/product.php?no=1711
1712,Amaranth Cranch Bars,Vegan | Halal | Cereals / Fruit Bars | Rice Crackers & Healthy Snacks,"amaranth, bars, cranch bars, cereal bar, energy bars, amaranth bars, gluten-free, sugar free, superfood","amaranth, bars, cranch bars, cereal bar, energy bars, amaranth bars, gluten-free, sugar free, superfood",,We don't have an importer,Amarion Foods DMCC,,Overseas exhibitors | Exportable,Organic,E5-Q11,,FOODEX JAPAN 2025 / 2025 Japan Meat Industry Fair 49th,https://www.jma-tradeshow.com/foodex/webguide_en/datafile/product_image1_173374631376.jpg,https://www.jma-tradeshow.com/foodex/webguide_en/product.php?no=1712
1713,Ice Tea,Instant Beverages | Tea,"Our Ice Tea is designed to meet the needs of modern, health-conscious consumers and eco-minded distributors. Ideal for individuals seeking sugar-free, low-calorie beverage options, it caters to those looking to maintain or reduce their caloric intake while enjoying great taste. Its portability and ability to encourage water consumption make it especially appealing to on-the-go lifestyles and busy professionals. | | For distributors, it addresses the growing demand for sugar-free products in the health and wellness sector. The compact sachets optimize shelf and storage space, reduce logistics costs, and appeal to environmentally conscious customers by minimizing plastic waste. Perfect for retail, food service, and specialty markets, our Ice Tea aligns with the preferences of a diverse and expanding target audience while supporting sustainable and profitable operations.","Our Ice Tea offers a range of compelling benefits for both consumers and distributors. It is sugar-free and aspartame-free, making it ideal for health-conscious individuals. Low in calories, it supports those managing their weight while providing a refreshing hydration option for those who struggle to drink enough water. The compact, portable sachets are perfect for on-the-go lifestyles and outdoor activities, offering convenience without compromising taste. Each sachet produces half a liter of tea, delivering great value. The eco-friendly design reduces plastic waste, making it a sustainable choice. Its space-efficient packaging lowers storage and logistical costs for distributors, while its minimal shelf footprint optimizes retail display. Meeting the growing demand for sugar-free products, our Ice Tea expands the customer base and boosts profitability by reducing storage and transportation expenses.","HALAL | FDA | Kosher Star K, IFS, FSSC 22000",We don't have an importer,CASTELLO SINCE 1907,https://www.naturalcastello.com/,Overseas exhibitors | Exportable | Co-exhibitor | Organizer : ICEX SPAIN TRADE AND INVESTMENT,National Pavilion,E2-A21-24,"Stevia sweetener, erythritol sweetener, 0% and low sodium salts, Ice Tea, baking powder.",FOODEX JAPAN 2025 / 2025 Japan Meat Industry Fair 49th,https://www.jma-tradeshow.com/foodex/webguide_en/datafile/product_image1_1713.jpg,https://www.jma-tradeshow.com/foodex/webguide_en/product.php?no=1713
1720,Salt 60% Less Sodium,Health & Wellness Products,"Castelló low-sodium salt with 60% less sodium is specifically designed for individuals and organizations aiming to promote healthier dietary choices. It is particularly well-suited for those managing low-sodium diets, including people with specific health conditions like hypertension or heart disease. Additionally, it serves the needs of food manufacturers, culinary professionals, and hospitality businesses that prioritize health-conscious offerings without compromising on flavor, making it an ideal ingredient for a wide range of applications.","Castelló low-sodium salt stands out as a premium health-conscious alternative. It is created using advanced blending techniques that combine sodium chloride and potassium chloride, resulting in a product that offers 60% less sodium while retaining a natural salty taste. | | Castelló low-sodium salt meets the needs of a broad range of consumers by being Kosher, gluten-free, and suitable for vegans and vegetarians, ensuring it aligns with diverse dietary preferences and requirements",FDA,We don't have an importer,CASTELLO SINCE 1907,https://www.naturalcastello.com/,Overseas exhibitors | Exportable | Co-exhibitor | Organizer : ICEX SPAIN TRADE AND INVESTMENT,National Pavilion,E2-A21-24,"Stevia sweetener, erythritol sweetener, 0% and low sodium salts, Ice Tea, baking powder.",FOODEX JAPAN 2025 / 2025 Japan Meat Industry Fair 49th,https://www.jma-tradeshow.com/foodex/webguide_en/datafile/product_image1_1720.jpg,https://www.jma-tradeshow.com/foodex/webguide_en/product.php?no=1720
1724,Granola,Baked Goods | Gluten-free | Health & Wellness Products | Vegan | Savoury Baked Products | Cereals / Fruit Bars | Breakfast Cereals,"granola, baked granola, superfood, amaranth granola, gluten-free, sugar-free","granola, baked granola, superfood, amaranth granola, gluten-free, sugar-free",,We don't have an importer,Amarion Foods DMCC,,Overseas exhibitors | Exportable,Organic,E5-Q11,,FOODEX JAPAN 2025 / 2025 Japan Meat Industry Fair 49th,https://www.jma-tradeshow.com/foodex/webguide_en/datafile/product_image1_173376064964.jpg,https://www.jma-tradeshow.com/foodex/webguide_en/product.php?no=1724
1734,Vianda Freeze Dried Fruits: Avocado 🥑 Mango 🥭 Pineapple 🍍 Blueberry 🫐 Strawberry 🍓Raspberry ❤️,Baked Goods | Cakes / Dessert | Bread | Japanese sweets | Gluten-free | Instant Beverages | Juice | Non-alcoholic Beverages | Smoothies | Powdered Seasoning | Dried Fruits | Fortified & Functional Products | Protein Drink | Supplements | Health & Wellness Products | Frozen Fruit & Vegetables | Vegetarian | Vegan | Kosher | Dried Fruit & Vegetables | Rice Crackers & Healthy Snacks,"Our product is for F&B companies with interest in saving costs from cold storage, saving time from peeling fruit, reducing fruit waste and use of 100% natural fruit pulp as ingredient conserving full nutrition profile to offer a healthy menu. | | Retail importers with distribution network in supermarkets, department stores, convenience stores, specialty stores. | | Cafeterias, smoothie & juice bars. | | Hotel restaurants and restaurants with fruit pulp as ingredients for menu. | | Pop up kitchens at corporate offices, factories, events and more. | | Bulk importers with distribution network in horeca chains, OEMs. | | OEM manufacturers of food, beverage, snacks and sweets ; ready to eat, ready to drink, instant fruit ingredient.","VIANDA offers 100% natural and nutritious fruits. No added sugar. No added preservatives. Gluten free. | | VIANDA products support every lifestyle with health and beauty benefits from our selection of fruits. | | We follow high quality food safety standards to offer you high quality natural gourmet products. | | Our fruits follow their natural maturing cycle. We freeze-dry the fruit when it reaches its prime time of ripeness, flavor and nutrient richness. | | Our freeze drying process locks in the full nutrient profile to conserve each fruit's functional benefits! | | Avocado 🥑: Packed with healthy fats and antioxidants for heart health and glowing skin. | Mango 🥭: Rich in vitamin C and beta-carotene for immune support and radiant skin. | Pineapple 🍍: Contains bromelain for digestion and anti-inflammatory benefits for joints and skin. | Blueberry 🫐: High in antioxidants to protect cells and promote youthful skin. | Strawberry 🍓: Packed with vitamin C to boost immunity and brighten complexion. | Raspberry ❤️: Full of fiber and ellagic acid for digestive health and UV protection for skin. | | Our recipes are designed by Japanese dietitian. VIANDA is a convenient, delicious, natural & nutritious option!","ISO22000 | US-HACCP | FDA | Jay-Kosher, GlobalSTD",We have an importer,VIANDA Freeze-Dried Fruits: Avocado Mango Pineapple Blueberry Raspberry Strawberry,https://vianda.jp/,Overseas exhibitors | Exportable,Healthcare Foods,E5-N18,"Vianda Freeze-Dried Fruit | 🥑 🥭 🍍 🫐 🍓 ❤️ | Avocado, mango, pineapple, blueberry, raspberry and strawberry. | | VIANDA mastered the freeze-dried process for our premium selection of fruits to preserve their functional benefits for health and beauty. For example healthy fats, antioxidants, vitamins and natural elements that help for skin health, anti-aging, digestive support, collagen boost, sustained energy and more! | | Advantages of VIANDA Freeze-Dried Fruit: 100% natural, vibrant color, intense flavor, packed with nutrients, vegan, gluten-free, no sugar added, superfoods. | | | 1) VIANDA Snack | Fruit options: avocado, mango, pineapple, blueberry, raspberry and strawberry. | Crunchy and practical to bring along with you for a healthy lifestyle! | Retail: 20g per bag. | | 2) VIANDA Powder | Fruit options: avocado, mango, pineapple, blueberry, raspberry and strawberry. | Ready for smoothies or any recipe for healthy cooking! | Retail: 75g per bag. | | 3) VIANDA OEM | Fruit: avocado. Other fruit options are offered upon inquiry. | Fruit ingredients to create ready-to-drink or ready-to-eat products. | Add an intense flavor and maintain all the nutrients! | Bulk: 1 kg and 5 kg, per bag.",FOODEX JAPAN 2025 / 2025 Japan Meat Industry Fair 49th,https://www.jma-tradeshow.com/foodex/webguide_en/datafile/product_image1_1734.jpg,https://www.jma-tradeshow.com/foodex/webguide_en/product.php?no=1734
1736,Tomato,Fresh Fruit & Vegetables,"Retail, Food Service","Fresh Vegetables Shelves, Restaurant Branch",ISO22000 | US-HACCP | Other HACCP | FSMA | FDA | GMP | GAP | USDA Organic Certification | Non-GMO Certification,We don't have an importer,AMHPAC,https://amhpac.org/es/index.php/en,Overseas exhibitors | Exportable | Co-exhibitor | Organizer : MEXICO,National Pavilion,E4-C18-00,"Mini Tomato, Tomato, Bell Pepper, Mini Bell Pepper, Paprika, Cucumber, Eggplant",FOODEX JAPAN 2025 / 2025 Japan Meat Industry Fair 49th,https://www.jma-tradeshow.com/foodex/webguide_en/datafile/product_image1_1736.jpg,https://www.jma-tradeshow.com/foodex/webguide_en/product.php?no=1736
1740,Shiitake Mushroom Powder,Mushroom | Powdered Seasoning | Vegetarian | Vegan,Retail stores,"Our shiitake mushroom powder is made from shiitake mushrooms cultivated at our farm, which has been cultivating shiitake mushrooms for over 50 years in a region blessed with the mild climate of Southern Kyushu and an abundant water source flowing from Kirishima. | We can slice, powder, and dice up shiitake mushrooms because we handle the entire process from felling to cultivation, processing, and sales. | Our log cultivated shiitake mushrooms grown in the great nature for more than 2 years are thicker and richer in nutrients unlike foreign or artificial shiitake mushrooms. | They are rich in guanylic acid, which is an ingredient of umami flavor, and are also recommended for vegans.",FSSC22000,We don't have an importer,Tamachanshop,https://tamachanshop.jp/online/,Japan exhibitors | Exportable,Organic,E5-C15,Organic log-grown shiitake mushrooms | Mushroom chips (5 varieties) | Japanese 30-grain blend | Small fish and almond mix | Collagen,FOODEX JAPAN 2025 / 2025 Japan Meat Industry Fair 49th,https://www.jma-tradeshow.com/foodex/webguide_en/datafile/product_image1_173379048856.jpg,https://www.jma-tradeshow.com/foodex/webguide_en/product.php?no=1740
1743,Broad Bean Snack,Vegetarian | Vegan | Vegetable snacks,Retail stores,"This is a healthy snack made of broad beans. | The more you chew, the more flavorful and nutritious it becomes. | It contains about 4 times as much protein as tofu, twice as much iron as spinach and as much potassium as bananas, and is rich in other nutrients such as dietary fiber, folic acid, and vitamins. | It is a snack and nibble that is good for health and beauty. | The easy-to-carry size allows you to quickly replenish your energy when you get hungry. | Please enjoy this tasty and healthy nutritional food.",ISO9001 | ISO22000,We don't have an importer,Tamachanshop,https://tamachanshop.jp/online/,Japan exhibitors | Exportable,Organic,E5-C15,Organic log-grown shiitake mushrooms | Mushroom chips (5 varieties) | Japanese 30-grain blend | Small fish and almond mix | Collagen,FOODEX JAPAN 2025 / 2025 Japan Meat Industry Fair 49th,https://www.jma-tradeshow.com/foodex/webguide_en/datafile/product_image1_173379135504.jpg,https://www.jma-tradeshow.com/foodex/webguide_en/product.php?no=1743
1744,Tanpaku Otome (Protein powder specialized for beauty),Fortified & Functional Products | Protein Drink | Supplements | Health & Wellness Products,Retail stores,"Won the 1st place in the Diet and Health category of Rakuten Annual Ranking (for 2 consecutive years in 2021 and 2022.) | ""Tanpaku Otome"" is protein powder particularly for women specialized for beauty. | It contains protein which is essential for the body and more than 25 kinds of nutritional ingredients for women. | It is an all-in-one beauty food that provides the recommended daily amount of beauty and nutritional ingredients in a single serving. | It contains plenty of beauty ingredients such as collagen and hyaluronic acid added to 2 types of protein (soy and whey,) vitamins, and minerals. | It does not contain sugar or artificial sweeteners, but a natural sweetener of ""monk fruit"" instead, resulting in a low carbohydrate and is only about 56kcal per serving. | In addition to 11 flavors, there are also individually wrapped smaller packages for trial use or for easy carrying, as well as the Soy Series of soy protein and beauty ingredients. | Sales promotional tools such as POP advertising and furniture can also be provided.",,We don't have an importer,Tamachanshop,https://tamachanshop.jp/online/,Japan exhibitors | Exportable,Organic,E5-C15,Organic log-grown shiitake mushrooms | Mushroom chips (5 varieties) | Japanese 30-grain blend | Small fish and almond mix | Collagen,FOODEX JAPAN 2025 / 2025 Japan Meat Industry Fair 49th,https://www.jma-tradeshow.com/foodex/webguide_en/datafile/product_image1_173379205881.jpg,https://www.jma-tradeshow.com/foodex/webguide_en/product.php?no=1744
1746,MOROCOCCHI (Corn snack),Vegetarian | Vegan | Savoury snacks | Vegetable snacks,Retail stores,"1. Crispy and Light Texture | Morococchi features a new, crispy texture achieved through freeze-drying technology, preserving the natural sweetness of corn. | | 2. Nutrient-Rich Corn | Packed with dietary fiber and B vitamins, it offers a healthy snack option. | | 3. Variety of Flavors | Available in three delicious flavors: ""Salt,"" ""Barbecue,"" and ""Soy sauce & Butter."" | | 4. Healthy Snack Choice | With only about 107-109 kcal per 25g bag, you can enjoy it guilt-free. | | 5. Versatile Uses | Perfect as a standalone snack, it also works well as a salad topping or as a crunchy addition to soups.",FSSC22000,We don't have an importer,Tamachanshop,https://tamachanshop.jp/online/,Japan exhibitors | Exportable,Organic,E5-C15,Organic log-grown shiitake mushrooms | Mushroom chips (5 varieties) | Japanese 30-grain blend | Small fish and almond mix | Collagen,FOODEX JAPAN 2025 / 2025 Japan Meat Industry Fair 49th,https://www.jma-tradeshow.com/foodex/webguide_en/datafile/product_image1_1746.jpg,https://www.jma-tradeshow.com/foodex/webguide_en/product.php?no=1746
1750,Origin Nuts,Nuts | Rice Crackers & Healthy Snacks,Nuts,"Premium macadamia nuts in-shell, open by hand",ISO22000 | Other HACCP | HALAL | FDA | GMP,We don't have an importer,TBK Green Food,https://tbkgreenfood.com/,Overseas exhibitors | Exportable,Agricultural Food,E7-K10,"Macadamia nuts, nuts, granola, trail mix",FOODEX JAPAN 2025 / 2025 Japan Meat Industry Fair 49th,https://www.jma-tradeshow.com/foodex/webguide_en/datafile/product_image1_1750.jpg,https://www.jma-tradeshow.com/foodex/webguide_en/product.php?no=1750
1838,Le Petit Cochonnet,Still wines - red | Still wines - rose | Still wines - white,,Le Petit Cochonnet is the gourmet friends... | A natural approach to the wine to quite simply highlight fruit and freshness. Don't make a pig of it and don't be fooled by its rustic character. | Le Petit Cochonnet... A story of pun !,,We don't have an importer,MAISON GINESTET,https://www.maison-ginestet.com/,Overseas exhibitors | Exportable | Co-exhibitor | Organizer : BUSINESS FRANCE,National Pavilion,E2-C11-14,"French wines, Bordeaux, Languedoc, Loire, Rhone",FOODEX JAPAN 2025 / 2025 Japan Meat Industry Fair 49th,,https://www.jma-tradeshow.com/foodex/webguide_en/product.php?no=1838
1843,Bourgogne Hautes-Côtes de Nuits Fontaine Saint Martin Rouge 2023,Still wines - red,,,,We have an importer,MICHEL GROS,https://www.domaine-michel-gros.com/,Overseas exhibitors | Exportable | Co-exhibitor | Organizer : BUSINESS FRANCE,National Pavilion,E2-C11-1,"Burgundy wines of Domaine Michel GROS, vintage 2023 : | Bourgogne Hautes-Côtes de Nuits Blanc ""Fontaine Saint Martin"" | Bourgogne Côte d'Or | Bourgogne Hautes-Côtes de Nuits | Bourgogne Hautes-Côtes de Nuits ""Au Vallon"" | Bourgogne Hautes-Côtes de Nuits Rouge ""Fontaine Saint Martin"" | Vosne Romanée | Chambolle Musigny | Nuits Saint Georges | Nuits Saint Georges ""Les Chaliots"" | Morey Saint Denis ""En la Rue de Vergy"" | Gevrey-Chambertin ""La Platière"" | Nuits Saint Georges 1er Cru | Vosne Romanée 1er Cru ""Aux Brûlées"" | Vosne Romanée 1er Cru ""Clos des Réas"" - MONOPOLE | Clos Vougeot ""Grand Maupertuis"" | Échezeaux ""Les Loachausses"" | Richebourg",FOODEX JAPAN 2025 / 2025 Japan Meat Industry Fair 49th,https://www.jma-tradeshow.com/foodex/webguide_en/datafile/product_image1_173382475941.jpg,https://www.jma-tradeshow.com/foodex/webguide_en/product.php?no=1843
1844,Château Larose Trintaudon,Still wines - red,,"The origins of the estate date back to 1719, but it was in 1838 that a certain Henry Delaroze, mayor of Saint-Laurent, created the vineyard on the holding of Trintaudon, a magnificent and previously uncultivated gravel hillock. In 1870, Count Ernest de Lahens presided over the destiny of an area of 345 ha and had Château de Trintaudon built, surmounted by its tower, which dominates like a lighthouse over an ocean of vines. Over the years, Larose-Trintaudon was acquired by a general in the Spanish army, Duke Del Infantado, then the Forner family, owners at the time of Camensac and Marques de Caceres. In 1986, Allianz took possession of the estate, one of the largest vineyards in the Médoc by its surface area and its production, with a very good reputation and recognised as being among the best Crus Bourgeois. | The magical combination of exceptional terroir and scale allowed it to become known to a wide audience in the early 1980s, becoming the guest of honour at retail wine fairs. For almost 40 years now it has been a mainstay of wine lovers’ cellars, with its memories of family conviviality, a tradition...",,We don't have an importer,MAISON GINESTET,https://www.maison-ginestet.com/,Overseas exhibitors | Exportable | Co-exhibitor | Organizer : BUSINESS FRANCE,National Pavilion,E2-C11-14,"French wines, Bordeaux, Languedoc, Loire, Rhone",FOODEX JAPAN 2025 / 2025 Japan Meat Industry Fair 49th,https://www.jma-tradeshow.com/foodex/webguide_en/datafile/product_image1_173382491404.jpg,https://www.jma-tradeshow.com/foodex/webguide_en/product.php?no=1844
1845,Vosne Romanée 2023,Still wines - red,,,,We have an importer,MICHEL GROS,https://www.domaine-michel-gros.com/,Overseas exhibitors | Exportable | Co-exhibitor | Organizer : BUSINESS FRANCE,National Pavilion,E2-C11-1,"Burgundy wines of Domaine Michel GROS, vintage 2023 : | Bourgogne Hautes-Côtes de Nuits Blanc ""Fontaine Saint Martin"" | Bourgogne Côte d'Or | Bourgogne Hautes-Côtes de Nuits | Bourgogne Hautes-Côtes de Nuits ""Au Vallon"" | Bourgogne Hautes-Côtes de Nuits Rouge ""Fontaine Saint Martin"" | Vosne Romanée | Chambolle Musigny | Nuits Saint Georges | Nuits Saint Georges ""Les Chaliots"" | Morey Saint Denis ""En la Rue de Vergy"" | Gevrey-Chambertin ""La Platière"" | Nuits Saint Georges 1er Cru | Vosne Romanée 1er Cru ""Aux Brûlées"" | Vosne Romanée 1er Cru ""Clos des Réas"" - MONOPOLE | Clos Vougeot ""Grand Maupertuis"" | Échezeaux ""Les Loachausses"" | Richebourg",FOODEX JAPAN 2025 / 2025 Japan Meat Industry Fair 49th,https://www.jma-tradeshow.com/foodex/webguide_en/datafile/product_image1_173382492176.jpg,https://www.jma-tradeshow.com/foodex/webguide_en/product.php?no=1845
1847,Vosne Romanée 1er Cru Clos des Réas Monopole 2023,Still wines - red,,,,We have an importer,MICHEL GROS,https://www.domaine-michel-gros.com/,Overseas exhibitors | Exportable | Co-exhibitor | Organizer : BUSINESS FRANCE,National Pavilion,E2-C11-1,"Burgundy wines of Domaine Michel GROS, vintage 2023 : | Bourgogne Hautes-Côtes de Nuits Blanc ""Fontaine Saint Martin"" | Bourgogne Côte d'Or | Bourgogne Hautes-Côtes de Nuits | Bourgogne Hautes-Côtes de Nuits ""Au Vallon"" | Bourgogne Hautes-Côtes de Nuits Rouge ""Fontaine Saint Martin"" | Vosne Romanée | Chambolle Musigny | Nuits Saint Georges | Nuits Saint Georges ""Les Chaliots"" | Morey Saint Denis ""En la Rue de Vergy"" | Gevrey-Chambertin ""La Platière"" | Nuits Saint Georges 1er Cru | Vosne Romanée 1er Cru ""Aux Brûlées"" | Vosne Romanée 1er Cru ""Clos des Réas"" - MONOPOLE | Clos Vougeot ""Grand Maupertuis"" | Échezeaux ""Les Loachausses"" | Richebourg",FOODEX JAPAN 2025 / 2025 Japan Meat Industry Fair 49th,https://www.jma-tradeshow.com/foodex/webguide_en/datafile/product_image1_1847.jpg,https://www.jma-tradeshow.com/foodex/webguide_en/product.php?no=1847
1856,CABALLO ESPAÑOL GOLD EDITION,Still wines - red,"High end Restaurants/Bars/Wine clubs, Michellin Star and alike, 5 star Hotels and Resorts, Premium end- consumer market, wine collectors, exclusive clubs",WEBS & WINERY,,We don't have an importer,BODEGA SIERRA ALMAGRERA,https://bodegasierraalmagrera.com/,Overseas exhibitors | Exportable | Co-exhibitor | Organizer : ICEX SPAIN TRADE AND INVESTMENT,National Pavilion,E2-A21-78,"CABALLO ESPAÑOL GOLD EDITION, CABALLO ESPAÑOL SILVER EDITION, SIERRA ALMAGRERA RED WINE, SIERRA ALMAGRERA WHITE WINE, ANTAS ROSÉ WINE, ANTAS SYRAH RED WINE",FOODEX JAPAN 2025 / 2025 Japan Meat Industry Fair 49th,https://www.jma-tradeshow.com/foodex/webguide_en/datafile/product_image1_1856.jpg,https://www.jma-tradeshow.com/foodex/webguide_en/product.php?no=1856
1859,CABALLO ESPAÑOL SILVER EDITION,Still wines - red,"High end and medium high Restaurants/Bars/Wine clubs, Michellin Star and alike, 4 and 5 star Hotels and Resorts, Premium end- consumer market, exclusive wine buyers",WEBS & WINERY,,We don't have an importer,BODEGA SIERRA ALMAGRERA,https://bodegasierraalmagrera.com/,Overseas exhibitors | Exportable | Co-exhibitor | Organizer : ICEX SPAIN TRADE AND INVESTMENT,National Pavilion,E2-A21-78,"CABALLO ESPAÑOL GOLD EDITION, CABALLO ESPAÑOL SILVER EDITION, SIERRA ALMAGRERA RED WINE, SIERRA ALMAGRERA WHITE WINE, ANTAS ROSÉ WINE, ANTAS SYRAH RED WINE",FOODEX JAPAN 2025 / 2025 Japan Meat Industry Fair 49th,https://www.jma-tradeshow.com/foodex/webguide_en/datafile/product_image1_1859.jpg,https://www.jma-tradeshow.com/foodex/webguide_en/product.php?no=1859
1874,ANTAS ROSÉ WINE,Still wines - rose,"Mid range to High end Restaurants/Bars/Wine clubs, 2 and 5 star Hotels and Resorts, Ocean Cruisers, Airlines, Mid to high end consumers",WEBS & WINERY,,We don't have an importer,BODEGA SIERRA ALMAGRERA,https://bodegasierraalmagrera.com/,Overseas exhibitors | Exportable | Co-exhibitor | Organizer : ICEX SPAIN TRADE AND INVESTMENT,National Pavilion,E2-A21-78,"CABALLO ESPAÑOL GOLD EDITION, CABALLO ESPAÑOL SILVER EDITION, SIERRA ALMAGRERA RED WINE, SIERRA ALMAGRERA WHITE WINE, ANTAS ROSÉ WINE, ANTAS SYRAH RED WINE",FOODEX JAPAN 2025 / 2025 Japan Meat Industry Fair 49th,https://www.jma-tradeshow.com/foodex/webguide_en/datafile/product_image1_1874.jpg,https://www.jma-tradeshow.com/foodex/webguide_en/product.php?no=1874
1900,Token Bitters - Haskap Citrus Chili Sangria,Non-alcoholic Beverages | Others,"Restaurants, liquor (non-alcoholic), grocery, gift","Unique blend: Tangy haskap berries, zesty citrus, and a subtle chili heat. | Sophisticated flavor profile with a balanced sweet-spicy finish. | Crafted for inclusive social experiences— no alcohol | Versatile pairing with both savory and sweet dishes. | Ready-to-drink convenience with premium, artisanal quality.",,We don't have an importer,Token Bitters,https://tokenbitters.com/,Overseas exhibitors | Exportable | Co-exhibitor | Organizer : Agriculture and Agri-Food Canada,National Pavilion,E4-A07-13,"Token Bitters - Haskap Citrus Chili Sangria, Token Bitters - Mulled Haskap Mocktail, Token Bitters - Orange Bitters, Token Bitters - Heritage Bitters, Token Bitters - Smoke Bitters",FOODEX JAPAN 2025 / 2025 Japan Meat Industry Fair 49th,https://www.jma-tradeshow.com/foodex/webguide_en/datafile/product_image1_1900.jpg,https://www.jma-tradeshow.com/foodex/webguide_en/product.php?no=1900
1908,Freeze-Dried Canadian Fruit (Apples),Dried Fruits | Dried Fruit & Vegetables | Professional Services | Rice Crackers & Healthy Snacks,"• B2C Retail shops (Supermarkets, groceries, diet/health shops, confectionery shops etc) | • B2B Wholesalers (importers and distributors) | • Candy/sweet shops & bakeries | • HORECA sector & vending machines | • Online retail platforms | • Cloud kitchens","Contains all-natural fruit (apples & lemon juice for added flavour) harvested at peak ripeness. Preserved through the freeze-drying method, making them sweet, tart and flavourful! Crispy, light, airy, & cloud-like mouthfeel. Luxurious and sweet flavour punch, followed by a melt-in-your-mouth texture. A unique experience which is loved by kids and adults alike. Easy to chew and swallow for seniors or people suffering with medical conditions. | Can be rehydrated for use in cooking, baking or other dishes. Excellent for colouring icing, add to smoothies or crumble to use as a food topper. Rehydration is also a good option for children/babies as our product can be blended into a smooth paste.",Other HACCP | GMP | Non-GMO Certification | CFIA,We don't have an importer,Big Air Foods,https://bigairfoods.com/,Overseas exhibitors | Exportable | Co-exhibitor | Organizer : Agriculture and Agri-Food Canada,National Pavilion,E4-A07-19,"100% Canadian Premium Freeze-Dried Apples, Freeze-Dried Strawberries, Free-Dried Blueberries, Freeze-Dried Cherries.",FOODEX JAPAN 2025 / 2025 Japan Meat Industry Fair 49th,,https://www.jma-tradeshow.com/foodex/webguide_en/product.php?no=1908
1928,Cheese and Scallop,"Cheese | Processed seafood products | Ready-to-eat Foods, Sealed Packaged Foods (e.g., curry, rice bowl toppings)","・Consumers seeking snacks that pair well with wine or sake | ・Consumers who prefer seafood delicacies or cheese-based snacks | ・Buyers for liquor and delicacies sections | ・Food service establishments seeking snacks that can be served quickly | ・Shoppers looking for ""premium-feeling snacks"" for souvenirs or gifts","・A luxurious taste where the savory umami of seasoned scallops harmonizes with the mellow richness of cheese | ・Vacuum-sealed individual packaging preserves freshness and flavor, ensuring hygiene and easy portability | ・A unique ""seafood × dairy"" combination creates a distinctive snack | ・Soft and easy-to-eat texture appeals to a wide range of ages | ・Room-temperature storage allows enjoyment anywhere—at home, work, or on the go",FDA | FSSC22000,,ichiei foods co.ltd,https://www.ichieifoods.co.jp,Japan exhibitors | Exportable,Sweets & Snacks,E5-N46,"Grilled Scallops, Giant Scallops, Seafood Snack Market, Dorayaki",FOODEX JAPAN 2026 / 2026 Japan Meat Industry Fair 50th,https://www.jma-tradeshow.com/foodex/webguide_en/datafile/product_image1_1928.jpg,https://www.jma-tradeshow.com/foodex/webguide_en/product.php?no=1928
1939,Baked Scallop Shell Strings - Mentaiko Taste,Dry Seafood | Processed seafood products,"・General consumers who enjoy home drinking and evening drinks (wide age range) | ・Users who prefer seafood delicacies and dried goods | ・Those who enjoy spicy mentaiko flavors and seafood-based snacks | ・Snack consumers who prioritize ""pairing with alcohol"" like sake or beer | ・Buyers responsible for tourist souvenir sections and specialty food sections","Grilled Japanese scallop adductor muscle finished with mentaiko flavor. | | ・Peace of mind and premium quality from using domestic scallop adductor muscles | ・A savory aroma from grilling and umami that deepens with each bite | ・The addictive flavor of mentaiko's perfectly balanced spicy kick | ・Individually wrapped for hygiene and easy portion control | ・Room-temperature storage makes it easy to carry and store | ・Premium appeal as a seafood delicacy, suitable for gifts and souvenirs | | |",FDA | FSSC22000,,ichiei foods co.ltd,https://www.ichieifoods.co.jp,Japan exhibitors | Exportable,Sweets & Snacks,E5-N46,"Grilled Scallops, Giant Scallops, Seafood Snack Market, Dorayaki",FOODEX JAPAN 2026 / 2026 Japan Meat Industry Fair 50th,https://www.jma-tradeshow.com/foodex/webguide_en/datafile/product_image1_1939.jpg,https://www.jma-tradeshow.com/foodex/webguide_en/product.php?no=1939
2012,Dashi Soysauce Ajimarujyu,Soy Sauce | Liquid Seasoning,,"It is made from four types of ichiban dashi (the first broth): bonito shavings, knots, Soda bonito shavings, mackerel shavings, and dried sardines, which gives the soup a strong sense of dashi even when it is diluted.",ISO9001 | ISO22000 | FDA,We don't have an importer,The Marujyu Soysauce & Seasoning Corp.,https://www.marujyu.com,Japan exhibitors | Exportable | Co-exhibitor | Organizer : JAPAN SOY SAUCE ASSOCIATION,Exports from Japan,S1-C12-00,"Halal Soy Sauce, Halal Dashi Soy Sauce, Halal Noodle soup Base, Halal Yuzu Ponzu, Halal Teriyaki Sauce, KOMBU Tsuyu, Dashi Soy Sauce “Ajimarujyu”.",FOODEX JAPAN 2025 / 2025 Japan Meat Industry Fair 49th,https://www.jma-tradeshow.com/foodex/webguide_en/datafile/product_image1_2012.jpg,https://www.jma-tradeshow.com/foodex/webguide_en/product.php?no=2012
2016,HALAL Soysauce,Soy Sauce | Halal,Muslim,,ISO9001 | ISO22000 | HALAL | FDA,We don't have an importer,The Marujyu Soysauce & Seasoning Corp.,https://www.marujyu.com,Japan exhibitors | Exportable | Co-exhibitor | Organizer : JAPAN SOY SAUCE ASSOCIATION,Exports from Japan,S1-C12-00,"Halal Soy Sauce, Halal Dashi Soy Sauce, Halal Noodle soup Base, Halal Yuzu Ponzu, Halal Teriyaki Sauce, KOMBU Tsuyu, Dashi Soy Sauce “Ajimarujyu”.",FOODEX JAPAN 2025 / 2025 Japan Meat Industry Fair 49th,https://www.jma-tradeshow.com/foodex/webguide_en/datafile/product_image1_173390261131.jpg,https://www.jma-tradeshow.com/foodex/webguide_en/product.php?no=2016
2027,OJOS DEL GUADIANA RESERVA 2018,Still wines - red,,,ISO9001 | IFS,We don't have an importer,BODEGAS EL PROGRESO,https://bodegaselprogreso.com/,Overseas exhibitors | Exportable | Co-exhibitor | Organizer : ICEX SPAIN TRADE AND INVESTMENT,National Pavilion,E2-A21-75,"WINE, STILL WINE, RED WINE, WHITE WINE, SWEET WINE, PARTIALLY FERMENTED MUST, LOW ALCOHOL WINE, NO ALCOHOL WINE, LOW/NO ALCOHOL WINE, SPARKLING WINE, ORGANIC WINE, SANGRÍA, BAG IN BOX, BIB, PET, CAN, EXTRA VIRGIN OLIVE OIL, ORGANIC OLIVE OIL",FOODEX JAPAN 2025 / 2025 Japan Meat Industry Fair 49th,https://www.jma-tradeshow.com/foodex/webguide_en/datafile/product_image1_173390710401.jpg,https://www.jma-tradeshow.com/foodex/webguide_en/product.php?no=2027
2028,SANGRÍA LA BAILONGA,Sparkling wines | Fruit and flavored | Low-alcoholic wines,,,ISO9001 | IFS,We don't have an importer,BODEGAS EL PROGRESO,https://bodegaselprogreso.com/,Overseas exhibitors | Exportable | Co-exhibitor | Organizer : ICEX SPAIN TRADE AND INVESTMENT,National Pavilion,E2-A21-75,"WINE, STILL WINE, RED WINE, WHITE WINE, SWEET WINE, PARTIALLY FERMENTED MUST, LOW ALCOHOL WINE, NO ALCOHOL WINE, LOW/NO ALCOHOL WINE, SPARKLING WINE, ORGANIC WINE, SANGRÍA, BAG IN BOX, BIB, PET, CAN, EXTRA VIRGIN OLIVE OIL, ORGANIC OLIVE OIL",FOODEX JAPAN 2025 / 2025 Japan Meat Industry Fair 49th,https://www.jma-tradeshow.com/foodex/webguide_en/datafile/product_image1_173390730633.jpg,https://www.jma-tradeshow.com/foodex/webguide_en/product.php?no=2028
2036,Extra Virgin Olive Oil Betis,Liquid Seasoning | Vegetable & Animal Oils & Fats,Importer | Retailer | Horeca,"• It is the healthiest oil, extracted simply through the milling of the fruit. | • Natural product without additives or preservatives. | • Use Extra Virgin Olive Oil to add more flavor to your recipes.",ISO9001 | FSMA | FSSC22000,We don't have an importer,BETIS OLIVE OIL,https://www.torresyribelles.com/en/,Overseas exhibitors | Exportable | Co-exhibitor | Organizer : ICEX SPAIN TRADE AND INVESTMENT,National Pavilion,E2-A21-15,"Extra virgin olive oil, olive oil, extra virgin olive oil natural essence, extra | light olive oil, table vinegar, Spanish blend (20% extra virgin olive oil, 80% | sunflower oil).",FOODEX JAPAN 2025 / 2025 Japan Meat Industry Fair 49th,https://www.jma-tradeshow.com/foodex/webguide_en/datafile/product_image1_2036.jpg,https://www.jma-tradeshow.com/foodex/webguide_en/product.php?no=2036
2039,Spanish beef,Halal | Dried Meat | Organ Meats & Offal | Processed Meat | Unprocessed Meat,"Beef, meat","Supermarkets, wholesale, retail, etc.",HALAL,We have an importer,BEEF FROM SPAIN,,Overseas exhibitors | Exportable | Co-exhibitor | Organizer : ICEX SPAIN TRADE AND INVESTMENT,National Pavilion,E2-A21-5,,FOODEX JAPAN 2025 / 2025 Japan Meat Industry Fair 49th,,https://www.jma-tradeshow.com/foodex/webguide_en/product.php?no=2039
2055,Olive Oil Betis,Liquid Seasoning | Vegetable & Animal Oils & Fats,Importer | Retailer | Horeca,• A balanced oil that combines nutrition and organoleptic properties. | • Use Olive Oil for adding a mild flavor.,ISO9001 | FSMA | FSSC22000,We don't have an importer,BETIS OLIVE OIL,https://www.torresyribelles.com/en/,Overseas exhibitors | Exportable | Co-exhibitor | Organizer : ICEX SPAIN TRADE AND INVESTMENT,National Pavilion,E2-A21-15,"Extra virgin olive oil, olive oil, extra virgin olive oil natural essence, extra | light olive oil, table vinegar, Spanish blend (20% extra virgin olive oil, 80% | sunflower oil).",FOODEX JAPAN 2025 / 2025 Japan Meat Industry Fair 49th,https://www.jma-tradeshow.com/foodex/webguide_en/datafile/product_image1_2055.jpg,https://www.jma-tradeshow.com/foodex/webguide_en/product.php?no=2055
2070,Bolgheri Rosso DOC 2023,Still wines - red | Flavored wines | Fruit and flavored,"Red Wine, Italian Wines, DOC Wines, Bolgheri Wines, Bolgheri DOC Wines,Tuscan Wines, Premium Wines, Gourmet Products, Food Pairing Wines, High-Quality Wines |","DOC Bolgheri Certified, Tuscan Origin, Premium Quality, Crafted from Cabernet Sauvignon, Merlot and Syrah, Unique Terroir, Rich Red Fruit Aroma, Balanced Elegance, Mediterranean Freshness, Perfect for Pairing with Meat and Cheese, Suitable for Fine Dining and Gourmet Cuisine | |",,We don't have an importer,Terre dei Ghelfi s.r.l.,https://www.terredeighelfi.it,Overseas exhibitors | Exportable,Beverage,S1-V15,"Organic Tuscan Extra Virgin Olive Oil IGP, Terre dei Ghelfi Bolgheri Rosso DOC 2023, Bolgheri Rosso DOC 2022 (Sulfite-Free) Terre dei Ghelfi |",FOODEX JAPAN 2025 / 2025 Japan Meat Industry Fair 49th,,https://www.jma-tradeshow.com/foodex/webguide_en/product.php?no=2070
2079,Mayador sparkling cider,Others,,,,We have an importer,MANUEL BUSTO AMANDI,https://www.mayador.com/,Overseas exhibitors | Exportable | Co-exhibitor | Organizer : ICEX SPAIN TRADE AND INVESTMENT,National Pavilion,E2-A21-16,"Natural and sparkling cider, both alcoholic and non-alcoholic. | Sparkling juices. | Apple cider vinegar with the mother, and filtered.",FOODEX JAPAN 2025 / 2025 Japan Meat Industry Fair 49th,https://www.jma-tradeshow.com/foodex/webguide_en/datafile/product_image1_2079.jpg,https://www.jma-tradeshow.com/foodex/webguide_en/product.php?no=2079
2087,anycarryEC Shipping,Comprehensive Logistics | Japan Domestic Logistics | Professional Services,"E-commerce businesses, manufacturers, and delivery companies","■Lower Shipping Costs | By leveraging AnyCarry's proprietary delivery network, you can reduce costs through optimized delivery routes while maintaining current delivery quality. Furthermore, our logistics DX platform enables visibility into both delivery and warehouse networks, significantly cutting shipping fees—the largest cost for e-commerce businesses. | ■Delivery Capabilities Beyond Major Carriers | Outperform competitors in delivery! We offer same-day delivery in major metropolitan areas nationwide (Kanto, Kansai, Fukuoka) plus late-night delivery from 9 PM to midnight. Combined with store delivery, we provide comprehensive solutions for a more convenient shopping experience. | ■Integration with Front-End Sites | Our service enables features like arrival alerts and same-day delivery reservations linked to apps, similar to major foreign e-commerce sites. By visualizing package locations and truck routes, we display estimated delivery times, enhancing customer convenience and achieving food-delivery-level detailed shipment tracking. |",,,anyCarry,https://www.anycarry.co.jp/,Japan exhibitors | Not exportable,Start up,E7-DD14,"By eliminating intermediate logistics layers and leveraging the latest technology to improve delivery efficiency, we significantly reduce current courier and shipping costs. In addition, we enable services such as same-day delivery, which are often difficult for major courier companies to provide. By visualizing delivery status through our system and integrating it with front-end platforms, we greatly enhance convenience and user experience for end customers.",FOODEX JAPAN 2026 / 2026 Japan Meat Industry Fair 50th,https://www.jma-tradeshow.com/foodex/webguide_en/datafile/product_image1_2087.jpg,https://www.jma-tradeshow.com/foodex/webguide_en/product.php?no=2087
2091,XANA ciders,Others,"Importers, distributor, supermarkets, HORECA.",,,We don't have an importer,MANUEL BUSTO AMANDI,https://www.mayador.com/,Overseas exhibitors | Exportable | Co-exhibitor | Organizer : ICEX SPAIN TRADE AND INVESTMENT,National Pavilion,E2-A21-16,"Natural and sparkling cider, both alcoholic and non-alcoholic. | Sparkling juices. | Apple cider vinegar with the mother, and filtered.",FOODEX JAPAN 2025 / 2025 Japan Meat Industry Fair 49th,https://www.jma-tradeshow.com/foodex/webguide_en/datafile/product_image1_173393236550.jpg,https://www.jma-tradeshow.com/foodex/webguide_en/product.php?no=2091
2097,MBusto organic vinegar with the mother,Non-alcoholic Beverages | Vinegar,"Supermarkets, distributors, importers.",,HALAL,We don't have an importer,MANUEL BUSTO AMANDI,https://www.mayador.com/,Overseas exhibitors | Exportable | Co-exhibitor | Organizer : ICEX SPAIN TRADE AND INVESTMENT,National Pavilion,E2-A21-16,"Natural and sparkling cider, both alcoholic and non-alcoholic. | Sparkling juices. | Apple cider vinegar with the mother, and filtered.",FOODEX JAPAN 2025 / 2025 Japan Meat Industry Fair 49th,https://www.jma-tradeshow.com/foodex/webguide_en/datafile/product_image1_173393441096.jpg,https://www.jma-tradeshow.com/foodex/webguide_en/product.php?no=2097
2211,Seasoned Akamoku with umami soy sauce flavor,Seafood,"Trading companies, wholesalers, manufacturers, supermarkets, department stores, food delivery","Domestically produced akamoku seaweed is seasoned with our special sauce-based seasoning. During the processing and selection process, we cut off the tough | and bitter stems and carefully select only the leaves, which are delicious to eat. The seasoning does not interfere with the flaver of the akamoku seaweed, and natural | extracts are used to create a flavorful prodauct, that allows you to enjoy its original taste. |",Other HACCP,We don't have an importer,"Marine Products KIMURAYA Co., Ltd.",https://mozuku-1ban.jp/,Japan exhibitors | Exportable | Co-exhibitor | Organizer : THE YONAGO /SAKAIMINATO CHAMBER OF COMMERCE AND INDUSTRY,Local Specialities in Japan,S2-A16-00,"easoned seaweed, sea algae, Akamoku, Mozuku, sea algae, | marinated horse mackerel,Nanban style marinated fish, seafood from Sakaiminato fishing harbor, Tottori, Japan. | |",FOODEX JAPAN 2025 / 2025 Japan Meat Industry Fair 49th,https://www.jma-tradeshow.com/foodex/webguide_en/datafile/product_image1_2211.jpg,https://www.jma-tradeshow.com/foodex/webguide_en/product.php?no=2211
2328,CASTELLO BIANCO,Sparkling wines | Dessert wines,"Importers, distributors, retailers.","White moscato, rosé moscato.",,We don't have an importer,VIDUM,https://vidum.es/,Overseas exhibitors | Exportable | Co-exhibitor | Organizer : ICEX SPAIN TRADE AND INVESTMENT,National Pavilion,E2-A21-73,"DO Jumilla wines: POSE, SALINA, SALVAJE | | Varietal wines: Cantatio, Osier, Monte Maldito, Mont Valentino | | Table wines: Baron de Beldon, Domaine Olivier Benoît, Elia | | Moscato wines: Castello Bianco, Lorenzo | | Sparkling wines: Villa Inés | | Spanish sangria: Maria de la Vera",FOODEX JAPAN 2025 / 2025 Japan Meat Industry Fair 49th,https://www.jma-tradeshow.com/foodex/webguide_en/datafile/product_image1_2328.jpg,https://www.jma-tradeshow.com/foodex/webguide_en/product.php?no=2328
2337,"JANA DE MAR: MERLOT, CHARDONNAY, SANGRIA",Still wines - red | Still wines - white | Flavored wines | Fruit and flavored,"IMPORTERS, DISTRIBUTORS, RETAILERS","MERLOT, CHARDONNAY, SANGRIA",FDA | Organic JAS Mark | EU Organic Certification,We don't have an importer,WINEINTUBE,https://www.wineintube.com/en/,Overseas exhibitors | Exportable | Co-exhibitor | Organizer : CATALONIA-PRODECA,National Pavilion,E3-L12-1,"Merlot, Tempranillo, Chardonnay, Sangria, Mojito, Piña Colada, Margarita, Cava, BIB, Bag in Box, Pouch, Low alcohol wines, Ready to drink, RTD, Cocktail",FOODEX JAPAN 2025 / 2025 Japan Meat Industry Fair 49th,https://www.jma-tradeshow.com/foodex/webguide_en/datafile/product_image1_2337.jpg,https://www.jma-tradeshow.com/foodex/webguide_en/product.php?no=2337
2404,TK SAUCE (TARE KATSU SAUCE),Liquid Seasoning,"Retail stores, retail shops, supermarkets, premium retail, e-commerce stores, food service establishments, restaurants, Japanese restaurants, importers, wholesalers, hotels, fine dining establishments.","Based on our own traditionally brewed dark soy sauce made from koji, we have combined it with rich, flavorful ingredients: Sodabushi (dried bonito flakes), dried sardines with a strong fish flavor, and broth carefully extracted from Hidaka kelp. For sweetness, we use zarame sugar, which pairs well with soy sauce and enhances its flavor. Additionally, we have added fermented seasonings to balance the overall taste, resulting in a richly flavored ""Tare Katsu-don Sauce."" | Menu Suggestions & How to Enjoy: | Warm the sauce in a pot without bringing it to a boil. | Turn off the heat and dip the katsu (cutlet) into the sauce. | If desired, pour the warmed sauce over rice and place the katsu on top before serving.",FDA,We don't have an importer,"MARUTA SUGIYO Co.,Ltd.",,Japan exhibitors | Exportable | Co-exhibitor | Organizer : JAPAN SOY SAUCE ASSOCIATION,Exports from Japan,S1-C12-00,,FOODEX JAPAN 2025 / 2025 Japan Meat Industry Fair 49th,https://www.jma-tradeshow.com/foodex/webguide_en/datafile/product_image1_173405293956.jpg,https://www.jma-tradeshow.com/foodex/webguide_en/product.php?no=2404
2406,Mixed berries frozen,Frozen Fruit & Vegetables | Vegetarian | Vegan | Kosher | Organic Products,Retail supermarkets | Food industry dairy producers | Horeca |,Retail supermarkets | Food industry dairy producers | Horeca,FSMA | EU Organic Certification,,MASTER FOOD,https://masterfood.co.rs/,Overseas exhibitors | Exportable | Co-exhibitor | Organizer : Development Agency of Serbia,National Pavilion,W4-Z08-008,Products: IQF berry fruits organic and conventional and smoothies in bulk or retail packed.,FOODEX JAPAN 2026 / 2026 Japan Meat Industry Fair 50th,https://www.jma-tradeshow.com/foodex/webguide_en/datafile/product_image1_176564403865.jpg,https://www.jma-tradeshow.com/foodex/webguide_en/product.php?no=2406
2411,GOKUUMA Ultimate Yakiniku BBQSauce,Liquid Seasoning,"Retail stores, retail shops, supermarkets, premium retail, e-commerce stores, food service establishments, restaurants, Japanese restaurants, importers, wholesalers, hotels, fine dining establishments.","This yakiniku sauce is made with our own deeply flavorful tamari soy sauce and a renowned Niigata sake, enhanced by the rich umami of mushrooms and fruits to create an explosion of taste. A hidden touch of Wagyu oil adds a thick, luxurious flavor to any type of meat.",FDA,We don't have an importer,"MARUTA SUGIYO Co.,Ltd.",,Japan exhibitors | Exportable | Co-exhibitor | Organizer : JAPAN SOY SAUCE ASSOCIATION,Exports from Japan,S1-C12-00,,FOODEX JAPAN 2025 / 2025 Japan Meat Industry Fair 49th,https://www.jma-tradeshow.com/foodex/webguide_en/datafile/product_image1_173405357777.jpg,https://www.jma-tradeshow.com/foodex/webguide_en/product.php?no=2411
2423,Nitto Jozo Inc.：KIOKE Shirodashi,Soy Sauce | Liquid Seasoning,"■ Food Manufacturers / Processors: Seasonings, soup bases, sauces, B2B food processing | ■ Retail: Premium supermarkets, gourmet stores, Japanese grocery stores | ■ Food Service: Japanese restaurants, Asian restaurants, hotels, airline catering | ■ Distributors / Importers: Import agents, trading companies, wholesalers | ■ E-commerce / Online Retail: Cross-border EC, premium food EC | ■ Private Brand (PB): PB development companies, retail PB buyers | ■ Other Opportunities: Chefs, fermentation-related companies, cultural and museum shops",Adds umami and saltiness while keeping color to a minimum. | | ［Supplement］ | This soy sauce is produced by a member brewery of the Kioke Shoyu Export Facilitation Consortium — a group of producers working together to preserve and promote the craft of traditional wooden-barrel brewing for the next 100 years. |,FSSC22000,,KIOKE SHOYU EXPORT FACILITATION CONSORTIUM,https://kioke.jp/,Japan exhibitors | Exportable,Exports from Japan,S2-C33,"Wooden Barrel Fermented Soy Sauce, Wooden Barrel Aged, Naturally Brewed, Traditional Method, Wooden Barrel, Fermented Seasoning, Soy Sauce, Japanese Seasoning, Dashi Soy Sauce, Tsuyu, Sauce, No Additives, Small Quantity, Commercial Use, Export Compatible, OEM Compatible, Overseas Seasoning, Japanese Food, Japanese Seasoning, Seasoning, Gluten-Free, Vegan, Kosher",FOODEX JAPAN 2026 / 2026 Japan Meat Industry Fair 50th,https://www.jma-tradeshow.com/foodex/webguide_en/datafile/product_image1_176571377931.jpg,https://www.jma-tradeshow.com/foodex/webguide_en/product.php?no=2423
2436,Dr. Ohhira's OM-X Deluxe5,Supplements,"For those who feel constantly tired, are concerned about aging, or worry about gut health.","This enzyme supplement is made by fermenting vegetables, fruits, mushrooms, and seaweed with 12 types of lactic acid bacteria for five years. The plant-based fermented extract is encapsulated into vegetable soft capsules without applying heat. | | Through our unique fermentation technology, over 400 types of nutrients have been identified, including rare compounds such as fulvic acid and D-amino acids. Additionally, it offers various beneficial components produced through long-term fermentation (Compared to our 3-year product: Based on in-house and third-party testing). | | As a result of over 30 years of research to date, over 20 papers have been published. Human clinical trials and other studies have confirmed the safety and multiple benefits of this highly reliable supplement. | | OM-X, launched in 1988 before the enzyme supplement trend began, has received high acclaim overseas, including in the United States, Southeast Asia, and Europe.",ISO9001 | GMP,We don't have an importer,"BioBank Co., Ltd.",https://www.omx.co.jp/,Japan exhibitors | Exportable,Exports from Japan,S1-V07,"Probiotic Supplements, High-Quality Collagen Drink, Plant-based fermented paste, Propolis supplement",FOODEX JAPAN 2025 / 2025 Japan Meat Industry Fair 49th,https://www.jma-tradeshow.com/foodex/webguide_en/datafile/product_image1_173405747032.jpg,https://www.jma-tradeshow.com/foodex/webguide_en/product.php?no=2436
2437,Strawberry(fresh fruit),Fresh Fruit & Vegetables,,,,We don't have an importer,Tokyo Strawberry ; Kato Farm,,Japan exhibitors | Exportable | Co-exhibitor | Organizer : Tokyo Strawberry Kato Farm /Tokyo Metropolitan Goverment,Exports from Japan,S1-A09-00,,FOODEX JAPAN 2025 / 2025 Japan Meat Industry Fair 49th,,https://www.jma-tradeshow.com/foodex/webguide_en/product.php?no=2437
2490,Cosmo Japanese Seven Black Curry (Gluten Free/Vegan),"Vegan | Solid Seasonings | Ready-to-eat Foods, Sealed Packaged Foods (e.g., curry, rice bowl toppings)","Food importer, Supermarket, Restaurant/Cafe/Hotel(Food Service)","A well-balanced blend of seven healthful black ingredients without animal ingredients, flavorings and additives. This curry roux goes well with all kinds of vegetables. Based on chickpea flour, this curry roux is made with vegetable ingredients. Spicy and rich, this curry roux is a perfect match for vegetables. Gluten Free(No certificate)",,,"OVERSEAS CO.,LTD.",https://overseas-inc.jp/,Japan exhibitors | Exportable,Imports Food,E6-C75,"Import Food, Import Wine, Japanese Food, Export",FOODEX JAPAN 2026 / 2026 Japan Meat Industry Fair 50th,https://www.jma-tradeshow.com/foodex/webguide_en/datafile/product_image1_176577281584.jpg,https://www.jma-tradeshow.com/foodex/webguide_en/product.php?no=2490
2520,Daikon Radish grown in Japan Sun-Dried Takuan Pickles,Processed agricultural products,"Restaurants, Retail stores","Radishes meticulously cultivated by contracted farmers in Kagoshima Prefecture were | exposed to cold winds and sun-dried. This is a simple, traditional sun-dried takuan pickle, concentrating the radish's rich flavor.",FDA,,"Kagoshima Prefecture Nansatsu Area Regional Revitalization Executive Committee through ""Food""",,"Japan exhibitors | Exportable | Co-exhibitor | Organizer : Kagoshima Prefecture Nansatsu Area Regional Revitalization Executive Committee through ""Food""",Exports from Japan,S2-F39-003,"Pickled radish,mustard greens,mango,and processed sweet potato products",FOODEX JAPAN 2026 / 2026 Japan Meat Industry Fair 50th,,https://www.jma-tradeshow.com/foodex/webguide_en/product.php?no=2520
2526,Ibusigin(oxidized silver) Powdered Miso Ibusigin(oxidized silver) Miso Soup Base,Miso | Powdered Seasoning | Processed seafood products,"Supermarket,Baby specialty store,Department stores","Ibusigin's powdered miso uses freeze-drying technology, which preserves the ingredients' original flavor and aroma. Ibusigin's miso soup base combines powdered miso with bonito and kelp powdered dashi, allowing you to easily enjoy authentic miso soup by simply dissolving it in hot water. Use it in soups, stir-fries, or salads—just a quick sprinkle adds flavor to various dishes.",US-HACCP,,"Kagoshima Prefecture Nansatsu Area Regional Revitalization Executive Committee through ""Food""",,"Japan exhibitors | Exportable | Co-exhibitor | Organizer : Kagoshima Prefecture Nansatsu Area Regional Revitalization Executive Committee through ""Food""",Exports from Japan,S2-F39-004,"Ibushigin no shizendashi,Ibushigin no hunmatsuumadashi,Ibushigin no hunmatsumiso,Ibushigin no omisoshirunomoto,Ibushigin smoked nuts,Ibushigin smoked nuts wasabi taste",FOODEX JAPAN 2026 / 2026 Japan Meat Industry Fair 50th,,https://www.jma-tradeshow.com/foodex/webguide_en/product.php?no=2526
2575,FROZEN FRUITS AND VEGETABLES,Cakes / Dessert | Chocolate | Dried Fruits | Frozen Baked Goods | Frozen Fruit & Vegetables | Vegetarian | Vegan | Halal | Kosher | Organic Products | Savoury snacks | Dried Fruit & Vegetables,"FOOD INDUSTRY, HORECA, RETAIL",FOOD SERVICE AND RETAIL,ISO9001 | ISO22000 | Other HACCP | HALAL | FSMA | Organic JAS Mark | Non-GMO Certification,,A.KUARTET GIDA IC VE DIS PAZ LTD STI,http://quartetglobal.com,Overseas exhibitors | Exportable | Co-exhibitor | Organizer : AEGEAN EXPORTERS' ASSOCIATIONS,National Pavilion,W2-A30-001,"FROZEN FRUITS AND VEGETABLES, | FROZEN SEMI- DRIED TOMATOES, SUN DRIED TOMATOES | FROZEN CAKES, CHOCOLATE AND CONFECTIONARY PRODUCTS",FOODEX JAPAN 2026 / 2026 Japan Meat Industry Fair 50th,https://www.jma-tradeshow.com/foodex/webguide_en/datafile/product_image1_2575.jpg,https://www.jma-tradeshow.com/foodex/webguide_en/product.php?no=2575
2579,Deep Steamed Green Tea Bag (20p),Baked Goods | Cakes / Dessert | Bread | Japanese sweets | Gluten-free | Tea | Health & Wellness Products | Vegetarian | Vegan | Halal | Organic Products,"Cafes, Restaurants, Retailers of Japanese products and Asian Grocery Retailer","-Tea leaves grown with fermented fertilizers and in carefully selected soil. | -It has a strong sweet taste and a beautiful dark green color. | -It leaves a fragrant, mellow flavor and a deep aftertaste.",FDA,We don't have an importer,"Koyo Orient Japan Co.,Ltd.",,Japan exhibitors | Exportable,Healthcare Foods,E5-D17,Jerusalem artichoke luxury cookies，Jerusalem artichoke magic powder,FOODEX JAPAN 2025 / 2025 Japan Meat Industry Fair 49th,https://www.jma-tradeshow.com/foodex/webguide_en/datafile/product_image1_2579.jpg,https://www.jma-tradeshow.com/foodex/webguide_en/product.php?no=2579
2610,Rinkosan Black Vinegar,Vinegar,"HORECA, Retail","Rinkosan Black Vinegar is mild and easy-to-drink black vinegar with gentle acidity. It features the natural sweetness derived from brown rice and a rich aroma that enhances appetite, making it a versatile choice for cooking.",ISO22000 | FDA,We don't have an importer,"Uchibori Vinegar, Inc.",https://www.uchibori.com/,Japan exhibitors | Exportable,Condiments / Seasoning,E1-A09,"RINKOSAN KUROSU, JUNMAI DAIGINJO SU, YAWARAKA SANMI NO KOKUMOTSU SU, RICE VIENGAR PRO, MINO TOKUSEN AJITSUKI PONZU, AKA SU IRI SUSHI SU SM, AKA SU, KOME SU EIZI, SUSHI SU EIZI, FRUIT VINEGAR - ORGANIC APPLE",FOODEX JAPAN 2025 / 2025 Japan Meat Industry Fair 49th,https://www.jma-tradeshow.com/foodex/webguide_en/datafile/product_image1_173408053155.jpg,https://www.jma-tradeshow.com/foodex/webguide_en/product.php?no=2610
2616,Blueberry Essence-Tasty and Wild Blueberry essence,Instant Beverages | Juice | Non-alcoholic Beverages,"Shops, Restaurants, Stores, Hotels, Health","Shops, Restaurants, Stores, Hotels, Health",ISO9001 | Other HACCP,We have an importer,Khaan Jims SBT LLC,,Overseas exhibitors | Exportable | Co-exhibitor | Organizer : MONGOLIA,National Pavilion,E5-Y11-00,"Seabuckthorn, Lingonberry, Blueberry, Seabuckthorn oils, Seabuckthorn seed oil, Seaberry, Seabuckthorn juice, Seabuckthorn essence, Seabuckthorn jam, Seabuckthorn puree, jam, puree, juice, essence",FOODEX JAPAN 2025 / 2025 Japan Meat Industry Fair 49th,https://www.jma-tradeshow.com/foodex/webguide_en/datafile/product_image1_173408106051.jpg,https://www.jma-tradeshow.com/foodex/webguide_en/product.php?no=2616
2619,Budimka Extra jams 370g - Flavors: Forest fruits; Apricot; Strawberry; Raspberry; Sour Cherry; Rosehip; Plum,"Spreads, Honey & Jams",Markets; Importers; Distributors,,EU-HACCP | IFS and SMETA,We don't have an importer,BUDIMKA,,Overseas exhibitors | Exportable | Co-exhibitor | Organizer : Development Agency of Serbia,National Pavilion,E3-C12-00,"Fruit spreads and preserves – jams, extra jams, low calory jams, 100% fruit spreads, whole fruit Preserves; Fruit and vegetable juices and syrups – juices in “Tetra brick“ packaging, nectars in „Tetra brick“ packaging, 100% fruit juices in glass packaging, syrups in glass packaging, Fruit concentrates, purees and preps",FOODEX JAPAN 2025 / 2025 Japan Meat Industry Fair 49th,https://www.jma-tradeshow.com/foodex/webguide_en/datafile/product_image1_173408123385.jpg,https://www.jma-tradeshow.com/foodex/webguide_en/product.php?no=2619
2624,Budimka Marmalades 680g - Flavors: Mixed fruits; Apricot and Apple; Strawberry and Apple; Sour cherry and Apple; Rosehip and Apple,"Spreads, Honey & Jams",Markets; Importers; Distributors,,EU-HACCP | IFS and SMETA,We don't have an importer,BUDIMKA,,Overseas exhibitors | Exportable | Co-exhibitor | Organizer : Development Agency of Serbia,National Pavilion,E3-C12-00,"Fruit spreads and preserves – jams, extra jams, low calory jams, 100% fruit spreads, whole fruit Preserves; Fruit and vegetable juices and syrups – juices in “Tetra brick“ packaging, nectars in „Tetra brick“ packaging, 100% fruit juices in glass packaging, syrups in glass packaging, Fruit concentrates, purees and preps",FOODEX JAPAN 2025 / 2025 Japan Meat Industry Fair 49th,https://www.jma-tradeshow.com/foodex/webguide_en/datafile/product_image1_173408150672.jpg,https://www.jma-tradeshow.com/foodex/webguide_en/product.php?no=2624
2627,Budimka Nectars 1l - Flavors: Apple; Orange; Sour cherry; Mixed fruits; Peach and Apple,Juice | Non-alcoholic Beverages,Markets; Importers; Distributors,,EU-HACCP | IFS and SMETA,We don't have an importer,BUDIMKA,,Overseas exhibitors | Exportable | Co-exhibitor | Organizer : Development Agency of Serbia,National Pavilion,E3-C12-00,"Fruit spreads and preserves – jams, extra jams, low calory jams, 100% fruit spreads, whole fruit Preserves; Fruit and vegetable juices and syrups – juices in “Tetra brick“ packaging, nectars in „Tetra brick“ packaging, 100% fruit juices in glass packaging, syrups in glass packaging, Fruit concentrates, purees and preps",FOODEX JAPAN 2025 / 2025 Japan Meat Industry Fair 49th,https://www.jma-tradeshow.com/foodex/webguide_en/datafile/product_image1_173408167015.jpg,https://www.jma-tradeshow.com/foodex/webguide_en/product.php?no=2627
2629,"Fruit juice concentrate - semi-final product: Apple, Sour Cherry, Blackberry, Plum, Cherry plum...",Juice | Cooking and Baking Equipment | Refrigeration and Cooling Equipment | Food Preparation Equipment | Beverage Equipment,Importers; Distributors; Producers,,EU-HACCP,We don't have an importer,BUDIMKA,,Overseas exhibitors | Exportable | Co-exhibitor | Organizer : Development Agency of Serbia,National Pavilion,E3-C12-00,"Fruit spreads and preserves – jams, extra jams, low calory jams, 100% fruit spreads, whole fruit Preserves; Fruit and vegetable juices and syrups – juices in “Tetra brick“ packaging, nectars in „Tetra brick“ packaging, 100% fruit juices in glass packaging, syrups in glass packaging, Fruit concentrates, purees and preps",FOODEX JAPAN 2025 / 2025 Japan Meat Industry Fair 49th,,https://www.jma-tradeshow.com/foodex/webguide_en/product.php?no=2629
2638,PORK,Frozen Meat,"distributors, importers, convenience stores",,,,Mexican Pork,,Overseas exhibitors | Exportable | Co-exhibitor | Organizer : MEXICO,National Pavilion,E4-C18-021,,FOODEX JAPAN 2026 / 2026 Japan Meat Industry Fair 50th,,https://www.jma-tradeshow.com/foodex/webguide_en/product.php?no=2638
2657,Brets Pesto Mozza flavour potato chips,Savoury snacks | Salty Snacks,"specialty shop, premium supermarket, fine foods sectors","clean label, real french potatoes, sunflower oil, no added msg, no preservatives",EU-HACCP | EU Organic Certification | IFS level 8,We have an importer,ALTHO BRETS,https://www.brets.fr/,Overseas exhibitors | Exportable | Co-exhibitor | Organizer : BUSINESS FRANCE,National Pavilion,E2-C11-32,"Brets potato chips with jura cheese, Brets cheddar onion flavor potato chips, Brets cream cheese and herbs flavor potato chips, Brets flavor brie and truffle potato chips, Brets chips with camembert (cheese) flavor, Brets chips with porcini mushroom, Chips with bleu d'Auvergne PDO, Brets Tartiflette flavor potato chips",FOODEX JAPAN 2025 / 2025 Japan Meat Industry Fair 49th,https://www.jma-tradeshow.com/foodex/webguide_en/datafile/product_image1_173408699645.jpg,https://www.jma-tradeshow.com/foodex/webguide_en/product.php?no=2657
2660,"Frozen fruits- Raspberry, Blackberry, Strawberry, Sour cherry, Blueberry, Plums and all kinds of fruit mixes, packed in bags, doypacks, boxes or trays with various material options.",Frozen Fruit & Vegetables | Kosher | Organic Products,,,GAP | EU Organic Certification,We don't have an importer,LAKI,https://laki.rs/,Overseas exhibitors | Exportable | Co-exhibitor | Organizer : Development Agency of Serbia,National Pavilion,E3-C12-00,"Frozen berries conventional and organic : raspberries, blackberries, strawberries, blueberries, plums, cherries, tropical fruits, mix fruits for smoothies.",FOODEX JAPAN 2025 / 2025 Japan Meat Industry Fair 49th,https://www.jma-tradeshow.com/foodex/webguide_en/datafile/product_image1_173408755671.jpg,https://www.jma-tradeshow.com/foodex/webguide_en/product.php?no=2660
2669,Festive Edition Crunch mix 125g,Savoury snacks,Retail | Wholesale,For people who enjoy the great quality of Belgian filled chocolates - pralines,"EU-HACCP | IFS, BRC",We have an importer,C.V.O. INTERNATIONAL - OVIDIAS,,Overseas exhibitors | Exportable | Co-exhibitor | Organizer : Flanders Investment & Trade,National Pavilion,E1-A12-15,"Large assortiment of real Belgian chocolates in milk, dark or white chocolate with different kind of fillings (praliné, ganache, cream...). | All fillings are homemade.",FOODEX JAPAN 2025 / 2025 Japan Meat Industry Fair 49th,https://www.jma-tradeshow.com/foodex/webguide_en/datafile/product_image1_173408935153.jpg,https://www.jma-tradeshow.com/foodex/webguide_en/product.php?no=2669
2700,Dried Mushrooms,Dried Fruits,"Food service, retail, supermarket, wholesaler, delicatessen, restaurant",,EU-HACCP | IFS / BRC,We don't have an importer,BORDE WILD MUSHROOMS,https://www.borde.fr/en/,Overseas exhibitors | Exportable | Co-exhibitor | Organizer : BUSINESS FRANCE,National Pavilion,E2-C11-46,"Dried mushrooms, freeze-dried mushrooms, preserved mushrooms, frozen mushrooms, culinary aids, tartufata, flavoured olive oil, preserved red fruits.",FOODEX JAPAN 2025 / 2025 Japan Meat Industry Fair 49th,https://www.jma-tradeshow.com/foodex/webguide_en/datafile/product_image1_2700.jpg,https://www.jma-tradeshow.com/foodex/webguide_en/product.php?no=2700
2706,Preserved Mushrooms,Canned Products,"Food service, retail, supermarket, wholesaler, delicatessen, restaurant",,EU-HACCP | IFS / BRC,We don't have an importer,BORDE WILD MUSHROOMS,https://www.borde.fr/en/,Overseas exhibitors | Exportable | Co-exhibitor | Organizer : BUSINESS FRANCE,National Pavilion,E2-C11-46,"Dried mushrooms, freeze-dried mushrooms, preserved mushrooms, frozen mushrooms, culinary aids, tartufata, flavoured olive oil, preserved red fruits.",FOODEX JAPAN 2025 / 2025 Japan Meat Industry Fair 49th,https://www.jma-tradeshow.com/foodex/webguide_en/datafile/product_image1_2706.jpg,https://www.jma-tradeshow.com/foodex/webguide_en/product.php?no=2706
2717,Natural almonds,Gluten-free | Organic Products | Nuts,,,HALAL | EU Organic Certification | IFS,We don't have an importer,ALMENDRAS DE ANDALUCÍA,https://www.almendrasdeandalucia.com/,Overseas exhibitors | Exportable | Co-exhibitor | Organizer : ICEX SPAIN TRADE AND INVESTMENT,National Pavilion,E2-A21-64,"Natural almonds, blanched almonds, almond flour, diced almonds, sliced almonds, slivered almonds, almond paste, almond oil, almond protein",FOODEX JAPAN 2025 / 2025 Japan Meat Industry Fair 49th,https://www.jma-tradeshow.com/foodex/webguide_en/datafile/product_image1_2717.jpg,https://www.jma-tradeshow.com/foodex/webguide_en/product.php?no=2717
2723,Seasonal chocolate box Valentine - Merry Christmas,Savoury snacks,Retail | Wholesale,For people who enjoy the great quality of Belgian filled chocolates - pralines,"EU-HACCP | IFS, BRC",We have an importer,C.V.O. INTERNATIONAL - OVIDIAS,,Overseas exhibitors | Exportable | Co-exhibitor | Organizer : Flanders Investment & Trade,National Pavilion,E1-A12-15,"Large assortiment of real Belgian chocolates in milk, dark or white chocolate with different kind of fillings (praliné, ganache, cream...). | All fillings are homemade.",FOODEX JAPAN 2025 / 2025 Japan Meat Industry Fair 49th,https://www.jma-tradeshow.com/foodex/webguide_en/datafile/product_image1_2723.jpg,https://www.jma-tradeshow.com/foodex/webguide_en/product.php?no=2723
2725,Chocolates in a giftwrapping,Savoury snacks,Retail | Wholesale,For people who enjoy the great quality of Belgian filled chocolates - pralines,"EU-HACCP | IFS, BRC",We have an importer,C.V.O. INTERNATIONAL - OVIDIAS,,Overseas exhibitors | Exportable | Co-exhibitor | Organizer : Flanders Investment & Trade,National Pavilion,E1-A12-15,"Large assortiment of real Belgian chocolates in milk, dark or white chocolate with different kind of fillings (praliné, ganache, cream...). | All fillings are homemade.",FOODEX JAPAN 2025 / 2025 Japan Meat Industry Fair 49th,https://www.jma-tradeshow.com/foodex/webguide_en/datafile/product_image1_173410880437.jpg,https://www.jma-tradeshow.com/foodex/webguide_en/product.php?no=2725
2728,Chocolates in bulk,Savoury snacks,Wholesale,For people who enjoy the great quality of Belgian filled chocolates - pralines,"EU-HACCP | IFS, BRC",We have an importer,C.V.O. INTERNATIONAL - OVIDIAS,,Overseas exhibitors | Exportable | Co-exhibitor | Organizer : Flanders Investment & Trade,National Pavilion,E1-A12-15,"Large assortiment of real Belgian chocolates in milk, dark or white chocolate with different kind of fillings (praliné, ganache, cream...). | All fillings are homemade.",FOODEX JAPAN 2025 / 2025 Japan Meat Industry Fair 49th,https://www.jma-tradeshow.com/foodex/webguide_en/datafile/product_image1_173410919304.jpg,https://www.jma-tradeshow.com/foodex/webguide_en/product.php?no=2728
2745,Frozen Mushrooms,Frozen Fruit & Vegetables,"Food service, retail, supermarket, wholesaler, delicatessen, restaurant",,EU-HACCP | IFS / BRC,We don't have an importer,BORDE WILD MUSHROOMS,https://www.borde.fr/en/,Overseas exhibitors | Exportable | Co-exhibitor | Organizer : BUSINESS FRANCE,National Pavilion,E2-C11-46,"Dried mushrooms, freeze-dried mushrooms, preserved mushrooms, frozen mushrooms, culinary aids, tartufata, flavoured olive oil, preserved red fruits.",FOODEX JAPAN 2025 / 2025 Japan Meat Industry Fair 49th,https://www.jma-tradeshow.com/foodex/webguide_en/datafile/product_image1_173411398934.jpg,https://www.jma-tradeshow.com/foodex/webguide_en/product.php?no=2745
2764,Token Bitters - Orange Bitters,Others,"Restaurants, liquor (non-alcoholic), grocery, gift","Elevates cocktails and mocktails with a burst of citrus and spice. | Versatile enough for drinks, desserts, and dressings. | Perfect for home mixologists and professional chefs alike. | Adds depth and complexity with just a few drops.",,We have an importer,Token Bitters,https://tokenbitters.com/,Overseas exhibitors | Exportable | Co-exhibitor | Organizer : Agriculture and Agri-Food Canada,National Pavilion,E4-A07-13,"Token Bitters - Haskap Citrus Chili Sangria, Token Bitters - Mulled Haskap Mocktail, Token Bitters - Orange Bitters, Token Bitters - Heritage Bitters, Token Bitters - Smoke Bitters",FOODEX JAPAN 2025 / 2025 Japan Meat Industry Fair 49th,https://www.jma-tradeshow.com/foodex/webguide_en/datafile/product_image1_2764.jpg,https://www.jma-tradeshow.com/foodex/webguide_en/product.php?no=2764
2776,L'HÉPHÉMÈRE,Beer,"Grocery store, restaurant, bar |","In Paris (FR) : Mant'ine saveurs and Délices de Guyane | In Roubaix (FR) : Trésors de Guyane | In Guiana : Coin frais, Carrefour, Madi marché, Distrimatik",,We don't have an importer,LA BRASSERIE DE L'OUEST GUYANAIS,,Overseas exhibitors | Exportable | Co-exhibitor | Organizer : BUSINESS FRANCE,National Pavilion,E2-C11-39,"L’ÉPHÉMÈRE, STYLE Witbier, ale, Mombin,% Vol 4°, IBU 10 | Mombin is a small plum-shaped fruit which has a pleasant, slightly tangy flavor and a very strong sweet smell. L'Éphémère is a rainy season beer in Guyana. As soon as you open your bottle, the fruity smell of beer perfumes your space. During tasting, a slight hint of citrus, grapefruit appears... L'Éphémère is light in alcohol, smooth, creamy, thirst-quenching and refreshing. | | MOSILO,STYLE amber beer, médium Amber, honey, hibiscus flower and ginger.% Vol 6.5°, IBU 15 | An amber typically from French Guiana by its name Kalina, MOSILO, which means mutual aid, solidarity. On the nose, the aromas of intense malt are felt. In the mouth, the acidity of Peyi sorrel awakens your taste buds then the honey and ginger caresses your palate at the end of the tasting.",FOODEX JAPAN 2025 / 2025 Japan Meat Industry Fair 49th,https://www.jma-tradeshow.com/foodex/webguide_en/datafile/product_image1_2776.jpg,https://www.jma-tradeshow.com/foodex/webguide_en/product.php?no=2776
2790,Hop soda,Non-alcoholic Beverages,"Wholesale, Retail, and Restaurants","The carbonation and sourness of the soda spread in the mouth, and the bitterness from the hops can be felt, but it is not unpleasant, and it is refreshing. The carbonation, slight sourness, hop aroma, and bitterness are intertwined in a perfect balance, and the taste makes you want to drink it again and again. Hop Soda is also an excellent accompaniment to meals, and its bright flavor makes it a perfect match for rich meat dishes and meat products such as ham and sausage. | For each bottle of this product sold, 10 yen is donated to help maintain hop production in Tono. We hope to revitalize hop cultivation by making more people aware of and enjoy Hop Soda. | The product perfection and efforts have been highly evaluated, and in October 2024, it won the Grand Prix, the highest award of Japan Food Selection.",,We don't have an importer,TONO FURUSATO SHOSHA,https://tonofurusato.jp/,"Japan exhibitors | Exportable | Co-exhibitor | Organizer : Iwate-Kosan Co., Ltd.",Local Specialities in Japan,S2-V05-00,"Hop soda,Hop Frank,Leaf wasabi dressing, | Dried radish | |",FOODEX JAPAN 2025 / 2025 Japan Meat Industry Fair 49th,https://www.jma-tradeshow.com/foodex/webguide_en/datafile/product_image2_2790.jpg,https://www.jma-tradeshow.com/foodex/webguide_en/product.php?no=2790
2799,Dried radish,Dried Fruits | Dried Fruit & Vegetables,Retail & Food & Beverage,"Aokubi daikon grown on a plateau at an altitude of about 900 m is washed, cut, and dried as it is. | The sweetness and flavor concentrated by the drying process remains even after being put back in water, and the original flavor of the daikon can be felt. | This product is not a supporting role, but a mainstay of dried daikon.",,We don't have an importer,TONO FURUSATO SHOSHA,https://tonofurusato.jp/,"Japan exhibitors | Exportable | Co-exhibitor | Organizer : Iwate-Kosan Co., Ltd.",Local Specialities in Japan,S2-V05-00,"Hop soda,Hop Frank,Leaf wasabi dressing, | Dried radish | |",FOODEX JAPAN 2025 / 2025 Japan Meat Industry Fair 49th,https://www.jma-tradeshow.com/foodex/webguide_en/datafile/product_image1_2799.jpg,https://www.jma-tradeshow.com/foodex/webguide_en/product.php?no=2799
2801,Ingredients for seafood bowls,Frozen Seafood | Seafood,,"It is an ingredient in a seafood bowl that goes well with seafood and sauce. | ""5 kinds"": scallops, sweet shrimp, Canada hokki, salmon roe, mekabu | ""Sea urchin"" steamed sea urchin, squid, salmon roe, mekabu | ""Crab"" crab, salmon roe, mekabu | After thawing in the refrigerator, you can put it on top of rice and enjoy it as it is. | |",,We don't have an importer,"KAWASHU Co., Ltd.",https://kawashu.com/,"Japan exhibitors | Exportable | Co-exhibitor | Organizer : Iwate-Kosan Co., Ltd.",Exports from Japan,S2-V05-00,"Bindon,Kaisendon-no-gu |",FOODEX JAPAN 2025 / 2025 Japan Meat Industry Fair 49th,https://www.jma-tradeshow.com/foodex/webguide_en/datafile/product_image1_2801.jpg,https://www.jma-tradeshow.com/foodex/webguide_en/product.php?no=2801
2837,Vegan Ramen TOMATO SPICY With Dried Noodles 2 Servings,Noodles | Vegan,,,Other HACCP,We don't have an importer,"Kurata Foods Co.,Ltd.",https://www.fukuyama-ramen.com,Japan exhibitors | Exportable,Exports from Japan,S1-N12,"Vegan Ramen Shoyu Dry Noodles 2-serving bag, Vegan Ramen Miso Dry Noodles 2-serving bag, Vegan Ramen Yuzu Salt Dry Noodles 2-serving bag, Vegan Ramen Veggie Potato Dry Noodles 2-serving bag, Vegan Ramen Curry Dry Noodles 2-serving bag, Vegan Ramen Curry Udon Dry Noodles 2-serving bag, Vegan Ramen Tantan Mian 2-serving bag, Vegan Ramen Tomato Spicy Rice Noodle Dry Rice Noodle 2 sachets, Vegan Instant Ramen Soy Sauce 1 Serving, Vegan Instant Ramen Miso 1 Serving |",FOODEX JAPAN 2025 / 2025 Japan Meat Industry Fair 49th,https://www.jma-tradeshow.com/foodex/webguide_en/datafile/product_image1_173415440534.jpg,https://www.jma-tradeshow.com/foodex/webguide_en/product.php?no=2837
2840,Vegan Instant Ramen VEGEPOTA 1 Serving,Noodles | Vegan,,,Other HACCP,We don't have an importer,"Kurata Foods Co.,Ltd.",https://www.fukuyama-ramen.com,Japan exhibitors | Exportable,Exports from Japan,S1-N12,"Vegan Ramen Shoyu Dry Noodles 2-serving bag, Vegan Ramen Miso Dry Noodles 2-serving bag, Vegan Ramen Yuzu Salt Dry Noodles 2-serving bag, Vegan Ramen Veggie Potato Dry Noodles 2-serving bag, Vegan Ramen Curry Dry Noodles 2-serving bag, Vegan Ramen Curry Udon Dry Noodles 2-serving bag, Vegan Ramen Tantan Mian 2-serving bag, Vegan Ramen Tomato Spicy Rice Noodle Dry Rice Noodle 2 sachets, Vegan Instant Ramen Soy Sauce 1 Serving, Vegan Instant Ramen Miso 1 Serving |",FOODEX JAPAN 2025 / 2025 Japan Meat Industry Fair 49th,https://www.jma-tradeshow.com/foodex/webguide_en/datafile/product_image1_173415553903.jpg,https://www.jma-tradeshow.com/foodex/webguide_en/product.php?no=2840
2845,ALCOHOL FREE Vagan Instant Ramen MISO 1 Serving,Noodles | Vegan | Halal,,,Other HACCP,We don't have an importer,"Kurata Foods Co.,Ltd.",https://www.fukuyama-ramen.com,Japan exhibitors | Exportable,Exports from Japan,S1-N12,"Vegan Ramen Shoyu Dry Noodles 2-serving bag, Vegan Ramen Miso Dry Noodles 2-serving bag, Vegan Ramen Yuzu Salt Dry Noodles 2-serving bag, Vegan Ramen Veggie Potato Dry Noodles 2-serving bag, Vegan Ramen Curry Dry Noodles 2-serving bag, Vegan Ramen Curry Udon Dry Noodles 2-serving bag, Vegan Ramen Tantan Mian 2-serving bag, Vegan Ramen Tomato Spicy Rice Noodle Dry Rice Noodle 2 sachets, Vegan Instant Ramen Soy Sauce 1 Serving, Vegan Instant Ramen Miso 1 Serving |",FOODEX JAPAN 2025 / 2025 Japan Meat Industry Fair 49th,https://www.jma-tradeshow.com/foodex/webguide_en/datafile/product_image1_173415678333.jpg,https://www.jma-tradeshow.com/foodex/webguide_en/product.php?no=2845
2872,"Canned saba(Mackerel) in brine, miso and shoyu",Import to Japan Support | Canned Products | Seafood | Processed seafood products,"Direct selling, distribution company, Wholesale",Our saba products have been in Japan market for more than 10 years. We are one of the very first factory who could send in shipments of canned saba from Thailand into Japan market. It's been great success for our company to lead in this market segment among non-Japanese manufacturers. We supply up to 300 FCLs in a year. AJCEP is always provided because of being imported fish from Japan.,ISO22000 | HALAL,,"MAS CHOICES CORPORATION CO., LTD.",https://www.maschoices.com,Overseas exhibitors | Exportable | Co-exhibitor | Organizer : THAILAND,National Pavilion,E4-A22-020,"Canned and Pouch Tuna, Canned Mackerel(Saba), Canned iwachi(Sardine), Canned Fruit and Vegetable",FOODEX JAPAN 2026 / 2026 Japan Meat Industry Fair 50th,https://www.jma-tradeshow.com/foodex/webguide_en/datafile/product_image1_176595938088.jpg,https://www.jma-tradeshow.com/foodex/webguide_en/product.php?no=2872
2888,Breaded Mozzarella Sticks,Cheese | Frozen Dairy Products,Foodservice and retail,"Food distributor chains, wholesalers, food service distributors and other businesses supplying quality foods for all types of markets and consumers","BRC, IFS",We have an importer,CABEZUELO FOODS,https://www.cabezuelofoods.com,Overseas exhibitors | Exportable | Co-exhibitor | Organizer : ICEX SPAIN TRADE AND INVESTMENT,National Pavilion,E2-A21-45,Frozen pre-cooked products,FOODEX JAPAN 2025 / 2025 Japan Meat Industry Fair 49th,https://www.jma-tradeshow.com/foodex/webguide_en/datafile/product_image1_2888.jpg,https://www.jma-tradeshow.com/foodex/webguide_en/product.php?no=2888
2891,Vegetables in Tempura,Frozen Fruit & Vegetables,Foodservice and retail,"Food distribution chains, wholesalers, food service distributors and other businesses supplying quality food for all types of markets and consumers","BRC, IFS",We have an importer,CABEZUELO FOODS,https://www.cabezuelofoods.com,Overseas exhibitors | Exportable | Co-exhibitor | Organizer : ICEX SPAIN TRADE AND INVESTMENT,National Pavilion,E2-A21-45,Frozen pre-cooked products,FOODEX JAPAN 2025 / 2025 Japan Meat Industry Fair 49th,https://www.jma-tradeshow.com/foodex/webguide_en/datafile/product_image1_173416912580.jpg,https://www.jma-tradeshow.com/foodex/webguide_en/product.php?no=2891
2921,Misoya Seijirou,Miso,"Food service, restaurants | Trading, Wholesale, Maker, Manufacturer","Misoya Seijirou is our top quality miso.This specialmiso has won first prize in Japan in the past.The riceis polished to 70% in order to obtain the aroma,sweetness, andrich flavor of ginjo sake.（Thisprocess is a special one that no breweryperforms.）Using carefully selected local ingredients, it maturedwith Saishikomi(Extra koji) method which is quiterare for usual miso making. Onlylimited brewerytrying this method. Saishikomi method add extra kojiatthe middle of maturing process. This extra kojimake it possible toproduces rich aroma andbalanced flavor compare to the basicqualitymiso.Additionally 100 years old woodenbarrels are used for this misofermentation wheremany microbes support and encourageproducingcomplexed deep flavors.This miso isperfect to spice up not only Japanese cooking butalsowestern recipes like dipping sauce or bakings.",US-HACCP,We don't have an importer,"Kono Vinegar Miso Manufacturing Factory Co., Ltd.",https://kohno-honten.co.jp/2018/,Japan exhibitors | Exportable | Co-exhibitor | Organizer : Okayama Prefectural Industrial Promotion Foundation,Local Specialities in Japan,S2-K18-5,"Koji dressing (Setouchi lemon, ripe yuzu, field tomatoes, Japanese carrots), Koji yuzu ponzu , fermented yuzu kouji, 3-year aged red vinegar,Red vinegar Sushi vinegar, Oikoji miso",FOODEX JAPAN 2025 / 2025 Japan Meat Industry Fair 49th,https://www.jma-tradeshow.com/foodex/webguide_en/datafile/product_image1_173418228686.jpg,https://www.jma-tradeshow.com/foodex/webguide_en/product.php?no=2921
2923,Suikasen Okayama Shimizu Hakuto Drink,Juice,"Souvenirs, mid-year gifts, year-end gifts, gifts","The Shimizu Hakuto, born in Okayama Prefecture, is characterised by its elegant fragrance and refined sweetness, and is known as the queen of white peaches. | In Okayama Prefecture, white peaches are grown for their whiteness, softness and sweetness, and the Shimizu Hakuto is a symbol of this commitment. | Because the fresh white peach week is short and distribution is difficult, there are not many opportunities to eat Shimizu Hakuto. | | Okayama Shimizu Hakuto Drink is a product that delivers the seasonal taste of such Shimizu Hakuto. | As a processed product, it is made to specifications (60% fruit juice) that maximise the goodness of the ingredients. | | It can be enjoyed chilled and straight. | Add to sparkling wine to enjoy its gorgeous aroma. | As an accent in confectionery and cooking. | As an ingredient in dressings. | The key to enjoying it other than as a juice is to make the most of its aroma.",,We don't have an importer,"M Supply Co., Ltd.",https://suikasen-okayama.com/,Japan exhibitors | Exportable | Co-exhibitor | Organizer : Okayama Prefectural Industrial Promotion Foundation,Local Specialities in Japan,S2-K18-6,"Shimizu white peach drink, white peach juice, muscat juice, white peach puree, sweet potato paste, white peach jam, muscat jam, strawberry jam, fig jam",FOODEX JAPAN 2025 / 2025 Japan Meat Industry Fair 49th,https://www.jma-tradeshow.com/foodex/webguide_en/datafile/product_image1_173418255487.jpg,https://www.jma-tradeshow.com/foodex/webguide_en/product.php?no=2923
2925,Oikoji Miso,Miso,"Food service, restaurants | Trading, Wholesale, Maker, Manufacturer","Oikoji miso is our top quality miso. | Using carefully selected local ingredients, itmaturedwith Saishikomi (Extra koji) method which isquiterare for usual miso making. Only limitedbrewerytrying this method. Saishikomi method addextra kojiat the middle of maturing process. Thisextra kojimake it possible to produces rich aromaandbalanced fl avor compare to the basic qualitymiso. | Additionally 100 years old wooden barrels areusedfor this miso fermentation where manymicrobessupport and encourage producingcomplexed deepfl avors. | This miso is perfect to spice up not onlyJapanesecooking but also western recipes likedipping sauceor bakings.",US-HACCP,We don't have an importer,"Kono Vinegar Miso Manufacturing Factory Co., Ltd.",https://kohno-honten.co.jp/2018/,Japan exhibitors | Exportable | Co-exhibitor | Organizer : Okayama Prefectural Industrial Promotion Foundation,Local Specialities in Japan,S2-K18-5,"Koji dressing (Setouchi lemon, ripe yuzu, field tomatoes, Japanese carrots), Koji yuzu ponzu , fermented yuzu kouji, 3-year aged red vinegar,Red vinegar Sushi vinegar, Oikoji miso",FOODEX JAPAN 2025 / 2025 Japan Meat Industry Fair 49th,https://www.jma-tradeshow.com/foodex/webguide_en/datafile/product_image1_173418288616.jpg,https://www.jma-tradeshow.com/foodex/webguide_en/product.php?no=2925
2926,Suikasen Craft beer,Beer,商社、海外バイヤー、ギフトショップ,"Suikasen presents a craft beer filled with the bounty of the Seto Inland Sea! | | The ""Okayama Shimizu Hakuto Weizen"" is made with an abundance of Shimizu Hakuto peaches produced in Okayama Prefecture. | The concept is ""fruity and not too sweet"". | It is a must-try for beer lovers and those who are not so fond of beer. | We have created a beer that we hope you will enjoy. | | It is rapidly gaining in popularity among women!",,We don't have an importer,"M Supply Co., Ltd.",https://suikasen-okayama.com/,Japan exhibitors | Exportable | Co-exhibitor | Organizer : Okayama Prefectural Industrial Promotion Foundation,Local Specialities in Japan,S2-K18-6,"Shimizu white peach drink, white peach juice, muscat juice, white peach puree, sweet potato paste, white peach jam, muscat jam, strawberry jam, fig jam",FOODEX JAPAN 2025 / 2025 Japan Meat Industry Fair 49th,https://www.jma-tradeshow.com/foodex/webguide_en/datafile/product_image1_173418294225.jpg,https://www.jma-tradeshow.com/foodex/webguide_en/product.php?no=2926
2928,SUIKASEN Muscat jam,"Spreads, Honey & Jams","Trading companies, international buyers, gift shops","The product comes in a cube-shaped carton decorated with the brand image and is targeted at souvenir demand. | The product is finished without gelling agents, which are commonly used in jams.The thick texture of the product allows it to be used not only as a jam, but also as a fruit sauce.It is prepared in a way that makes the most of the ingredients' natural sweetness and acidity in a well-balanced way, and is characterised by a taste that is suitable for any situation.",,We don't have an importer,"M Supply Co., Ltd.",https://suikasen-okayama.com/,Japan exhibitors | Exportable | Co-exhibitor | Organizer : Okayama Prefectural Industrial Promotion Foundation,Local Specialities in Japan,S2-K18-6,"Shimizu white peach drink, white peach juice, muscat juice, white peach puree, sweet potato paste, white peach jam, muscat jam, strawberry jam, fig jam",FOODEX JAPAN 2025 / 2025 Japan Meat Industry Fair 49th,https://www.jma-tradeshow.com/foodex/webguide_en/datafile/product_image1_173418339050.jpg,https://www.jma-tradeshow.com/foodex/webguide_en/product.php?no=2928
2931,SUIKASEN Jam assortment,"Spreads, Honey & Jams","Trading companies, international buyers, gift shops","This product, in a cube-shaped box decorated with the brand image, targets the demand for souvenirs: an assortment of four types (white peaches, muscats, strawberries and figs) in cute little jars. | The product is made without gelling agents, which are commonly used in jams.The thick texture of this product is not limited to use as a jam, but can also be used as a fruit sauce.It is prepared in a way that makes the most of the ingredients' natural sweetness and acidity in a well-balanced way, and is characterised by a taste that is suitable for any situation. | |",,We don't have an importer,"M Supply Co., Ltd.",https://suikasen-okayama.com/,Japan exhibitors | Exportable | Co-exhibitor | Organizer : Okayama Prefectural Industrial Promotion Foundation,Local Specialities in Japan,S2-K18-6,"Shimizu white peach drink, white peach juice, muscat juice, white peach puree, sweet potato paste, white peach jam, muscat jam, strawberry jam, fig jam",FOODEX JAPAN 2025 / 2025 Japan Meat Industry Fair 49th,https://www.jma-tradeshow.com/foodex/webguide_en/datafile/product_image1_173418372350.jpg,https://www.jma-tradeshow.com/foodex/webguide_en/product.php?no=2931
2936,Koji vegan yuzu ponzu,Liquid Seasoning | Vegetarian | Vegan,Food Restaurant Industry | Trading/Wholesale Maker/Manufacturer,"This thick vegan yuzu ponzu is made from onlynatural ingredientsbased on malt, without adding anypreservatives, umami seasonings,sugar or animalingredients.The natural sweetness that accompaniesthe vegetables is due to thewell-soluble 'koji'technology that has been carefully preservedformore than 130 years since the company wasfounded.It is characterised by a thick consistency,and the flavours of yuzuand shiitake mushroomsintertwine perfectly with the vegetables.No animalproducts such as dried bonito flakes or sugar, whicharefound in ordinary ponzu, are used.With the richflavours of malt and shiitake mushrooms, this ponzuisa ponzu that makes the chopsticks that carry thevegetablesunstoppable.Vegan certified yuzu ponzu.",US-HACCP,We don't have an importer,"Kono Vinegar Miso Manufacturing Factory Co., Ltd.",https://kohno-honten.co.jp/2018/,Japan exhibitors | Exportable | Co-exhibitor | Organizer : Okayama Prefectural Industrial Promotion Foundation,Local Specialities in Japan,S2-K18-5,"Koji dressing (Setouchi lemon, ripe yuzu, field tomatoes, Japanese carrots), Koji yuzu ponzu , fermented yuzu kouji, 3-year aged red vinegar,Red vinegar Sushi vinegar, Oikoji miso",FOODEX JAPAN 2025 / 2025 Japan Meat Industry Fair 49th,https://www.jma-tradeshow.com/foodex/webguide_en/datafile/product_image1_173418489214.jpg,https://www.jma-tradeshow.com/foodex/webguide_en/product.php?no=2936
2942,SAIKA Ginjoakazu(Red Vinegar),Vinegar | Vegan | Kosher,"For sushi restaurants, Japanese restaurants, and distributors supplying sushi and Japanese cuisine establishments","This red vinegar is made using 100% sake lees from Junmai Daiginjo brewed with Yamada Nishiki rice, produced by our sake brewing division. | The sake lees are aged for over three years, then blended with Junmai sake brewed by the same division, and fermented and matured for more than 120 days in a 30-koku large wooden vat. | | It offers deep umami, richness, and a mellow acidity unique to sake-based red vinegar. | | Awarded at the “Seasoning Championship 2016” hosted by the Japan Vegetable Sommelier Association. | This product is Kosher and Vegan certified. | | |","Kosher, Vegan",,kokonoesaika,https://www.kokonoesaika.co.jp,Japan exhibitors | Exportable | Co-exhibitor | Organizer : Wakayama Prefecture,Local Specialities in Japan,S4-N31-010,"Non-Alcoholic Beverages Yuzu, Plum, and Lemon Non-Alcoholic Drinks | Rock’n Yuzu | Non-Alcoholic Yuzu Drink | Rock’n Plum | Non-Alcoholic Plum Drink | Rock’n Lemon | Non-Alcoholic Lemon Drink | | Red Vinegar | Saika Ginjo Red Rice Vinegar | | Japanese Sake | Junmai Daiginjo Sake | Junmai Ginjo Sake | Junmai Yamahai-Style Sake | | Liqueurs | Yuzu Liqueur | Umeshu (Japanese Plum Liqueur",FOODEX JAPAN 2026 / 2026 Japan Meat Industry Fair 50th,,https://www.jma-tradeshow.com/foodex/webguide_en/product.php?no=2942
2958,Mocksecco Sauvignon Blanc non-alcoholic wine,Non-alcoholic Beverages | Non-alcoholic wines | Low-alcoholic wines,non-alcoholic beverages,"superstores, groceries, restaurants, bars, ecommerce | platform, rakuten",Other HACCP | GMP,We don't have an importer,Bulwark Craft Ciders (Muwin Estate Wines),https://bulwarkcider.com/,Overseas exhibitors | Exportable | Co-exhibitor | Organizer : Agriculture and Agri-Food Canada,National Pavilion,E4-A07-39,"Bulwark Original non-alcoholic cider, Bulwark Peach non-alcoholic cider, Mocksecco Sauvignon Blanc non-alcoholic wine, Mocksecco Moscato Rose non-alcoholic wine",FOODEX JAPAN 2025 / 2025 Japan Meat Industry Fair 49th,https://www.jma-tradeshow.com/foodex/webguide_en/datafile/product_image1_2958.jpg,https://www.jma-tradeshow.com/foodex/webguide_en/product.php?no=2958
3004,Hojicha Powder brewed with milk100g,Gluten-free | Tea | Health & Wellness Products | Vegetarian | Vegan | Halal,"- Cafes, | -Restaurants | -Retailers of Japanese products | -Asian Grocery Retailer | -Pastry shop, bakery","Organic first-grade tea is produced in Kinko Tow, Kagoshima Prefecture. We carefully select tea leaves with a strong aroma and flavor.Tea leaves that have passed U.S. pesticide residue testing and are compatible with U.S. exports. The fine particle hojicha powder dissolves easily and is suitable for latte products. It is also recommended for making confectionery.This powdered tea is easy to dissolve and palatable to suit modern lifestyles.",FDA,We don't have an importer,"Koyo Orient Japan Co.,Ltd.",,Japan exhibitors | Exportable,Healthcare Foods,E5-D17,Jerusalem artichoke luxury cookies，Jerusalem artichoke magic powder,FOODEX JAPAN 2025 / 2025 Japan Meat Industry Fair 49th,https://www.jma-tradeshow.com/foodex/webguide_en/datafile/product_image1_3004.jpg,https://www.jma-tradeshow.com/foodex/webguide_en/product.php?no=3004
3015,Juicy Ponzu The Kabosu,Soy Sauce | Liquid Seasoning,"Mainly housewives looking for safe and reliable seasonings, people who are particular about domestic ingredients, EU, USA, Canada, Australia, Singapore, Taiwan","This ponzu soy sauce is made with whole soybeans and wheat from Fukuoka Prefecture, and straight Japanese kabosu juice, and is made with safe and secure ingredients. It features a rich kabosu aroma and a refreshing taste. It can be used drop by drop, and comes in a fresh sealed bottle that locks in the aroma.",,We don't have an importer,MITSUWA SHOYU Tone Shoyu Brewery,https://www.mitsuwashoyu.com/,Japan exhibitors | Exportable | Co-exhibitor | Organizer : JAPAN SOY SAUCE ASSOCIATION,Exports from Japan,S1-C12-00,"Fukuoka round soy sauce, Children's Favorite Ama-ai Kyushu Soy Sauce, Juicy Ponzu the Dai Dai Dai, Juicy Ponzu the Yuzu, Juicy Ponzu the Kabosu, Juicy Ponzu the Lemon",FOODEX JAPAN 2025 / 2025 Japan Meat Industry Fair 49th,https://www.jma-tradeshow.com/foodex/webguide_en/datafile/product_image1_173424531121.jpg,https://www.jma-tradeshow.com/foodex/webguide_en/product.php?no=3015
3016,Juicy Ponzu The Daidai,Soy Sauce | Liquid Seasoning,"Mainly housewives looking for safe and reliable seasonings, people who are particular about domestic ingredients, EU, USA, Canada, Australia, Singapore, Taiwan","This ponzu soy sauce is made with safe and reliable ingredients, including whole soybeans and wheat from Fukuoka Prefecture, and straight juice from domestically grown daidai. It features a rich daidai aroma and a refreshing taste. It can be used drop by drop, and comes in a fresh sealed bottle that locks in the aroma.",,We don't have an importer,MITSUWA SHOYU Tone Shoyu Brewery,https://www.mitsuwashoyu.com/,Japan exhibitors | Exportable | Co-exhibitor | Organizer : JAPAN SOY SAUCE ASSOCIATION,Exports from Japan,S1-C12-00,"Fukuoka round soy sauce, Children's Favorite Ama-ai Kyushu Soy Sauce, Juicy Ponzu the Dai Dai Dai, Juicy Ponzu the Yuzu, Juicy Ponzu the Kabosu, Juicy Ponzu the Lemon",FOODEX JAPAN 2025 / 2025 Japan Meat Industry Fair 49th,https://www.jma-tradeshow.com/foodex/webguide_en/datafile/product_image1_173424556434.jpg,https://www.jma-tradeshow.com/foodex/webguide_en/product.php?no=3016
3019,Juicy Ponzu The Yuzu,Soy Sauce | Liquid Seasoning,"Mainly housewives looking for safe and reliable seasonings, people who are particular about domestic ingredients, EU, USA, Canada, Australia, Singapore, Taiwan","This ponzu soy sauce is made with safe and secure ingredients, including whole soybeans and wheat from Fukuoka Prefecture, and straight Japanese yuzu juice. It features a rich yuzu aroma and a refreshing taste. It can be used drop by drop, and comes in a fresh sealed bottle that locks in the aroma.",,We don't have an importer,MITSUWA SHOYU Tone Shoyu Brewery,https://www.mitsuwashoyu.com/,Japan exhibitors | Exportable | Co-exhibitor | Organizer : JAPAN SOY SAUCE ASSOCIATION,Exports from Japan,S1-C12-00,"Fukuoka round soy sauce, Children's Favorite Ama-ai Kyushu Soy Sauce, Juicy Ponzu the Dai Dai Dai, Juicy Ponzu the Yuzu, Juicy Ponzu the Kabosu, Juicy Ponzu the Lemon",FOODEX JAPAN 2025 / 2025 Japan Meat Industry Fair 49th,https://www.jma-tradeshow.com/foodex/webguide_en/datafile/product_image1_173424581099.jpg,https://www.jma-tradeshow.com/foodex/webguide_en/product.php?no=3019
3035,Hempseed Oil,Liquid Seasoning | Halal | Vegetable & Animal Oils & Fats,"Wholesalers, Retailers","1. Cold pressed, Triple filtering | 2. Total 80% of Hempseed oil consists of unsaturated fatty acid like Omega-3, 6, 9. It reduces LDL Cholesterol and improve blood circulation. | 3. Help to decrease inflammation as depressing prostaglandin growth.",Other HACCP | HALAL | FDA | USDA Organic Certification | FSSC22000,,"Chung Yang Foods Co., Ltd",https://cyfood.co.kr/,Overseas exhibitors | Exportable | Co-exhibitor | Organizer : Korea Agro-Fisheries & Food Trade Corporation,National Pavilion,E5-A48-A08,"Sesame Oil, Perilla Oil, Flaxseed Oil, Hempseed Oil, Roasted Sesame Seeds",FOODEX JAPAN 2026 / 2026 Japan Meat Industry Fair 50th,https://www.jma-tradeshow.com/foodex/webguide_en/datafile/product_image1_3035.jpg,https://www.jma-tradeshow.com/foodex/webguide_en/product.php?no=3035
3059,RICE VINEGAR PRO,Vinegar,"HORECA, Sushi restaurant, Japanese restaurant","This pure rice vinegar is made without using alcohol as an ingredient. It features the natural sweetness and umami of rice, offering a mild and smooth flavor.",ISO22000 | FDA | FSSC22000,We don't have an importer,"Uchibori Vinegar, Inc.",https://www.uchibori.com/,Japan exhibitors | Exportable,Condiments / Seasoning,E1-A09,"RINKOSAN KUROSU, JUNMAI DAIGINJO SU, YAWARAKA SANMI NO KOKUMOTSU SU, RICE VIENGAR PRO, MINO TOKUSEN AJITSUKI PONZU, AKA SU IRI SUSHI SU SM, AKA SU, KOME SU EIZI, SUSHI SU EIZI, FRUIT VINEGAR - ORGANIC APPLE",FOODEX JAPAN 2025 / 2025 Japan Meat Industry Fair 49th,https://www.jma-tradeshow.com/foodex/webguide_en/datafile/product_image1_173427472488.jpg,https://www.jma-tradeshow.com/foodex/webguide_en/product.php?no=3059
3066,SUSHI SU EIZI (Sushi vinegar),Vinegar,,"This sushi vinegar blend is made with rice vinegar and is characterized by its light, well-balanced, and gentle flavor. Simply mix it with warm rice to easily prepare sushi rice. The product label lists the ingredients in six languages: Japanese, English, French, Dutch, German, and Chinese.",ISO22000 | FDA | FSSC22000,We don't have an importer,"Uchibori Vinegar, Inc.",https://www.uchibori.com/,Japan exhibitors | Exportable,Condiments / Seasoning,E1-A09,"RINKOSAN KUROSU, JUNMAI DAIGINJO SU, YAWARAKA SANMI NO KOKUMOTSU SU, RICE VIENGAR PRO, MINO TOKUSEN AJITSUKI PONZU, AKA SU IRI SUSHI SU SM, AKA SU, KOME SU EIZI, SUSHI SU EIZI, FRUIT VINEGAR - ORGANIC APPLE",FOODEX JAPAN 2025 / 2025 Japan Meat Industry Fair 49th,https://www.jma-tradeshow.com/foodex/webguide_en/datafile/product_image1_173427566874.jpg,https://www.jma-tradeshow.com/foodex/webguide_en/product.php?no=3066
3068,MINO TOKUSEN AJI TSUKI PONZU,Vinegar,,"This ponzu sauce is made with the first dashi broth prepared in-house using Rishiri kombu and premium bonito flakes from Makurazaki. It features a well-balanced combination of the refreshing flavors of sudachi and yuzu juice with the umami of the first dashi, resulting in a refined and elegant taste.",ISO22000 | FDA | FSSC22000,We don't have an importer,"Uchibori Vinegar, Inc.",https://www.uchibori.com/,Japan exhibitors | Exportable,Condiments / Seasoning,E1-A09,"RINKOSAN KUROSU, JUNMAI DAIGINJO SU, YAWARAKA SANMI NO KOKUMOTSU SU, RICE VIENGAR PRO, MINO TOKUSEN AJITSUKI PONZU, AKA SU IRI SUSHI SU SM, AKA SU, KOME SU EIZI, SUSHI SU EIZI, FRUIT VINEGAR - ORGANIC APPLE",FOODEX JAPAN 2025 / 2025 Japan Meat Industry Fair 49th,https://www.jma-tradeshow.com/foodex/webguide_en/datafile/product_image1_173427622518.jpg,https://www.jma-tradeshow.com/foodex/webguide_en/product.php?no=3068
3069,YAWARAKA SANMI NO KOKUMOTSU SU (Grain vinegar),Vinegar,,"It is a grain vinegar made with only rice, alcohol, salt and sake lees. It features crisp flavour and mild acidity. It can be used for versatile cuisines.",ISO22000 | FDA | FSSC22000,We don't have an importer,"Uchibori Vinegar, Inc.",https://www.uchibori.com/,Japan exhibitors | Exportable,Condiments / Seasoning,E1-A09,"RINKOSAN KUROSU, JUNMAI DAIGINJO SU, YAWARAKA SANMI NO KOKUMOTSU SU, RICE VIENGAR PRO, MINO TOKUSEN AJITSUKI PONZU, AKA SU IRI SUSHI SU SM, AKA SU, KOME SU EIZI, SUSHI SU EIZI, FRUIT VINEGAR - ORGANIC APPLE",FOODEX JAPAN 2025 / 2025 Japan Meat Industry Fair 49th,https://www.jma-tradeshow.com/foodex/webguide_en/datafile/product_image1_173427648036.jpg,https://www.jma-tradeshow.com/foodex/webguide_en/product.php?no=3069
3098,T004 Caramel Daifuku,Japanese sweets | Cream & Cream Products | Frozen Dairy Products,"Mass-market retailers and convenience stores | Food services (cafes, restaurants, catering)","It features a soft, chewy mochi texture with a smooth, glossy caramel cream filling. The Hokkaido-made caramel adds a rich, warm flavor to the Daifuku. The sweetness of the caramel blends perfectly with the chewy mochi, making this a temptingly delicious dessert.",FSSC22000 Certification Obtained,We don't have an importer,"Tokachi Daifuku Honpo, Inc.",https://www.tokachidaifuku.com/,Japan exhibitors | Exportable,,E6-U06,"Chocolate rice cake, Oat milk Daifuku, Strawberry Warabi Daifuku, Caramel Daifuku, Sakura Cream Daifuku, Three colors Dango, Warabi Mochi, Japanese Parfait, Omelette Dorayaki, Dorayaki, Plant-based Taiyaki",FOODEX Frozen Sweets & Snacks,https://www.jma-tradeshow.com/foodex/webguide_en/datafile/product_image1_3098.jpg,https://www.jma-tradeshow.com/foodex/webguide_en/product.php?no=3098
3106,T007 Warabi Mochi (Flavor: Kinako・Matcha・Houjicha),Japanese sweets,"Mass-market retailers and convenience stores | Food services (cafes, restaurants, catering)","Warabi mochi is a popular summer dessert because of its refreshing, chewy, and jelly-like texture. They are filled with the kuromitsu (sweet brown sugar syrup), providing a burst of flavor with every bite. | The dessert is often dusted with roasted soybean powder, adding a nutty flavor that enhances the overall taste. The harmonious combination of warabi mochi, kuromitsu (sweet brown sugar syrup), and roasted soybean powder perfectly captures the essence of traditional Japanese confections. | | In addition to the classic kinako flavor, we also offer variations flavored with Houjicha and Matcha.",FSSC 22000 Certification Obtained,We don't have an importer,"Tokachi Daifuku Honpo, Inc.",https://www.tokachidaifuku.com/,Japan exhibitors | Exportable,,E6-U06,"Chocolate rice cake, Oat milk Daifuku, Strawberry Warabi Daifuku, Caramel Daifuku, Sakura Cream Daifuku, Three colors Dango, Warabi Mochi, Japanese Parfait, Omelette Dorayaki, Dorayaki, Plant-based Taiyaki",FOODEX Frozen Sweets & Snacks,https://www.jma-tradeshow.com/foodex/webguide_en/datafile/product_image1_3106.jpg,https://www.jma-tradeshow.com/foodex/webguide_en/product.php?no=3106
3109,Frozen farmed Kuroshio bluefin tuna Saku,Seafood,"Restaurants, izakayas, hotels, and mass retailer sushi",Kuroshio Bluefin Tuna farmed by our group company is processed into chunks and proton-frozen in a factory with strict hygiene management. It is designed so that anyone can thaw it easily. | Kuroshio Bluefin Tuna itself is a branded product that has won the top prize at the National Farmed Bluefin Tuna Competition held in February 2021.,US-HACCP | FDA,We have an importer,"kochi dohsui Co., Ltd.",http://kochidohsui.jp/,Japan exhibitors | Exportable | Co-exhibitor | Organizer : KOCHI SEAFOOD EXPORT PROMOTION ASSOCIATION,Seafood,E7-C13-00,"Fresh farmed Kuroshio bluefin tuna loin, frozen farmed Kuroshio bluefin tuna fillet, frozen farmed Kuroshio yellowtail fillet with collar, frozen farmed red sea bream skinless fillet",FOODEX JAPAN 2025 / 2025 Japan Meat Industry Fair 49th,https://www.jma-tradeshow.com/foodex/webguide_en/datafile/product_image1_3109.jpg,https://www.jma-tradeshow.com/foodex/webguide_en/product.php?no=3109
3123,Miracle Soy sauce,Soy Sauce,Japanese food store、chef,"Since this soy sauce features rich aroma, simply use it after turning off the heat to add a finishing touch to meals and enhance the taste and flavor. It goes well with sashimi of red-flesh fish or beef steak along with wasabi. | While we suffered devastating damages in Great East Japan earthquake, 'moromi,' or unrefined soy sauce miraculously survived the earthquake and cultured by expansion. This surviving moromi was used to prepare soy sauce and underwent two harsh summers for maturing, resulting in 'Miracle Soy sauce.' Slow maturing over two summers made tasty regular soy sauce with strong umami. The bottle similar to the traditional soy sauce bottle expresses the 'revival of long-standing soy sauce.'",regional version HACCP,We have an importer,"YAGISAWA SHOTEN CO.,LTD.",https://yagisawa-s.jp/,Japan exhibitors | Exportable | Co-exhibitor | Organizer : JAPAN SOY SAUCE ASSOCIATION,Exports from Japan,S1-C12-00,"Soy sauce, Miso, Sesame sauce, Seasoning with dashi",FOODEX JAPAN 2025 / 2025 Japan Meat Industry Fair 49th,,https://www.jma-tradeshow.com/foodex/webguide_en/product.php?no=3123
3131,KIMI GA INAI TO KOMARU Sesame sauce,Liquid Seasoning,Japanese food store、supermarket,It is characterized an elegant sesame flavor and taste that makes use of the ingredients.,regional version HACCP,We have an importer,"YAGISAWA SHOTEN CO.,LTD.",https://yagisawa-s.jp/,Japan exhibitors | Exportable | Co-exhibitor | Organizer : JAPAN SOY SAUCE ASSOCIATION,Exports from Japan,S1-C12-00,"Soy sauce, Miso, Sesame sauce, Seasoning with dashi",FOODEX JAPAN 2025 / 2025 Japan Meat Industry Fair 49th,https://www.jma-tradeshow.com/foodex/webguide_en/datafile/product_image1_173431101928.jpg,https://www.jma-tradeshow.com/foodex/webguide_en/product.php?no=3131
3134,Irizake,Liquid Seasoning,Japanese food store、chef,It is added plum vinegar and natural soup stock of bonito and kelp(konbu) to the boiled junmaishu(pure rice sake). It's a seasoning that harmonizes umami and sourness.,regional version HACCP,We have an importer,"YAGISAWA SHOTEN CO.,LTD.",https://yagisawa-s.jp/,Japan exhibitors | Exportable | Co-exhibitor | Organizer : JAPAN SOY SAUCE ASSOCIATION,Exports from Japan,S1-C12-00,"Soy sauce, Miso, Sesame sauce, Seasoning with dashi",FOODEX JAPAN 2025 / 2025 Japan Meat Industry Fair 49th,https://www.jma-tradeshow.com/foodex/webguide_en/datafile/product_image1_173431220393.jpg,https://www.jma-tradeshow.com/foodex/webguide_en/product.php?no=3134
3142,DONKO(made in Japan),Mushroom | Canned Products | Dried Fruits | Noodles | Soups | Dry Seafood | Pasta,,"The shiitake mushrooms are cultivated on sawtooth oak and oak logs in the rich natural environment, and are grown over a period of 18 months to two years. | They contain high levels of vitamin D, which aids in the absorption of calcium, and are rich in dietary fiber.",ISO22000 | Other HACCP,We don't have an importer,TOWA kanbutu,https://towakanbutu.co.jp/,Japan exhibitors | Exportable,Local Specialities in Japan,S2-K12,"Dried shiitake mushrooms, kikurage mushrooms, shrimps, fresh mushrooms, shiitake mushroom powder, dried sardines, grains, tea, lions main powder, etc.",FOODEX JAPAN 2025 / 2025 Japan Meat Industry Fair 49th,https://www.jma-tradeshow.com/foodex/webguide_en/datafile/product_image1_3142.jpg,https://www.jma-tradeshow.com/foodex/webguide_en/product.php?no=3142
3209,Almond flour,Gluten-free | Vegetarian | Vegan | Halal | Kosher | Organic Products | Nuts,,,EU-HACCP | HALAL | EU Organic Certification | IFS,We don't have an importer,ALMENDRAS DE ANDALUCÍA,https://www.almendrasdeandalucia.com/,Overseas exhibitors | Exportable | Co-exhibitor | Organizer : ICEX SPAIN TRADE AND INVESTMENT,National Pavilion,E2-A21-64,"Natural almonds, blanched almonds, almond flour, diced almonds, sliced almonds, slivered almonds, almond paste, almond oil, almond protein",FOODEX JAPAN 2025 / 2025 Japan Meat Industry Fair 49th,https://www.jma-tradeshow.com/foodex/webguide_en/datafile/product_image1_173433744874.jpg,https://www.jma-tradeshow.com/foodex/webguide_en/product.php?no=3209
3228,"Canned Pineapple Slices, Tidbits, Chunk, Dice, Canned Mango Slices, Canned Mango Dice,",Juice | Non-alcoholic Beverages | Canned Products | Halal | Kosher,"Food Services, Hotel and Restaurants, Retail, Whole sales, Private label, Industrial Use, Repacking, OEM","Fresh, Reliable Producer, Non-GMO, Excellent, Good quality, Exporter,","EU-HACCP | US-HACCP | HALAL | FDA | GMP | GAP | Non-GMO Certification | IFS, Kosher, Halal",We have an importer,TROPICAL FOOD INDUSTRIES COMPANY LIMITED (TROFCO),https://www.trofco.com,Overseas exhibitors | Exportable | Co-exhibitor | Organizer : THAILAND,National Pavilion,E4-A21-9,"Pineapple, Kernel Corn, Fruits, Nata de Coco, Mango, Corn in Retort Pouch bags, Pineapple Juice Concentrate, Pineapple Juice, Fruit mix, Fruit cocktail",FOODEX JAPAN 2025 / 2025 Japan Meat Industry Fair 49th,https://www.jma-tradeshow.com/foodex/webguide_en/datafile/product_image1_173434004460.jpg,https://www.jma-tradeshow.com/foodex/webguide_en/product.php?no=3228
3229,LOUIS VALLON BLANC BRUT - CREMANT DE BORDEAUX,Sparkling wines,HORECA | ON TRADE | OFF TRADE,,ISO9001 | EU-HACCP,We have an importer,BORDEAUX FAMILIES,https://www.bdxfamilies.fr/,Overseas exhibitors | Exportable | Co-exhibitor | Organizer : BUSINESS FRANCE,National Pavilion,E2-C11-12,LOUIS VALLON CREMANT DE BORDEAUX | EXCELIUM BORDEAUX SUPERIEUR | PERLES LOUIS VALLON NO LOW,FOODEX JAPAN 2025 / 2025 Japan Meat Industry Fair 49th,https://www.jma-tradeshow.com/foodex/webguide_en/datafile/product_image1_3229.jpg,https://www.jma-tradeshow.com/foodex/webguide_en/product.php?no=3229
3230,CALMEL & JOSEPH Le Domaine La Pointe,Still wines - red,Wine,"1.Premium Craftsmanship | Terroir-Driven Wine: | Made from Grenache Noir (55%) and Syrah (45%) grown on sandy clay limestone, expressing the unique characteristics of the AOP Corbières region. | Traditional Vinification: | Handpicked grapes, gentle fermentation without crushing, and aging in concrete vats (75%) and barrels (25%) for 12 months to refine flavors and balance. | Low Intervention: | Careful handling (no crushing) ensures purity of flavor and terroir expression. | 2. Award-Winning: | Gold Medal – Sommelier Awards 2024. | 91 points – James Suckling 2024. | 90 points – Magazine Vert de Vins.",,We don't have an importer,Bosio Family Estates /Calmel & Joseph /Bodegas Manzanos/Periscope Management,,Overseas exhibitors | Exportable,,S4-C3,"CALMEL & JOSEPH Le Domaine La Pointe,BOSIO TROPICAL MANGO MOSCATO,BOSIO Diamante Asti DOCG,Manzanos LUIS GURPEGUI 147 anniversary,Periscope Altus Rise Chardonnay",FOODEX WINE,https://www.jma-tradeshow.com/foodex/webguide_en/datafile/product_image1_3230.jpg,https://www.jma-tradeshow.com/foodex/webguide_en/product.php?no=3230
3237,BOSIO TROPICAL MANGO MOSCATO,Sparkling wines,Sparkling Wine,,,We don't have an importer,Bosio Family Estates /Calmel & Joseph /Bodegas Manzanos/Periscope Management,,Overseas exhibitors | Exportable,,S4-C3,"CALMEL & JOSEPH Le Domaine La Pointe,BOSIO TROPICAL MANGO MOSCATO,BOSIO Diamante Asti DOCG,Manzanos LUIS GURPEGUI 147 anniversary,Periscope Altus Rise Chardonnay",FOODEX WINE,https://www.jma-tradeshow.com/foodex/webguide_en/datafile/product_image1_173434228468.jpg,https://www.jma-tradeshow.com/foodex/webguide_en/product.php?no=3237
3252,LOUIS VALLON BLANC DE NOIRS - CREMANT DE BORDEAUX,Sparkling wines,HORECA | ON TRADE | OFF TRADE,,ISO9001 | EU-HACCP,We have an importer,BORDEAUX FAMILIES,https://www.bdxfamilies.fr/,Overseas exhibitors | Exportable | Co-exhibitor | Organizer : BUSINESS FRANCE,National Pavilion,E2-C11-12,LOUIS VALLON CREMANT DE BORDEAUX | EXCELIUM BORDEAUX SUPERIEUR | PERLES LOUIS VALLON NO LOW,FOODEX JAPAN 2025 / 2025 Japan Meat Industry Fair 49th,https://www.jma-tradeshow.com/foodex/webguide_en/datafile/product_image1_3252.jpg,https://www.jma-tradeshow.com/foodex/webguide_en/product.php?no=3252
3256,Nespresso Aluminium compatible capsule,Coffee,Retail; Office; Coffee Shop; Amazon; E-commerce,Supermarkets; Amazon; Coffee Shops; E-commerce;,ISO9001 | ISO22000 | EU-HACCP | HALAL | FDA | USDA Organic Certification | EU Organic Certification,We don't have an importer,ULTRAMAR CAFFÈ SRL,,Overseas exhibitors | Exportable | Co-exhibitor | Organizer : Italian Pavilion,National Pavilion,E1-A24-6,,FOODEX JAPAN 2025 / 2025 Japan Meat Industry Fair 49th,https://www.jma-tradeshow.com/foodex/webguide_en/datafile/product_image1_173434540332.jpg,https://www.jma-tradeshow.com/foodex/webguide_en/product.php?no=3256
3279,Too Good To Go Marketplace,Professional Services,"Supermarket, Express / Convenience Store, Fast Casual, Bakery - Cafe, Coffeehouse, and QSR (Quick Service Restaurants)","- The world’s largest marketplace for surplus food with over 170,000 active partners and 100M registered users | | - Saves 4 meals per second globally. | | - Drives foot traffic to partner locations, with 61% of users visiting stores specifically for pickups. | | - Promotes sustainability: Each meal saved avoids 2.7kg of CO2e, 810L of water, and 2.8m² of land use. | | - Enhances brand affinity by showcasing businesses’ commitment to reducing food waste.",ISO9001 | ISO22000,We have an importer,TOO GOOD TO GO,https://www.toogoodtogo.com/en-us,Overseas exhibitors | Exportable | Co-exhibitor | Organizer : Danish Industry,National Pavilion,E3-M03-00,Food Surplus Marketplace | TGTG Platform,FOODEX JAPAN 2025 / 2025 Japan Meat Industry Fair 49th,https://www.jma-tradeshow.com/foodex/webguide_en/datafile/product_image1_3279.jpg,https://www.jma-tradeshow.com/foodex/webguide_en/product.php?no=3279
3297,Organic preserved vegetables,Canned Products | Vegetarian | Vegan | Organic Products,"buononaturale offers a variety of high-quality vegetable preserves rigorously from Italian organic farming. These include the more classic flavors and colors of the Mediterranean bush preserved in either extra-virgin olive oil, brine, or all-natural sea salt, such as Sicilian capers, artichoke chunks with a unique all-natural velvety consistency, sundried tomatoes, and Calabrian chilli peppers. Our organic preserved vegetables can be served as elegant finger food for happy hours or employed in more complex recipes. They are further packaged in reusable 100% glass jars, whereby we report recycling information on the packaging and publish online video tutorials to educate consumers to reuse them.","Retail, food service",EU-HACCP | EU Organic Certification,We don't have an importer,buononaturale,https://www.buononaturale.it/?lang=en,Overseas exhibitors | Exportable | Co-exhibitor | Organizer : Italian Pavilion,National Pavilion,E1-A24-126,"Organic ready meals, dried pasta, organic preserved vegetables & legumes, organic sauces & spreads, truffle specialty condiments.",FOODEX JAPAN 2025 / 2025 Japan Meat Industry Fair 49th,https://www.jma-tradeshow.com/foodex/webguide_en/datafile/product_image1_3297.jpg,https://www.jma-tradeshow.com/foodex/webguide_en/product.php?no=3297
3299,"White Truffle Olive Oil, Black Truffle Olive Oil, Black Truffle sauce, Truffle salt, Truffle powder, Truffle slices, WHite Truffle","Mushroom | Vegetarian | Halal | Kosher | Organic Products | Spreads, Honey & Jams | Vegetable & Animal Oils & Fats","Restaurants, Fine dining, Pizzerie, Supermarkets, Department stores",,ISO9001 | EU-HACCP | HALAL | FDA | EU Organic Certification,We have an importer,Urbani Tartufi Srl,https://shop.urbanitartufi.it/,Overseas exhibitors | Exportable | Co-exhibitor | Organizer : Italian Pavilion,National Pavilion,E1-A24-96,"White Truffle Olive OIl, Black Truffle Olive OIl, Black Truffle sauce, White Truffle sauce, Truffle Carpaccio, Truffle salt, Truffle Honey, Ready to use Truffle based sauces. Truffles, White Sunflower truffled oil, Black Sunflower truffled oil. Mushroom and Truffe sauce",FOODEX JAPAN 2025 / 2025 Japan Meat Industry Fair 49th,,https://www.jma-tradeshow.com/foodex/webguide_en/product.php?no=3299
3300,Cultivare Red Wine,Vegan | Still wines - red | Vegan wines,"It is a red wine of DO Penedès. It is an author wine elaborated by the oldest vinyards in the Penedès zone. It is suitable for both on-trade (restaurants, hotels, restaurant chains, catering services, hotel chains) and off-trade (wine shops, retailers, and cash-and-carry outlets)","PRODUCTION PROCESS | • Harvest: This wine is produced from grapes handpicked at the optimal ripeness, typically in mid-September. | • Fermentation Process: The grapes undergo maceration in open French oak barrels, where daily punch-downs are carried out over a period of two weeks. This is | done to extract maximum color, aromas, and soft tannins from the must. Fermentation takes place at a temperature of 25ºC. Additionally, a malolactic | fermentation occurs in barrels to further enhance the wine's qualities. | • Aging: After fermentation, the wine undergoes a one-year aging period in new French oak barrels.","EU Organic Certification | B Corp certified, V-label international, Certification of Zero Waste to Landfill, ISO 14001;BRC;IFS",We don't have an importer,VALLFORMOSA,https://www.vallformosa.com/,Overseas exhibitors | Exportable | Co-exhibitor | Organizer : ICEX SPAIN TRADE AND INVESTMENT,National Pavilion,E2-A21-2,"Sparklings, CAVA, Still wines from Spain (DO Penedès, DO Catalunya, DO Montsant, DO Terra Alta)",FOODEX JAPAN 2025 / 2025 Japan Meat Industry Fair 49th,https://www.jma-tradeshow.com/foodex/webguide_en/datafile/product_image1_3300.jpg,https://www.jma-tradeshow.com/foodex/webguide_en/product.php?no=3300
3303,Chianti Classico Riserva San Vincenti,Still wines - red,"The Chianti Classico Riserva is the result of the finest Sangiovese and Merlot grapes (90% and 10%, respectively), meticulously hand-selected from our vineyards. It boasts a deep, intense ruby red color and an enveloping nose characterized by leather, red fruit, black cherry, plum, and a finish of sweet spices. | Fermentation takes place in thermo-conditioned vats, and the maceration period varies from 15 to 22 days depending on the vintage. | The refinement process unfolds in 5 hl tonneaux for 20-24 months, with a finishing touch of 2 months in thermo-conditioned cement. | AWARDS | 2023 – 2020 Harvest – James Suckling – 92 PTS |","CARLO DELL’AIUTO, WINEMAKER. | | CARLO FERRINI, SUPERVISOR WINEMAKER.",,We don't have an importer,BRANDLAND ITALIAN WINES,http://www.brandland.info,Overseas exhibitors | Exportable | Co-exhibitor | Organizer : Italian Pavilion,National Pavilion,E1-A24-52,"We offer a selection of wines from | Friuli Venezia Giulia region: Prosecco, ribolla Gialla, Traminer Aromatico, Chardonnay, Merlot, Refosco dal peduncolo Rosso, Cabernet Sauvignon | Tuscany Region: Chianti, Chainti Riserva and Super Tuscan. | Puglia: Primitivo, Negroamaro, Malvasia Nera, Susumaniello. | Umbria Region: Sagrantino di MOntefalco and Trebbiano Spoletino. | Piedmont Region: Barolo, Barbaresco, Ruchè, Barbera D'Asti, Roero Arneis, Moscato. | Trentino Region: Trento Doc Saarkling metodo Classico, Riesling, Gewurtztraminer, PInot Nero, Muller Thurgau | Alto Adige Region: Moscato Giallo, MOscato Rosa, Chardonnay, Pinot Bianco, Lagrein, Schiava Riserva. | Sicily Region: Etna Bianco and Rosso made by nerello mascalese",FOODEX JAPAN 2025 / 2025 Japan Meat Industry Fair 49th,https://www.jma-tradeshow.com/foodex/webguide_en/datafile/product_image1_3303.jpg,https://www.jma-tradeshow.com/foodex/webguide_en/product.php?no=3303
3304,Bronze-wire drawn pasta,Gluten-free | Pasta | Organic Products,"buononaturale offers three versions of bronze wire-drawn pasta, organic and not: dry, fresh, frozen. All three types are made in our semiartisanal labs on the Central-Southern Italian Apennines, in the fertile Province of Irpinia/Avellino. We only use the highest-quality raw ingredients sourced locally from the Region (of Campania), or Italy, at large: for example, IGP Sorrento (sfusato) lemons for our Lemon potato buttons and whole pieces of 24-to-30-month-old Parmigiano Reggiano for our Ham raviolini. We then cook every raw ingredient in-house. Thus, we go from raw to final, without using any semi-finished products in between.","Retail, food service",EU-HACCP,We don't have an importer,buononaturale,https://www.buononaturale.it/?lang=en,Overseas exhibitors | Exportable | Co-exhibitor | Organizer : Italian Pavilion,National Pavilion,E1-A24-126,"Organic ready meals, dried pasta, organic preserved vegetables & legumes, organic sauces & spreads, truffle specialty condiments.",FOODEX JAPAN 2025 / 2025 Japan Meat Industry Fair 49th,https://www.jma-tradeshow.com/foodex/webguide_en/datafile/product_image1_3304.jpg,https://www.jma-tradeshow.com/foodex/webguide_en/product.php?no=3304
3306,Truffle specialty condiments,"Gluten-free | Liquid Seasoning | Canned Products | Vegetarian | Spreads, Honey & Jams | Vegetable & Animal Oils & Fats","buononaturale sources its truffles from the Central-Southern Italian Apennines, across the regions of Campania and Molise. Our main truffle specialty line includes summer truffle sauces made with locally sourced porcini mushrooms, summer truffle carpaccio leaves, truffle-flavored extra-virgin olive oil, and truffle-flavored Acacia honey. buononaturale has also provided these gourmet, all-natural products (i.e., no GMOs, additives/preservatives, or chemical processing) in packaging other than glass jars, such as aluminium bags or tin cans.","Retail, food service",EU-HACCP,We don't have an importer,buononaturale,https://www.buononaturale.it/?lang=en,Overseas exhibitors | Exportable | Co-exhibitor | Organizer : Italian Pavilion,National Pavilion,E1-A24-126,"Organic ready meals, dried pasta, organic preserved vegetables & legumes, organic sauces & spreads, truffle specialty condiments.",FOODEX JAPAN 2025 / 2025 Japan Meat Industry Fair 49th,https://www.jma-tradeshow.com/foodex/webguide_en/datafile/product_image1_173435322040.jpg,https://www.jma-tradeshow.com/foodex/webguide_en/product.php?no=3306
3319,#Cuoredinapoli,Beer,"RESTAURANTS, PUBS, PIZZERIAS, GDO, RETAIL","RESTAURANTS, PUBS, PIZZERIAS, GDO, RETAIL",EU-HACCP | FDA | GFCO(Gluten-Free Certification Organization),We have an importer,BIRRA KBIRR,,Overseas exhibitors | Exportable | Co-exhibitor | Organizer : Italian Pavilion,National Pavilion,E1-A24-132,,FOODEX JAPAN 2025 / 2025 Japan Meat Industry Fair 49th,https://www.jma-tradeshow.com/foodex/webguide_en/datafile/product_image1_3319.jpg,https://www.jma-tradeshow.com/foodex/webguide_en/product.php?no=3319
3320,Helles,Beer,"RESTAURANTS, PUBS, PIZZERIAS, GDO, RETAIL","RESTAURANTS, PUBS, PIZZERIAS, GDO, RETAIL",EU-HACCP | FDA | GFCO(Gluten-Free Certification Organization),We have an importer,BIRRA KBIRR,,Overseas exhibitors | Exportable | Co-exhibitor | Organizer : Italian Pavilion,National Pavilion,E1-A24-132,,FOODEX JAPAN 2025 / 2025 Japan Meat Industry Fair 49th,https://www.jma-tradeshow.com/foodex/webguide_en/datafile/product_image1_3320.jpg,https://www.jma-tradeshow.com/foodex/webguide_en/product.php?no=3320
3340,SAN MICHELE CANALE E TRAVE,Still wines - red | Still wines - rose | Still wines - white | Sparkling wines | Fortified wines | Flavored wines | Dessert wines | Organic wines | Vegan wines,,,,We don't have an importer,VITICOLTORI DEL MEDITERRANEO,,Overseas exhibitors | Exportable | Co-exhibitor | Organizer : Italian Pavilion,National Pavilion,E1-A24-103,"SAN MICHELE CANALE E TRAVE, RITUALE, ARIVI E FRANCOBOLLO, GIUSEPPINA COLLINA",FOODEX JAPAN 2025 / 2025 Japan Meat Industry Fair 49th,,https://www.jma-tradeshow.com/foodex/webguide_en/product.php?no=3340
3341,GIUSEPPINA COLLINA,Still wines - red | Still wines - rose | Still wines - white | Organic wines,,,,We don't have an importer,VITICOLTORI DEL MEDITERRANEO,,Overseas exhibitors | Exportable | Co-exhibitor | Organizer : Italian Pavilion,National Pavilion,E1-A24-103,"SAN MICHELE CANALE E TRAVE, RITUALE, ARIVI E FRANCOBOLLO, GIUSEPPINA COLLINA",FOODEX JAPAN 2025 / 2025 Japan Meat Industry Fair 49th,,https://www.jma-tradeshow.com/foodex/webguide_en/product.php?no=3341
3342,EREDI LEGONZIANO,Sparkling wines,,,,We don't have an importer,VITICOLTORI DEL MEDITERRANEO,,Overseas exhibitors | Exportable | Co-exhibitor | Organizer : Italian Pavilion,National Pavilion,E1-A24-103,"SAN MICHELE CANALE E TRAVE, RITUALE, ARIVI E FRANCOBOLLO, GIUSEPPINA COLLINA",FOODEX JAPAN 2025 / 2025 Japan Meat Industry Fair 49th,,https://www.jma-tradeshow.com/foodex/webguide_en/product.php?no=3342
3347,BIO SICILIA,Carbonated Soft Drinks | Non-alcoholic Beverages | Organic Products,"DISTRIBUTOR,IMPORTER, FOOD SERVICE, HORECA",,ISO9001 | EU-HACCP | Organic JAS Mark | USDA Organic Certification | EU Organic Certification,We have an importer,BIBITE POLARA,https://www.polara.it/,Overseas exhibitors | Exportable | Co-exhibitor | Organizer : Italian Pavilion,National Pavilion,E1-A24-104,"Carbonated soft drinks, Organic soft drinks , Coactail and soda alcohol free",FOODEX JAPAN 2025 / 2025 Japan Meat Industry Fair 49th,https://www.jma-tradeshow.com/foodex/webguide_en/datafile/product_image1_173436235740.jpg,https://www.jma-tradeshow.com/foodex/webguide_en/product.php?no=3347
3349,RITUALE,Still wines - red,,,,We don't have an importer,VITICOLTORI DEL MEDITERRANEO,,Overseas exhibitors | Exportable | Co-exhibitor | Organizer : Italian Pavilion,National Pavilion,E1-A24-103,"SAN MICHELE CANALE E TRAVE, RITUALE, ARIVI E FRANCOBOLLO, GIUSEPPINA COLLINA",FOODEX JAPAN 2025 / 2025 Japan Meat Industry Fair 49th,,https://www.jma-tradeshow.com/foodex/webguide_en/product.php?no=3349
3363,PATCH WINE PRIMITIVO TERRE DI CHIETI IGP,Still wines - red | Still wines - rose | Still wines - white | Sparkling wines | Organic wines | Vegan wines,,,,We have an importer,BIO CANTINA ORSOGNA,https://www.biocantinaorsogna.it/,Overseas exhibitors | Exportable | Co-exhibitor | Organizer : Italian Pavilion,National Pavilion,E1-A24-180,"LUNARIA CIVITAS PECORINO IGP TERRE D'ABRUZZO, PATCH WINE MONTEPULCIANO D'ABRUZZO DOP, VOLA VOLE' CERASUOLO D'ABRUZZO DOP, LUNARIA ANCESTRALE SPUMANTE MALVASIA ORANGE, BABALU' PRIMITIVO IGP TERRE DI CHIETI, LUNAGAIA NERO D'AVOLA SICILIA DOP",FOODEX JAPAN 2025 / 2025 Japan Meat Industry Fair 49th,,https://www.jma-tradeshow.com/foodex/webguide_en/product.php?no=3363
3365,Tuna Salami,Dry Seafood | Seafood | Finger Food | Rice Crackers & Healthy Snacks,"Seafood products, tuna salami",,,We don't have an importer,Maressata,https://www.maressata.com,Overseas exhibitors | Exportable | Co-exhibitor | Organizer : Italian Pavilion,National Pavilion,E1-A24-142,"Tuna Salami, Spicy Tuna Salami, Tuna Salami with Truffle, Tuna Nduja, Tuna Salami with Onion Spreadable",FOODEX JAPAN 2025 / 2025 Japan Meat Industry Fair 49th,https://www.jma-tradeshow.com/foodex/webguide_en/datafile/product_image1_173436354849.jpg,https://www.jma-tradeshow.com/foodex/webguide_en/product.php?no=3365
3371,Antica Ricetta Siciliana Zero,Carbonated Soft Drinks | Non-alcoholic Beverages | Organic Products,"DISTRIBUTOR,IMPORTER,FOOD SERVICE, HORECA",,ISO9001 | FDA | Organic JAS Mark | USDA Organic Certification | EU Organic Certification,We don't have an importer,BIBITE POLARA,https://www.polara.it/,Overseas exhibitors | Exportable | Co-exhibitor | Organizer : Italian Pavilion,National Pavilion,E1-A24-104,"Carbonated soft drinks, Organic soft drinks , Coactail and soda alcohol free",FOODEX JAPAN 2025 / 2025 Japan Meat Industry Fair 49th,https://www.jma-tradeshow.com/foodex/webguide_en/datafile/product_image1_173436408070.jpg,https://www.jma-tradeshow.com/foodex/webguide_en/product.php?no=3371
3376,ELDORADA CANISTER 400GR,Halal | Kosher | Salty Snacks,"CANISTER, ELDORADA, BIG SIZE, CHIPS",,"EU-HACCP | HALAL | FDA | KOSHER, IFS, GLUTEN FREE",We have an importer,AMICA CHIPS SPA,https://amicachips.it/,Overseas exhibitors | Exportable | Co-exhibitor | Organizer : Italian Pavilion,National Pavilion,E1-A24-99,"CHIPS, SNACKS, TORTILLA, CROUTONS, EXTRUDED SNACKS MAIS",FOODEX JAPAN 2025 / 2025 Japan Meat Industry Fair 49th,https://www.jma-tradeshow.com/foodex/webguide_en/datafile/product_image1_3376.jpg,https://www.jma-tradeshow.com/foodex/webguide_en/product.php?no=3376
3377,PIZZA BALL 50G/125G,Halal | Salty Snacks,EXTRUDED MAIS SNACK,,EU-HACCP | HALAL | FDA | IFS,We don't have an importer,AMICA CHIPS SPA,https://amicachips.it/,Overseas exhibitors | Exportable | Co-exhibitor | Organizer : Italian Pavilion,National Pavilion,E1-A24-99,"CHIPS, SNACKS, TORTILLA, CROUTONS, EXTRUDED SNACKS MAIS",FOODEX JAPAN 2025 / 2025 Japan Meat Industry Fair 49th,https://www.jma-tradeshow.com/foodex/webguide_en/datafile/product_image1_173436688857.jpg,https://www.jma-tradeshow.com/foodex/webguide_en/product.php?no=3377
3378,PORCINI MUSHROOMS DRIED or FROZEN,Mushroom | Halal | Kosher | Organic Products,"HoReCa, Retail, OOH",,ISO9001 | EU-HACCP | HALAL | FDA,We don't have an importer,Urbani Tartufi Srl,https://shop.urbanitartufi.it/,Overseas exhibitors | Exportable | Co-exhibitor | Organizer : Italian Pavilion,National Pavilion,E1-A24-96,"White Truffle Olive OIl, Black Truffle Olive OIl, Black Truffle sauce, White Truffle sauce, Truffle Carpaccio, Truffle salt, Truffle Honey, Ready to use Truffle based sauces. Truffles, White Sunflower truffled oil, Black Sunflower truffled oil. Mushroom and Truffe sauce",FOODEX JAPAN 2025 / 2025 Japan Meat Industry Fair 49th,https://www.jma-tradeshow.com/foodex/webguide_en/datafile/product_image1_3378.jpg,https://www.jma-tradeshow.com/foodex/webguide_en/product.php?no=3378
3379,ALFREDO'S CHIPS TRUFFLE 100G,Halal | Kosher | Salty Snacks,"POTATO CHIPS, TRUFFLE",,"EU-HACCP | HALAL | FDA | KOSHER, IFS, GLUTEN FREE",We have an importer,AMICA CHIPS SPA,https://amicachips.it/,Overseas exhibitors | Exportable | Co-exhibitor | Organizer : Italian Pavilion,National Pavilion,E1-A24-99,"CHIPS, SNACKS, TORTILLA, CROUTONS, EXTRUDED SNACKS MAIS",FOODEX JAPAN 2025 / 2025 Japan Meat Industry Fair 49th,https://www.jma-tradeshow.com/foodex/webguide_en/datafile/product_image1_173436730760.jpg,https://www.jma-tradeshow.com/foodex/webguide_en/product.php?no=3379
3380,Gnocchi Cacio & Pepe,Frozen Ready Meals,"Retail, Food Service","Velvety gnocchi, rich sauce, easy to prepare in a pan or microwave",EU-HACCP | FDA | BRC,We don't have an importer,Bocon s.r.l.,https://bocon.it,Overseas exhibitors | Exportable | Co-exhibitor | Organizer : Italian Pavilion,National Pavilion,E1-A24-141,"Potato gnocchi, classic gnocchi, stuffed gnocchi, sweet potato gnocchi, Italian pasta gratins, fusilli, mezze penne, eggplant parmigiana, potato-based snacks, tiramisu, muffins different fillings",FOODEX JAPAN 2025 / 2025 Japan Meat Industry Fair 49th,,https://www.jma-tradeshow.com/foodex/webguide_en/product.php?no=3380
3389,Spicy Tuna Salami,Dry Seafood | Seafood | Finger Food | Rice Crackers & Healthy Snacks,"Seafood products, tuna salami, spicy",,,We don't have an importer,Maressata,https://www.maressata.com,Overseas exhibitors | Exportable | Co-exhibitor | Organizer : Italian Pavilion,National Pavilion,E1-A24-142,"Tuna Salami, Spicy Tuna Salami, Tuna Salami with Truffle, Tuna Nduja, Tuna Salami with Onion Spreadable",FOODEX JAPAN 2025 / 2025 Japan Meat Industry Fair 49th,https://www.jma-tradeshow.com/foodex/webguide_en/datafile/product_image1_173436932212.jpg,https://www.jma-tradeshow.com/foodex/webguide_en/product.php?no=3389
3391,Sweet Potato Gnocchi with Butter & Sage,Frozen Ready Meals,Retail or Food Service,Velvety gnocchi in a rich and tasty sauce.,EU-HACCP | FDA,We don't have an importer,Bocon s.r.l.,https://bocon.it,Overseas exhibitors | Exportable | Co-exhibitor | Organizer : Italian Pavilion,National Pavilion,E1-A24-141,"Potato gnocchi, classic gnocchi, stuffed gnocchi, sweet potato gnocchi, Italian pasta gratins, fusilli, mezze penne, eggplant parmigiana, potato-based snacks, tiramisu, muffins different fillings",FOODEX JAPAN 2025 / 2025 Japan Meat Industry Fair 49th,https://www.jma-tradeshow.com/foodex/webguide_en/datafile/product_image1_173436991858.jpg,https://www.jma-tradeshow.com/foodex/webguide_en/product.php?no=3391
3392,Cinque Terre DOC,Still wines - white,"Wine bars, restaurants, wine shops",,EU-HACCP | DOC,We have an importer,CANTINA SASSARINI,https://cantinasassarini.com/,Overseas exhibitors | Exportable | Co-exhibitor | Organizer : Italian Pavilion,National Pavilion,E1-A24-92,"Cinque Terre DOC, Cinque Terre DOC ""Campo al Sole"", Macaia Bianco, Macaia Rosso",FOODEX JAPAN 2025 / 2025 Japan Meat Industry Fair 49th,https://www.jma-tradeshow.com/foodex/webguide_en/datafile/product_image1_173437026451.jpg,https://www.jma-tradeshow.com/foodex/webguide_en/product.php?no=3392
3393,Macaia bianco,Still wines - white,"Wine bars, restaurants, wine shop",,EU-HACCP,We have an importer,CANTINA SASSARINI,https://cantinasassarini.com/,Overseas exhibitors | Exportable | Co-exhibitor | Organizer : Italian Pavilion,National Pavilion,E1-A24-92,"Cinque Terre DOC, Cinque Terre DOC ""Campo al Sole"", Macaia Bianco, Macaia Rosso",FOODEX JAPAN 2025 / 2025 Japan Meat Industry Fair 49th,,https://www.jma-tradeshow.com/foodex/webguide_en/product.php?no=3393
3394,Macaia Rosso,Still wines - red,"Wine shop, wine bar, restaurant",,EU-HACCP,We have an importer,CANTINA SASSARINI,https://cantinasassarini.com/,Overseas exhibitors | Exportable | Co-exhibitor | Organizer : Italian Pavilion,National Pavilion,E1-A24-92,"Cinque Terre DOC, Cinque Terre DOC ""Campo al Sole"", Macaia Bianco, Macaia Rosso",FOODEX JAPAN 2025 / 2025 Japan Meat Industry Fair 49th,https://www.jma-tradeshow.com/foodex/webguide_en/datafile/product_image1_173437060936.jpg,https://www.jma-tradeshow.com/foodex/webguide_en/product.php?no=3394
3402,Askesäng,Still wines - white,"Premium wine importers, Asian cuisine restaurants, Scandinavian cuisine restaurants, Department store, wine clubs, wine drinkers, Scandinavian companies, |","Swedish wine, Askesäng is a prestige wine of Kullabergs. | A full body white wine from our finest grapes. | Pairs well with both the Asian cuisine and the Scandinavian cuisine, for instance fish and seafood but also different types of cheese and meats. | | Gold medal in AWC, the biggest and one of the most prestigues wine awards in the world. | | Eight place in Swedish Wine Tasting, a manifest where 12 Swedish wine were compared to 12 top European wines. The jury were several Master Of Wines and three World Champions Sommeliers | | Gold medal in PIWI Wine Award International |",EU-HACCP,We don't have an importer,Kullabergs Vingård,http://www.kullabergs.se,Overseas exhibitors | Exportable | Co-exhibitor | Organizer : Business Sweden,National Pavilion,E2-K30-00,"Immelen 2022, Askesäng 2022, K 2021, Solvik 2023, Bränneslyckan Fatlagrad, Swedish wine, wine",FOODEX JAPAN 2025 / 2025 Japan Meat Industry Fair 49th,https://www.jma-tradeshow.com/foodex/webguide_en/datafile/product_image1_3402.jpg,https://www.jma-tradeshow.com/foodex/webguide_en/product.php?no=3402
3411,Mini Tomato,Fresh Fruit & Vegetables,"Retail, Food Service","Fresh Vegetables Shelves, Restaurant Branch",ISO22000 | US-HACCP | Other HACCP | FSMA | FDA | GMP | GAP | USDA Organic Certification | Non-GMO Certification,We don't have an importer,AMHPAC,https://amhpac.org/es/index.php/en,Overseas exhibitors | Exportable | Co-exhibitor | Organizer : MEXICO,National Pavilion,E4-C18-00,"Mini Tomato, Tomato, Bell Pepper, Mini Bell Pepper, Paprika, Cucumber, Eggplant",FOODEX JAPAN 2025 / 2025 Japan Meat Industry Fair 49th,https://www.jma-tradeshow.com/foodex/webguide_en/datafile/product_image1_3411.jpg,https://www.jma-tradeshow.com/foodex/webguide_en/product.php?no=3411
3427,T012 Gyūhi sheet・Gyūhi Pearl,Japanese sweets,"Mass-market retailers and convenience stores | Food services (cafes, restaurants, catering)","Gyūhi sheet is a delicate type of wagashi (traditional Japanese sweet) made from glutinous rice flour. Often referred to as a softer variety of mochi, gyūhi is frequently used as a smooth, pliable wrapper for various fillings. Its versatile texture makes it a popular ingredient in many beloved Japanese desserts, including mochi ice cream. Gyūhi pearl is also avaliable.",FSSC 22000 Certification Obtained,We don't have an importer,"Tokachi Daifuku Honpo, Inc.",https://www.tokachidaifuku.com/,Japan exhibitors | Exportable,,E6-U06,"Chocolate rice cake, Oat milk Daifuku, Strawberry Warabi Daifuku, Caramel Daifuku, Sakura Cream Daifuku, Three colors Dango, Warabi Mochi, Japanese Parfait, Omelette Dorayaki, Dorayaki, Plant-based Taiyaki",FOODEX Frozen Sweets & Snacks,https://www.jma-tradeshow.com/foodex/webguide_en/datafile/product_image1_3427.jpg,https://www.jma-tradeshow.com/foodex/webguide_en/product.php?no=3427
3431,"Design Coffee Good Night Mandarin Mellow, Mocha Relax",Coffee | Health & Wellness Products,"It has been calculated that Japan sleeps less than other countries, resulting in significant economic loss due to poor performance. We have developed a product with the reversed idea of solving such a sleep problem by using coffee, which many people love to drink. | Select stores, concept stores, resort hotels, relaxation salons, SleepTech product dealers, outdoor stores, SleepTech product dealers, inbound product dealers, etc.","Oh, maybe I slept well. | It is at this moment in the morning that you can feel it the most. | | Design Coffee Good Night is a drip pack of decaffeinated coffee that comes in two varieties: Mandarin Mellow for its richness and Mocha Relax for its aroma. | GABA, glycine, theanine, and kwanso (also known as sleeping grass), which are believed to be good for improving sleep quality, are blended in a balance that maximizes the natural taste of charcoal-roasted coffee. | More than 300 influencers have already tasted the coffee and evaluated its taste, which is hard to believe that it is caffeine-free. | Furthermore, in September 2024, it won the “Grand Prix” at the Japan Food Selection. | Please enjoy “a new coffee habit to drink before going to bed” with Design Coffee Good Night.",,We don't have an importer,"vegital advance. Co., Ltd.",https://www.vegitaladvance.com/designcoffee,Japan exhibitors | Exportable | Co-exhibitor | Organizer : GUNMA PREF.,Exports from Japan,S1-R09-00,"Design Coffee Good Night Mandarin Mellow, Mocha Relax",FOODEX JAPAN 2025 / 2025 Japan Meat Industry Fair 49th,https://www.jma-tradeshow.com/foodex/webguide_en/datafile/product_image1_3431.jpg,https://www.jma-tradeshow.com/foodex/webguide_en/product.php?no=3431
3471,Canned Tuna and Pouched Tuna,"Canned Products | Seafood | Ready-to-eat Foods, Sealed Packaged Foods (e.g., curry, rice bowl toppings)","High quality products at competitive prices with continuous new products introduced to serve market needs and changes. Recipes for Japanese market. Availabel in different species of tuna: Khihada, Koshinaga Maguro, and Katsuo. For Koshinaga Maguro our factoy is located in the middle of raw material sources which makes us have good access on fresh quality of tuna whole fish.",Our tuna products have been distributed in Japan market over 20 years among various supermarkets throughout Japan in both can and pouch. Koshinaga Maguro is our strength which is always supplied with JTEPA. Our skipjack is locally caught as such available with JTEPA.,ISO9001 | ISO22000 | Other HACCP | HALAL | GMP,We have an importer,MAS CHOICES CORPORATION LTD,https://www.maschoices.com,Overseas exhibitors | Exportable | Co-exhibitor | Organizer : THAILAND,National Pavilion,E4-A21-34,Canned / Pouch Tuna | Canned Mackerel (Saba) | Canned Sardine | Canned Sweet kernel corn | Dehydrated Fruit / Dried Fruit,FOODEX JAPAN 2025 / 2025 Japan Meat Industry Fair 49th,https://www.jma-tradeshow.com/foodex/webguide_en/datafile/product_image1_3471.jpg,https://www.jma-tradeshow.com/foodex/webguide_en/product.php?no=3471
3481,Frozen Tom Yum Koong,Frozen Seafood | Frozen Ready Meals | Seafood,"Foodservice, Restaurants, Hotels and Resorts, Catering, Supermarkets and Grocery, Convenience Stores, Specialty Food Stores, Online, Schools and Universities, Hospitals and Healthcare Facilities, Airlines and Cruise Lines, Export Market","Tom Yum Koong offers an authentic, rich, and tangy broth with a perfect balance of spice and citrus, made with high-quality shrimp and fresh herbs like lemongrass, kaffir lime leaves, and galangal. It is versatile, ideal as a soup or part of a larger meal, and can be customized with vegetables, mushrooms, or noodles. Convenient and easy to prepare. A popular Thai classic, it appeals to diverse taste preferences, is healthy, low in calories, and has global appeal, making it a perfect addition to menus worldwide.",ISO22000 | Other HACCP | FDA | GMP | ASC(Aquaculture Stewardship Council),We don't have an importer,MARINE GOLD PRODUCTS COMPANY LIMITED,https://www.mrgshrimp.com/,Overseas exhibitors | Exportable | Co-exhibitor | Organizer : THAILAND,National Pavilion,E4-A21-36,"Frozen Cooked Shrimp/ Raw Shrimp, Sushi Ebi, Tempura Shrimp, Ebi Fry, Ready to Eat, Ready to Cook, Authentic Thai Food",FOODEX JAPAN 2025 / 2025 Japan Meat Industry Fair 49th,https://www.jma-tradeshow.com/foodex/webguide_en/datafile/product_image1_173442083771.jpg,https://www.jma-tradeshow.com/foodex/webguide_en/product.php?no=3481
3483,Demi Danish,Bread,,,,We don't have an importer,ANDE,https://ande.co.jp/,Japan exhibitors | Exportable,Sweets & Snacks,E3-M22,Danish Bread,FOODEX JAPAN 2025 / 2025 Japan Meat Industry Fair 49th,https://www.jma-tradeshow.com/foodex/webguide_en/datafile/product_image1_173442119898.jpg,https://www.jma-tradeshow.com/foodex/webguide_en/product.php?no=3483
3490,Frozen Pad Thai Koong,Frozen Seafood | Frozen Ready Meals | Seafood,"Foodservice, Restaurants, Hotels and Resorts, Catering, Supermarkets and Grocery, Convenience Stores, Specialty Food Stores, Online, Schools and Universities, Hospitals and Healthcare Facilities, Airlines and Cruise Lines, Export Market","A flavorful Thai dish featuring stir-fried rice noodles with shrimp, fresh vegetables, and a balanced mix of sweet, salty, sour, and spicy flavors. It’s versatile, quick to prepare, and offers a healthy, satisfying meal option.",ISO22000 | HALAL | FDA | GMP | ASC(Aquaculture Stewardship Council),We don't have an importer,MARINE GOLD PRODUCTS COMPANY LIMITED,https://www.mrgshrimp.com/,Overseas exhibitors | Exportable | Co-exhibitor | Organizer : THAILAND,National Pavilion,E4-A21-36,"Frozen Cooked Shrimp/ Raw Shrimp, Sushi Ebi, Tempura Shrimp, Ebi Fry, Ready to Eat, Ready to Cook, Authentic Thai Food",FOODEX JAPAN 2025 / 2025 Japan Meat Industry Fair 49th,https://www.jma-tradeshow.com/foodex/webguide_en/datafile/product_image1_173442179360.jpg,https://www.jma-tradeshow.com/foodex/webguide_en/product.php?no=3490
3526,Will Spinach curry,Frozen Ready Meals | Vegetarian | Vegan,"Retail stores, supermarkets, online sales, restaurants, eateries, cafes, hotels","Because it is additive-free and allergy-friendly, it is a safe and secure health food that has carefully examined the ingredients. | A delicious curry made by craftsmen who pursue the quality of the product for freezing. | | 1, Vegan but rich in nutrition | Most of the ingredients are made of vegetables, and it is a healthy food with a strong taste and rich nutrients that makes the most of the ingredients. | Certified by The Vegan Society, the world's most authoritative certification body in the UK | 2, Gluten-free, allergy compatible with 8 main items | Since it does not use specific raw materials such as wheat, milk, eggs, shrimp, crabs, walnuts, buckwheat, and peanuts, it is safe and secure for children | 3. No food additives | Designated by the Ministry of Health, Labor and Welfare, safe and secure because it does not use any food additives | | Also, FSSC22000 Acquired",Other HACCP,We don't have an importer,"Will Co.,Ltd.",http://willfranchise.com,Japan exhibitors | Exportable,,E6-W01,"It is a frozen vegan curry that is additive-free and allergy-friendly. | It comes in six flavors and is available for a wide range of customers, from children to the elderly. | Warm it in a bain-marie for 4 minutes while it is frozen, and it's done! | It is a popular product as a time-saving dish for busy mothers and single-person households. | | 1, Vegan but rich in nutrition | Most of the ingredients are made of vegetables, and it is a healthy food with a strong taste and rich nutrients that makes the most of the ingredients. | Certified by The Vegan Society, the world's most authoritative certification body in the United Kingdom. | | 2, Gluten-free, allergy compatible with 8 main items | Since it does not use specific raw materials such as wheat, milk, eggs, shrimp, crabs, walnuts, buckwheat, and peanuts, it is safe and secure for children. | | 3. No food additives | Designated by the Ministry of Health, Labor and Welfare, it is safe and secure because it does not use any food additives. | | FSSC22000 Acquired |",FOODEX Frozen Processed Food,https://www.jma-tradeshow.com/foodex/webguide_en/datafile/product_image1_173442581575.jpg,https://www.jma-tradeshow.com/foodex/webguide_en/product.php?no=3526
3533,will Coconut curry,Frozen Ready Meals | Vegetarian | Vegan,"Retail stores, supermarkets, online sales, restaurants, eateries, cafes, hotels","Because it is additive-free and allergy-friendly, it is a safe and secure health food that has carefully examined the ingredients. | A delicious curry made by craftsmen who pursue the quality of the product for freezing. | | 1, Vegan but rich in nutrition | Most of the ingredients are made of vegetables, and it is a healthy food with a strong taste and rich nutrients that makes the most of the ingredients. | Certified by The Vegan Society, the world's most authoritative certification body in the UK | 2, Gluten-free, allergy compatible with 8 main items | Since it does not use specific raw materials such as wheat, milk, eggs, shrimp, crabs, walnuts, buckwheat, and peanuts, it is safe and secure for children | 3. No food additives | Designated by the Ministry of Health, Labor and Welfare, safe and secure because it does not use any food additives | | Also, FSSC22000 Acquired",Other HACCP,We don't have an importer,"Will Co.,Ltd.",http://willfranchise.com,Japan exhibitors | Exportable,,E6-W01,"It is a frozen vegan curry that is additive-free and allergy-friendly. | It comes in six flavors and is available for a wide range of customers, from children to the elderly. | Warm it in a bain-marie for 4 minutes while it is frozen, and it's done! | It is a popular product as a time-saving dish for busy mothers and single-person households. | | 1, Vegan but rich in nutrition | Most of the ingredients are made of vegetables, and it is a healthy food with a strong taste and rich nutrients that makes the most of the ingredients. | Certified by The Vegan Society, the world's most authoritative certification body in the United Kingdom. | | 2, Gluten-free, allergy compatible with 8 main items | Since it does not use specific raw materials such as wheat, milk, eggs, shrimp, crabs, walnuts, buckwheat, and peanuts, it is safe and secure for children. | | 3. No food additives | Designated by the Ministry of Health, Labor and Welfare, it is safe and secure because it does not use any food additives. | | FSSC22000 Acquired |",FOODEX Frozen Processed Food,https://www.jma-tradeshow.com/foodex/webguide_en/datafile/product_image1_173442643701.jpg,https://www.jma-tradeshow.com/foodex/webguide_en/product.php?no=3533
3535,will Red chili curry,Frozen Ready Meals | Vegetarian | Vegan,"Retail stores, supermarkets, online sales, restaurants, eateries, cafes, hotels","A must-see for those who like spicy! | The slight aroma and mellowness in the spiciness are the deciding factors in the taste. | It will be a very spicy curry, so please handle it with care. | | Because it is additive-free and allergy-friendly, it is a safe and secure health food that has carefully examined the ingredients. | A delicious curry made by craftsmen who pursue the quality of the product for freezing. | 1, Vegan but rich in nutrition | Most of the ingredients are made of vegetables, and it is a healthy food with a strong taste and rich nutrients that makes the most of the ingredients. | Certified by The Vegan Society, the world's most authoritative certification body in the UK | 2, Gluten-free, allergy compatible with 8 main items | Since it does not use specific raw materials such as wheat, milk, eggs, shrimp, crabs, walnuts, buckwheat, and peanuts, it is safe and secure for children | 3. No food additives | Designated by the Ministry of Health, Labor and Welfare, safe and secure because it does not use any food additives | | Also, FSSC22000 Acquired",Other HACCP,We don't have an importer,"Will Co.,Ltd.",http://willfranchise.com,Japan exhibitors | Exportable,,E6-W01,"It is a frozen vegan curry that is additive-free and allergy-friendly. | It comes in six flavors and is available for a wide range of customers, from children to the elderly. | Warm it in a bain-marie for 4 minutes while it is frozen, and it's done! | It is a popular product as a time-saving dish for busy mothers and single-person households. | | 1, Vegan but rich in nutrition | Most of the ingredients are made of vegetables, and it is a healthy food with a strong taste and rich nutrients that makes the most of the ingredients. | Certified by The Vegan Society, the world's most authoritative certification body in the United Kingdom. | | 2, Gluten-free, allergy compatible with 8 main items | Since it does not use specific raw materials such as wheat, milk, eggs, shrimp, crabs, walnuts, buckwheat, and peanuts, it is safe and secure for children. | | 3. No food additives | Designated by the Ministry of Health, Labor and Welfare, it is safe and secure because it does not use any food additives. | | FSSC22000 Acquired |",FOODEX Frozen Processed Food,https://www.jma-tradeshow.com/foodex/webguide_en/datafile/product_image1_173442676244.jpg,https://www.jma-tradeshow.com/foodex/webguide_en/product.php?no=3535
3545,"IQF Mozzarella 1, 2, 5, 8, 10, 25g Bocconcini",Cheese | Frozen Dairy Products | Vegetarian,Food Service | Ho.re.ca. | Restaurants | Retail | Industry,"Retail, food service, restaurants",EU-HACCP | HALAL | CE Mark | EU Organic Certification | GFCP(Gluten Free Certification Program),We don't have an importer,VALCOLATTE SPA,http://www.valcolatte.it,Overseas exhibitors | Exportable | Co-exhibitor | Organizer : Italian Pavilion,National Pavilion,E1-A24-57,"Cow mozzarella, buffalo mozzarella, fresh burrata, mascarpone, cow ricotta, smoked scamorza",FOODEX JAPAN 2025 / 2025 Japan Meat Industry Fair 49th,https://www.jma-tradeshow.com/foodex/webguide_en/datafile/product_image1_173442974576.jpg,https://www.jma-tradeshow.com/foodex/webguide_en/product.php?no=3545
3546,Quartered Artichokes in oil,Canned Products | Halal | Kosher,Food Distribution. Retail and Foodservice,,"HALAL | IFS, BRC, KOSHER",We don't have an importer,Masiello Food Srl,https://www.masiellofood.com,Overseas exhibitors | Exportable,Processed Food,E3-BB08,"Preserved Artichokes, Olives, Sundried Tomatoes, Capers, Antipasti, Peppers, Eggplants, Pickles, Mushrooms, in oil, vinegar, brine in glass jars and cans. Sizes are from 106 ml up to 4250 ml for Retail and Foodservice.",FOODEX JAPAN 2025 / 2025 Japan Meat Industry Fair 49th,https://www.jma-tradeshow.com/foodex/webguide_en/datafile/product_image1_3546.jpg,https://www.jma-tradeshow.com/foodex/webguide_en/product.php?no=3546
3555,Jalapeno pepper,Vegan | Halal | Kosher,"Our preserved products are perfect for businesses in the food service, retail, wholesale, and distribution sectors. We cater to restaurants, caterers, supermarkets, specialty stores, and food manufacturers looking for high-quality, ready-to-use preserved goods. Our olives, pickled peppers, artichokes, and canned products are ideal for restaurants, food chains, and deli shops seeking premium ingredients for cooking or as retail products. Our offerings also serve as a convenient option for wholesalers and distributors looking to supply quality Mediterranean products. | | Keywords: | | Preserved olives | Pickled peppers | Canned artichokes | Mediterranean canned products | Wholesale preserved goods | Retail preserved products | Food service ingredients | Bulk preserved foods","High-Quality Ingredients: Our preserved products are made from the finest raw materials, ensuring superior taste and texture that meets the highest industry standards. | Traditional Preservation Methods: We use time-tested techniques to preserve the natural flavors of olives, peppers, artichokes, and other vegetables, ensuring freshness and authenticity in every product. | Versatile Applications: Ideal for restaurants, cafes, catering services, and home kitchens, our products are perfect for a wide range of dishes, from salads and sandwiches to gourmet tapas and antipasti platters. | Convenience and Shelf Stability: Our canned goods and preserved items offer long shelf life, reducing waste and providing convenience for food service businesses and retailers alike. | | Mediterranean Flavors: Bring the taste of the Mediterranean to your menu with our olives, pickled peppers, artichokes, and more—delivering vibrant, zesty flavors in every bite. | Customizable Orders for B2B: We offer bulk packaging and customizable orders to meet the specific needs of wholesalers, distributors, and food businesses. | Sustainability: Our products are sustainably sourced and packaged with care, ensuring eco-friendly",ISO22000 | Other HACCP | HALAL,We have an importer,Two Brother Company for Producing and Manufacturing Olives and Pickles,https://www.2brother4olives.com/en,Overseas exhibitors | Exportable | Co-exhibitor | Organizer : EECA,National Pavilion,E4-U27-00,"Our range of preserved products includes high-quality olives, pickled peppers, artichokes, and a variety of canned goods. Types of Pickled Peppers: | Banana Peppers ,Jalapeño Peppers ,Cherry Peppers ,Serrano Peppers ,Hot Chile Peppers",FOODEX JAPAN 2025 / 2025 Japan Meat Industry Fair 49th,https://www.jma-tradeshow.com/foodex/webguide_en/datafile/product_image1_173443321896.jpg,https://www.jma-tradeshow.com/foodex/webguide_en/product.php?no=3555
3557,IQF SHREDDED MOZZARELLA,Cheese | Frozen Dairy Products | Vegetarian | Organic Products,Food Service | Ho.re.ca. | Restaurants | Retail | Industry |,"Retail, food service, restaurants",EU-HACCP | HALAL | CE Mark | EU Organic Certification | Non-GMO Certification | GFCP(Gluten Free Certification Program),We don't have an importer,VALCOLATTE SPA,http://www.valcolatte.it,Overseas exhibitors | Exportable | Co-exhibitor | Organizer : Italian Pavilion,National Pavilion,E1-A24-57,"Cow mozzarella, buffalo mozzarella, fresh burrata, mascarpone, cow ricotta, smoked scamorza",FOODEX JAPAN 2025 / 2025 Japan Meat Industry Fair 49th,https://www.jma-tradeshow.com/foodex/webguide_en/datafile/product_image1_173443354776.jpg,https://www.jma-tradeshow.com/foodex/webguide_en/product.php?no=3557
3563,FROZEN BURRATA,Cheese | Frozen Dairy Products,Food Service | Ho.re.ca. | Restaurants | Retail | Industry |,"Retail, food service, restaurants",EU-HACCP | CE Mark | GFCP(Gluten Free Certification Program),We don't have an importer,VALCOLATTE SPA,http://www.valcolatte.it,Overseas exhibitors | Exportable | Co-exhibitor | Organizer : Italian Pavilion,National Pavilion,E1-A24-57,"Cow mozzarella, buffalo mozzarella, fresh burrata, mascarpone, cow ricotta, smoked scamorza",FOODEX JAPAN 2025 / 2025 Japan Meat Industry Fair 49th,https://www.jma-tradeshow.com/foodex/webguide_en/datafile/product_image1_173443463944.jpg,https://www.jma-tradeshow.com/foodex/webguide_en/product.php?no=3563
3573,Junior tin Trolez bell cat designed with pure butter thin biscuits and pure butter thick biscuits,Cakes / Dessert,"Fine food, Department Store, Specialty store, Imported products, French week in supermarkets",French Butter biscuits in very nice metal tins with beautiful and attractive designs,IFS,We have an importer,BISCUITERIE LA TRINITAINE,,Overseas exhibitors | Exportable | Co-exhibitor | Organizer : BUSINESS FRANCE,National Pavilion,E2-C11-32,,FOODEX JAPAN 2025 / 2025 Japan Meat Industry Fair 49th,https://www.jma-tradeshow.com/foodex/webguide_en/datafile/product_image1_173443945484.jpg,https://www.jma-tradeshow.com/foodex/webguide_en/product.php?no=3573
3576,"Slim tin with pure butter thin biscuits and pure butter thick biscuits, Vintage design",Cakes / Dessert,"Fine food, Department Store, Specialty store, Imported products, French week in supermarkets",French Butter biscuits in very nice metal tins with beautiful and attractive designs,,We have an importer,BISCUITERIE LA TRINITAINE,,Overseas exhibitors | Exportable | Co-exhibitor | Organizer : BUSINESS FRANCE,National Pavilion,E2-C11-32,,FOODEX JAPAN 2025 / 2025 Japan Meat Industry Fair 49th,https://www.jma-tradeshow.com/foodex/webguide_en/datafile/product_image1_173444041611.jpg,https://www.jma-tradeshow.com/foodex/webguide_en/product.php?no=3576
3580,Small tin Christmas Ornaments with pure butter thin biscuits,Cakes / Dessert,"Fine food, Department Store, Specialty store, Imported products, French week in supermarkets",French Butter biscuits in very nice metal tins with beautiful and attractive designs,IFS,We have an importer,BISCUITERIE LA TRINITAINE,,Overseas exhibitors | Exportable | Co-exhibitor | Organizer : BUSINESS FRANCE,National Pavilion,E2-C11-32,,FOODEX JAPAN 2025 / 2025 Japan Meat Industry Fair 49th,https://www.jma-tradeshow.com/foodex/webguide_en/datafile/product_image1_3580.jpg,https://www.jma-tradeshow.com/foodex/webguide_en/product.php?no=3580
3595,BERSANO NIZZA GENERALE RISERVA DOCG,Still wines - red,"Since 1907, Bersano has kept one, clear vision: | to bottle up the essence of Langhe and Monferrato’s | wine culture and convivial spirit and spread it across | the globe. Arturo Bersano’s visionary spirit ignited our | journey. The Massimelli family – first Ugo, | then his daughter Federica, joined by her | sisters and son – now carries the torch. | For us, it’s all about Piedmont: we select and refine | only the finest grapes of native varieties from the 230 | cultivated hectares, preserve the farming traditions | in the historic museums in Nizza Monferrato and the | 10 cascine, and promote the conviviality at the core | of Piedmontese culture. | | AGING Minimum of 12 months in wood, of which 80% in tonneaux and 20% | in oak barrels, followed by 12 months in the bottle | ALCOHOL CONTENT 15% abv | SENSORY NOTES Intense ruby red with purple reflections. Broad, enveloping | and complex bouquet unveiling hints of vanilla, cocoa, undergrowth and cherry. | Rich and velvety taste, persistent and harmonious, finishing with intense fruity tones.",AWARDS: | 2019 | The Wine Hunter gold | I Vini Di Veronelli 93 | | 2018 | James Suckling 90 | Falstaff 93 | Gilbert & Gaillard 92 | Concours Mondial | de Bruxelles gold | WinesCritic.com Vecchione 92 | The Wine Hunter gold | Luca Maroni 92 | Vinibuoni d’Italia 4 Stars,ISO9001 | Other HACCP,We don't have an importer,BRANDLAND ITALIAN WINES,http://www.brandland.info,Overseas exhibitors | Exportable | Co-exhibitor | Organizer : Italian Pavilion,National Pavilion,E1-A24-52,"We offer a selection of wines from | Friuli Venezia Giulia region: Prosecco, ribolla Gialla, Traminer Aromatico, Chardonnay, Merlot, Refosco dal peduncolo Rosso, Cabernet Sauvignon | Tuscany Region: Chianti, Chainti Riserva and Super Tuscan. | Puglia: Primitivo, Negroamaro, Malvasia Nera, Susumaniello. | Umbria Region: Sagrantino di MOntefalco and Trebbiano Spoletino. | Piedmont Region: Barolo, Barbaresco, Ruchè, Barbera D'Asti, Roero Arneis, Moscato. | Trentino Region: Trento Doc Saarkling metodo Classico, Riesling, Gewurtztraminer, PInot Nero, Muller Thurgau | Alto Adige Region: Moscato Giallo, MOscato Rosa, Chardonnay, Pinot Bianco, Lagrein, Schiava Riserva. | Sicily Region: Etna Bianco and Rosso made by nerello mascalese",FOODEX JAPAN 2025 / 2025 Japan Meat Industry Fair 49th,https://www.jma-tradeshow.com/foodex/webguide_en/datafile/product_image1_173444481277.jpg,https://www.jma-tradeshow.com/foodex/webguide_en/product.php?no=3595
3602,PlantBased Vegan Tacos Pastor Style - Ready to Eat,Vegetarian | Vegan,"Perfectly seasoned substitute meat to make the best pastor style vegan tacos. | | The products are designed for a wide range of customers, from busy professionals to families looking for convenient, nutritious, and tasty meal solutions. This includes health-conscious consumers, vegans, and those seeking sustainable food options. It also appeals to environmentally aware consumers and individuals with dietary restrictions. | Mexican cuisine has a rising appeal in Japan, driven by its bold flavors, vibrant colors, and unique seasoning combinations. With its balance of spices, fresh ingredients, and rich textures, Mexican food introduces an exciting culinary experience that is both exotic and accessible. Particularly with our ready to eat approach, the experience of authentic mexican dishes is available, and with the advantages of being 100% plant based. | This appeal positions the products as a way for consumers to enjoy a global culinary journey from the comfort of their homes while meeting their personal health and sustainability goals.","Authentic Mexican flavors with the convenience of plant-based ingredients, offering a unique fusion of cultural culinary traditions with a modern, health-focused twist. | Ready-to-eat and easy to prepare: No cooking required, just heat and enjoy. | Sustainably sourced ingredients, focusing on eco-friendly practices that resonate with Japan’s growing eco-conscious market. | Protein-packed alternatives: High in plant-based protein, satisfying cravings without sacrificing taste or nutritional value.",V-Label Vegan Certificate,We don't have an importer,Benji Gourmet,https://www.benji.com.mx/,Overseas exhibitors | Exportable | Co-exhibitor | Organizer : MEXICO,National Pavilion,E4-C18-00,"PlantBased Vegan Tacos Pastor Style - Ready to Eat, PlantBased Vegan Mexican Red Pozole - Ready to Eat, PlantBased Vegan Chicharron in Spicy Red Sauce - Ready to Eat, PlantBased Vegan Chicharron in Spicy Green Sauce - Ready to Eat, PlantBased Vegan Mexican Frijoles Charros (Charro Beans) - Ready to Eat",FOODEX JAPAN 2025 / 2025 Japan Meat Industry Fair 49th,https://www.jma-tradeshow.com/foodex/webguide_en/datafile/product_image1_3602.jpg,https://www.jma-tradeshow.com/foodex/webguide_en/product.php?no=3602
3609,European Blue Lobster/Brittany Lobster (Homarus Gammarus),Seafood,Blue Lobster Hommarus Gammarus Brittany Lobster,"Live, Wild Caught, Sustainable, Fully traceable | High Quality | Family Award Winning Company",Other HACCP,We don't have an importer,The Lobster Pot,https://www.thelobsterpot.com/,Overseas exhibitors | Exportable | Co-exhibitor | Organizer : UK Group Organiser - PS8 Limited,National Pavilion,E3-C09-A,European Blue Lobster | Brown Crab,FOODEX JAPAN 2025 / 2025 Japan Meat Industry Fair 49th,https://www.jma-tradeshow.com/foodex/webguide_en/datafile/product_image1_3609.jpg,https://www.jma-tradeshow.com/foodex/webguide_en/product.php?no=3609
3612,Brown Crab (Cancer Pagarus),Seafood,"Food Services, Seafood Wholesalers","Live High quality Shellfish | Wild Caught, Sustainable Fishing Methods | Fully traceable",Other HACCP,We don't have an importer,The Lobster Pot,https://www.thelobsterpot.com/,Overseas exhibitors | Exportable | Co-exhibitor | Organizer : UK Group Organiser - PS8 Limited,National Pavilion,E3-C09-A,European Blue Lobster | Brown Crab,FOODEX JAPAN 2025 / 2025 Japan Meat Industry Fair 49th,https://www.jma-tradeshow.com/foodex/webguide_en/datafile/product_image1_173445018335.jpg,https://www.jma-tradeshow.com/foodex/webguide_en/product.php?no=3612
3616,DIANE by Jacques LURTON SPARKLING RED,Sparkling wines,,unique aperitif sparkling red wine,,We don't have an importer,VIGNOBLES ANDRE LURTON,https://www.andrelurton.com/,Overseas exhibitors | Exportable | Co-exhibitor | Organizer : BUSINESS FRANCE,National Pavilion,E2-C11-1,"Bordeaux , Lussac-Saint-Emilion, Château de Barbe Blanche, Bio / organic conversion | Bordeaux , Lussac-Saint-Emilion, Château Tour de Segur | Bordeaux, Pessac-Léognan, Château La Louvière | Bordeaux, Pessac-Léognan, Cru Classé de Graves, Château Couhins-Lurton | Bordeaux, Pessac-Léognan, Château de Cruzeau | Bordeaux, Pessac-Léognan, Château Coucheroy | Bordeaux, Château Guibon, Château Bonnet | Entre-Deux-Mers, white / red | DIANE single varietal Delux range | Bordeaux Supérieur, Château Grossombre de Saint-Joseph. | Margaux | Low Alcool | No Alcool | OH OUI, no alcool | BLA BLA, Vin de France | |",FOODEX JAPAN 2025 / 2025 Japan Meat Industry Fair 49th,https://www.jma-tradeshow.com/foodex/webguide_en/datafile/product_image1_173445230477.jpg,https://www.jma-tradeshow.com/foodex/webguide_en/product.php?no=3616
3617,DIANE BY JACQUES LURTON SPARKLING WHITE,Sparkling wines,Off and On trade,-blanc de noir | - brut nature | - sparkling | - french | - 0 dosage,,We have an importer,VIGNOBLES ANDRE LURTON,https://www.andrelurton.com/,Overseas exhibitors | Exportable | Co-exhibitor | Organizer : BUSINESS FRANCE,National Pavilion,E2-C11-1,"Bordeaux , Lussac-Saint-Emilion, Château de Barbe Blanche, Bio / organic conversion | Bordeaux , Lussac-Saint-Emilion, Château Tour de Segur | Bordeaux, Pessac-Léognan, Château La Louvière | Bordeaux, Pessac-Léognan, Cru Classé de Graves, Château Couhins-Lurton | Bordeaux, Pessac-Léognan, Château de Cruzeau | Bordeaux, Pessac-Léognan, Château Coucheroy | Bordeaux, Château Guibon, Château Bonnet | Entre-Deux-Mers, white / red | DIANE single varietal Delux range | Bordeaux Supérieur, Château Grossombre de Saint-Joseph. | Margaux | Low Alcool | No Alcool | OH OUI, no alcool | BLA BLA, Vin de France | |",FOODEX JAPAN 2025 / 2025 Japan Meat Industry Fair 49th,,https://www.jma-tradeshow.com/foodex/webguide_en/product.php?no=3617
3624,BLA BLA by Jacques LURTON,Still wines - red,OFF / ON trade,fruity easy to drink french table wine - unusual graphic,,We have an importer,VIGNOBLES ANDRE LURTON,https://www.andrelurton.com/,Overseas exhibitors | Exportable | Co-exhibitor | Organizer : BUSINESS FRANCE,National Pavilion,E2-C11-1,"Bordeaux , Lussac-Saint-Emilion, Château de Barbe Blanche, Bio / organic conversion | Bordeaux , Lussac-Saint-Emilion, Château Tour de Segur | Bordeaux, Pessac-Léognan, Château La Louvière | Bordeaux, Pessac-Léognan, Cru Classé de Graves, Château Couhins-Lurton | Bordeaux, Pessac-Léognan, Château de Cruzeau | Bordeaux, Pessac-Léognan, Château Coucheroy | Bordeaux, Château Guibon, Château Bonnet | Entre-Deux-Mers, white / red | DIANE single varietal Delux range | Bordeaux Supérieur, Château Grossombre de Saint-Joseph. | Margaux | Low Alcool | No Alcool | OH OUI, no alcool | BLA BLA, Vin de France | |",FOODEX JAPAN 2025 / 2025 Japan Meat Industry Fair 49th,,https://www.jma-tradeshow.com/foodex/webguide_en/product.php?no=3624
3627,PlantBased Vegan Mexican Red Pozole - Ready to Eat,Vegetarian | Vegan,"Pozole is a traditional Mexican soup made with cacahuazintle corn (hominy) a mix of chiles broth, that is complimented with vegetables, sauce, lemon, oregano and other condiments. | | The products are designed for a wide range of customers, from busy professionals to families looking for convenient, nutritious, and tasty meal solutions. This includes health-conscious consumers, vegans, and those seeking sustainable food options. It also appeals to environmentally aware consumers and individuals with dietary restrictions. | Mexican cuisine has a rising appeal in Japan, driven by its bold flavors, vibrant colors, and unique seasoning combinations. With its balance of spices, fresh ingredients, and rich textures, Mexican food introduces an exciting culinary experience that is both exotic and accessible. Particularly with our ready to eat approach, the experience of authentic mexican dishes is available, and with the advantages of being 100% plant based. | This appeal positions the products as a way for consumers to enjoy a global culinary journey from the comfort of their homes while meeting their personal health and sustainability goals.","Authentic Mexican flavors with the convenience of plant-based ingredients, offering a unique fusion of cultural culinary traditions with a modern, health-focused twist. | Ready-to-eat and easy to prepare: No cooking required, just heat and enjoy. | Sustainably sourced ingredients, focusing on eco-friendly practices that resonate with Japan’s growing eco-conscious market. | Protein-packed alternatives: High in plant-based protein, satisfying cravings without sacrificing taste or nutritional value.",V-Label Vegan Certification,We don't have an importer,Benji Gourmet,https://www.benji.com.mx/,Overseas exhibitors | Exportable | Co-exhibitor | Organizer : MEXICO,National Pavilion,E4-C18-00,"PlantBased Vegan Tacos Pastor Style - Ready to Eat, PlantBased Vegan Mexican Red Pozole - Ready to Eat, PlantBased Vegan Chicharron in Spicy Red Sauce - Ready to Eat, PlantBased Vegan Chicharron in Spicy Green Sauce - Ready to Eat, PlantBased Vegan Mexican Frijoles Charros (Charro Beans) - Ready to Eat",FOODEX JAPAN 2025 / 2025 Japan Meat Industry Fair 49th,https://www.jma-tradeshow.com/foodex/webguide_en/datafile/product_image1_3627.jpg,https://www.jma-tradeshow.com/foodex/webguide_en/product.php?no=3627
3628,PlantBased Vegan Chicharron in Spicy Red Sauce - Ready to Eat,Vegetarian | Vegan,"A typical mexican dish with our substitute pork-skin from wheat protein in a delicious spicy sauce. | | The products are designed for a wide range of customers, from busy professionals to families looking for convenient, nutritious, and tasty meal solutions. This includes health-conscious consumers, vegans, and those seeking sustainable food options. It also appeals to environmentally aware consumers and individuals with dietary restrictions. | Mexican cuisine has a rising appeal in Japan, driven by its bold flavors, vibrant colors, and unique seasoning combinations. With its balance of spices, fresh ingredients, and rich textures, Mexican food introduces an exciting culinary experience that is both exotic and accessible. Particularly with our ready to eat approach, the experience of authentic mexican dishes is available, and with the advantages of being 100% plant based. | This appeal positions the products as a way for consumers to enjoy a global culinary journey from the comfort of their homes while meeting their personal health and sustainability goals.","Authentic Mexican flavors with the convenience of plant-based ingredients, offering a unique fusion of cultural culinary traditions with a modern, health-focused twist. | Ready-to-eat and easy to prepare: No cooking required, just heat and enjoy. | Sustainably sourced ingredients, focusing on eco-friendly practices that resonate with Japan’s growing eco-conscious market. | Protein-packed alternatives: High in plant-based protein, satisfying cravings without sacrificing taste or nutritional value",V-Label Vegan Certificate,We don't have an importer,Benji Gourmet,https://www.benji.com.mx/,Overseas exhibitors | Exportable | Co-exhibitor | Organizer : MEXICO,National Pavilion,E4-C18-00,"PlantBased Vegan Tacos Pastor Style - Ready to Eat, PlantBased Vegan Mexican Red Pozole - Ready to Eat, PlantBased Vegan Chicharron in Spicy Red Sauce - Ready to Eat, PlantBased Vegan Chicharron in Spicy Green Sauce - Ready to Eat, PlantBased Vegan Mexican Frijoles Charros (Charro Beans) - Ready to Eat",FOODEX JAPAN 2025 / 2025 Japan Meat Industry Fair 49th,https://www.jma-tradeshow.com/foodex/webguide_en/datafile/product_image1_3628.jpg,https://www.jma-tradeshow.com/foodex/webguide_en/product.php?no=3628
3630,PlantBased Vegan Chicharron in Spicy Green Sauce - Ready to Eat,Vegetarian | Vegan,"A typical mexican dish with our substitute pork-skin from wheat protein in a delicious spicy green sauce. | | The products are designed for a wide range of customers, from busy professionals to families looking for convenient, nutritious, and tasty meal solutions. This includes health-conscious consumers, vegans, and those seeking sustainable food options. It also appeals to environmentally aware consumers and individuals with dietary restrictions. | Mexican cuisine has a rising appeal in Japan, driven by its bold flavors, vibrant colors, and unique seasoning combinations. With its balance of spices, fresh ingredients, and rich textures, Mexican food introduces an exciting culinary experience that is both exotic and accessible. Particularly with our ready to eat approach, the experience of authentic mexican dishes is available, and with the advantages of being 100% plant based. | This appeal positions the products as a way for consumers to enjoy a global culinary journey from the comfort of their homes while meeting their personal health and sustainability goals.","Authentic Mexican flavors with the convenience of plant-based ingredients, offering a unique fusion of cultural culinary traditions with a modern, health-focused twist. | Ready-to-eat and easy to prepare: No cooking required, just heat and enjoy. | Sustainably sourced ingredients, focusing on eco-friendly practices that resonate with Japan’s growing eco-conscious market. | Protein-packed alternatives: High in plant-based protein, satisfying cravings without sacrificing taste or nutritional value.",V-Label Vegan Certificate,We don't have an importer,Benji Gourmet,https://www.benji.com.mx/,Overseas exhibitors | Exportable | Co-exhibitor | Organizer : MEXICO,National Pavilion,E4-C18-00,"PlantBased Vegan Tacos Pastor Style - Ready to Eat, PlantBased Vegan Mexican Red Pozole - Ready to Eat, PlantBased Vegan Chicharron in Spicy Red Sauce - Ready to Eat, PlantBased Vegan Chicharron in Spicy Green Sauce - Ready to Eat, PlantBased Vegan Mexican Frijoles Charros (Charro Beans) - Ready to Eat",FOODEX JAPAN 2025 / 2025 Japan Meat Industry Fair 49th,https://www.jma-tradeshow.com/foodex/webguide_en/datafile/product_image1_3630.jpg,https://www.jma-tradeshow.com/foodex/webguide_en/product.php?no=3630
3633,PlantBased Vegan Mexican Frijoles Charros (Charro Beans) - Ready to Eat,Vegetarian | Vegan,"Our version of this typical mexican dish, made from beans, plantbased sausage, plantbased ham and plantbased chorizo. | | The products are designed for a wide range of customers, from busy professionals to families looking for convenient, nutritious, and tasty meal solutions. This includes health-conscious consumers, vegans, and those seeking sustainable food options. It also appeals to environmentally aware consumers and individuals with dietary restrictions. | Mexican cuisine has a rising appeal in Japan, driven by its bold flavors, vibrant colors, and unique seasoning combinations. With its balance of spices, fresh ingredients, and rich textures, Mexican food introduces an exciting culinary experience that is both exotic and accessible. Particularly with our ready to eat approach, the experience of authentic mexican dishes is available, and with the advantages of being 100% plant based. | This appeal positions the products as a way for consumers to enjoy a global culinary journey from the comfort of their homes while meeting their personal health and sustainability goals.","Authentic Mexican flavors with the convenience of plant-based ingredients, offering a unique fusion of cultural culinary traditions with a modern, health-focused twist. | Ready-to-eat and easy to prepare: No cooking required, just heat and enjoy. | Sustainably sourced ingredients, focusing on eco-friendly practices that resonate with Japan’s growing eco-conscious market. | Protein-packed alternatives: High in plant-based protein, satisfying cravings without sacrificing taste or nutritional value.",V-Label Vegan Certificate,We don't have an importer,Benji Gourmet,https://www.benji.com.mx/,Overseas exhibitors | Exportable | Co-exhibitor | Organizer : MEXICO,National Pavilion,E4-C18-00,"PlantBased Vegan Tacos Pastor Style - Ready to Eat, PlantBased Vegan Mexican Red Pozole - Ready to Eat, PlantBased Vegan Chicharron in Spicy Red Sauce - Ready to Eat, PlantBased Vegan Chicharron in Spicy Green Sauce - Ready to Eat, PlantBased Vegan Mexican Frijoles Charros (Charro Beans) - Ready to Eat",FOODEX JAPAN 2025 / 2025 Japan Meat Industry Fair 49th,https://www.jma-tradeshow.com/foodex/webguide_en/datafile/product_image1_173446081216.jpg,https://www.jma-tradeshow.com/foodex/webguide_en/product.php?no=3633
3691,"Canned iwachi in brine, miso and shoyu","Canned Products | Seafood | Ready-to-eat Foods, Sealed Packaged Foods (e.g., curry, rice bowl toppings)",High quality products at competitive prices with continuous new products introduced to serve market needs and changes,"Our canned iwachi products have been in Japan market for 5 years. The fish raw material is imported from Japan. Therefore, AJCEP is always provided. Miso and shoyu are supplied from Japanese companies to ensure high quality with good taste.",ISO9001 | ISO22000 | Other HACCP | HALAL | GMP,We have an importer,MAS CHOICES CORPORATION LTD,https://www.maschoices.com,Overseas exhibitors | Exportable | Co-exhibitor | Organizer : THAILAND,National Pavilion,E4-A21-34,Canned / Pouch Tuna | Canned Mackerel (Saba) | Canned Sardine | Canned Sweet kernel corn | Dehydrated Fruit / Dried Fruit,FOODEX JAPAN 2025 / 2025 Japan Meat Industry Fair 49th,https://www.jma-tradeshow.com/foodex/webguide_en/datafile/product_image1_173450482397.jpg,https://www.jma-tradeshow.com/foodex/webguide_en/product.php?no=3691
3697,Canned Sweet kernel corn,"Canned Products | Ready-to-eat Foods, Sealed Packaged Foods (e.g., curry, rice bowl toppings)",High quality products at competitive prices with continuous new products introduced to serve market needs and changes,Fresh raw material from the field to the cans,ISO9001 | ISO22000 | Other HACCP | HALAL | GMP,We have an importer,MAS CHOICES CORPORATION LTD,https://www.maschoices.com,Overseas exhibitors | Exportable | Co-exhibitor | Organizer : THAILAND,National Pavilion,E4-A21-34,Canned / Pouch Tuna | Canned Mackerel (Saba) | Canned Sardine | Canned Sweet kernel corn | Dehydrated Fruit / Dried Fruit,FOODEX JAPAN 2025 / 2025 Japan Meat Industry Fair 49th,https://www.jma-tradeshow.com/foodex/webguide_en/datafile/product_image1_3697.jpg,https://www.jma-tradeshow.com/foodex/webguide_en/product.php?no=3697
3734,Pistachio spreadable cream,"Spreads, Honey & Jams","Gourmet & specialty shops, confectioneries, bakeries, supermarkets and large retail chains.","pistachio spread, breakfast items, bakeries, gourmet and delicatessen shops",ISO22000 | Other HACCP | IFS,We don't have an importer,Brontedolci,https://www.brontedolci.it/,Overseas exhibitors | Exportable | Co-exhibitor | Organizer : Italian Pavilion,National Pavilion,E1-A24-40,"Panettone, pistachio spreadable cream, pistachio pesto, nougats, pistachio and almond pastries",FOODEX JAPAN 2025 / 2025 Japan Meat Industry Fair 49th,https://www.jma-tradeshow.com/foodex/webguide_en/datafile/product_image1_3734.jpg,https://www.jma-tradeshow.com/foodex/webguide_en/product.php?no=3734
3749,MEDITERRANEAN RED PRAWN EXTRACT (SAUCE)/COLATURA DI GAMBERO ROSSO DEL MEDITERRANEO,Liquid Seasoning | Dry Seafood | Seafood,"RESTAURANTS AND RESTAURANT CHAINS, DELI SHOPS, SUPERMARKETS, CATERING","The «Mediterranean red prawn sauce/extract» has a delicate taste with typical sweetness of the crustaceans, it contains just a limited percentage of added salt as ingredients. It is concentrated sauce that enhance seafood dishes, giving them an unmistakable taste.",EU-HACCP | FDA | GMP,We don't have an importer,LE MAREVIGLIE SRL,http://www.lemareviglie.com ,Overseas exhibitors | Exportable | Co-exhibitor | Organizer : Italian Pavilion,National Pavilion,E1-A24-124,"Karasumi muller roe bottarga, mediterranean red prawn sauce (concentrated), mediterranean blue crabmeat in sardianian seawater, cuttlefish ink, tuna and pesto sauce",FOODEX JAPAN 2025 / 2025 Japan Meat Industry Fair 49th,https://www.jma-tradeshow.com/foodex/webguide_en/datafile/product_image1_3749.jpg,https://www.jma-tradeshow.com/foodex/webguide_en/product.php?no=3749
3764,Linfa,Packaging,Spirits,"Inspired by the botanical world, Linfa is the precious energy that circulates in every plant, nourishing it. A silent force that flows inexorably; energy in its purest form. A bottle with a more vertical and slender line, emphasising the detail of the asymmetrical shoulders; a very large labelling area that allows for a variety of customisation options.",,We have an importer,VETROelite,https://jp.vetroelite.com/,Overseas exhibitors | Exportable,Beverage,S1-K18,"The Vetroelite Spirits range is a multifaceted proposal capable of enhancing the infinite nuances of spirits. A range of retro and contemporary packaging that conveys the emotion of a product first to the eye and then to the palate. | Our Food&Beverage collection of jars and bottles is designed to capture the nuances of flavour and enhance the essence of food. A voyage of discovery of flavours, colours and textures that always begins with the bottle chosen.",FOODEX JAPAN 2025 / 2025 Japan Meat Industry Fair 49th,https://www.jma-tradeshow.com/foodex/webguide_en/datafile/product_image1_173451956131.jpg,https://www.jma-tradeshow.com/foodex/webguide_en/product.php?no=3764
3765,Musa,Packaging,Food,"Musa captivates the eye and the touch. The lines in the lower part of the body redefine the essentiality of a gesture, that of pouring, promoting a rigorous yet refined aesthetic. Slender proportions and broad shoulders, finished with a swan neck that gives the product an elegant appearance. A new geometry in the sector, defined but whispered.",,We have an importer,VETROelite,https://jp.vetroelite.com/,Overseas exhibitors | Exportable,Beverage,S1-K18,"The Vetroelite Spirits range is a multifaceted proposal capable of enhancing the infinite nuances of spirits. A range of retro and contemporary packaging that conveys the emotion of a product first to the eye and then to the palate. | Our Food&Beverage collection of jars and bottles is designed to capture the nuances of flavour and enhance the essence of food. A voyage of discovery of flavours, colours and textures that always begins with the bottle chosen.",FOODEX JAPAN 2025 / 2025 Japan Meat Industry Fair 49th,https://www.jma-tradeshow.com/foodex/webguide_en/datafile/product_image1_173451978133.jpg,https://www.jma-tradeshow.com/foodex/webguide_en/product.php?no=3765
3806,ORGANIC ARTISANAL BLUEBERRY JAM 85% FRUIT - REDUCED SUGAR CONTENT,"Vegetarian | Vegan | Organic Products | Spreads, Honey & Jams",,,Organic JAS Mark | USDA Organic Certification | EU Organic Certification,We don't have an importer,LORUSSO ORGANIC JAMS & MARMALADES,https://www.lorussofood.com/en/,Overseas exhibitors | Exportable | Co-exhibitor | Organizer : ICEX SPAIN TRADE AND INVESTMENT,National Pavilion,E2-A21-60,"ORGANIC JAMS, ORGANIC MARMALADES, ORGANIC PRESERVES",FOODEX JAPAN 2025 / 2025 Japan Meat Industry Fair 49th,https://www.jma-tradeshow.com/foodex/webguide_en/datafile/product_image1_3806.jpg,https://www.jma-tradeshow.com/foodex/webguide_en/product.php?no=3806
3808,Tomato Puree,Canned Products | Kosher | Organic Products,"Tomato Puree, Ho.Re.Ca, Retail, 100% italian product, made in italy","Retail, Ho.Re.Ca","ISO9001 | ISO22000 | EU-HACCP | FDA | EU Organic Certification | DOP, BRC, IFS",We don't have an importer,Valgri - Coppola Enterprice srl,https://www.valgri.it/,Overseas exhibitors | Exportable | Co-exhibitor | Organizer : Italian Pavilion,National Pavilion,E1-A24-135,"Tomato Puree, Cherry Tomatoes, Peeled Tomatoes, Semi-dried Tomatoes, PDO Certified preserved tomatoes, Organic preserved tomatoes",FOODEX JAPAN 2025 / 2025 Japan Meat Industry Fair 49th,https://www.jma-tradeshow.com/foodex/webguide_en/datafile/product_image1_3808.jpg,https://www.jma-tradeshow.com/foodex/webguide_en/product.php?no=3808
3816,Freeze-Dried Canadian Fruit (Blueberries),Dried Fruits | Dried Fruit & Vegetables | Rice Crackers & Healthy Snacks,"• B2C Retail shops (Supermarkets, groceries, diet/health shops, confectionery shops etc) | • B2B Wholesalers (importers and distributors) | • Candy/sweet shops & bakeries | • HORECA sector & vending machines | • Online retail platforms | • Cloud kitchens","Contains all-natural fruit (blueberries) harvested at peak ripeness. Preserved through the freeze-drying method, making them sweet, tart and flavourful! Crispy, light, airy, & cloud-like mouthfeel. Luxurious and sweet flavour punch, followed by a melt-in-your-mouth texture. A unique experience which is loved by kids and adults alike. Easy to chew and swallow for seniors or people suffering with medical conditions. | Can be rehydrated for use in cooking, baking or other dishes. Excellent for colouring icing, add to smoothies or crumble to use as a food topper. Rehydration is also a good option for children/babies as our product can be blended into a smooth paste.",Other HACCP | GMP | Non-GMO Certification | CFIA,We don't have an importer,Big Air Foods,https://bigairfoods.com/,Overseas exhibitors | Exportable | Co-exhibitor | Organizer : Agriculture and Agri-Food Canada,National Pavilion,E4-A07-19,"100% Canadian Premium Freeze-Dried Apples, Freeze-Dried Strawberries, Free-Dried Blueberries, Freeze-Dried Cherries.",FOODEX JAPAN 2025 / 2025 Japan Meat Industry Fair 49th,,https://www.jma-tradeshow.com/foodex/webguide_en/product.php?no=3816
3865,Mochi filled with mango mixed ice confection and mango filling,Ice Cream / Sorbet Gelato | Vegan | Halal,Distributors,"A premium non-dairy dessert offering a gentle sweetness, made with 100% natural flavors and colors to provide a smooth and refreshing sensation.",ISO22000 | Other HACCP | HALAL | FDA,,PERFECT COMPANION GROUP COMPANY LIMITED,,Overseas exhibitors | Exportable | Co-exhibitor | Organizer : THAILAND,National Pavilion,E4-A22-009,"Black bean mixed coconut milk ice cream, Coconut milk ice cream mixed with black sticky rice and taro, Corn mixed coconut milk ice cream, Taro mixed coconut milk ice cream, Coconut milk ice cream with Kho Tom Mud, Mango mixed coconut milk ice cream with sticky rice, Thai tea ice confection, Mango sorbet, Durian ice cream, Lychee sorbet, Coconut milk ice cream with coconut pulp, Strawberry sorbet, Passion fruit sorbet, Rambutan sorbet, Pineapple ice confection, Longan ice confection, Watermelon sorbet, Melon ice confection, Pomelo sorbet, Raspberry sorbet, Ruam Mitr mixed coconut milk ice cream, Durian mixed coconut milk ice cream, Coconut milk ice cream with coconut pulp, Mochi Thai cocoa ice confection with Thai cocoa filling, Mochi Thai cocoa ice confection with raspberry filling, Mochi strawberry ice confection with strawberry filling, Mochi Thai tea ice confection with Thai tea filling, Mochi coconut milk ice confection with salted caramel filling, Mochi mango mixed ice confection with mango filling, Mochi lychee sorbet, Mochi matcha ice confection with young coconut filling, Mochi mango mixed coconut milk ice confection and glutinous rice",FOODEX JAPAN 2026 / 2026 Japan Meat Industry Fair 50th,https://www.jma-tradeshow.com/foodex/webguide_en/datafile/product_image1_3865.jpg,https://www.jma-tradeshow.com/foodex/webguide_en/product.php?no=3865
3883,Thin Masterpiece 60g,Savoury Baked Products | Crackers,Everyone,"1. The most thin crackers + Printed 20 landmarks of Europe + Milk cream inside the crackers | 2. Fun to select 20 landmarks in Europe | 3. Individually packaged for easy portability | 4. Perfect items for having fun eating with your parents, friends | 5. Made in China sister plant",ISO9001 | ISO22000 | HALAL,We don't have an importer,TRUE CORP,http://www.raon2017.co.kr/,Overseas exhibitors | Exportable | Co-exhibitor | Organizer : KOTRA/GBSA,National Pavilion,E4-U18-6,"★ Thin Masterpiece | A unique sandwich product with 20 landmark buildings of Europe printed on the world's thinnest cracker. | A thin sandwich-shaped sandwich product with plenty of fragrant milk cream inside the cracker. | | Each sandwich product with European landmarks printed on it is individually packaged, making it easy to carry and store. | | A product that parents or friends can enjoy while looking at European landmarks. | This product can be conveniently consumed in offices, schools, cafes, public places, and any other place. | | ★ WonderTok Strawberry popping stick | A stick made with a combination of strawberries and popping. | It is a very popular product, especially among children, with its fragrant strawberries and popping candy that explodes in your mouth. | It is especially good to carry around after school, at academies, on picnics, and during outdoor activities. | | Each product is individually packaged, making it easy to carry around during outdoor activities. | In particular, our long chocolate stick products are sold well around the world at convenience stores, supermarkets, online, etc.",FOODEX JAPAN 2025 / 2025 Japan Meat Industry Fair 49th,https://www.jma-tradeshow.com/foodex/webguide_en/datafile/product_image1_173459337828.jpg,https://www.jma-tradeshow.com/foodex/webguide_en/product.php?no=3883
3885,Yogurt Sparkling,Carbonated Soft Drinks | Flavoured Water | Instant Beverages | Non-alcoholic Beverages,"Healthy, beverage, Yogurt sparkling, postbiotics, prebiotics, long shelf life","<Yogurt Sparkling> | Enjoy a Fizzy Yogurt While Replenishing Probiotics | | Yogurt, our faithful companion as a sweet snack after meals or a refreshing drink. It has embraced a cool twist for the hot season. We've prepared a sparkling version so you can enjoy tangy yogurt without any heaviness. It contains 8 billion 4th generation postbiotics, fulfilling its original purpose. We're sending you a 10-pack, so enjoy one whenever you feel like it. It's sweet with a smooth finish, making it pleasant to drink without any burden. | | Refreshing Yogurt Sparkling | (Product Features) | - Contains 8 billion 4th generation postbiotics | - Uses high-quality Dutch skim milk powder | - Combines the smoothness of yogurt with the fizzy refreshment of sparkling | - Packaging suitable for room temperature storage | | Contains 8 billion probiotics | We've packed probiotics tightly into small bottles for the whole family to enjoy together. Each bottle contains 8 billion 4th generation postbiotics. | It's formulated with a balanced blend of 3 probiotics optimized for gut health. These postbiotics, developed after 30 years of research, are comprehensive probiotics combining prebiotics, probiotics, and metabolites. |","ISO9001 | ISO22000 | EU-HACCP | US-HACCP | Other HACCP | FDA | Seoul Awards,",We don't have an importer,TIUM GLOBAL,http://www.blingbooster.com/,Overseas exhibitors | Exportable | Co-exhibitor | Organizer : KOTRA/GBSA,National Pavilion,E4-U18-7,"Bling Booster, Tium, yogurt sparkling, collagen, wiggle, wiggle-wiggle, zero bubble, Floral fizz",FOODEX JAPAN 2025 / 2025 Japan Meat Industry Fair 49th,https://www.jma-tradeshow.com/foodex/webguide_en/datafile/product_image1_3885.jpg,https://www.jma-tradeshow.com/foodex/webguide_en/product.php?no=3885
3896,WonderTok strawberry popping stick 57g,Savoury Baked Products | Savoury snacks,everyone,"1. Long stick made with a combination of strawberry and popping candy | ★ If you eat it after putting it in the refrigerator in summer, it is great as a snack | 2. Easy to carry as it is individually packaged in the case | 3. Giving each other for special events or as a gift | 4. Using Reefer container(Setting: 4~10 Celsius degree) during hot summer time | 5. Made in Korea",ISO22000 | HALAL,We don't have an importer,TRUE CORP,http://www.raon2017.co.kr/,Overseas exhibitors | Exportable | Co-exhibitor | Organizer : KOTRA/GBSA,National Pavilion,E4-U18-6,"★ Thin Masterpiece | A unique sandwich product with 20 landmark buildings of Europe printed on the world's thinnest cracker. | A thin sandwich-shaped sandwich product with plenty of fragrant milk cream inside the cracker. | | Each sandwich product with European landmarks printed on it is individually packaged, making it easy to carry and store. | | A product that parents or friends can enjoy while looking at European landmarks. | This product can be conveniently consumed in offices, schools, cafes, public places, and any other place. | | ★ WonderTok Strawberry popping stick | A stick made with a combination of strawberries and popping. | It is a very popular product, especially among children, with its fragrant strawberries and popping candy that explodes in your mouth. | It is especially good to carry around after school, at academies, on picnics, and during outdoor activities. | | Each product is individually packaged, making it easy to carry around during outdoor activities. | In particular, our long chocolate stick products are sold well around the world at convenience stores, supermarkets, online, etc.",FOODEX JAPAN 2025 / 2025 Japan Meat Industry Fair 49th,https://www.jma-tradeshow.com/foodex/webguide_en/datafile/product_image1_173459591205.jpg,https://www.jma-tradeshow.com/foodex/webguide_en/product.php?no=3896
3897,"Choco bear, Strawberry bear, Milk Bear, Biscuit filled with cream",Crackers | Salty Snacks,"Choco bear, Strawberry bear, Milk Bear, Biscuit filled with cream","Choco bear, Strawberry bear, Milk Bear, Biscuit filled with cream",HALAL | FDA | GMP,We don't have an importer,VISTA DISTRIBUTION COMPANY LIMITED,https://www.vfoods.co.th/,Overseas exhibitors | Exportable | Co-exhibitor | Organizer : THAILAND,National Pavilion,E4-A21-52,"Biscuits, cookies, Chocolate cream, Choco bear, Coconut biscuit with pineapple jam, wafer, rolled wafer stick, tasty stick, corn snack, snack.",FOODEX JAPAN 2025 / 2025 Japan Meat Industry Fair 49th,https://www.jma-tradeshow.com/foodex/webguide_en/datafile/product_image1_3897.jpg,https://www.jma-tradeshow.com/foodex/webguide_en/product.php?no=3897
3898,Pororo Ice cone snack Banana flavor 54g,Savoury Baked Products | Savoury snacks,everyone,"1. Ice cream cone shaped Unique and Funny snacks | ★ If you eat it after putting it in the refrigerator in summer, it is great as a snack for children. | 2. Best favorite flavors for kids | ※ Chocolate, Strawberry, Banana | 3. Inside soft and Outside crispy for kids due to Aeration production method | 4. Using 20ft Reefer container(Setting: 4~10 Celsius degree) during hot summer time",ISO22000 | HALAL,We don't have an importer,TRUE CORP,http://www.raon2017.co.kr/,Overseas exhibitors | Exportable | Co-exhibitor | Organizer : KOTRA/GBSA,National Pavilion,E4-U18-6,"★ Thin Masterpiece | A unique sandwich product with 20 landmark buildings of Europe printed on the world's thinnest cracker. | A thin sandwich-shaped sandwich product with plenty of fragrant milk cream inside the cracker. | | Each sandwich product with European landmarks printed on it is individually packaged, making it easy to carry and store. | | A product that parents or friends can enjoy while looking at European landmarks. | This product can be conveniently consumed in offices, schools, cafes, public places, and any other place. | | ★ WonderTok Strawberry popping stick | A stick made with a combination of strawberries and popping. | It is a very popular product, especially among children, with its fragrant strawberries and popping candy that explodes in your mouth. | It is especially good to carry around after school, at academies, on picnics, and during outdoor activities. | | Each product is individually packaged, making it easy to carry around during outdoor activities. | In particular, our long chocolate stick products are sold well around the world at convenience stores, supermarkets, online, etc.",FOODEX JAPAN 2025 / 2025 Japan Meat Industry Fair 49th,https://www.jma-tradeshow.com/foodex/webguide_en/datafile/product_image1_3898.jpg,https://www.jma-tradeshow.com/foodex/webguide_en/product.php?no=3898
3909,Frozen Mukimame,Health & Wellness Products | Frozen Fruit & Vegetables | Vegetarian | Halal | Kosher | Vegetable snacks | Dried Fruit & Vegetables,Frozen vegetable,"High quality, convenience, fresh, frozen, versatility","Other HACCP | HALAL | FSMA | FDA | Non-GMO Certification | KOSHER, BSCI, BRC",We have an importer,TNG Food - Sa Giang,"https://thanhngocfood.com/, https://sagiang.com.vn/",Overseas exhibitors | Exportable,,E5-Q26,"Frozen, Freeze-dried, Dried Fruit and Vegetable, Freeze-dried Soup, Shrimp chips, Rice noodles & Rice paper, Convenient products (Instant Pho in cup, meal kit), Sauces",FOODEX Frozen Processed Food,https://www.jma-tradeshow.com/foodex/webguide_en/datafile/product_image1_173459969457.jpg,https://www.jma-tradeshow.com/foodex/webguide_en/product.php?no=3909
3910,Roasted Sesame Seeds,Processed agricultural products | Halal | Kosher | Solid Seasonings,"Wholesaler, Retail Distributor, Restaurant Supplier",,Other HACCP | HALAL | FDA | USDA Organic Certification | FSSC22000,,"Chung Yang Foods Co., Ltd",https://cyfood.co.kr/,Overseas exhibitors | Exportable | Co-exhibitor | Organizer : Korea Agro-Fisheries & Food Trade Corporation,National Pavilion,E5-A48-A08,"Sesame Oil, Perilla Oil, Flaxseed Oil, Hempseed Oil, Roasted Sesame Seeds",FOODEX JAPAN 2026 / 2026 Japan Meat Industry Fair 50th,https://www.jma-tradeshow.com/foodex/webguide_en/datafile/product_image1_3910.jpg,https://www.jma-tradeshow.com/foodex/webguide_en/product.php?no=3910
3912,Frozen Melon,Frozen Fruit & Vegetables | Halal | Kosher,Frozen fruit |,"High quality, convenience, fresh, frozen, versatility |","Other HACCP | HALAL | FSMA | FDA | Non-GMO Certification | KOSHER, BSCI, BRC",We have an importer,TNG Food - Sa Giang,"https://thanhngocfood.com/, https://sagiang.com.vn/",Overseas exhibitors | Exportable,,E5-Q26,"Frozen, Freeze-dried, Dried Fruit and Vegetable, Freeze-dried Soup, Shrimp chips, Rice noodles & Rice paper, Convenient products (Instant Pho in cup, meal kit), Sauces",FOODEX Frozen Processed Food,https://www.jma-tradeshow.com/foodex/webguide_en/datafile/product_image1_3912.jpg,https://www.jma-tradeshow.com/foodex/webguide_en/product.php?no=3912
3913,Lebanese Flatbread,Baked Goods | Cakes / Dessert | Bread | Frozen Baked Goods | Organic Products,"Bread, Flatbread, Lebansese, Arabic, Pita, Khobz, Wraps, Convenience, Pizza, pizzabase, daily bread, sandwich, kebab, falafel, shawarma","Convenience, restaurant, wholesale, airline, train, ferry,",ISO22000 | EU-HACCP | HALAL | EU Organic Certification | Vegan,We don't have an importer,Liba Bröd AB,https://libabrod.com/,Overseas exhibitors | Exportable | Co-exhibitor | Organizer : Business Sweden,National Pavilion,E2-K30-00,"Flatbread, bread, arabic, lebanese, tandoori, khobz, masala, tannour, lavash, pizza base, wrap, shawarma, kebab",FOODEX JAPAN 2025 / 2025 Japan Meat Industry Fair 49th,https://www.jma-tradeshow.com/foodex/webguide_en/datafile/product_image1_3913.jpg,https://www.jma-tradeshow.com/foodex/webguide_en/product.php?no=3913
3914,PDO Vesuvius Piennolo Cherry Tomato,Canned Products,"Ho.Re.Ca, Retail, 100% italian product, made in italy, PDO certified tomato","PDO, Retail, Ho.Re.Ca | |","ISO9001 | ISO22000 | EU-HACCP | FDA | PDO, BRC, IFS",We don't have an importer,Valgri - Coppola Enterprice srl,https://www.valgri.it/,Overseas exhibitors | Exportable | Co-exhibitor | Organizer : Italian Pavilion,National Pavilion,E1-A24-135,"Tomato Puree, Cherry Tomatoes, Peeled Tomatoes, Semi-dried Tomatoes, PDO Certified preserved tomatoes, Organic preserved tomatoes",FOODEX JAPAN 2025 / 2025 Japan Meat Industry Fair 49th,https://www.jma-tradeshow.com/foodex/webguide_en/datafile/product_image1_3914.jpg,https://www.jma-tradeshow.com/foodex/webguide_en/product.php?no=3914
3915,Frozen Sweet Potato,Frozen Fruit & Vegetables | Vegetarian | Halal | Kosher | Vegetable snacks,Frozen Vegetable,"High quality, convenience, fresh, frozen, versatility | |","Other HACCP | HALAL | FSMA | FDA | Non-GMO Certification | KOSHER, BSCI, BRC",We have an importer,TNG Food - Sa Giang,"https://thanhngocfood.com/, https://sagiang.com.vn/",Overseas exhibitors | Exportable,,E5-Q26,"Frozen, Freeze-dried, Dried Fruit and Vegetable, Freeze-dried Soup, Shrimp chips, Rice noodles & Rice paper, Convenient products (Instant Pho in cup, meal kit), Sauces",FOODEX Frozen Processed Food,https://www.jma-tradeshow.com/foodex/webguide_en/datafile/product_image1_3915.jpg,https://www.jma-tradeshow.com/foodex/webguide_en/product.php?no=3915
3919,BOHEM AIREN - SAUVIGNON BLANC,Vegan | Organic Products | Still wines - red | Organic wines | Vegan wines,IMPORTERS - LARGE DISTRIBUTION,ORGANIC AND VEGAN SPANISH WINE,Other HACCP | FDA | Organic JAS Mark | EU Organic Certification | ISO 14001 - IFS - PGI TIERRA DE CASTILLA - CO2 FOOT PRINT,We don't have an importer,BODEGAS LATÚE BIO,https://latue.com/,Overseas exhibitors | Exportable | Co-exhibitor | Organizer : ICEX SPAIN TRADE AND INVESTMENT,National Pavilion,E2-A21-87,BOHEM AIRÉN - SAUVIGNON BLANC 75cl. | TOSCAR AIRÉN - SAUVIGNON BLANC 75CL. | BOHEM TEMPRANILLO - GARNACHA 75CL. | TOSCAR TEMPRANILLO 75CL. | BOHEM TEMPRANILLO NO SULPHUR ADDED 75CL. | TOSCAR TEMPRANILLO NO SULPHUR ADDED 75CL. | BOHEM CABERNET SAUVIGNON - SYRAH BARRICA 75CL. | TOSCAR CABERNET SAUVIGNON- SYRAH BARRICA 75CL. | BOHEM AIRÉN NO SULPHUR ADDED 75CL. | BOHEM FRIZZANTE 75CL. | BOHEM FRIZZANTE 75CL. | MIVA VIDA FIZZY MOSCATO 75CL. | LATÚE BRUT 75CL. | BY LATÚE VERDEJO 75CL. | BY LATÚE VERDEJO 75CL. | BY LATÚE CHARDONNAY 75CL. | BY LATÚE SENSIBEL 75CL. | BY LATÚE CABERNET SAUVIGNON 75CL. | BY LATÚE CABERNET SAUVIGNON 75CL. | BY LATÚE SPARKLING CHARMAT 75CL. | LATÚE FIZZY MOSCATO 75CL. | BY LATÚE SENSIBEL MAGNUM 150CL | BY LATÚE VERDEJO MAGNUM 150CL | TOSCAR AIRÉN - SAUVIGNON BLANC BIB 3L | TOSCAR TEMPRANILLO BIB 3L | TOSCAR TEMPRANILLO ROSÉ BIB 3L,FOODEX JAPAN 2025 / 2025 Japan Meat Industry Fair 49th,,https://www.jma-tradeshow.com/foodex/webguide_en/product.php?no=3919
3928,Crushed Tomato Bag in Box,Canned Products,"Crushed tomato, Ho.Re.Ca, 100% italian product, made in italy, Bag in Box |",Ho.Re.Ca,"ISO9001 | ISO22000 | EU-HACCP | EU Organic Certification | BRC, IFS",We don't have an importer,Valgri - Coppola Enterprice srl,https://www.valgri.it/,Overseas exhibitors | Exportable | Co-exhibitor | Organizer : Italian Pavilion,National Pavilion,E1-A24-135,"Tomato Puree, Cherry Tomatoes, Peeled Tomatoes, Semi-dried Tomatoes, PDO Certified preserved tomatoes, Organic preserved tomatoes",FOODEX JAPAN 2025 / 2025 Japan Meat Industry Fair 49th,https://www.jma-tradeshow.com/foodex/webguide_en/datafile/product_image1_173460539200.jpg,https://www.jma-tradeshow.com/foodex/webguide_en/product.php?no=3928
3932,Norlake Frozen Pizza Margherita 18cm 193g,Frozen Ready Meals,Retail Market (SM),"Our pizzas are all about the dough, carefully crafted without compromising on ingredients, recipes, or baking methods. | | ■ Italian Flour: Made with the same high-quality flour chosen by authentic pizzerias. | ■ Low-Temperature Fermentation: Slow fermentation brings out the flavor and aroma. | ■ Hand-Stretched: Each pizza is carefully stretched for a fluffy texture. | ■ Wood-Fired: Baked in a high-temperature wood-fired oven to lock in the fragrant aroma.",,,"Norlake International CO.,LTD. UNIFOODS Corporation",http://www.norlake.co.jp,Japan exhibitors | Exportable,Imports Food,E6-Q78,"Frozen pizza, frozen cheese, frozen desserts, frozen vegetables, flour, canned goods, confectionery, olive oil",FOODEX JAPAN 2026 / 2026 Japan Meat Industry Fair 50th,https://www.jma-tradeshow.com/foodex/webguide_en/datafile/product_image1_3932.jpg,https://www.jma-tradeshow.com/foodex/webguide_en/product.php?no=3932
3990,Matcha langue de chat 10pcs https://nikko-fs.com/catalog/,Baked Goods,All customers,Expiration date is 12 months. Pho's not used. Currently exporting to 25 countries. | https://nikko-fs.com/about-nikko-foods/ |,FSSC22000,We don't have an importer,"Marutou bussanhanbai co., ltd",https://marutou-b.com/,Japan exhibitors | Exportable,Sweets & Snacks,E3-G24,"Chocolate sand cookies, cream sand cookies",FOODEX JAPAN 2025 / 2025 Japan Meat Industry Fair 49th,https://www.jma-tradeshow.com/foodex/webguide_en/datafile/product_image1_173467397266.jpg,https://www.jma-tradeshow.com/foodex/webguide_en/product.php?no=3990
4038,SICILIAN PESTO SAUCE WITH “PECORINO SICILIANO PDO”,"Liquid Seasoning | Health & Wellness Products | Vegetarian | Halal | Kosher | Ready-to-eat Foods, Sealed Packaged Foods (e.g., curry, rice bowl toppings)",RETAIL | IMPORTERS | DISTRIBUTORS | WHOLESALERS | SUPERMARKETS | DELICATESSEN | RESTAURANTS | GOURMET SHOPS | GIFT BASKETS | |,RETAIL | IMPORTERS | DISTRIBUTORS | WHOLESALERS | SUPERMARKETS | DELICATESSEN | RESTAURANTS | GOURMET SHOPS | GIFT BASKETS | |,ISO22000 | EU-HACCP | HALAL | FDA | Organic JAS Mark | USDA Organic Certification | EU Organic Certification | Non-GMO Certification | GFCO(Gluten-Free Certification Organization) | GFCP(Gluten Free Certification Program),We don't have an importer,CAMPO D'ORO S.r.l. Gusto Vero di Sicilia,https://www.campodoro.com/en/,Overseas exhibitors | Exportable | Co-exhibitor | Organizer : Italian Pavilion,National Pavilion,E1-A24-45,"Campo d'Oro is a family company, producer of gourmet and specialty foods located in Sciacca, Sicily. For more than 36 years, we have been producing high quality gourmet foods, pesto, tomato sauce, jam, sweet cream with high quality raw materials. | We offer a wide range of tomato sauces, pesto, bruchette, antipasti, sweets cream and jams. All our products are produced with artisanal recipes, respecting tradition and quality. We are proud to offer products of the highest quality, which satisfy the tastes of all. We are committed to providing safe, healthy and good products, to ensure customer satisfaction. We are constantly looking for innovation and development, to offer a more pleasant and satisfactory tasting experience. | The company is certified BRC, IFS, FSSC 22000, Kosher, Halal, Organic, No Gmo, Vegan, Ecovadis, Fda. | Campo d’Oro Gusto vero di Sicilia",FOODEX JAPAN 2025 / 2025 Japan Meat Industry Fair 49th,https://www.jma-tradeshow.com/foodex/webguide_en/datafile/product_image1_4038.jpg,https://www.jma-tradeshow.com/foodex/webguide_en/product.php?no=4038
4043,ORGANIC ARTISANAL ORANGE MARMALADE 85% FRUIT - REDUCED SUGAR CONTENT,"Vegetarian | Vegan | Organic Products | Spreads, Honey & Jams",,,USDA Organic Certification | EU Organic Certification | ISO 14001,We don't have an importer,LORUSSO ORGANIC JAMS & MARMALADES,https://www.lorussofood.com/en/,Overseas exhibitors | Exportable | Co-exhibitor | Organizer : ICEX SPAIN TRADE AND INVESTMENT,National Pavilion,E2-A21-60,"ORGANIC JAMS, ORGANIC MARMALADES, ORGANIC PRESERVES",FOODEX JAPAN 2025 / 2025 Japan Meat Industry Fair 49th,https://www.jma-tradeshow.com/foodex/webguide_en/datafile/product_image1_173469670962.jpg,https://www.jma-tradeshow.com/foodex/webguide_en/product.php?no=4043
4044,Squid Brand Fish Sauce (Green Label) - ナンプラー,Liquid Seasoning | Halal,- Importer | - Distributor | - Restaurant | - Chef,- Gluten Free | - No added MSG | - No added Preservatives | - No added Colors,ISO9001 | US-HACCP | HALAL | GMP | FSSC 22000 (Version 6),We don't have an importer,THAI FISHSAUCE FACTORY (SQUID BRAND) COMPANY LIMITED,https://squidbrand.com,Overseas exhibitors | Exportable | Co-exhibitor | Organizer : THAILAND,National Pavilion,E4-A21-58,"Fish Sauce, Premium Fish Sauce, Vegan Fish Sauce, Truffle Fish Sauce, Fermented Fish Sauce",FOODEX JAPAN 2025 / 2025 Japan Meat Industry Fair 49th,https://www.jma-tradeshow.com/foodex/webguide_en/datafile/product_image1_4044.jpg,https://www.jma-tradeshow.com/foodex/webguide_en/product.php?no=4044
4060,"LACTE 4*, Chocolate powder with milk",Non-alcoholic Beverages,"Horeca (hotels, restaurants, catering, coffee shops) and Retail (supermarkets, Convenience stores, Gourmet shops, Delicatessen shops)","> For a QUICK and EASY hot chocolate that tastes great, just adding WATER | > MADE WITH a carefully balanced MILK to give a wonderful milky taste and RICH IN COCOA (20/22 cocoa*). | > NO PRESERVATIVE | > MADE IN FRANCE with passion | | *20/22 cocoa has a best chocolate taste than fat-reducedcocoa and give a full-rounded ﬂavour.",,We don't have an importer,MONBANA,https://saveursetdelices.com/,Overseas exhibitors | Exportable | Co-exhibitor | Organizer : BUSINESS FRANCE,National Pavilion,E2-C11-26,"chocolate powders, chocolate snacks, vending, chocolate treats, latte, frappe drinks",FOODEX JAPAN 2025 / 2025 Japan Meat Industry Fair 49th,https://www.jma-tradeshow.com/foodex/webguide_en/datafile/product_image1_4060.jpg,https://www.jma-tradeshow.com/foodex/webguide_en/product.php?no=4060
4062,"1934 stick, dark chocolate",Finger Food,"Horeca (hotels, restaurants, catering, coffee shops) and Retail (supermarkets, Convenience stores, Gourmet shops, Delicatessen shops)","A carefully-designed slim, elegant shape to make coffee time a refined taste experience. | Pure cocoa butter, no palm oil",,We don't have an importer,MONBANA,https://saveursetdelices.com/,Overseas exhibitors | Exportable | Co-exhibitor | Organizer : BUSINESS FRANCE,National Pavilion,E2-C11-26,"chocolate powders, chocolate snacks, vending, chocolate treats, latte, frappe drinks",FOODEX JAPAN 2025 / 2025 Japan Meat Industry Fair 49th,https://www.jma-tradeshow.com/foodex/webguide_en/datafile/product_image1_4062.jpg,https://www.jma-tradeshow.com/foodex/webguide_en/product.php?no=4062
4066,YAMYAM APPLE SNACK,Health & Wellness Products | Vegan | Halal | Kosher | Vegetable snacks | Rice Crackers & Healthy Snacks,THE WHOLE FAMILY | PEOPLE WITH HEALTHY LIVING HABITS | PEOPLE WHO CONSUME KOSHER AND/OR HALAL PRODUCTS,,"HALAL | FDA | SQF CERTIFICATION, KOSHER, VEGAN, GLUTEN FREE, 100% NATURAL WITHOUT ANY ADDITIVE.",We don't have an importer,YAMYAM,https://yamyamsnacks.com/,Overseas exhibitors | Exportable | Co-exhibitor | Organizer : MEXICO,National Pavilion,E4-C18-00,"YAMYAM APPLE SNACK, | YAMYAM APPLE-MANGO SNACK, | YAMYAM APPLE BANANA SNACK.",FOODEX JAPAN 2025 / 2025 Japan Meat Industry Fair 49th,https://www.jma-tradeshow.com/foodex/webguide_en/datafile/product_image1_4066.jpg,https://www.jma-tradeshow.com/foodex/webguide_en/product.php?no=4066
4067,PORK,Frozen Meat | Processed Meat,"OUR ASSOCIATION IS CONFORMED BY MEXICAN PORK EXPORTERS COMPANIES. | THEY ARE CURRENTLY EXPORTING TO ASIA, MAINLY JAPAN",,Other HACCP,We have an importer,MEXICAN PORK,,Overseas exhibitors | Exportable | Co-exhibitor | Organizer : MEXICO,National Pavilion,E4-C18-00,,FOODEX JAPAN 2025 / 2025 Japan Meat Industry Fair 49th,,https://www.jma-tradeshow.com/foodex/webguide_en/product.php?no=4067
4068,YAMYAM APPLE-MANGO SNACK,Gluten-free | Fresh Fruit & Vegetables | Health & Wellness Products | Vegan | Halal | Kosher | Vegetable snacks,THE WHOLE FAMILY | PEOPLE WITH HEALTHY LIVING HABITS | PEOPLE WHO CONSUME KOSHER AND/OR HALAL PRODUCTS |,,"HALAL | FDA | SQF CERTIFICATION, KOSHER, VEGAN, GLUTEN FREE, 100% NATURAL WITHOUT ANY ADDITIVE.",We don't have an importer,YAMYAM,https://yamyamsnacks.com/,Overseas exhibitors | Exportable | Co-exhibitor | Organizer : MEXICO,National Pavilion,E4-C18-00,"YAMYAM APPLE SNACK, | YAMYAM APPLE-MANGO SNACK, | YAMYAM APPLE BANANA SNACK.",FOODEX JAPAN 2025 / 2025 Japan Meat Industry Fair 49th,https://www.jma-tradeshow.com/foodex/webguide_en/datafile/product_image1_4068.jpg,https://www.jma-tradeshow.com/foodex/webguide_en/product.php?no=4068
4075,1787 Balsamic,Vinegar,Importer and distributor. | Retail​,Retail and Food Service,,,PONTI SOCIETÀ BENEFIT,https://www.ponti.com/,Overseas exhibitors | Exportable | Co-exhibitor | Organizer : Italian Pavilion,National Pavilion,W2-K29-067,"balsamic vinegar, pasta sauce, balsamic glaze, vegetable with oil, vegetable with vinegar, vegetable zero olio",FOODEX JAPAN 2026 / 2026 Japan Meat Industry Fair 50th,,https://www.jma-tradeshow.com/foodex/webguide_en/product.php?no=4075
4076,Dolce Agro Condiment,Vinegar,,,,,PONTI SOCIETÀ BENEFIT,https://www.ponti.com/,Overseas exhibitors | Exportable | Co-exhibitor | Organizer : Italian Pavilion,National Pavilion,W2-K29-067,"balsamic vinegar, pasta sauce, balsamic glaze, vegetable with oil, vegetable with vinegar, vegetable zero olio",FOODEX JAPAN 2026 / 2026 Japan Meat Industry Fair 50th,,https://www.jma-tradeshow.com/foodex/webguide_en/product.php?no=4076
4102,SmartBarcode,Comprehensive Logistics | Japan Domestic Logistics | Export from Japan Support | Warehousing | Professional Services | DX Solutuion,"Processed food manufacturers, prepared food/bento manufacturers, agricultural organizations, trading companies, distributors, etc.","SmartBarcode is a traceability solution provided by LOZI Inc. that provides end-to-end visibility across the entire supply chain, from product manufacturing through sales and disposal. By scanning conventional barcodes with a smartphone as a “product passport,” it links and records all information—including manufacturing details, logistics data (transport routes, temperature, etc.), inventory, and sales history—enabling efficient operations, preventing shipping errors, ensuring quality control, and facilitating communication with consumers. | It visualizes the movement and history of products from raw material procurement through manufacturing, transportation, storage, sales, and disposal.",,,LOZI_SmartBarcode,https://www.lozi.jp/index.html,Japan exhibitors | Exportable,Start up,E7-DD14,SmartBarcode,FOODEX JAPAN 2026 / 2026 Japan Meat Industry Fair 50th,,https://www.jma-tradeshow.com/foodex/webguide_en/product.php?no=4102
4105,Fresh Mango,Fresh Fruit & Vegetables | Processed agricultural products | Dried Fruits | Frozen Fruit & Vegetables,1. EC site | 2. Supermarket & Hypermarket | 3. DM or TV shopping | 4. Gift store | 5. Department store,"1.Award-winning Irwin mango from Pingtung County | 2.Earliest harvesting region in Taiwan | 3.Excellent taste and natural sweetness | 4.Certified food safety: TAP, ISO22000, and HACCP | 5.Flexible and diverse packaging options",ISO22000 | Other HACCP,,LU FAMILY MANGO ENTERPRISE,https://mango-lu.tw/,Overseas exhibitors | Exportable | Co-exhibitor | Organizer : Taiwan External Trade Development Council,National Pavilion,E5-A30-052,"Fresh Mango, Dried Mango, Frozen Mango",FOODEX JAPAN 2026 / 2026 Japan Meat Industry Fair 50th,https://www.jma-tradeshow.com/foodex/webguide_en/datafile/product_image1_4105.jpg,https://www.jma-tradeshow.com/foodex/webguide_en/product.php?no=4105
4173,Beamy plant-based mix for mince,Health & Wellness Products | Vegetarian | Vegan,"Beamy is an innovative brand, designed to offer revolutionary plant-based products, such as the plant-based mix for ground mince. This legume-based dry mix is a more sustainable alternative to traditional ground meat, ideal for dishes like burritos and tacos. Targeted at a wide audience, the mix caters to vegans, vegetarians, individuals with food intolerances (gluten-free, soy-free, non-GMO, and preservative-free), and flexitarians—those who, while not following a strictly vegan or vegetarian diet, choose to include plant-based alternatives in their meals. With a shelf life of 24 months at room temperature, it offers convenience and helps minimize food waste. The mix can also be frozen after rehydration, ensuring quality and freshness are preserved. Beamy aligns with the growing demand for sustainable, clean-label products, combining convenience, taste, and environmental consciousness in one game-changing solution.","Beamy plant-based mix for mince is designed to stand out in the GDO and retail channels, offering a product that caters to the growing demand for sustainable and health-conscious food options. Its key sales points include its clean-label formulation (only four simple ingredients), free from gluten, soy, GMOs, preservatives, or additives, making it highly appealing to health-conscious consumers and those who pay more attention to sustainability. | The product’s long shelf life of 24 months at room temperature provides excellent stock management benefits for retailers while offering convenience and reduced waste for consumers. Its dry format is lightweight, compact, and easy to store, making it an ideal choice for both large supermarkets and smaller specialty retail outlets focused on organic or vegan products. | Beamy’s versatility and broad appeal—suitable for vegans, vegetarians, flexitarians, and those reducing meat consumption—make it a must-have in any store lineup.",VeganOK - BRC Gluten Free,We don't have an importer,MARTINOROSSI,https://www.martinorossispa.com/,Overseas exhibitors | Exportable | Co-exhibitor | Organizer : Italian Pavilion,National Pavilion,E1-A24-160,"MartinoRossi has expanded its portfolio with brands tailored to specific channels. Beamy, Goodly, Mais Corvino, and MrBeans focus on retail, while MartinoRossi Professional serves the foodservice industry. | Beamy offers plant-based legume mixes, providing innovative, healthy, and gluten-free solutions for meat and eggs alternatives. Goodly focuses on gluten-free breakfasts, featuring oat flakes for porridge, cocoa granola, and other nutritious options that combine taste and well-being. Mais Corvino, made from an ancient black corn variety, brings unique gluten-free products like polenta, pasta, cookies, rich in flavor and heritage. MrBeans redefines legumes as guilt-free snacks. Made from 100% Italian legumes, these gluten-free sweet and savory treats are high in fiber, rich in protein, and low in fat, offering a healthy and delicious alternative for any occasion. | For foodservice, MartinoRossi Professional provides legume and corn flours, cereals, and plant-based mixes for vegan alternatives. Gluten-free, soy-free, and allergen-free, these premium ingredients are designed for culinary professionals in the HO.RE.CA channel to elevate their creations",FOODEX JAPAN 2025 / 2025 Japan Meat Industry Fair 49th,https://www.jma-tradeshow.com/foodex/webguide_en/datafile/product_image1_4173.jpg,https://www.jma-tradeshow.com/foodex/webguide_en/product.php?no=4173
4176,Frozen Nama-Dorayaki Matcha (4 pieces),Cakes / Dessert | Bread | Japanese sweets | Frozen Baked Goods,"Our target markets include Asian regions with strong demand for Japanese cuisine, such as Taiwan, Hong Kong, Singapore, and Thailand, as well as North America and other areas. Key sales channels are department stores, airport duty-free shops, convenience stores, supermarkets, and Japanese restaurants where the product can be featured on dessert menus.","A soft dorayaki pancake filled with rich cream made from fragrant Uji matcha and Hokkaido-grown azuki beans. This premium Japanese sweet combines authentic flavors with a moist, delicate texture. | | Convenient Snack or Dessert: Individually wrapped, easy to carry, and ready to enjoy after simple thawing. | Seasonal Promotions & Matcha Fairs: Featured in Japanese sweets sections during special campaigns. | Small Gifts & Bulk Purchases: 4-piece packs suitable for home use or gifting. | Perfect Pairing with Café Drinks: Ideal with coffee or matcha latte at convenience store cafés. | Frozen Dessert Section: Excellent shelf life and easy inventory management. |",,,YONEYA,https://nagomi-yoneya.co.jp/,Japan exhibitors | Exportable,Sweets & Snacks,E5-K42,"Founded in 1899, we are a traditional Japanese confectionery manufacturer with our flagship store on Omotesando Street in Naritasan. We craft authentic wagashi using local Chiba ingredients and seasonal flavors, blending tradition with innovation to deliver a sense of harmony. In recent years, we have focused on overseas markets, offering not only ambient products but also frozen wagashi for easy enjoyment by customers worldwide. Japanese food is highly popular among tourists, and wagashi is in demand at department stores, convenience stores, supermarkets, and Japanese restaurants. OEM production is available, and we propose frozen wagashi such as dorayaki, daifuku, baked sweets, and yokan for frozen sections or dessert menus.",FOODEX JAPAN 2026 / 2026 Japan Meat Industry Fair 50th,,https://www.jma-tradeshow.com/foodex/webguide_en/product.php?no=4176
4181,Frozen Kakinoha-zushi (persimmon leaf–wrapped sushi),Frozen Ready Meals,"Frozen food wholesalers and export trading companies | Food service industry, hotels, and hospitality businesses | Department stores | Retailers and mass merchandisers","We are a long-established manufacturer with over 100 years of history, specializing in Nara’s regional specialty, Kakinoha-zushi (persimmon leaf–wrapped sushi). | This traditional Nara delicacy has been carefully crafted into a frozen product. | Simply heat it in a microwave and enjoy it anytime, in any amount you like.",JFS-B Standard,,"Izasa Nakatanihonpo, Inc",https://www.izasa.co.jp/,Japan exhibitors | Exportable | Co-exhibitor | Organizer : Nara prefecture,Local Specialities in Japan,S3-K15-013,"Sushi, Frozen Persimmon Leaf Sushi, Frozen Temari Sushi, Frozen Pressed Sushi (Bozushi Style), Frozen Sushi Rice Balls",FOODEX JAPAN 2026 / 2026 Japan Meat Industry Fair 50th,,https://www.jma-tradeshow.com/foodex/webguide_en/product.php?no=4181
4190,Beamy plant-based mix for burger & veggie balls - beef flavour,Health & Wellness Products | Vegetarian | Vegan,"Beamy plant-based mix for burger & veggie balls is designed to meet the needs of a diverse and growing audience seeking innovative, sustainable, and health-conscious food solutions. This product is ideal for vegans, vegetarians, and flexitarians—those who don’t follow a strict plant-based diet but wish to incorporate more sustainable and ethical food options into their meals. It also caters to individuals with dietary restrictions, being gluten-free, soy-free, non-GMO, and free from preservatives or additives. With a consumer-friendly label and a short ingredient list, the mix appeals to health-conscious shoppers who value transparency and simplicity. Its long shelf life (24 months at room temperature) and rehydration process using just cold water and vegetable oil make it a convenient option for home cooks. Perfect for preparing burgers, veggie balls, or fillings, Beamy’s versatility ensures it can adapt to a variety of culinary preferences, aligning with modern trends toward plant-based eating.","Beamy plant-based mix for burger & veggie balls is a standout product for the GDO and retail channels, designed to meet the growing consumer demand for sustainable, healthy, and plant-based alternatives. Its key sales points include a clean-label formulation with minimal ingredients, free from gluten, soy, GMOs, preservatives, and additives—catering to health-conscious consumers and those with dietary restrictions. | The product’s long shelf life of 24 months at room temperature ensures excellent stock management for retailers while offering convenience and reduced waste for consumers. Its lightweight, compact dry format is easy to store and transport, making it suitable for supermarkets, health food stores, and specialty retailers focused on organic or vegan products. | Beamy’s appeal extends to a broad audience, including vegans, vegetarians, flexitarians, and environmentally conscious shoppers. Its versatility for creating burgers, veggie balls, and more ensures it resonates with diverse customer needs. By off",VeganOK - BRC Gluten Free,We don't have an importer,MARTINOROSSI,https://www.martinorossispa.com/,Overseas exhibitors | Exportable | Co-exhibitor | Organizer : Italian Pavilion,National Pavilion,E1-A24-160,"MartinoRossi has expanded its portfolio with brands tailored to specific channels. Beamy, Goodly, Mais Corvino, and MrBeans focus on retail, while MartinoRossi Professional serves the foodservice industry. | Beamy offers plant-based legume mixes, providing innovative, healthy, and gluten-free solutions for meat and eggs alternatives. Goodly focuses on gluten-free breakfasts, featuring oat flakes for porridge, cocoa granola, and other nutritious options that combine taste and well-being. Mais Corvino, made from an ancient black corn variety, brings unique gluten-free products like polenta, pasta, cookies, rich in flavor and heritage. MrBeans redefines legumes as guilt-free snacks. Made from 100% Italian legumes, these gluten-free sweet and savory treats are high in fiber, rich in protein, and low in fat, offering a healthy and delicious alternative for any occasion. | For foodservice, MartinoRossi Professional provides legume and corn flours, cereals, and plant-based mixes for vegan alternatives. Gluten-free, soy-free, and allergen-free, these premium ingredients are designed for culinary professionals in the HO.RE.CA channel to elevate their creations",FOODEX JAPAN 2025 / 2025 Japan Meat Industry Fair 49th,https://www.jma-tradeshow.com/foodex/webguide_en/datafile/product_image1_4190.jpg,https://www.jma-tradeshow.com/foodex/webguide_en/product.php?no=4190
4196,Mr.Beans Pulses Snack - Classic flavour,Health & Wellness Products | Vegetarian | Vegan | Salty Snacks | Rice Crackers & Healthy Snacks,"Mr Beans Legume Snacks, classic flavor, are the perfect solution for a tasty break. Made exclusively from Italian legumes, they are naturally rich in protein and an excellent source of fiber. Not fried, gluten-free, and non-GMO, they offer a healthy and fun way to enjoy legumes. | Mr.Beans snacks are designed for a wide range of consumers, from adults to children, making them a great choice for any time of day. They cater to those who seek a nutritious, on-the-go option for a snack break, whether at home, at work, or during outdoor activities. Additionally, they are a great choice for individuals with dietary restrictions, as they are free from gluten, allergens, and soy, ensuring they are safe and enjoyable for those with food sensitivities. | Perfect for health-conscious individuals, families, and snack lovers alike, Mr Beans snacks provide a delicious, convenient, and nutritious alternative to traditional salty snacks.","Mr Beans Classic Flavored Legume Snacks are strategically targeted towards various sales points to reach diverse consumer segments. The product is ideally suited for inclusion in major grocery store chains (GDO), offering a nutritious and convenient snack option for shoppers. The product is also well-targeted for specialty stores that focus on gluten-free, allergen-free, and organic products, catering to consumers with dietary sensitivities. Given their natural ingredients and high protein content, Mr Beans snacks align well with the preferences of health-conscious customers. Finally, they are well-positioned for locations like Autogrills, where busy travelers can access easy, nutritious snack options while on the move. By targeting these diverse sales channels, Mr Beans is poised to connect with a broad range of consumers seeking tasty and wholesome snack alternatives.",,We don't have an importer,MARTINOROSSI,https://www.martinorossispa.com/,Overseas exhibitors | Exportable | Co-exhibitor | Organizer : Italian Pavilion,National Pavilion,E1-A24-160,"MartinoRossi has expanded its portfolio with brands tailored to specific channels. Beamy, Goodly, Mais Corvino, and MrBeans focus on retail, while MartinoRossi Professional serves the foodservice industry. | Beamy offers plant-based legume mixes, providing innovative, healthy, and gluten-free solutions for meat and eggs alternatives. Goodly focuses on gluten-free breakfasts, featuring oat flakes for porridge, cocoa granola, and other nutritious options that combine taste and well-being. Mais Corvino, made from an ancient black corn variety, brings unique gluten-free products like polenta, pasta, cookies, rich in flavor and heritage. MrBeans redefines legumes as guilt-free snacks. Made from 100% Italian legumes, these gluten-free sweet and savory treats are high in fiber, rich in protein, and low in fat, offering a healthy and delicious alternative for any occasion. | For foodservice, MartinoRossi Professional provides legume and corn flours, cereals, and plant-based mixes for vegan alternatives. Gluten-free, soy-free, and allergen-free, these premium ingredients are designed for culinary professionals in the HO.RE.CA channel to elevate their creations",FOODEX JAPAN 2025 / 2025 Japan Meat Industry Fair 49th,https://www.jma-tradeshow.com/foodex/webguide_en/datafile/product_image1_4196.jpg,https://www.jma-tradeshow.com/foodex/webguide_en/product.php?no=4196
4202,Flavor oil Yuzu,Liquid Seasoning | Vegetable & Animal Oils & Fats,"Yuzu,","This product uses oil extracted from the peel of Japanese yuzu citrus fruits, which has a refreshing aroma. Just a drizzle of this oil when finishing a dish is all you need to enjoy a higher grade of flavor with rich ingredients at home.",ISO9001,We don't have an importer,"Tsuji Oil Mills Co.,Ltd.",https://ureshino-lab.jp/,Japan exhibitors | Exportable | Co-exhibitor | Organizer : Mie Prefecture,Local Specialities in Japan,S2-M06-00,"Flavor oil series (black truffle, smoked, porcini mushroom, yuzu, ginger, wasabi), Kaoru Yuzu",FOODEX JAPAN 2025 / 2025 Japan Meat Industry Fair 49th,https://www.jma-tradeshow.com/foodex/webguide_en/datafile/product_image1_173494600139.jpg,https://www.jma-tradeshow.com/foodex/webguide_en/product.php?no=4202
4233,"CANNED TOMATOES / CHOPPED TOMATOES, WHOLE PEELED TOMATOES, PASSATA",Canned Products,"FOOD IMPORTERS, SUPERMARKETS, RESTAURANTS, DISTRIBUTORS","AUTHENTIC ITALIAN ORIGIN, USING ONLY PREMIUM - QUALITY TOMATOES HARVESTED AT PEAK RIPENESS. FREE FROM ARTIFICIAL PRESERVATIIVES AND ADDITIVIES, ENSURING NATURAL AND HEALTHY PRODUCTS. LONG SHELF LIFE AND CONSISTENT QUALITY. AVAILABLE IN MULTIPLE PACKING SIZE TO MEET DIFFERENT CUSTOMER NEEDS.",EU-HACCP,We have an importer,BEST ITALIAN SELECTION S.R.L.,https://bestitalianselection.it,Overseas exhibitors | Exportable | Co-exhibitor | Organizer : Italian Pavilion,National Pavilion,E1-A24-2,"canned tomatoes, pasta, oil, vinegar, beans, antipasti, pasta sauces, wine, panettone, coffee, lady fingers",FOODEX JAPAN 2025 / 2025 Japan Meat Industry Fair 49th,https://www.jma-tradeshow.com/foodex/webguide_en/datafile/product_image1_173495458824.jpg,https://www.jma-tradeshow.com/foodex/webguide_en/product.php?no=4233
4236,Mr.Beans Chickpeas and chocolate spread,"Health & Wellness Products | Vegetarian | Vegan | Spreads, Honey & Jams","Mr. Beans Chickpea and Chocolate Spread is a delightful treat suitable for everyone. Made with carefully selected Italian legumes and natural ingredients, Mr.Beans 100% plant-based spread is allergen-free and gluten-free. Perfect for breakfast, as a snack, or as a topping for bowls, smoothies, ice cream, yogurt, porridge, or pancakes, this spread offers versatile ways to enjoy a wholesome and delicious experience. The target sector for this product includes health-conscious individuals, people following plant-based diets, and those with food sensitivities. It is an ideal choice for consumers looking for dairy-free, gluten-free, and allergen-free options. The spread is also a great fit for families, as it provides a tasty and nutritious treat that everyone, from children to adults, can enjoy safely. Additionally, it appeals to those who want a healthier alternative to traditional chocolate spreads, thanks to its unique combination of legumes and natural ingredients, offering a new, delicious twist on classic s","Mr. Beans Chickpea and Chocolate Spread is perfectly suited for a variety of sales points, targeting locations that cater to health-conscious and allergy-sensitive consumers. Ideal for placement in grocery store chains (GDO), it appeals to customers seeking plant-based, gluten-free, and allergen-free alternatives to the traditional chocolate spread. Specialty health food and plant-based stores are key targets for this product, as it aligns with their focus on natural, sustainable, and dietary-friendly options. Its innovative combination of roasted chickpeas and cacao makes it a standout choice in stores dedicated to vegan and plant-based diets, providing a unique alternative to traditional chocolate spreads.",,We don't have an importer,MARTINOROSSI,https://www.martinorossispa.com/,Overseas exhibitors | Exportable | Co-exhibitor | Organizer : Italian Pavilion,National Pavilion,E1-A24-160,"MartinoRossi has expanded its portfolio with brands tailored to specific channels. Beamy, Goodly, Mais Corvino, and MrBeans focus on retail, while MartinoRossi Professional serves the foodservice industry. | Beamy offers plant-based legume mixes, providing innovative, healthy, and gluten-free solutions for meat and eggs alternatives. Goodly focuses on gluten-free breakfasts, featuring oat flakes for porridge, cocoa granola, and other nutritious options that combine taste and well-being. Mais Corvino, made from an ancient black corn variety, brings unique gluten-free products like polenta, pasta, cookies, rich in flavor and heritage. MrBeans redefines legumes as guilt-free snacks. Made from 100% Italian legumes, these gluten-free sweet and savory treats are high in fiber, rich in protein, and low in fat, offering a healthy and delicious alternative for any occasion. | For foodservice, MartinoRossi Professional provides legume and corn flours, cereals, and plant-based mixes for vegan alternatives. Gluten-free, soy-free, and allergen-free, these premium ingredients are designed for culinary professionals in the HO.RE.CA channel to elevate their creations",FOODEX JAPAN 2025 / 2025 Japan Meat Industry Fair 49th,https://www.jma-tradeshow.com/foodex/webguide_en/datafile/product_image1_4236.jpg,https://www.jma-tradeshow.com/foodex/webguide_en/product.php?no=4236
4238,MATARROMERA,Still wines - red,"Red wines from Ribera del Duero, Spain. | Crianza 12 months in French and American Oak. | Reserva 14 months in French and American Oak. | Prestigio 18 months in French and American Oak. | Gran Reserva 24 months in French and American Oak",,,We don't have an importer,BODEGAS FAMILIARES MATARROMERA,https://corporativo.matarromera.es/#,Overseas exhibitors | Exportable | Co-exhibitor | Organizer : ICEX SPAIN TRADE AND INVESTMENT,National Pavilion,E2-A21-40,"7 Denominations of Origin through 11 wineries: | Ribera del Duero (Bodega Matarromera, Bodega Emina Ribera and Bodega Renacimiento), | Rioja (Bodega CM de Matarromera), | Rueda (Emina Rueda Winery), | Cigales (Valdelosfrailes Winery), | Toro (Cyan Winery), | Ribeiro (Casar de Vide and Sanclodio) | Rías Baixas (Caeira Vineyard Winery), | Production of non-alcoholic wines (Win Sin Alcoholo Winery). | | With these large array of wineries and products, Carlos Moro takes Spain´s brand to nearly 80 countries where one can enjoy his wine. | | Matarromera´s constant R+D+i in cutting-edge projects has made it possible for the company to be a leader in inovative product development and sustainability in the winery sector worldwide. | | For more info, visit: https://corporativo.matarromera.es",FOODEX JAPAN 2025 / 2025 Japan Meat Industry Fair 49th,https://www.jma-tradeshow.com/foodex/webguide_en/datafile/product_image1_4238.jpg,https://www.jma-tradeshow.com/foodex/webguide_en/product.php?no=4238
4240,CM DE MATARROMERA,Still wines - red,"Red wines from Rioja , Spain",,,We don't have an importer,BODEGAS FAMILIARES MATARROMERA,https://corporativo.matarromera.es/#,Overseas exhibitors | Exportable | Co-exhibitor | Organizer : ICEX SPAIN TRADE AND INVESTMENT,National Pavilion,E2-A21-40,"7 Denominations of Origin through 11 wineries: | Ribera del Duero (Bodega Matarromera, Bodega Emina Ribera and Bodega Renacimiento), | Rioja (Bodega CM de Matarromera), | Rueda (Emina Rueda Winery), | Cigales (Valdelosfrailes Winery), | Toro (Cyan Winery), | Ribeiro (Casar de Vide and Sanclodio) | Rías Baixas (Caeira Vineyard Winery), | Production of non-alcoholic wines (Win Sin Alcoholo Winery). | | With these large array of wineries and products, Carlos Moro takes Spain´s brand to nearly 80 countries where one can enjoy his wine. | | Matarromera´s constant R+D+i in cutting-edge projects has made it possible for the company to be a leader in inovative product development and sustainability in the winery sector worldwide. | | For more info, visit: https://corporativo.matarromera.es",FOODEX JAPAN 2025 / 2025 Japan Meat Industry Fair 49th,https://www.jma-tradeshow.com/foodex/webguide_en/datafile/product_image1_4240.jpg,https://www.jma-tradeshow.com/foodex/webguide_en/product.php?no=4240
4241,VIÑA CAEIRA ALBARIÑO,Still wines - white,"White wine from grape Albariño from Rias Baixas, Spain",,,We don't have an importer,BODEGAS FAMILIARES MATARROMERA,https://corporativo.matarromera.es/#,Overseas exhibitors | Exportable | Co-exhibitor | Organizer : ICEX SPAIN TRADE AND INVESTMENT,National Pavilion,E2-A21-40,"7 Denominations of Origin through 11 wineries: | Ribera del Duero (Bodega Matarromera, Bodega Emina Ribera and Bodega Renacimiento), | Rioja (Bodega CM de Matarromera), | Rueda (Emina Rueda Winery), | Cigales (Valdelosfrailes Winery), | Toro (Cyan Winery), | Ribeiro (Casar de Vide and Sanclodio) | Rías Baixas (Caeira Vineyard Winery), | Production of non-alcoholic wines (Win Sin Alcoholo Winery). | | With these large array of wineries and products, Carlos Moro takes Spain´s brand to nearly 80 countries where one can enjoy his wine. | | Matarromera´s constant R+D+i in cutting-edge projects has made it possible for the company to be a leader in inovative product development and sustainability in the winery sector worldwide. | | For more info, visit: https://corporativo.matarromera.es",FOODEX JAPAN 2025 / 2025 Japan Meat Industry Fair 49th,,https://www.jma-tradeshow.com/foodex/webguide_en/product.php?no=4241
4252,Pistachio Brontoncini,Nuts,"high-end stores specializing in handmade or premium sweets, customers looking for unique and indulgent treats, servedas a complement to coffee, tea or other beverages.",pistachio nougats,ISO22000 | Other HACCP | IFS,We don't have an importer,Brontedolci,https://www.brontedolci.it/,Overseas exhibitors | Exportable | Co-exhibitor | Organizer : Italian Pavilion,National Pavilion,E1-A24-40,"Panettone, pistachio spreadable cream, pistachio pesto, nougats, pistachio and almond pastries",FOODEX JAPAN 2025 / 2025 Japan Meat Industry Fair 49th,https://www.jma-tradeshow.com/foodex/webguide_en/datafile/product_image1_4252.jpg,https://www.jma-tradeshow.com/foodex/webguide_en/product.php?no=4252
4255,Caffè Partenope Coffee Beans Blend 1kg 'Atena' 60/40% Arabica/Robusta,Coffee | Non-alcoholic Beverages | Coffee Beans,Ho.Re.Ca | Restaurant | Cafè | Bar | hospitality |,Ho.Re.Ca | Restaurant | Cafè | Bar | hospitality,,We don't have an importer,CAFFè PARTENOPE,https://caffepartenope.com/,Overseas exhibitors | Exportable | Co-exhibitor | Organizer : Italian Pavilion,National Pavilion,E1-A24-146,"Coffee, Coffee beans, Coffee compatible capsules, Coffee ESE 44mm pads, Fresh grounded Coffee",FOODEX JAPAN 2025 / 2025 Japan Meat Industry Fair 49th,https://www.jma-tradeshow.com/foodex/webguide_en/datafile/product_image1_173496980873.jpg,https://www.jma-tradeshow.com/foodex/webguide_en/product.php?no=4255
4256,Caffè Partenope Coffee Beans Blend 1kg 100% Arabica,Coffee | Non-alcoholic Beverages | Coffee Beans,Ho.Re.Ca | Restaurant | Cafè | Bar | Hospitality,Ho.Re.Ca | Restaurant | Cafè | Bar | Hospitality,,We don't have an importer,CAFFè PARTENOPE,https://caffepartenope.com/,Overseas exhibitors | Exportable | Co-exhibitor | Organizer : Italian Pavilion,National Pavilion,E1-A24-146,"Coffee, Coffee beans, Coffee compatible capsules, Coffee ESE 44mm pads, Fresh grounded Coffee",FOODEX JAPAN 2025 / 2025 Japan Meat Industry Fair 49th,https://www.jma-tradeshow.com/foodex/webguide_en/datafile/product_image1_173497012448.jpg,https://www.jma-tradeshow.com/foodex/webguide_en/product.php?no=4256
4258,Red Wine - Doble A,Still wines - red,"Restaurants, Retail Stores, Hotels, Alcohol Imports","Restaurants, Retail Stores, Hotels, Alcohol Imports",,We don't have an importer,Vinícola AMELIA,https://vinicolaamelia.com,Overseas exhibitors | Exportable | Co-exhibitor | Organizer : MEXICO,National Pavilion,E4-C18-00,"Red wine, white wine and Sparkling wine",FOODEX JAPAN 2025 / 2025 Japan Meat Industry Fair 49th,https://www.jma-tradeshow.com/foodex/webguide_en/datafile/product_image1_173497014089.jpg,https://www.jma-tradeshow.com/foodex/webguide_en/product.php?no=4258
4263,Sparkling Wine - Mila,Sparkling wines,"Restaurants, Retail Stores, Hotels, Alcohol Imports","Restaurants, Retail Stores, Hotels, Alcohol Imports",,We don't have an importer,Vinícola AMELIA,https://vinicolaamelia.com,Overseas exhibitors | Exportable | Co-exhibitor | Organizer : MEXICO,National Pavilion,E4-C18-00,"Red wine, white wine and Sparkling wine",FOODEX JAPAN 2025 / 2025 Japan Meat Industry Fair 49th,https://www.jma-tradeshow.com/foodex/webguide_en/datafile/product_image1_173497179250.jpg,https://www.jma-tradeshow.com/foodex/webguide_en/product.php?no=4263
4264,ORGANIC ARTISANAL FIG JAM 85% FRUIT - REDUCED SUGAR CONTENT,"Vegetarian | Vegan | Organic Products | Spreads, Honey & Jams",,,USDA Organic Certification | EU Organic Certification | ISO 14001,We don't have an importer,LORUSSO ORGANIC JAMS & MARMALADES,https://www.lorussofood.com/en/,Overseas exhibitors | Exportable | Co-exhibitor | Organizer : ICEX SPAIN TRADE AND INVESTMENT,National Pavilion,E2-A21-60,"ORGANIC JAMS, ORGANIC MARMALADES, ORGANIC PRESERVES",FOODEX JAPAN 2025 / 2025 Japan Meat Industry Fair 49th,https://www.jma-tradeshow.com/foodex/webguide_en/datafile/product_image1_173497261439.jpg,https://www.jma-tradeshow.com/foodex/webguide_en/product.php?no=4264
4265,ORGANIC ARTISANAL CHERRY JAM 85% FRUIT - REDUCED SUGAR CONTENT,"Vegetarian | Vegan | Organic Products | Spreads, Honey & Jams",,,USDA Organic Certification | EU Organic Certification | ISO 14001,We don't have an importer,LORUSSO ORGANIC JAMS & MARMALADES,https://www.lorussofood.com/en/,Overseas exhibitors | Exportable | Co-exhibitor | Organizer : ICEX SPAIN TRADE AND INVESTMENT,National Pavilion,E2-A21-60,"ORGANIC JAMS, ORGANIC MARMALADES, ORGANIC PRESERVES",FOODEX JAPAN 2025 / 2025 Japan Meat Industry Fair 49th,https://www.jma-tradeshow.com/foodex/webguide_en/datafile/product_image1_173497315898.jpg,https://www.jma-tradeshow.com/foodex/webguide_en/product.php?no=4265
4298,Ready to Eat Corn on the Cob,"Halal | Ready-to-eat Foods, Sealed Packaged Foods (e.g., curry, rice bowl toppings)","We are proud to present new item Ready to Eat – Pouch Kernel Corn without adding sugar and additive to make taste like fresh products. Very convenient, high nutritious and easy to prepare on daily life for every meals | | The product can be stored for 12 months in room temperature. | |",Ready to Eat,ISO9001 | Other HACCP | HALAL | FDA | GMP | GAP | Non-GMO Certification | BRC,We don't have an importer,MAJESTIC FOOD INDUSTRY COMPANY LIMITED,https://www.majesticsweetcorn.com,Overseas exhibitors | Exportable | Co-exhibitor | Organizer : THAILAND,National Pavilion,E4-A21-3,"Ready to Eat Corn on the Cob, Canned Sweet Corn Vacuum Packed, Canned Sweet Corn in Brine, Canned Cream Corn, Canned Baby Corn in Brine",FOODEX JAPAN 2025 / 2025 Japan Meat Industry Fair 49th,https://www.jma-tradeshow.com/foodex/webguide_en/datafile/product_image1_4298.jpg,https://www.jma-tradeshow.com/foodex/webguide_en/product.php?no=4298
4299,Tom Yum (Ready to Cook),"Powdered Seasoning | Liquid Seasoning | Soups | Ready-to-eat Foods, Sealed Packaged Foods (e.g., curry, rice bowl toppings)","Tom Yum is the traditional Thai Cuisine that has been with Thai people for a long time. With our easy-to-follow cooking instructions, we are willing to provide products that are easy to cook for everyone. We guarantee that our products meet industry standard since we are FSSC22000, HACCP, GHPs, and Halal certified.","Tom Yum (Ready-to-Cook) is suitable for everyone because of the easy-to-follow instructions, even for people who have only basic cooking skills. Just add some water, meat, or another souce of protein. In just a few minutes, Tom Yum will be ready to be served.",Other HACCP | HALAL | FDA | GMP | FSSC22000,We don't have an importer,UDOM KIJPAISARN COMPANY LIMITED,,Overseas exhibitors | Exportable | Co-exhibitor | Organizer : THAILAND,National Pavilion,E4-A21-37,,FOODEX JAPAN 2025 / 2025 Japan Meat Industry Fair 49th,https://www.jma-tradeshow.com/foodex/webguide_en/datafile/product_image1_4299.jpg,https://www.jma-tradeshow.com/foodex/webguide_en/product.php?no=4299
4339,Kishu lightly salted plum paste “Ki-no-hibikiクリックして適用します,"Gluten-free | Fresh Fruit & Vegetables | Liquid Seasoning | Health & Wellness Products | Vegetarian | Vegan | Spreads, Honey & Jams","Retail, food service, overseas exports","It is made using a proprietary process that does not use preservatives to preserve the flavor of fully ripened Kishu Nanko ume plums. | With a low salt content of 5%, it is easy to arrange dishes and is recommended as an ingredient in alcoholic beverages. | Because it does not contain amino acid seasonings, it is well received as a product for export to overseas markets.",Other HACCP,We have an importer,"MARUYAMA FOODS Co.,Ltd",https://www.maruyama-foods.com/,Japan exhibitors | Exportable | Co-exhibitor | Organizer : Wakayama Prefecture,Local Specialities in Japan,S2-C12-00,"Kishu lightly salted ume “Ki no Hibiki” 100g, Kishu honey ume “Ki no Wami” 100g, Kishu lightly salted ume “Momo x Ume” 100g, Kishu lightly salted ume “Ki no Hibiki” 100g, Kishu additive-free white ume 100g, Kishu Nanko ume tablet “Ume and salt”, Kishu Shiso pickled ume FD “Parapara Ume”, Kishu one plum gift “Zuiho” 12 grains",FOODEX JAPAN 2025 / 2025 Japan Meat Industry Fair 49th,https://www.jma-tradeshow.com/foodex/webguide_en/datafile/product_image1_173502303406.jpg,https://www.jma-tradeshow.com/foodex/webguide_en/product.php?no=4339
4345,Caviar,"Seafood | Processed seafood products | Solid Seasonings | Rice Toppings & Ochazuke Mixes | Ready-to-eat Foods, Sealed Packaged Foods (e.g., curry, rice bowl toppings)",Distributors & Traders | | |,"Long-term storage: Store at room temperature for 2 years. Goldfish eggs. No preservatives. | Golden caviar, a Taiwanese flavor."" |",ISO22000 | Other HACCP,,CHENG TAI SAUCE FOOD COMPANY LIMITED,https://www.cheng-tai-soysauce.com/,Overseas exhibitors | Exportable | Co-exhibitor | Organizer : Taiwan External Trade Development Council,National Pavilion,E5-A30-004,"All of the following products are ready-to-eat once opened, contain no preservatives, and can be stored at room temperature for up to 2 years. | Product samples are available at our booth. You are welcome to taste and discuss business opportunities with us. | 1. Toon Sauce: | A vegan condiment made with toon leaves, mushrooms and fermented black beans. | 2. Mushroom Sauce: | A vegan sauce made from mushrooms, Cheng Tai soy sauce. | 3. Ginger Shallot Squid Sauce: | Cheng Tai exclusive product. Diced squid stir-fried with shallots, aged ginger, and Cheng Tai soy sauce. Perfect with rice. | 4. Shallot Confit Sauce: | A Taiwan’s traditional sauces (vegan), ideal for stir-fried noodles or mixed vegetables. | 5. Sesame Oil Ginger Paste: | A vegan condiment made with ginger, sesame oil, and Cheng Tai soy sauce. | 6. Caviar: | A rich seafood-flavored condiment made with fish roe and shrimp oil. | 7. Fermented Black Beans: | Made from fermented black soybeans. Rich aroma, bold flavor, and a perfectly balanced texture. | 8. Braised Pork Sauce: | A classic Taiwanese sauce made by braising pork and shallots with Cheng Tai soy sauce. Simply serve over steamed rice to enjoy authentic Taiwanese braised pork rice.",FOODEX JAPAN 2026 / 2026 Japan Meat Industry Fair 50th,https://www.jma-tradeshow.com/foodex/webguide_en/datafile/product_image1_4345.jpg,https://www.jma-tradeshow.com/foodex/webguide_en/product.php?no=4345
4505,The Royal Squid Brand Premium Fish Sauce (Gold Label) - プレミアムナンプラー,Liquid Seasoning | Halal,- Importer | - Distributor | - Restaurant | - Chef,- Sugar Free (Ketogenic) | - Gluten Free | - No added Potassium | - No added MSG | - No added Preservatives | - No added Colors | - 100% All Natural,ISO9001 | US-HACCP | Other HACCP | HALAL | FSMA | GMP | FSSC 22000 (Version 6),We don't have an importer,THAI FISHSAUCE FACTORY (SQUID BRAND) COMPANY LIMITED,https://squidbrand.com,Overseas exhibitors | Exportable | Co-exhibitor | Organizer : THAILAND,National Pavilion,E4-A21-58,"Fish Sauce, Premium Fish Sauce, Vegan Fish Sauce, Truffle Fish Sauce, Fermented Fish Sauce",FOODEX JAPAN 2025 / 2025 Japan Meat Industry Fair 49th,https://www.jma-tradeshow.com/foodex/webguide_en/datafile/product_image1_4505.jpg,https://www.jma-tradeshow.com/foodex/webguide_en/product.php?no=4505
4552,Ping An Cakes,Baked Goods | Cakes / Dessert | Gluten-free | Vegetarian | Vegan | Crackers | Finger Food | Rice Crackers & Healthy Snacks,"Supermarket, Store, Gift store, Imported food, Imported Snack, Convenient store","Free from artificial flavors and gluten, with 29% almond, suitable for vegetarians. Gift box package with an elegant "" Ping An(Blessing)"" engraving on each cookie, make it a meaningful and ideal gift.",ISO22000 | Other HACCP | FDA,We don't have an importer,"TSAN YU YEN FOOD CO., LTD",,Overseas exhibitors | Exportable | Co-exhibitor | Organizer : Taiwan External Trade Development Council,National Pavilion,E5-A02-00,,FOODEX JAPAN 2025 / 2025 Japan Meat Industry Fair 49th,https://www.jma-tradeshow.com/foodex/webguide_en/datafile/product_image1_4552.jpg,https://www.jma-tradeshow.com/foodex/webguide_en/product.php?no=4552
4556,Thai Milk Tea Drink 220ml,Non-alcoholic Beverages | Tea | Halal,"OEM Products, Manufacturer","We're the manufacturer of Food & Beverage Products as OWN & OEM products. We could provide ONE STOP SERVICE for the customers since the product development, production of goods and packaging until exporting goods to the destination.","Other HACCP | HALAL | FDA | GMP | FSSC22000, USFDA, GACC",We don't have an importer,BOON TREE FOOD COMPANY LIMITED,https://www.boontreefood.com/,Overseas exhibitors | Exportable | Co-exhibitor | Organizer : THAILAND,National Pavilion,E4-A21-28,"Chicken Green Curry, Chicken Massaman Curry, Grilled Chicken, Cooking Sauce, Soup, Thai Tea",FOODEX JAPAN 2025 / 2025 Japan Meat Industry Fair 49th,https://www.jma-tradeshow.com/foodex/webguide_en/datafile/product_image1_4556.jpg,https://www.jma-tradeshow.com/foodex/webguide_en/product.php?no=4556
4577,Crab Gratin on a shell,Frozen Seafood | Frozen Ready Meals | Processed seafood products,"Retail, Food service","This crab shell gratin browns nicely and looks delicious, even after microwaving",,,"Tomoda Selling&Sailing Co.,Ltd.",https://tomoda.co.jp/,Japan exhibitors | Exportable,,W3-P04,"Crab meat products, Ready to eat products",FOODEX Frozen Processed Food,https://www.jma-tradeshow.com/foodex/webguide_en/datafile/product_image1_176759742533.jpg,https://www.jma-tradeshow.com/foodex/webguide_en/product.php?no=4577
4590,Zen Style Curry Roux,Powdered Seasoning,"Supermarket, Restaurant, Distributor, Importer","PLANT-BASED, VEGAN FRIENDLY | Plant-Based Curry Roux Inspired by Japanese Shojin Cuisine. | A clean and comforting curry roux made in the spirit of traditional Japanese shojin ryori (Buddhist temple cuisine). | Free from animal ingredients and pungent vegetables (go-kun) such as garlic, onion, green onion, garlic chives, and Japanese scallion, this roux is crafted with Japanese rice flour and rice oil instead of wheat or dairy. | Blended with carefully selected spices and enriched with Japanese umami from kombu, dried shiitake mushrooms, rice miso, and sesame paste, it offers a deep, well-balanced flavor that reflects the harmony and mindfulness of traditional shojin cuisine. | Ideal for vegans, vegetarians, and anyone seeking a plant-based meal rooted in Japanese culinary wisdom.",,,SUIGYU SHOKUHIN,https://www.suigyu.co.jp/,Japan exhibitors | Exportable | Co-exhibitor | Organizer : The Tokyo Chamber of Commerce and Industry,Exports from Japan,S2-J36-01,"Shari Powder Curry Roux,Rock salt & sesame oil sauce,Tempura Rice Bowl Tare,Yuzu Grated Radish Steak Sauce",FOODEX JAPAN 2026 / 2026 Japan Meat Industry Fair 50th,https://www.jma-tradeshow.com/foodex/webguide_en/datafile/product_image1_176759924221.jpg,https://www.jma-tradeshow.com/foodex/webguide_en/product.php?no=4590
4591,Ping An Cakes Gift Box,Baked Goods | Cakes / Dessert | Gluten-free | Vegetarian | Vegan | Crackers | Finger Food | Rice Crackers & Healthy Snacks,"Supermarket, convenient store, gift shop, food store, food importer","Free from artificial flavors and gluten, with 29% almond, suitable for vegetarians. Gift box package with an elegant "" Ping An(Blessing)"" engraving on each cookie, make it a meaningful and ideal gift.",ISO22000 | Other HACCP | FDA,We don't have an importer,"TSAN YU YEN FOOD CO., LTD",,Overseas exhibitors | Exportable | Co-exhibitor | Organizer : Taiwan External Trade Development Council,National Pavilion,E5-A02-00,,FOODEX JAPAN 2025 / 2025 Japan Meat Industry Fair 49th,https://www.jma-tradeshow.com/foodex/webguide_en/datafile/product_image1_173519338239.jpg,https://www.jma-tradeshow.com/foodex/webguide_en/product.php?no=4591
4595,Hot Dog(Korean Corn Dog)Mix,Powdered Seasoning,"Our Hot dog(Korean Corn Dog) Mix is the perfect blend of ingredients for creating deliciously crispy and golden corn dogs at home. This easy-to-use mix simplifies the process, ensuring a savory, slightly sweet batter that adheres perfectly to your favorite hot dogs or sausages. Ideal for a quick snack, party appetizer, or a fun meal, our Corn Dog Mix delivers a satisfying crunch and mouthwatering flavor every time.","- Crispy Batter: Provides a light, crunchy coating that stays crispy even after frying. | - Golden Finish: Ensures a beautifully golden-brown exterior that’s both visually appealing and delicious. | - Sweet and Savory Flavor: Combines the right balance of sweetness and savory notes to complement hot dogs or sausages. | - Convenient Preparation: Simple to mix with water, making it easy to whip up a batch of corn dogs quickly.",ISO9001 | Other HACCP | FDA,We don't have an importer,"Lactokorea Co., Ltd.",http://lactokorea.com/en/main.php,Overseas exhibitors | Exportable | Co-exhibitor | Organizer : Korea Agro-Fisheries & Food Trade Corporation,National Pavilion,E5-A20,"Tempura Batter Mix, Korean Pancake(Jeon) Mix, Korean KimChi Pancake(KimChi Jeon) Mix, Chicken Batter Mix, Hot dog(Korean Corn Dog)Mix",FOODEX JAPAN 2025 / 2025 Japan Meat Industry Fair 49th,https://www.jma-tradeshow.com/foodex/webguide_en/datafile/product_image1_173519453230.jpg,https://www.jma-tradeshow.com/foodex/webguide_en/product.php?no=4595
4607,Fruit Cakes (Black currant/Cranberry/Kiwifruit/Grapefruit),Baked Goods | Cakes / Dessert | Vegetarian | Dried Fruit & Vegetables | Finger Food | Rice Crackers & Healthy Snacks,"Supermarket, convenient store, gift shop","Made without added sugar or food improvers. It is crafted with carefully selected French natural butter and high-quality wheat flour. The filling features fresh fruits with a lower GI index, cooked by hand into dried fruits and jams to highlight their natural fragrance. With a rich filling and a non-greasy crust, this pastry contains no added coloring or artificial flavoring, yet retains a deliciously sweet and fragrant taste.",ISO22000 | Other HACCP | FDA,We don't have an importer,"TSAN YU YEN FOOD CO., LTD",,Overseas exhibitors | Exportable | Co-exhibitor | Organizer : Taiwan External Trade Development Council,National Pavilion,E5-A02-00,,FOODEX JAPAN 2025 / 2025 Japan Meat Industry Fair 49th,https://www.jma-tradeshow.com/foodex/webguide_en/datafile/product_image1_4607.jpg,https://www.jma-tradeshow.com/foodex/webguide_en/product.php?no=4607
4609,Frozen Golden Namdokmai Mango dices,Fresh Fruit & Vegetables | Frozen Fruit & Vegetables | Vegetarian | Vegan | Halal | Kosher,"Food and beverage producers, Manufacturer, confectioners, restaurant operators, hotels, and catering businesses looking for delicious, high-quality fruits and vegetables that meet international production standards.","Carefully selected based on expertise, with internationally recognized quality certifications.","Other HACCP | HALAL | FDA | GMP | GAP | Global G.A.P, BRC, Superior Taste Award 3 stars",We don't have an importer,THAKOLSRI FARM COMPANY LIMITED,https://thakolsrifarm.com/,Overseas exhibitors | Exportable | Co-exhibitor | Organizer : THAILAND,National Pavilion,E4-A21-42,"1. Frozen Golden Namdokmai Mango , Mahachanok Mango -Dices , Half cut and puree | 2. Frozen Golden Banana - Whole, Slices and Puree | 3. Frozen Fruits Coated with Chocolate",FOODEX JAPAN 2025 / 2025 Japan Meat Industry Fair 49th,https://www.jma-tradeshow.com/foodex/webguide_en/datafile/product_image1_4609.jpg,https://www.jma-tradeshow.com/foodex/webguide_en/product.php?no=4609
4613,Coconut Bites,Baked Goods | Gluten-free | Vegetarian | Vegan | Vegetable snacks | Crackers | Dried Fruit & Vegetables | Finger Food | Rice Crackers & Healthy Snacks,"Supermarket, Coffee Shop, Gift Shop, Convenient store","A gluten-free product with a rich coconut flavor, offering a delightful texture that is crisp and airy. Its moderate sweetness ensures it is not overly sugary, making it suitable for a variety of taste preferences. Conveniently packaged, it’s perfect as a portable snack for work, travel, or post-workout enjoyment. | | Whether as an afternoon treat, a healthy snack, or a delicious indulgence anytime, the individually packaged coconut crisps are an irresistible choice, combining flavor, nutrition, and convenience.",ISO22000 | Other HACCP | FDA,We don't have an importer,"TSAN YU YEN FOOD CO., LTD",,Overseas exhibitors | Exportable | Co-exhibitor | Organizer : Taiwan External Trade Development Council,National Pavilion,E5-A02-00,,FOODEX JAPAN 2025 / 2025 Japan Meat Industry Fair 49th,https://www.jma-tradeshow.com/foodex/webguide_en/datafile/product_image1_173520244064.jpg,https://www.jma-tradeshow.com/foodex/webguide_en/product.php?no=4613
4621,Spring onion peanuts,Halal | Savoury Baked Products | Nuts,"Retail Industry ,Importers and Exporters , Foodservice and Bars , E-commerce and Gift Industries , Health Food and Niche Diet Markets , International Market Professional Buyers","Taiwanese Premium Peanuts,Green Onion Flavor,Crispy Roasted Peanuts,Versatile Usage,Gift-Ready Packaging,Taiwanese Snacks,Affordable Gourmet,Halal Certified Peanuts",ISO22000 | Other HACCP | HALAL,We have an importer,"Longevity Fruit CO., LTD.",https://www.mb8068.com/,Overseas exhibitors | Exportable | Co-exhibitor | Organizer : Taiwan External Trade Development Council,National Pavilion,E5-A02-00,"Spicy Peanuts,Green Onion Peanuts,Traditional Flavor Peanuts,Five-Spice Garlic Peanut Slices,Spicy Almonds,Spicy Cashews,Green Onion Garlic Almond Slices,Sea Salt Maqaw Cashews,Polyphenol Almonds,Spicy Silver Fish Peanuts,Spicy Macadamia Nuts,Honey |",FOODEX JAPAN 2025 / 2025 Japan Meat Industry Fair 49th,https://www.jma-tradeshow.com/foodex/webguide_en/datafile/product_image1_4621.jpg,https://www.jma-tradeshow.com/foodex/webguide_en/product.php?no=4621
4623,Sea Salt Magao Cashew Nuts,Vegetarian | Halal | Nuts,"gourmet snacks, premium cashews, health-conscious consumers, natural seasoning lovers, gift box market, specialty food stores, high-end supermarkets, corporate gifting, eco-friendly products, vegan snacks, outdoor enthusiasts, tea pairing, luxury snacks, travel snacks, Taiwanese specialty foods","Premium cashews with sea salt and maqaw pepper | Unique and exotic flavor profile | Handcrafted for the perfect balance of salty and spicy | Ideal for health-conscious snackers | Natural ingredients, no artificial additives | Perfect for gifting, holidays, or corporate gifts | High-quality, gourmet snack experience | Sustainable and eco-friendly packaging | Versatile snack for tea pairing or casual snacking | Authentic Taiwanese flavor | Halal Certified nuts",ISO22000 | Other HACCP | HALAL,We have an importer,"Longevity Fruit CO., LTD.",https://www.mb8068.com/,Overseas exhibitors | Exportable | Co-exhibitor | Organizer : Taiwan External Trade Development Council,National Pavilion,E5-A02-00,"Spicy Peanuts,Green Onion Peanuts,Traditional Flavor Peanuts,Five-Spice Garlic Peanut Slices,Spicy Almonds,Spicy Cashews,Green Onion Garlic Almond Slices,Sea Salt Maqaw Cashews,Polyphenol Almonds,Spicy Silver Fish Peanuts,Spicy Macadamia Nuts,Honey |",FOODEX JAPAN 2025 / 2025 Japan Meat Industry Fair 49th,https://www.jma-tradeshow.com/foodex/webguide_en/datafile/product_image1_4623.jpg,https://www.jma-tradeshow.com/foodex/webguide_en/product.php?no=4623
4635,FROZEN VEGAN ANPAN (SWEET REDBEAN PASTE FILLING),Bread | Frozen Ready Meals | Vegetarian | Vegan,"Super Market, Web Retailer, Hotel, Restaurant, Cafe,","Japanese traditional popular snack bread. The dough is soft, and the filling is sweet red bean paste. The red bean is cultivated in Hokkaido.",,,VEGAN FOODS FRIEND JAPAN,https://www.vffj.net/,Japan exhibitors | Exportable,Exports from Japan,S2-E26,"Japanese processed foods made of only plant-based ingredients. | Natto, Konjac, Mochi, Pickles, Frozen center of sushi-roll, Gluten free Pan-ko, Plant-based meat, Vegan Chinese dumpling, Vegan Japanese bread, Vegan croquette, Vegan sauce, etc.",FOODEX JAPAN 2026 / 2026 Japan Meat Industry Fair 50th,https://www.jma-tradeshow.com/foodex/webguide_en/datafile/product_image1_176760316385.jpg,https://www.jma-tradeshow.com/foodex/webguide_en/product.php?no=4635
4643,BTT FAMILY RESERVE WINE,Still wines - red | Still wines - rose | Still wines - white | Sparkling wines | Fortified wines | Flavored wines | Dessert wines | Organic wines | Vegan wines | Fruit and flavored | Non-alcoholic wines | Low-alcoholic wines,WINE; RED WINE; GRAN RESERVA WINE; MEDALS; QUALITY,94 POINTS WINE - WAX SEAL HANDMADE | PRICE POINT UNDER 8 EUROS/DOLLAR,EU-HACCP | US-HACCP | Other HACCP,We don't have an importer,BODEGAS TAGUA TAGUA SPA,https://www.bodegastt.cl,Overseas exhibitors | Exportable,,S4-C6,WINE; RED WINE; WHITE WINE; WINE IN BOTTLE; SPARKLING WINE;,FOODEX WINE,https://www.jma-tradeshow.com/foodex/webguide_en/datafile/product_image1_4643.jpg,https://www.jma-tradeshow.com/foodex/webguide_en/product.php?no=4643
4661,Classic Aged Pork Chop,Frozen Meat | Processed Meat,▪️Food Retail ▪️Premium supermarkets ▪️Foodservice▪️Restaurants ▪️Frozen Food Wholesalers ▪️Hospitality ▪️Catering services for exclusive events ▪️International Traders ▪️Import/export businesses focusing on premium meat products | |,"With over 50 years of history, this pork chop is made from top-quality Taiwan pork tenderloin. Marinated to lock in natural juiciness, it’s tender, flavorful, and perfect for pan-searing or air frying. Great for bento meals or special occasions, it’s a tasty way to enjoy restaurant-quality flavor at home.",ISO9001 | ISO22000 | EU-HACCP,We have an importer,"台湾農畜産工業股份有限公司 Taiwan Farm Industry Co.,LTD.",https://www.tham.com.tw/,Overseas exhibitors | Exportable | Co-exhibitor | Organizer : Taiwan External Trade Development Council,National Pavilion,E5-A02-00,▪️Taiwanese Sausages | ▪️Taiwanese Black Pork Meatballs | ▪️Taiwanese Pork Chop | ▪️Minced Pork (Lu Rou Zao) | ▪️Plant-Based Fish Fillet | ▪️Plant-Based Tonkatsu (Menchi Katsu) | ▪️Plant-Based Jerky | ▪️Processed Meat,FOODEX JAPAN 2025 / 2025 Japan Meat Industry Fair 49th,https://www.jma-tradeshow.com/foodex/webguide_en/datafile/product_image1_173526961861.jpg,https://www.jma-tradeshow.com/foodex/webguide_en/product.php?no=4661
4667,Yuzu & Daikon Grated Radish Sauce for Steak,Liquid Seasoning,"Supermarket, Restaurant, Distributor, Importer","A Japanese style steak sauce made with yuzu juice from Kochi Prefecture and grated daikon radish from Japan, blended with savory dashi from aged bonito flakes (katsuobushi produced in Makurazaki, Kagoshima Prefecture). | The refreshing aroma and citrusy tang of yuzu, combined with the light taste of grated daikon, bring out the natural umami of meat. Enjoy refined Japanese flavors at home (Omotenashi). | Also pairs well with grilled fish, roasted vegetables, and a variety of other dishes.",,,SUIGYU SHOKUHIN,https://www.suigyu.co.jp/,Japan exhibitors | Exportable | Co-exhibitor | Organizer : The Tokyo Chamber of Commerce and Industry,Exports from Japan,S2-J36-01,"Shari Powder Curry Roux,Rock salt & sesame oil sauce,Tempura Rice Bowl Tare,Yuzu Grated Radish Steak Sauce",FOODEX JAPAN 2026 / 2026 Japan Meat Industry Fair 50th,https://www.jma-tradeshow.com/foodex/webguide_en/datafile/product_image1_176765793663.jpg,https://www.jma-tradeshow.com/foodex/webguide_en/product.php?no=4667
4684,"SOU SOU KA The millefeuille of Dried fruits, Dried persimmon, Dried persimmon & Dried Peach, Dried persimmon & Dried Mango",Cakes / Dessert | Dried Fruits | Frozen Fruit & Vegetables | Dried Fruit & Vegetables,"Women in their 20s to 50s who are trend-sensitive, have a strong interest in dried fruits and enjoy wine.","Dried Persimmon Fruit Sandwiches. Our dried persimmons are carefully sliced and stacked in a mille-feuille style, with fillings like white peach and mango. Available in three variations: [Dried Persimmon], [Dried Persimmon & Dried Peach], and [Dried Persimmon & Dried Mango].",Other HACCP,We don't have an importer,"KUNIWA Co., Ltd.",https://www.kuniwa.net/,Japan exhibitors | Exportable | Co-exhibitor | Organizer : Okayama Prefectural Industrial Promotion Foundation,Local Specialities in Japan,S2-K18-4,"Persimmon, Dried persimmon, Dried persimmon confectionery, SETOUCHI fruits Jelly",FOODEX JAPAN 2025 / 2025 Japan Meat Industry Fair 49th,https://www.jma-tradeshow.com/foodex/webguide_en/datafile/product_image1_4684.jpg,https://www.jma-tradeshow.com/foodex/webguide_en/product.php?no=4684
4721,Mango Pomelo Sago,Instant Beverages | Frozen Dairy Products | Frozen Fruit & Vegetables | Vegetarian,"Importer, Supermarket, Wholesaler, Restaurant, Food Service Industry","The aromatic ripe mango paired with the sweet and tangy pink grapefruit pulp offers a delightful balance of flavors, with a tantalizing hint of sourness that stimulates the taste buds. The chewy texture of the fruit jelly adds to the enjoyment, while the | smooth coconut milk and rich fresh cream enhance the aroma, making it a refreshing tropical delight perfect for cooling off.",,We don't have an importer,"Land Young Foods Co., Ltd",https://www.landyoungfood.com/tw/,Overseas exhibitors | Exportable | Co-exhibitor | Organizer : Taiwan External Trade Development Council,National Pavilion,E5-A02-00,"Salad Series, Fish Roe Series, Seafood Series, Seaweed Salad Series, Lotus Root and Vegetable Series, Dessert Series",FOODEX JAPAN 2025 / 2025 Japan Meat Industry Fair 49th,https://www.jma-tradeshow.com/foodex/webguide_en/datafile/product_image1_173528519889.jpg,https://www.jma-tradeshow.com/foodex/webguide_en/product.php?no=4721
4732,Whole salmon,Seafood,"wholesalers, retailers, food distributors",,EU-HACCP | FDA | GAP | EU Organic Certification | MSC(Marine Stewardship Council) | ASC(Aquaculture Stewardship Council),We don't have an importer,Visscher Seafood Group | Norwegian Seafood AS,https://visscherseafood.com,Overseas exhibitors | Exportable | Co-exhibitor | Organizer : NORWAY,National Pavilion,E2-G30-00,"salmon, whole salmon, salmon fillets, salmon portions, salmon loins, salmon steaks, fresh salmon, frozen salmon, sashimi-grade salmon, premium salmon, atlantic salmon, Norwegian salmon, trout, whole trout, trout fillets, fresh trout, frozen trout, fjord trout, steelhead trout, whitefish, fresh whitefish, frozen whitefish",FOODEX JAPAN 2025 / 2025 Japan Meat Industry Fair 49th,https://www.jma-tradeshow.com/foodex/webguide_en/datafile/product_image1_173529100116.jpg,https://www.jma-tradeshow.com/foodex/webguide_en/product.php?no=4732
4737,EXTRA VIRGIN OLIVE OIL,Liquid Seasoning,"Our target sectors include retail channels such as supermarkets, grocery stores, and specialty food shops; the HoReCa industry (hotels, restaurants, and catering) seeking premium-quality olive oil for both cooking and table use; and importers/exporters specializing in high-quality Italian and European food products.","Our Extra Virgin Olive Oil is 100% Italian, cold-pressed, and made from carefully selected olives to ensure premium quality and authentic taste. It is rich in antioxidants and healthy fats, making it a staple of the Mediterranean diet. Available in a variety of packaging sizes, it caters to both individual and commercial needs. Perfect for gourmet recipes and everyday cooking.","BRC , IFS",We don't have an importer,BEST ITALIAN SELECTION S.R.L.,https://bestitalianselection.it,Overseas exhibitors | Exportable | Co-exhibitor | Organizer : Italian Pavilion,National Pavilion,E1-A24-2,"canned tomatoes, pasta, oil, vinegar, beans, antipasti, pasta sauces, wine, panettone, coffee, lady fingers",FOODEX JAPAN 2025 / 2025 Japan Meat Industry Fair 49th,https://www.jma-tradeshow.com/foodex/webguide_en/datafile/product_image1_4737.jpg,https://www.jma-tradeshow.com/foodex/webguide_en/product.php?no=4737
4748,Chargrilled Pork Skewers,Frozen Ready Meals | Processed Meat,"Supermarkets, Convenience stores, Mass merchandisers, Department stores","The foreleg meat are diced into 2.5cm-thick pieces, which contain little fat and no tendons. And being grilled, the pork skewer has a smoky aroma on the outside and is tender inside. The Chargrilled Pork Skewers is marked by enticing taste and aroma. | #popular-products","ISO22000 | Other HACCP | CAS (Certified Agricultural Standards, issued by Taiwan’s Ministry of Agriculture)",,SINGS KOUT TRADING,https://www.singskout.com.tw/,Overseas exhibitors | Exportable | Co-exhibitor | Organizer : Taiwan External Trade Development Council,National Pavilion,E5-A30-116,"Japanese Yakiniku Pork Buns, Dongpo Pork Buns, Chargrilled Pork Skewers, Roasted Pork, Frankfurter Sausage, Themed Sausage, Bacon-Wrapped Sausage, Garlic Sausage, Fried Pork Fiber",FOODEX JAPAN 2026 / 2026 Japan Meat Industry Fair 50th,https://www.jma-tradeshow.com/foodex/webguide_en/datafile/product_image1_176768256947.jpg,https://www.jma-tradeshow.com/foodex/webguide_en/product.php?no=4748
4768,GLUTEN-FREE SOY SAUCE,Soy Sauce | Liquid Seasoning,"Restaurant, Hotel and Retail","This soy sauce is made without wheat, using 100% whole soybeans. Characterized by the deep richness and mellow fllavor of whole soybeans. Complies with the GLUTEN-FREE CODEX standard.",FSSC22000,,ROYAL OF JAPAN,https://www.royalofjapan.co.jp,Japan exhibitors | Exportable,Exports from Japan,S2-C26,"Seasoning, Processed food, Noodle, Japanese sake, Whiskey, Craft beer",FOODEX JAPAN 2026 / 2026 Japan Meat Industry Fair 50th,https://www.jma-tradeshow.com/foodex/webguide_en/datafile/product_image1_176768721958.jpg,https://www.jma-tradeshow.com/foodex/webguide_en/product.php?no=4768
4788,Gardenia Flower Oolong Tea,Tea,,,,We don't have an importer,ZHU FENG TEA ESTATE,https://www.facebook.com/ZhuFengTea,Overseas exhibitors | Exportable | Co-exhibitor | Organizer : Taiwan External Trade Development Council,National Pavilion,E5-A02-00,"Gardenia Flower Oolong Tea,Honey Fragrance Black Tea",FOODEX JAPAN 2025 / 2025 Japan Meat Industry Fair 49th,,https://www.jma-tradeshow.com/foodex/webguide_en/product.php?no=4788
4872,Ready Risotto,"Gluten-free | Halal | Kosher | Organic Products | Ready-to-eat Foods, Sealed Packaged Foods (e.g., curry, rice bowl toppings)","The target sector for ready-to-eat risotto includes several key market segments: | End Consumers: Primarily busy professionals, young families, and individuals aged 25-45 who seek convenient, high-quality, and quick meal solutions without compromising on taste. These consumers value easy preparation, healthy ingredients (organic, gluten-free, vegan), and premium flavor. They tend to purchase ready risotto from supermarkets, gourmet stores, and increasingly through e-commerce platforms. | Wholesalers: They play a crucial role in distributing ready risotto to retail outlets. Wholesalers cater to both local and international markets, ensuring products reach various retail chains and specialty stores. They focus on ensuring a steady supply and meeting the growing demand for gourmet, convenient food options. | Retailers and Supermarkets: Large supermarket chains and gourmet markets are essential in offering ready-to-eat risotto to a broad customer base. Supermarkets attract consumers looking for affordable and convenient meal solutions, while gourmet stores target those willing to pay a premium for high-quality, authentic products.","Casa Folino Ready Risotto can be available at premium supermarkets, gourmet food stores, and select online retailers. You can find our product in the ready-to-eat or gourmet sections, ideal for those seeking high-quality, convenient meals. Perfect for busy professionals, families, and food enthusiasts, Casa Folino brings authentic Italian flavor directly to your kitchen. Our risotto is also available through trusted e-commerce platforms, offering delivery right to your door for ultimate convenience. Whether in-store or online, Casa Folino Ready Risotto is the go-to choice for those who crave gourmet meals with ease.",Other HACCP | HALAL | Non-GMO Certification,We don't have an importer,Casa Folino,https://casafolino.com/,Overseas exhibitors | Exportable | Co-exhibitor | Organizer : Italian Pavilion,National Pavilion,E1-A24-172,"Spreadable creams, flavored honey, ready risotto, mix of spices, honey mousse.",FOODEX JAPAN 2025 / 2025 Japan Meat Industry Fair 49th,https://www.jma-tradeshow.com/foodex/webguide_en/datafile/product_image1_4872.jpg,https://www.jma-tradeshow.com/foodex/webguide_en/product.php?no=4872
4876,Atemoya Ice Cream,Cakes / Dessert | Ice Cream / Sorbet Gelato,"1. Arab countries, Brazil, Thailand, the Philippines, and other tropical countries | 2. Supermarkets, convenience stores, department stores, retail, exports, and other channels | 3. Tourism & Hospitality Sector | 4. Gourmet & Specialty Food Enthusiasts | 5. Tropical Fruit Enthusiasts | 6. Families with Children",1. Local Specialty Gifts from Taitung | 2. Specialty Fruits from Taitung | 3. Special Tropical Flavor | 4. Hypertension-friendly | 5. Made with fresh fruit | 6. Creamy Texture | 7. Unique and rare offering | 8. Ice cream with local flavor | 9. Locally-Inspired Flavor | 10. A unique and refreshing treat to beat the heat,,We don't have an importer,MEIYUAN PRESERVED FOODS CO LTD,http://meiyuan.com.tw,Overseas exhibitors | Exportable | Co-exhibitor | Organizer : Taiwan External Trade Development Council,National Pavilion,E5-A02-00,Ambient Product | 1.Lucky Kumquat | 2.Sweet Roselle | 3. Pomelo Gummy | Kumquat Gummy | Atemoya Gummy | 4. Honey Seedless Prune | 5. Perilla Seedless Prune | 6. Mint Dried Seedless Prune | 7. Delicious Dried Prune | Frozen Product | 1. Atemoya Ice Cream | 2. Summer Snow Mango Ice Cream | 3. Atemoya Dices | 4. Atemoya Jam,FOODEX JAPAN 2025 / 2025 Japan Meat Industry Fair 49th,https://www.jma-tradeshow.com/foodex/webguide_en/datafile/product_image1_4876.jpg,https://www.jma-tradeshow.com/foodex/webguide_en/product.php?no=4876
4894,Italian Seasoning Mix,Gluten-free | Vegan | Halal | Kosher | Organic Products,"Casa Folino’s Italian Seasoning Mix targets a diverse and growing market of consumers who value authentic, high-quality ingredients in their cooking. The primary consumer segment includes home cooks, food enthusiasts, and busy professionals aged 25-55 who seek convenience without compromising on flavor. These individuals are drawn to premium, artisanal products that elevate their everyday meals. | | Retail channels play a key role, including supermarkets, gourmet stores, and specialty groceries that cater to customers seeking authentic Italian flavors. The product also aligns well with online shoppers who prefer to purchase high-quality seasonings via e-commerce platforms. | | In the wholesale sector, restaurants and catering businesses are critical, as they require reliable, authentic flavor solutions to enhance their Italian dishes. Casa Folino's blend appeals to health-conscious consumers due to its natural ingredients and lack of artificial additives, making it suitable for a wide audience, including those following organic or clean eating trends.","Casa Folino’s Italian Seasoning Mix is the perfect blend of authentic Italian herbs and spices, crafted to elevate your cooking to restaurant-quality meals in seconds. Made with only the finest natural ingredients, this mix captures the true essence of Italian cuisine, offering a rich, aromatic flavor ideal for pasta, pizza, salads, meats, and more. | | Its versatility allows you to effortlessly enhance everyday dishes or create gourmet experiences with minimal effort. Whether you’re preparing a classic marinara sauce or adding a final touch to roasted vegetables, Casa Folino’s seasoning delivers an unparalleled depth of flavor. | | Conveniently packaged to preserve freshness, this seasoning mix is a must-have for busy home cooks and culinary enthusiasts alike. Add an authentic taste of Italy to your kitchen and enjoy the flavors that make every meal unforgettable. Casa Folino: tradition, quality, and flavor in every sprinkle!","HALAL | Non-GMO Certification | REX, BRC, KOSHER",We don't have an importer,Casa Folino,https://casafolino.com/,Overseas exhibitors | Exportable | Co-exhibitor | Organizer : Italian Pavilion,National Pavilion,E1-A24-172,"Spreadable creams, flavored honey, ready risotto, mix of spices, honey mousse.",FOODEX JAPAN 2025 / 2025 Japan Meat Industry Fair 49th,https://www.jma-tradeshow.com/foodex/webguide_en/datafile/product_image1_4894.jpg,https://www.jma-tradeshow.com/foodex/webguide_en/product.php?no=4894
4898,Spreadable Creams,"Cakes / Dessert | Gluten-free | Fresh Fruit & Vegetables | Halal | Kosher | Spreads, Honey & Jams","Casa Folino's spreadable creams cater to a broad yet distinct market segment, appealing to both everyday consumers and specialty buyers. | | Final Consumers: These are individuals seeking premium, versatile spreads for enhancing daily meals or special occasions. Typically aged 25–55, they value authentic, high-quality ingredients and are drawn to Casa Folino's artisanal appeal. Health-conscious buyers appreciate options with natural, organic, or low-sugar formulations. | | Retail and Supermarkets: Large chains and local grocery stores play a pivotal role in reaching mainstream buyers. Casa Folino's spreadable creams stand out in gourmet sections, attracting shoppers willing to pay more for specialty products. | | Gourmet Markets and Specialty Stores: These outlets target a niche audience of food enthusiasts and connoisseurs. Casa Folino's products align with the expectations of premium quality and unique flavors, appealing to this discerning customer base. | | HoReCa Sector: Restaurants, cafes, and catering services integrate these creams into menus, leveraging their versatility and quality to enhance culinary offerings. |","Casa Folino’s Spreadable Creams are a perfect blend of tradition and innovation, bringing the authentic taste of Calabria to your table. Crafted with the finest ingredients, these versatile creams are ideal for enhancing both everyday meals and special occasions. | | Premium Quality: Made with high-quality, natural ingredients that preserve the authentic flavors of Southern Italy. | Versatile Usage: Perfect for spreading on bread, crackers, or as a flavorful addition to pasta, meats, and appetizers. | Distinct Flavors: From spicy Calabrian chili to creamy artichoke or black olive, the range offers something for every palate. | Convenient and Gourmet: Easy to use for quick meals or as part of gourmet creations, combining convenience with culinary excellence. | Authentic Italian Craftsmanship: Rooted in Calabrian heritage, Casa Folino delivers a true taste of Italy, rich in tradition and passion. | Bring a touch of Italy to your kitchen with Casa Folino’s Spreadable Creams—where quality meets flavor in every jar.",HALAL | Non-GMO Certification,We don't have an importer,Casa Folino,https://casafolino.com/,Overseas exhibitors | Exportable | Co-exhibitor | Organizer : Italian Pavilion,National Pavilion,E1-A24-172,"Spreadable creams, flavored honey, ready risotto, mix of spices, honey mousse.",FOODEX JAPAN 2025 / 2025 Japan Meat Industry Fair 49th,https://www.jma-tradeshow.com/foodex/webguide_en/datafile/product_image1_173563685158.jpg,https://www.jma-tradeshow.com/foodex/webguide_en/product.php?no=4898
4906,Fresh butter cookies Blue Paris 35g mini tin,Baked Goods,"Food gourmet store, department stores, hotels, restaurants, food gifts, French food, cookies, handmade cookies, metal tin","Dean&Deluca, Mitsukoshi-Isetan, Charmant Gourmand, Fujinggaho, Takashimaya",,We have an importer,LA SABLESIENNE,https://www.sablesienne.com/en/,Overseas exhibitors | Exportable | Co-exhibitor | Organizer : BUSINESS FRANCE,National Pavilion,E2-C11-25,"Fresh butter cookie, cookie with caramel chips, cookie with chocolate chips, cookie with raspberry chips, cookie with lemon chips, all chocolate cookie, tonka bean cookie, almond and hazelnut ""soufflé"" cookies, caramel chips macaron, lemon chips macaron, raspberry meringue, hazelnut meringue, organic cookie with banana - tonka - caramel - chocolate - sesame seeds - lemon - chia seeds, savoury cookie, parmesan and pepper cookie, comté and sesame seeds cookie, oignon and paprika cookie, tomato and rosemarry cookie, cat' tongues biscuits, fondant biscuits. | All cookies are offered in well designed and beautiful French influenced metal tins, which are perfect for gifting. |",FOODEX JAPAN 2025 / 2025 Japan Meat Industry Fair 49th,https://www.jma-tradeshow.com/foodex/webguide_en/datafile/product_image1_4906.jpg,https://www.jma-tradeshow.com/foodex/webguide_en/product.php?no=4906
4908,Fresh butter and caramel cookies Swallow 250g tin,Baked Goods,"Food gourmet store, department stores, hotels, restaurants, food gifts, French food, cookies, handmade cookies, metal tin","Dean&Deluca, Mitsukoshi-Isetan, Charmant Gourmand, Fujinggaho, Takashimaya",,We have an importer,LA SABLESIENNE,https://www.sablesienne.com/en/,Overseas exhibitors | Exportable | Co-exhibitor | Organizer : BUSINESS FRANCE,National Pavilion,E2-C11-25,"Fresh butter cookie, cookie with caramel chips, cookie with chocolate chips, cookie with raspberry chips, cookie with lemon chips, all chocolate cookie, tonka bean cookie, almond and hazelnut ""soufflé"" cookies, caramel chips macaron, lemon chips macaron, raspberry meringue, hazelnut meringue, organic cookie with banana - tonka - caramel - chocolate - sesame seeds - lemon - chia seeds, savoury cookie, parmesan and pepper cookie, comté and sesame seeds cookie, oignon and paprika cookie, tomato and rosemarry cookie, cat' tongues biscuits, fondant biscuits. | All cookies are offered in well designed and beautiful French influenced metal tins, which are perfect for gifting. |",FOODEX JAPAN 2025 / 2025 Japan Meat Industry Fair 49th,https://www.jma-tradeshow.com/foodex/webguide_en/datafile/product_image1_173565407920.jpg,https://www.jma-tradeshow.com/foodex/webguide_en/product.php?no=4908
4909,"Fresh butter, chocolate and raspberry cookies ""In a garden"" 300g",Baked Goods,"Food gourmet store, department stores, hotels, restaurants, food gifts, French food, cookies, handmade cookies, metal tin","Dean&Deluca, Mitsukoshi-Isetan, Charmant Gourmand, Fujinggaho, Takashimaya",,We have an importer,LA SABLESIENNE,https://www.sablesienne.com/en/,Overseas exhibitors | Exportable | Co-exhibitor | Organizer : BUSINESS FRANCE,National Pavilion,E2-C11-25,"Fresh butter cookie, cookie with caramel chips, cookie with chocolate chips, cookie with raspberry chips, cookie with lemon chips, all chocolate cookie, tonka bean cookie, almond and hazelnut ""soufflé"" cookies, caramel chips macaron, lemon chips macaron, raspberry meringue, hazelnut meringue, organic cookie with banana - tonka - caramel - chocolate - sesame seeds - lemon - chia seeds, savoury cookie, parmesan and pepper cookie, comté and sesame seeds cookie, oignon and paprika cookie, tomato and rosemarry cookie, cat' tongues biscuits, fondant biscuits. | All cookies are offered in well designed and beautiful French influenced metal tins, which are perfect for gifting. |",FOODEX JAPAN 2025 / 2025 Japan Meat Industry Fair 49th,https://www.jma-tradeshow.com/foodex/webguide_en/datafile/product_image1_173565435496.jpg,https://www.jma-tradeshow.com/foodex/webguide_en/product.php?no=4909
4910,"Caramel cookies ""Ange musicien"" dispencer 300g tin",Baked Goods,"Food gourmet store, department stores, hotels, restaurants, food gifts, French food, cookies, handmade cookies, metal tin |","Dean&Deluca, Mitsukoshi-Isetan, Charmant Gourmand, Fujinggaho, Takashimaya |",,We have an importer,LA SABLESIENNE,https://www.sablesienne.com/en/,Overseas exhibitors | Exportable | Co-exhibitor | Organizer : BUSINESS FRANCE,National Pavilion,E2-C11-25,"Fresh butter cookie, cookie with caramel chips, cookie with chocolate chips, cookie with raspberry chips, cookie with lemon chips, all chocolate cookie, tonka bean cookie, almond and hazelnut ""soufflé"" cookies, caramel chips macaron, lemon chips macaron, raspberry meringue, hazelnut meringue, organic cookie with banana - tonka - caramel - chocolate - sesame seeds - lemon - chia seeds, savoury cookie, parmesan and pepper cookie, comté and sesame seeds cookie, oignon and paprika cookie, tomato and rosemarry cookie, cat' tongues biscuits, fondant biscuits. | All cookies are offered in well designed and beautiful French influenced metal tins, which are perfect for gifting. |",FOODEX JAPAN 2025 / 2025 Japan Meat Industry Fair 49th,https://www.jma-tradeshow.com/foodex/webguide_en/datafile/product_image2_4910.jpg,https://www.jma-tradeshow.com/foodex/webguide_en/product.php?no=4910
4923,Taiwan-Origin IQF Fruits,"Baked Goods | Cakes / Dessert | Bread | Japanese sweets | Gluten-free | Chocolate | Candy | Canned Products | Dried Fruits | Dry Seafood | Pasta | Frozen Baked Goods | Frozen Dairy Products | Frozen Fruit & Vegetables | Frozen Meat | Frozen Seafood | Frozen Ready Meals | Ice Cream / Sorbet Gelato | Savoury Baked Products | Savoury snacks | Vegetable snacks | Cereals / Fruit Bars | Crackers | Dates & Date Palm Products | Dried Fruit & Vegetables | Finger Food | Nuts | Popcorn | Salty Snacks | Ready-to-eat Foods, Sealed Packaged Foods (e.g., curry, rice bowl toppings) | Rice Crackers & Healthy Snacks","Food importers and distributors | | Frozen and processed food manufacturers | | Food service channels (restaurants, hotels, chain food service) | | Retailers, wholesalers, and e-commerce platforms | | Health food and beverage brands","100% Taiwan-origin fruits and vegetables sourced from contract farms | | IQF technology preserves natural color, texture, and flavor | | Freeze-dried products with no additives and extended shelf life | | HPP processing ensures fresh taste while maintaining food safety | | Stable supply, strict quality control, and international food safety compliance | | Suitable for export, private label, and OEM/ODM cooperation",ISO22000 | EU-HACCP,,ZHAN SHIAN Agricultural Biotechnology,https://zhan-shian.com/,Overseas exhibitors | Exportable | Co-exhibitor | Organizer : Taiwan External Trade Development Council,National Pavilion,E5-A30-004,"IQF Beef Tomatoes (Chunks, Diced, Puree, Slices),IQF Mango ,Pineapple ,Papaya ,/ Dragon Fruit, Avocado ,Taro,IQF Lemon Slices, Freeze-Dried Tomato Snacks,Freeze-Dried Pineapple Chips,Freeze-Dried Mango Chips,Freeze-Dried Pitaya,Plum Tomato Juice, Tomato-based Beverages",FOODEX JAPAN 2026 / 2026 Japan Meat Industry Fair 50th,https://www.jma-tradeshow.com/foodex/webguide_en/datafile/product_image1_176777746045.jpg,https://www.jma-tradeshow.com/foodex/webguide_en/product.php?no=4923
5015,Combination Flower Tea Stick Gift Set,Flavoured Water | Non-alcoholic Beverages | Tea | Vegetarian | Vegan | Halal,"Gift Shop, Department Store, Cafe, Restaurant, SPA, Hotel, Grocery Store","Flower Tea Stick is a product originally developed by KKOKDAM, a new tea with a unique and creative deisgn that has stems and flowers together. KKOKDAM holds the design patent rights of Flower Tea Stick. The stems and flowers can be used together to brew and drink the tea, and the dried flowers bloom again while brewing tea, giving a visually beautiful feeling. The flower tea stick gift set in glass test tubes is KKOKDAM's global best seller. The gift set packaging can be used for a variety of occasions. | KKOKDAM sources flowers from clean areas in Korea and produces and distributes products with its own production facilities and technology. KKOKDAM flowers tea is 100% handmade product that does not contain caffeine and any food additives, allowing the customer to experience the taste and aroma of the natural flowers.",ISO22000 | HALAL | FDA | VEGAN,We don't have an importer,KKOKDAM,https://kkokdam.jp/,Overseas exhibitors | Exportable | Co-exhibitor | Organizer : KOTRA/GBSA,National Pavilion,E4-U18-2,"Flower tea, kombucha, gift set, luxury tea, cafe, restaurant, hotel, tea beverage",FOODEX JAPAN 2025 / 2025 Japan Meat Industry Fair 49th,https://www.jma-tradeshow.com/foodex/webguide_en/datafile/product_image1_5015.jpg,https://www.jma-tradeshow.com/foodex/webguide_en/product.php?no=5015
5044,Canned Sweet Kernel Corn,Canned Products | Vegan | Halal | Kosher,"Ready to Eat, Retail, Wholesale, Catering, Manufacturer","Fresh harvest, Non-GMO, No preservative, shelf life 36 months.",ISO9001 | Other HACCP | HALAL | GMP | GAP | BRC,We don't have an importer,MAJESTIC FOOD INDUSTRY COMPANY LIMITED,https://www.majesticsweetcorn.com,Overseas exhibitors | Exportable | Co-exhibitor | Organizer : THAILAND,National Pavilion,E4-A21-3,"Ready to Eat Corn on the Cob, Canned Sweet Corn Vacuum Packed, Canned Sweet Corn in Brine, Canned Cream Corn, Canned Baby Corn in Brine",FOODEX JAPAN 2025 / 2025 Japan Meat Industry Fair 49th,https://www.jma-tradeshow.com/foodex/webguide_en/datafile/product_image1_5044.jpg,https://www.jma-tradeshow.com/foodex/webguide_en/product.php?no=5044
5047,Canned Baby Corn in Brine,Canned Products | Vegan | Halal | Kosher,"Retail, Wholesale, Distributor, Importer","Non GMO, No Additive, No preservative",ISO9001 | Other HACCP | HALAL | FDA | GMP | GAP | BRC,We don't have an importer,MAJESTIC FOOD INDUSTRY COMPANY LIMITED,https://www.majesticsweetcorn.com,Overseas exhibitors | Exportable | Co-exhibitor | Organizer : THAILAND,National Pavilion,E4-A21-3,"Ready to Eat Corn on the Cob, Canned Sweet Corn Vacuum Packed, Canned Sweet Corn in Brine, Canned Cream Corn, Canned Baby Corn in Brine",FOODEX JAPAN 2025 / 2025 Japan Meat Industry Fair 49th,https://www.jma-tradeshow.com/foodex/webguide_en/datafile/product_image1_173590002569.jpg,https://www.jma-tradeshow.com/foodex/webguide_en/product.php?no=5047
5048,WEIN - WHITE WINE - CZECH WINE - MORAVIAN WINE - LAHOFER - GRÜNER VELTLINER - VOC Znojmo - batch number 8723,Still wines - red | Still wines - rose | Still wines - white | Sparkling wines | Fortified wines | Flavored wines | Dessert wines | Organic wines | Vegan wines | Fruit and flavored | Non-alcoholic wines | Low-alcoholic wines | Beer | Japanese Sake | Shochu | Fruit Liqueur | Spirits | Whiskey | Others,"Restaurants, bars, wine bars, hotels, chain stores, supermarkets and specialized wine shops. Manufacturers and distributors of alcoholic beverages. Agriculture and wineries. Grape growers and winegrowers. Manufacturers of technology and equipment for growing vines and making wine. Tourism and experience services. Wine tourism: wine trails, wine tastings, visits to wineries. Luxury travel associated with wine regions. Trade and export. International trade and distribution of wines. Wholesalers and intermediaries in wine markets. Marketing and lifestyle. Wine and gastronomy media (magazines, blogs, social networks). Events such as wine festivals, competitions and exhibitions.","renowned wine region, wine produced in the Czech Republic, made according to traditional methods with modern elements, Exceptional flavour profile, Ideal food pairing, Premium wine at an exceptional price, symbol of luxury or romantic evening, part of celebrations and special moments, For wine lovers, For occasional consumers, wine sales, best wine, wine for the evening, quality wine, dry red wine, sweet red wine, best red wine, red wine from Moravia, red wine pairing with food, dry white wine, best white wine, sweet white wine, Moravian white wine, white wine with fish, white wine pairing, white grape wine, rosé wine for dinner, best rosé wine, wine for birthday, luxury wine as a gift, wine with customized label, wine for anniversary, wine from Moravia, wine from Moravia, South Moravia winery, wine with fish, wine with cheese, wine with meat, wine with dessert, wine and food pairing, what wine for dinner, wine for barbecue, wine for romantic dinner, premium wine, luxury wine",EU-HACCP,We have an importer,BlueTouch Export,https://bluetouchexport.com/,Overseas exhibitors | Exportable | Product display only | Co-exhibitor | Organizer : Ministry of Agriculture of the Czech Republic,National Pavilion,E2-S17-00,"alcohol, wine, beer, red wine, white wine, mead, absinth, wine from Moravia, Czech beer, brewery, winery, Czech, Prague, cocktails, drinks, bars, hops, sparkling wine, prosecco, frizante, still wine, wine cellar, awards, medals, South Moravia, alcoholic Beverages, Czech Republic, the best wine, the best beer",FOODEX JAPAN 2025 / 2025 Japan Meat Industry Fair 49th,https://www.jma-tradeshow.com/foodex/webguide_en/datafile/product_image1_173590025788.jpg,https://www.jma-tradeshow.com/foodex/webguide_en/product.php?no=5048
5050,WEIN - WHITE WINE - CZECH WINE - MORAVIAN WINE - LAHOFER - SAUVIGNON - VOC Znojmo - batch number 3323,Still wines - red | Still wines - rose | Still wines - white | Sparkling wines | Fortified wines | Flavored wines | Dessert wines | Organic wines | Vegan wines | Fruit and flavored | Non-alcoholic wines | Low-alcoholic wines | Beer | Japanese Sake | Shochu | Fruit Liqueur | Spirits | Whiskey | Others,"Restaurants, bars, wine bars, hotels, chain stores, supermarkets and specialized wine shops. Manufacturers and distributors of alcoholic beverages. Agriculture and wineries. Grape growers and winegrowers. Manufacturers of technology and equipment for growing vines and making wine. Tourism and experience services. Wine tourism: wine trails, wine tastings, visits to wineries. Luxury travel associated with wine regions. Trade and export. International trade and distribution of wines. Wholesalers and intermediaries in wine markets. Marketing and lifestyle. Wine and gastronomy media (magazines, blogs, social networks). Events such as wine festivals, competitions and exhibitions.","renowned wine region, wine produced in the Czech Republic, made according to traditional methods with modern elements, Exceptional flavour profile, Ideal food pairing, Premium wine at an exceptional price, symbol of luxury or romantic evening, part of celebrations and special moments, For wine lovers, For occasional consumers, wine sales, best wine, wine for the evening, quality wine, dry red wine, sweet red wine, best red wine, red wine from Moravia, red wine pairing with food, dry white wine, best white wine, sweet white wine, Moravian white wine, white wine with fish, white wine pairing, white grape wine, rosé wine for dinner, best rosé wine, wine for birthday, luxury wine as a gift, wine with customized label, wine for anniversary, wine from Moravia, wine from Moravia, South Moravia winery, wine with fish, wine with cheese, wine with meat, wine with dessert, wine and food pairing, what wine for dinner, wine for barbecue, wine for romantic dinner, premium wine, luxury wine",EU-HACCP,We have an importer,BlueTouch Export,https://bluetouchexport.com/,Overseas exhibitors | Exportable | Product display only | Co-exhibitor | Organizer : Ministry of Agriculture of the Czech Republic,National Pavilion,E2-S17-00,"alcohol, wine, beer, red wine, white wine, mead, absinth, wine from Moravia, Czech beer, brewery, winery, Czech, Prague, cocktails, drinks, bars, hops, sparkling wine, prosecco, frizante, still wine, wine cellar, awards, medals, South Moravia, alcoholic Beverages, Czech Republic, the best wine, the best beer",FOODEX JAPAN 2025 / 2025 Japan Meat Industry Fair 49th,https://www.jma-tradeshow.com/foodex/webguide_en/datafile/product_image1_173590142004.jpg,https://www.jma-tradeshow.com/foodex/webguide_en/product.php?no=5050
5051,WEIN - WHITE WINE - CZECH WINE - MORAVIAN WINE - LAHOFER - GEWÜRTZTRAMINER- land wine - batch number 6922,Still wines - red | Still wines - rose | Still wines - white | Sparkling wines | Fortified wines | Flavored wines | Dessert wines | Organic wines | Vegan wines | Fruit and flavored | Non-alcoholic wines | Low-alcoholic wines | Beer | Japanese Sake | Shochu | Fruit Liqueur | Spirits | Whiskey | Others,"Restaurants, bars, wine bars, hotels, chain stores, supermarkets and specialized wine shops. Manufacturers and distributors of alcoholic beverages. Agriculture and wineries. Grape growers and winegrowers. Manufacturers of technology and equipment for growing vines and making wine. Tourism and experience services. Wine tourism: wine trails, wine tastings, visits to wineries. Luxury travel associated with wine regions. Trade and export. International trade and distribution of wines. Wholesalers and intermediaries in wine markets. Marketing and lifestyle. Wine and gastronomy media (magazines, blogs, social networks). Events such as wine festivals, competitions and exhibitions.","renowned wine region, wine produced in the Czech Republic, made according to traditional methods with modern elements, Exceptional flavour profile, Ideal food pairing, Premium wine at an exceptional price, symbol of luxury or romantic evening, part of celebrations and special moments, For wine lovers, For occasional consumers, wine sales, best wine, wine for the evening, quality wine, dry red wine, sweet red wine, best red wine, red wine from Moravia, red wine pairing with food, dry white wine, best white wine, sweet white wine, Moravian white wine, white wine with fish, white wine pairing, white grape wine, rosé wine for dinner, best rosé wine, wine for birthday, luxury wine as a gift, wine with customized label, wine for anniversary, wine from Moravia, wine from Moravia, South Moravia winery, wine with fish, wine with cheese, wine with meat, wine with dessert, wine and food pairing, what wine for dinner, wine for barbecue, wine for romantic dinner, premium wine, luxury wine",EU-HACCP,We have an importer,BlueTouch Export,https://bluetouchexport.com/,Overseas exhibitors | Exportable | Product display only | Co-exhibitor | Organizer : Ministry of Agriculture of the Czech Republic,National Pavilion,E2-S17-00,"alcohol, wine, beer, red wine, white wine, mead, absinth, wine from Moravia, Czech beer, brewery, winery, Czech, Prague, cocktails, drinks, bars, hops, sparkling wine, prosecco, frizante, still wine, wine cellar, awards, medals, South Moravia, alcoholic Beverages, Czech Republic, the best wine, the best beer",FOODEX JAPAN 2025 / 2025 Japan Meat Industry Fair 49th,https://www.jma-tradeshow.com/foodex/webguide_en/datafile/product_image1_173590293196.jpg,https://www.jma-tradeshow.com/foodex/webguide_en/product.php?no=5051
5052,WEIN - ROSE WINE - CZECH WINE - MORAVIAN WINE - LAHOFER - ROSE LAHOFER - late harvest - batch number 5523,Still wines - red | Still wines - rose | Still wines - white | Sparkling wines | Fortified wines | Flavored wines | Dessert wines | Organic wines | Vegan wines | Fruit and flavored | Non-alcoholic wines | Low-alcoholic wines | Beer | Japanese Sake | Shochu | Fruit Liqueur | Spirits | Whiskey | Others,"Restaurants, bars, wine bars, hotels, chain stores, supermarkets and specialized wine shops. Manufacturers and distributors of alcoholic beverages. Agriculture and wineries. Grape growers and winegrowers. Manufacturers of technology and equipment for growing vines and making wine. Tourism and experience services. Wine tourism: wine trails, wine tastings, visits to wineries. Luxury travel associated with wine regions. Trade and export. International trade and distribution of wines. Wholesalers and intermediaries in wine markets. Marketing and lifestyle. Wine and gastronomy media (magazines, blogs, social networks). Events such as wine festivals, competitions and exhibitions.","renowned wine region, wine produced in the Czech Republic, made according to traditional methods with modern elements, Exceptional flavour profile, Ideal food pairing, Premium wine at an exceptional price, symbol of luxury or romantic evening, part of celebrations and special moments, For wine lovers, For occasional consumers, wine sales, best wine, wine for the evening, quality wine, dry red wine, sweet red wine, best red wine, red wine from Moravia, red wine pairing with food, dry white wine, best white wine, sweet white wine, Moravian white wine, white wine with fish, white wine pairing, white grape wine, rosé wine for dinner, best rosé wine, wine for birthday, luxury wine as a gift, wine with customized label, wine for anniversary, wine from Moravia, wine from Moravia, South Moravia winery, wine with fish, wine with cheese, wine with meat, wine with dessert, wine and food pairing, what wine for dinner, wine for barbecue, wine for romantic dinner, premium wine, luxury wine",EU-HACCP,We have an importer,BlueTouch Export,https://bluetouchexport.com/,Overseas exhibitors | Exportable | Product display only | Co-exhibitor | Organizer : Ministry of Agriculture of the Czech Republic,National Pavilion,E2-S17-00,"alcohol, wine, beer, red wine, white wine, mead, absinth, wine from Moravia, Czech beer, brewery, winery, Czech, Prague, cocktails, drinks, bars, hops, sparkling wine, prosecco, frizante, still wine, wine cellar, awards, medals, South Moravia, alcoholic Beverages, Czech Republic, the best wine, the best beer",FOODEX JAPAN 2025 / 2025 Japan Meat Industry Fair 49th,https://www.jma-tradeshow.com/foodex/webguide_en/datafile/product_image1_173590328819.jpg,https://www.jma-tradeshow.com/foodex/webguide_en/product.php?no=5052
5076,Dried Fruits,Dried Fruits | Vegetarian | Vegan | Halal | Kosher | Organic Products | Dates & Date Palm Products | Dried Fruit & Vegetables | Nuts | Rice Crackers & Healthy Snacks,,Goodness grown and picked with care from around the world,,We have an importer,MEM Fairway Inc.,https://memfairway.com/,"Overseas exhibitors | Exportable | Co-exhibitor | Organizer : Agricultural Trade Office, U.S. Embassy",National Pavilion,E4-C12-C29,"Nuts, Dried Fruits, Seeds & Grains",FOODEX JAPAN 2025 / 2025 Japan Meat Industry Fair 49th,,https://www.jma-tradeshow.com/foodex/webguide_en/product.php?no=5076
5077,Seeds & Grains,Dried Fruits | Vegetarian | Vegan | Halal | Kosher | Organic Products | Dried Fruit & Vegetables | Nuts | Rice Crackers & Healthy Snacks,,Embrace versatility and health benefits of satisfying products,,We have an importer,MEM Fairway Inc.,https://memfairway.com/,"Overseas exhibitors | Exportable | Co-exhibitor | Organizer : Agricultural Trade Office, U.S. Embassy",National Pavilion,E4-C12-C29,"Nuts, Dried Fruits, Seeds & Grains",FOODEX JAPAN 2025 / 2025 Japan Meat Industry Fair 49th,,https://www.jma-tradeshow.com/foodex/webguide_en/product.php?no=5077
5088,Egg Tart Filling Liquid Base,Frozen Baked Goods,"This product is designed for professional B2B buyers engaged in dessert and bakery production. Primary target sectors include industrial bakery and pastry manufacturers producing egg tarts and custard-based desserts for retail and foodservice markets. Frozen dessert manufacturers requiring stable and standardized liquid fillings for large-scale production are also a key target group. | | Additional target sectors include OEM and ODM food manufacturers, as well as central kitchen operators supplying bakery chains, café chains, and convenience store dessert programs. Importers, distributors, and private label developers specializing in frozen or chilled bakery products are also included. The product is positioned to support professional buyers seeking consistent quality, scalable supply, and reliable performance for commercial dessert production.","This product is pasteurized to ensure food safety and stability, making it suitable for industrial production and frozen distribution. The liquid format enables easy handling, accurate portion control, and consistent results in large-scale operations. | | Designed for B2B use, it delivers uniform taste and texture while reducing preparation time and labor requirements. The formulation can be customized according to customer specifications and application needs, supporting OEM and ODM projects. It provides a reliable solution for professional buyers seeking efficiency, consistency, and quality in egg tart production.",,,CHINYI EGGS TECHNOLOGY,,Overseas exhibitors | Exportable | Co-exhibitor | Organizer : Taiwan External Trade Development Council,National Pavilion,E5-A30-160,,FOODEX JAPAN 2026 / 2026 Japan Meat Industry Fair 50th,https://www.jma-tradeshow.com/foodex/webguide_en/datafile/product_image1_5088.jpg,https://www.jma-tradeshow.com/foodex/webguide_en/product.php?no=5088
5118,Lark Hill Nero D'Avola,Still wines - red | Vegan wines,"Restaurants, Bars, Hotels, Bottleshops | |","Nero d’Avola is regarded as ‘the most important red grape in Sicily’ and it’s easy to see how well this variety translates to Australia’s climate and cuisine. A grapevine that thrives in hot, dry conditions, Nero produces a medium-full bodied red wine with characters of of red fruits, coffee and warm spice, mouthfilling juiciness and fine, balanced tannins. | | We used 30% whole bunches to emphasise its spiciness and matured the wine in seasoned French oak.",,We don't have an importer,Lark Hill Winery,https://larkhill.wine/,Overseas exhibitors | Exportable | Co-exhibitor | Organizer : Investment NSW,National Pavilion,E3-L15-00,Lark Hill Riesling | Lark Hill Pinot Noir | Lark Hill Nero D'Avola,FOODEX JAPAN 2025 / 2025 Japan Meat Industry Fair 49th,,https://www.jma-tradeshow.com/foodex/webguide_en/product.php?no=5118
5128,NAYA KOMBU（KELP）,Dry Seafood | Seafood,Food trading company,This is kombu with reduced amount of iodine.,ISO9001 | US-HACCP,We don't have an importer,Maruzen Naya Syoten,,Japan exhibitors | Exportable | Co-exhibitor | Organizer : Sapporo Food And Tourism International Promotion Executive Committee,Exports from Japan,S1-P06-00,"Organic Kombu(Kelp),Organic Rishiri Kombu,Organic Wakame,Tororo Kombu,Dashi Kombu",FOODEX JAPAN 2025 / 2025 Japan Meat Industry Fair 49th,,https://www.jma-tradeshow.com/foodex/webguide_en/product.php?no=5128
5150,"Mentaiko cornet, coconut",Seafood,,"""Mentaiko Cornet"" is an innovative product created to expand the possibilities of spicy mentaiko. | Traditionally, spicy mentaiko is generally soaked in a Korean-style chili seasoning, but we go beyond this method and propose a new way to enjoy it by fusing it with various food cultures from around the world. | There are challenges in achieving a variety of flavors while maintaining the shape of spicy mentaiko, and the traditional method of soaking it in a seasoning has its limitations. | Therefore, we adopted the idea of ​​""putting it inside"" rather than ""soaking it"". | We developed a technology to fit fillings inside spicy mentaiko while maintaining its beautiful shape, and we are currently applying for a patent for this manufacturing method. | We offer a new taste experience with a variety of fillings while maintaining the natural beauty of spicy mentaiko. | ""Mentaiko Cornet Coconut"" contains coconut filling inside spicy mentaiko. | In addition, the addition of mascarpone cheese creates a smooth texture and depth of flavor, making it easy to eat. | Finally, a sprinkling of shredded coconut is added, creating an amazing combination of its unique flavor and the punchy spiciness of the mentaiko.",ISO22000,We don't have an importer,test,https://yamatobioletz.co.jp/,Japan exhibitors | Exportable | Co-exhibitor | Organizer : Fukuoka Chamber of Commerce and Industry,Exports from Japan,S1-C06-00,"Cod cornet (seaweed, cheese, sea urchin), Mentaiko cornet (tomato, coconut), plain spicy mentaiko (additive-free)",FOODEX JAPAN 2025 / 2025 Japan Meat Industry Fair 49th,,https://www.jma-tradeshow.com/foodex/webguide_en/product.php?no=5150
5151,"Hoshi no Tsubu,Mentaiko",Seafood,,"""Hoshi no Tsubu"" is a rising star in the cod roe world, pursuing the ""intrinsic value"" of cod roe and committed to Japanese quality, offering everything premium. | The ovaries of Alaska pollock, the raw material, come in seven stages of maturity, but we only use the ""mako"" that is most suitable for spicy cod roe. | Of these, we have carefully selected only the ""mako among mako"" that have the right graininess, firmness of the roe, and thickness of skin that meet our strict in-house standards. | In our desire to deliver something as close to fresh as possible, we have narrowed it down to domestic routes that allow us to procure the caught ingredients without freezing, and we are committed to using only ingredients from Hokkaido. | Making it possible to procure the ingredients via the shortest route, we salt and season them all in one go, and then CAS freeze them. | With the CAS freezing process and strict quality control, we do our utmost to maintain safety, security, and quality.",ISO22000,We don't have an importer,test,https://yamatobioletz.co.jp/,Japan exhibitors | Exportable | Co-exhibitor | Organizer : Fukuoka Chamber of Commerce and Industry,Exports from Japan,S1-C06-00,"Cod cornet (seaweed, cheese, sea urchin), Mentaiko cornet (tomato, coconut), plain spicy mentaiko (additive-free)",FOODEX JAPAN 2025 / 2025 Japan Meat Industry Fair 49th,,https://www.jma-tradeshow.com/foodex/webguide_en/product.php?no=5151
5170,"Tarako cornet, seaweed",Seafood,,"""Tarako Cornet"" is an innovative product created to expand the possibilities of cod roe. | Traditionally, spicy mentaiko is generally soaked in a Korean-style chili seasoning, but we go beyond this method and propose a new way to enjoy it by fusing it with various food cultures from around the world. | There are challenges in achieving a variety of flavors while maintaining the shape of the cod roe, and the traditional method of soaking it in seasoning has its limitations. | Therefore, we adopted the idea of ​​""putting it inside"" rather than ""soaking it"". | We developed a technology to fit fillings inside the cod roe while maintaining its beautiful shape, and we are currently applying for a patent for this manufacturing method. | We offer a new taste experience with a variety of fillings while maintaining the natural beauty of the cod roe. | ""Tarako Cornet Seaweed"" contains seaweed filling inside raw cod roe. | You can enjoy a different taste than usual while maintaining the texture of the cod roe. | The synergistic effect of the sweetness of the fruit and the rich aroma of barley shochu creates an exquisite harmony.",ISO22000,We don't have an importer,test,https://yamatobioletz.co.jp/,Japan exhibitors | Exportable | Co-exhibitor | Organizer : Fukuoka Chamber of Commerce and Industry,Exports from Japan,S1-C06-00,"Cod cornet (seaweed, cheese, sea urchin), Mentaiko cornet (tomato, coconut), plain spicy mentaiko (additive-free)",FOODEX JAPAN 2025 / 2025 Japan Meat Industry Fair 49th,,https://www.jma-tradeshow.com/foodex/webguide_en/product.php?no=5170
5198,Suppin Mentaiko Fukami,Seafood,,"""Suppin Mentaiko Fukami"" is a product that pursues the natural deliciousness of cod roe without using any additives. | In response to customer requests for ""spicy mentaiko that can be eaten with peace of mind,"" we have completely eliminated commonly used additives such as preservatives, colorings, umami seasonings, and enzymes. | However, there was an issue with manufacturing methods that do not use additives, as the granular texture was lost. | To solve this issue, after much trial and error, we arrived at ""Himalayan Red Rock Salt."" | The minerals contained in this ""Himalayan Red Rock Salt"" bring out the granular texture of the cod roe and achieve a natural flavor. | In addition, to maintain the mineral balance, we closely monitor the condition of the cod roe from the desalting process and carefully finish it. | The resulting ""Suppin Mentaiko Fukami"" delivers a special eating experience that is familiar to the body.",ISO22000,We don't have an importer,test,https://yamatobioletz.co.jp/,Japan exhibitors | Exportable | Co-exhibitor | Organizer : Fukuoka Chamber of Commerce and Industry,Exports from Japan,S1-C06-00,"Cod cornet (seaweed, cheese, sea urchin), Mentaiko cornet (tomato, coconut), plain spicy mentaiko (additive-free)",FOODEX JAPAN 2025 / 2025 Japan Meat Industry Fair 49th,,https://www.jma-tradeshow.com/foodex/webguide_en/product.php?no=5198
5200,SAMPOUYAKI,Baked Goods | Frozen Baked Goods | Savoury Baked Products,retail store,"Rice Flour, Gluten Free,",US-HACCP,We don't have an importer,"WAKAMATSUYA Co., Ltd.",https://www.wakamatsuya.co.jp,Japan exhibitors | Exportable | Co-exhibitor | Organizer : Mie Prefecture,Local Specialities in Japan,S2-M06-00,"Deep fry Fish Cake, Japanese Pancake",FOODEX JAPAN 2025 / 2025 Japan Meat Industry Fair 49th,https://www.jma-tradeshow.com/foodex/webguide_en/datafile/product_image1_5200.jpg,https://www.jma-tradeshow.com/foodex/webguide_en/product.php?no=5200
5203,Black Raspberry Wine Bohae 'Bokbunjajoo',Still wines - red | Still wines - rose | Still wines - white | Sparkling wines | Fortified wines | Flavored wines | Dessert wines | Organic wines | Vegan wines | Fruit and flavored | Non-alcoholic wines | Low-alcoholic wines | Beer | Japanese Sake | Shochu | Fruit Liqueur | Spirits | Whiskey | Others,"The Legendary Power , Bohae Bokbunjajoo Made with real Korean black raspberries.","The Bohae Bokbunjajoo released in 2003 is a high quality traditional wine born out of a long exhaustive research by Bohae Brewery. | The drink offers distinctive flavor, aroma and the enchantingly beautiful hue of wild mountain black raspberries and is fermented with enzymes optimal to bring out the flavor and the aroma of the raspberries, and completed using our special technique to maintain the ideal temperature for fermentation. | The Bokbunjajoo by Bohae unequivocally ranks at the top in the local Bokbunjajoo market, and has been the signature product of Bohae exported across the world to more than 20 countries.",ISO9001 | Other HACCP,We have an importer,"BOHAE BREWERY CO., LTD.",http://www.bohae.co.kr/,Overseas exhibitors | Exportable | Co-exhibitor | Organizer : Korea Agro-Fisheries & Food Trade Corporation,National Pavilion,E5-A20-00,"Black Raspberry Wine 'Bohae Bokbunjajoo', | The Premium Plum Wine 'Matchsoon 15years', | Korean Soju 'Bohae Soju', | Korean Frui- Flavored Soju 'Yipseju', | Korean Traditional Rice Wine 'Soony' |",FOODEX JAPAN 2025 / 2025 Japan Meat Industry Fair 49th,https://www.jma-tradeshow.com/foodex/webguide_en/datafile/product_image1_5203.jpg,https://www.jma-tradeshow.com/foodex/webguide_en/product.php?no=5203
5230,Red Vinegar for Sushi and Salad,Liquid Seasoning | Vinegar,"Retail stores, Supermarkets, Restaurants, Health-conscious Customers |","Red vinegar made from sakekasu with a reddish tinge from aging, with sugar and salt added. Simple and authentic sushi vinegar with no food additives.",,We don't have an importer,"TOEI Co.,Ltd",https://mikurasu.jp/en,Japan exhibitors | Exportable | Co-exhibitor | Organizer : Yokkaichi Chamber of Commerce and Industry,Exports from Japan,S1-C15-00,"・Brown Rice Black Vinegar ""Shizuka"" | ・Sakekasu Red Vinegar ""Akane"" | ・Sakekasu White Vinegar ""Gekka"" | ・Red Vinegar for Sushi and Salad | ・White Vinegar for Sushi and Salad | ・Blend of Vinegar and Fruit juice ""&vinegar""",FOODEX JAPAN 2025 / 2025 Japan Meat Industry Fair 49th,https://www.jma-tradeshow.com/foodex/webguide_en/datafile/product_image1_173621485513.jpg,https://www.jma-tradeshow.com/foodex/webguide_en/product.php?no=5230
5245,Brown Rice Black Vinegar Shizuka,Liquid Seasoning | Vinegar,"Retail stores, Supermarkets, Restaurants, Health-conscious Customers",Shizuka is made from brown rice sake produced in Mie Prefecture and slowly fermented in wooden barrels using the static fermentation method. | It is an aged brown rice black vinegar with a flavorful rich taste.,,We don't have an importer,"TOEI Co.,Ltd",https://mikurasu.jp/en,Japan exhibitors | Exportable | Co-exhibitor | Organizer : Yokkaichi Chamber of Commerce and Industry,Exports from Japan,S1-C15-00,"・Brown Rice Black Vinegar ""Shizuka"" | ・Sakekasu Red Vinegar ""Akane"" | ・Sakekasu White Vinegar ""Gekka"" | ・Red Vinegar for Sushi and Salad | ・White Vinegar for Sushi and Salad | ・Blend of Vinegar and Fruit juice ""&vinegar""",FOODEX JAPAN 2025 / 2025 Japan Meat Industry Fair 49th,https://www.jma-tradeshow.com/foodex/webguide_en/datafile/product_image1_173621699221.jpg,https://www.jma-tradeshow.com/foodex/webguide_en/product.php?no=5245
5247,KOREAN RED GINSENG POWDER,Fortified & Functional Products | Supplements | Health & Wellness Products,"Retailers, Suppliers, Supermarket, Store, Importer","Boost Immunity, Relieve from Fatigue, May Improve Memory, Helps to Maintain Healthy Blood Flow",Other HACCP | GMP,We don't have an importer,"KOREA GINSENG BIO-SCIENCE CO.,LTD.",http://www.koreaginsengco.com/index.php?leng=en,Overseas exhibitors | Exportable | Co-exhibitor | Organizer : Korea Agro-Fisheries & Food Trade Corporation,National Pavilion,E5-A20-00,"Jin Saponin Capsule, Korean Red Ginseng Powder, Korean Red Ginseng Extract Every Well Being, Korean Red Ginseng Kid and Friend, Korean Ginseng Tea",FOODEX JAPAN 2025 / 2025 Japan Meat Industry Fair 49th,https://www.jma-tradeshow.com/foodex/webguide_en/datafile/product_image1_173621741822.jpg,https://www.jma-tradeshow.com/foodex/webguide_en/product.php?no=5247
5248,KOREAN RED GINSENG EXTRACT EVERY WELL-BEING,Fortified & Functional Products | Supplements | Health & Wellness Products,"Retailers, Suppliers, Supermarket, Store, Importers","Boost Immunity, Relieve from Fatigue, May Improve Memory, Helps to Maintain Healthy Blood Flow",Other HACCP | GMP,We have an importer,"KOREA GINSENG BIO-SCIENCE CO.,LTD.",http://www.koreaginsengco.com/index.php?leng=en,Overseas exhibitors | Exportable | Co-exhibitor | Organizer : Korea Agro-Fisheries & Food Trade Corporation,National Pavilion,E5-A20-00,"Jin Saponin Capsule, Korean Red Ginseng Powder, Korean Red Ginseng Extract Every Well Being, Korean Red Ginseng Kid and Friend, Korean Ginseng Tea",FOODEX JAPAN 2025 / 2025 Japan Meat Industry Fair 49th,https://www.jma-tradeshow.com/foodex/webguide_en/datafile/product_image1_173621779507.jpg,https://www.jma-tradeshow.com/foodex/webguide_en/product.php?no=5248
5264,Sakekasu Red Vinegar Akane,Liquid Seasoning | Vinegar,"Retail stores, Supermarkets, Restaurants, Health-conscious Customers","Akane is made from red, matured sakekasu produced in Mie Prefecture, and gently fermented in wooden barrels using the surface fermentation method. | It is an aged sakekasu red vinegar with a rich aroma and flavor.",,We don't have an importer,"TOEI Co.,Ltd",https://mikurasu.jp/en,Japan exhibitors | Exportable | Co-exhibitor | Organizer : Yokkaichi Chamber of Commerce and Industry,Exports from Japan,S1-C15-00,"・Brown Rice Black Vinegar ""Shizuka"" | ・Sakekasu Red Vinegar ""Akane"" | ・Sakekasu White Vinegar ""Gekka"" | ・Red Vinegar for Sushi and Salad | ・White Vinegar for Sushi and Salad | ・Blend of Vinegar and Fruit juice ""&vinegar""",FOODEX JAPAN 2025 / 2025 Japan Meat Industry Fair 49th,https://www.jma-tradeshow.com/foodex/webguide_en/datafile/product_image1_173622346430.jpg,https://www.jma-tradeshow.com/foodex/webguide_en/product.php?no=5264
5266,KOREAN RED GINSENG KID AND FRIEND,Fortified & Functional Products | Supplements | Health & Wellness Products,"Retailers, Suppliers, Supermarket, Store, Importers","Boost Immunity, Relieve from Fatigue, May Improve Memory, Helps to Maintain Healthy Blood Flow",Other HACCP | GMP,We have an importer,"KOREA GINSENG BIO-SCIENCE CO.,LTD.",http://www.koreaginsengco.com/index.php?leng=en,Overseas exhibitors | Exportable | Co-exhibitor | Organizer : Korea Agro-Fisheries & Food Trade Corporation,National Pavilion,E5-A20-00,"Jin Saponin Capsule, Korean Red Ginseng Powder, Korean Red Ginseng Extract Every Well Being, Korean Red Ginseng Kid and Friend, Korean Ginseng Tea",FOODEX JAPAN 2025 / 2025 Japan Meat Industry Fair 49th,https://www.jma-tradeshow.com/foodex/webguide_en/datafile/product_image1_173622417081.jpg,https://www.jma-tradeshow.com/foodex/webguide_en/product.php?no=5266
5309,Brokenwood Semillon Hunter Valley,Still wines - white,"Restaurants, retailers","Elegant colour hue. This wine has aromas and flavours of citrus and lime, and there is good balance in acidity and fruits aromas and flavours. The finish is clean. This wine can meet Japanese dishes well.",,We have an importer,Brokenwood Wines,,Overseas exhibitors | Exportable | Co-exhibitor | Organizer : Investment NSW,National Pavilion,E3-L15-00,"Australia Wine, Hunter Valley, Hunter Semillon",FOODEX JAPAN 2025 / 2025 Japan Meat Industry Fair 49th,https://www.jma-tradeshow.com/foodex/webguide_en/datafile/product_image1_173623690709.jpg,https://www.jma-tradeshow.com/foodex/webguide_en/product.php?no=5309
5313,Tea Discoveries Mango & Bergamot Tea Caddy,Tea,,"This sweet yet sophisticated green tea is perfect for adding a twist of summer exoticism to an afternoon spread, delicately blended with flavours of mango, lulo and bergamot. A Great Taste Award winner in both 2013 and 2014, the judges admired the teas good sweetness on the finish, describing it as clean and sweet throughout. High-quality green tea leaves form the base of the blend, picked in early spring and steamed and rolled to maintain their verdant colour and herby taste. Scattered with rose, sunflower and blue cornflower petals, our aromatic Mango & Bergamot is as beautiful as it is delicious. | | As part of the beautiful Tea Discoveries range, we’ve created a bespoke caddy for our Mango & Bergamot with a pattern inspired by the 18th-century hot houses. Aristocratic families used to compete to see who could grow the biggest pineapple.",,We have an importer,Whittard of Chelsea,https://www.whittard.com/,Overseas exhibitors | Exportable | Co-exhibitor | Organizer : UK Group Organiser - PS8 Limited,National Pavilion,E3-C09-F,"Tea, hot chocolate, coffee, instant tea, giftset, christmas items",FOODEX JAPAN 2025 / 2025 Japan Meat Industry Fair 49th,https://www.jma-tradeshow.com/foodex/webguide_en/datafile/product_image1_5313.jpg,https://www.jma-tradeshow.com/foodex/webguide_en/product.php?no=5313
5315,Cuttlefish Ball,Frozen Seafood | Seafood,"Cuttlefish, Fishball, Fishery Product",TW and oversea,ISO22000 | Other HACCP,We don't have an importer,"YUAN BAO FREEZING FOODS CO., LTD.",https://www.yuan-bao.com.tw,Overseas exhibitors | Exportable | Co-exhibitor | Organizer : Taiwan External Trade Development Council,National Pavilion,E5-A02-00,"Cuttlefish Ball, Codfish Ball,",FOODEX JAPAN 2025 / 2025 Japan Meat Industry Fair 49th,https://www.jma-tradeshow.com/foodex/webguide_en/datafile/product_image1_5315.jpg,https://www.jma-tradeshow.com/foodex/webguide_en/product.php?no=5315
5316,Codfish Ball,Frozen Seafood | Seafood,"Codfish Ball,Fishery Product",TW & Oversea,ISO22000 | Other HACCP,We don't have an importer,"YUAN BAO FREEZING FOODS CO., LTD.",https://www.yuan-bao.com.tw,Overseas exhibitors | Exportable | Co-exhibitor | Organizer : Taiwan External Trade Development Council,National Pavilion,E5-A02-00,"Cuttlefish Ball, Codfish Ball,",FOODEX JAPAN 2025 / 2025 Japan Meat Industry Fair 49th,https://www.jma-tradeshow.com/foodex/webguide_en/datafile/product_image1_5316.jpg,https://www.jma-tradeshow.com/foodex/webguide_en/product.php?no=5316
5318,Coffees of the World Gift Set,Coffee,"retail, gifting, department store, premium","From light, fruity, delicate coffees sourced at the very birthplace of coffee itself to powerful, dark flavours of chocolate, caramel sweetness and even spice. Whatever your preference there’s something here for you to explore. Selected from across the globe for their premium quality and stunning taste these nine coffees are sure to get even the most experienced coffee lover falling head over heels. | | Santos & Java - Dark Roast | Guatemala Elephant - Dark Roast | San Agustin Colombia - Medium Roast | Monsoon Malabar - Dark Roast | Sumatra - Dark Roast | Mocha Djimmah - Light Medium Roast | Dominican Republic (limited edition) - Medium Roast | Ethiopia Yirgacheffe - Light Roast | Kenya Peaberry - Light Roast | | |",,We don't have an importer,Whittard of Chelsea,https://www.whittard.com/,Overseas exhibitors | Exportable | Co-exhibitor | Organizer : UK Group Organiser - PS8 Limited,National Pavilion,E3-C09-F,"Tea, hot chocolate, coffee, instant tea, giftset, christmas items",FOODEX JAPAN 2025 / 2025 Japan Meat Industry Fair 49th,https://www.jma-tradeshow.com/foodex/webguide_en/datafile/product_image1_173623953315.jpg,https://www.jma-tradeshow.com/foodex/webguide_en/product.php?no=5318
5321,"Fish Paste with Fish Roe, Scallop and Squid",Frozen Seafood | Seafood,"Fish Roe, Scallop, Squid, Fishery Product",TW & Oversea,ISO22000 | Other HACCP,We don't have an importer,"YUAN BAO FREEZING FOODS CO., LTD.",https://www.yuan-bao.com.tw,Overseas exhibitors | Exportable | Co-exhibitor | Organizer : Taiwan External Trade Development Council,National Pavilion,E5-A02-00,"Cuttlefish Ball, Codfish Ball,",FOODEX JAPAN 2025 / 2025 Japan Meat Industry Fair 49th,https://www.jma-tradeshow.com/foodex/webguide_en/datafile/product_image1_5321.jpg,https://www.jma-tradeshow.com/foodex/webguide_en/product.php?no=5321
5323,"Fish Paste with Fish Roe, Scallop, and Shrimp",Frozen Seafood | Seafood,"Fish Roe, Scallop, Shrimp, Fishery Product",TW & Oversea,ISO22000 | Other HACCP,We don't have an importer,"YUAN BAO FREEZING FOODS CO., LTD.",https://www.yuan-bao.com.tw,Overseas exhibitors | Exportable | Co-exhibitor | Organizer : Taiwan External Trade Development Council,National Pavilion,E5-A02-00,"Cuttlefish Ball, Codfish Ball,",FOODEX JAPAN 2025 / 2025 Japan Meat Industry Fair 49th,https://www.jma-tradeshow.com/foodex/webguide_en/datafile/product_image1_173624027997.jpg,https://www.jma-tradeshow.com/foodex/webguide_en/product.php?no=5323
5355,Frozen Ready Meals,Frozen Ready Meals,"Ready to eat, Stir-fried Rice Noodles, Mango Sticky Rice, Chicken Green Curry, Crab Fried Rice, Shrimp Pad Thai, Tom Yum Goong, Curry, Fried Rice, Pad Thai, Tom Yum, frozen food","frozen food, good, delicious, cheap",,We don't have an importer,TRIMURATI FRUITS COMPANY LIMITED,https://www.trimuratifruits.com,Overseas exhibitors | Exportable | Co-exhibitor | Organizer : THAILAND,National Pavilion,E4-A21-43,"Frozen durian, frozen pineapple,frozen mangosteen, icecream sorbet, icecream sherbet,frozen shallot,frozen galangal,frozen chili,frozen lemongrass,frozen lime leaves,frozen fingerroot,fresh shallot,fresh lemongrass,fresh lime leaves,fresh fingerroot,fresh banana leaves,fresh banana blossom, fresh mango, fresh coconut,fresh durian,fresh mangosteen,dry lime leaves,dry galangal,dry chili,dry lemongrass",FOODEX JAPAN 2025 / 2025 Japan Meat Industry Fair 49th,https://www.jma-tradeshow.com/foodex/webguide_en/datafile/product_image1_5355.jpg,https://www.jma-tradeshow.com/foodex/webguide_en/product.php?no=5355
5359,MOCHI with soy-based filling,Cakes / Dessert | Japanese sweets | Frozen Ready Meals,Interested in Japanese food and Japanese sweets,"We wrapped sweet bean paste,a popular flavor with cream made from healthy,low-fat soy milk,in soft mochi",ISO22000 | FSSC22000,,"MINATOSEIKA Co.,Ltd.",http://www.niigata-minato.co.jp,Japan exhibitors | Exportable | Co-exhibitor | Organizer : Niigata Industrial Creation Organization,Exports from Japan,S2-N29-004,"MOCHI with soy-based filling,Pure milk cream daifuku,Skewer dumpling",FOODEX JAPAN 2026 / 2026 Japan Meat Industry Fair 50th,,https://www.jma-tradeshow.com/foodex/webguide_en/product.php?no=5359
5389,Plant Mate 8020 and Plant Mate SunbeanPRO,"Baked Goods | Cakes / Dessert | Gluten-free | Canned Products | Frozen Baked Goods | Frozen Seafood | Frozen Ready Meals | Vegetarian | Vegan | Kosher | Organic Products | Ready-to-eat Foods, Sealed Packaged Foods (e.g., curry, rice bowl toppings) | Plant-based / Alternative Foods","Industry, foodservice and retail","Organic plant-based textured protein ingredients made from EU peas, fava beans and Sunflower. Produced without isolates, soy, gluten, or additives. Developed for use in plant-based food applications such as meat alternatives, fish alternatives, bakery, and ready meals. Our products have excellent texture and a mild taste without any off flavors.",EU-HACCP | EU Organic Certification | IFS and Kosher,,ORGANIC PLANT PROTEIN,https://organicplantprotein.dk/,Overseas exhibitors | Exportable | Co-exhibitor | Organizer : DANISH INDUSTRY,National Pavilion,W4-Z23-008,"TVP | Plant Mate 8020, Plant Mate SunbeanPRO | Organic and conventional",FOODEX JAPAN 2026 / 2026 Japan Meat Industry Fair 50th,https://www.jma-tradeshow.com/foodex/webguide_en/datafile/product_image1_5389.jpg,https://www.jma-tradeshow.com/foodex/webguide_en/product.php?no=5389
5395,Pecana natural y de sabores,Health & Wellness Products | Rice Crackers & Healthy Snacks,snacks saludables,"mexico, usa, exportaciones",Other HACCP,We don't have an importer,Blue Mountain Pecan Nut,https://bmfoods.com.mx/,Overseas exhibitors | Exportable | Co-exhibitor | Organizer : MEXICO,National Pavilion,E4-C18-00,"Nuestra empresa mexicana es un homenaje a la rica tradición de las nueces pecanas en nuestro país. Con pasión y cuidado, seleccionamos las mejores nueces de nuestros campos para ofrecerte un producto 100% natural y de la más alta calidad. Desde las clásicas pecanas naturales hasta innovadoras combinaciones de sabores, cada bocado es una experiencia única y deliciosa.""",FOODEX JAPAN 2025 / 2025 Japan Meat Industry Fair 49th,,https://www.jma-tradeshow.com/foodex/webguide_en/product.php?no=5395
5401,"Twinfood Canola Oil, Refined.",Vegetarian | Vegan | Halal | Kosher | Vegetable & Animal Oils & Fats | Breakfast Cereals | Coffee Beans | Pulses | Rice | Wheat,"Importer, distributer, online store, supermarket chains.","As one the best healthy vegetable cooking oil, It contains more unsaturated fatty acid, Vitamin E, and sufficient omega 3, compare to other cooking oils. Omega 3 and Omega 6 is in golden ratio 1:2, just as the same ratio as in human body. Twinfood conventional refined canola oil with 3 or 4 liters package is an ideal daily cooking oil for our table. More nutritious and higher smoke point make the oil easily cook in our modern kitchen.",ISO9001 | US-HACCP,We don't have an importer,Canada Grand Enterprises Inc.,http://www.grand-Enterprises.com,Overseas exhibitors | Exportable | Co-exhibitor | Organizer : Agriculture and Agri-Food Canada,National Pavilion,E4-A07-13,"Cold Press Flaxseed Oil, Cold Press Canola Oil, Canola Oil Refined, Quick Oats, Rolled Oats, Flaxseed Ground.",FOODEX JAPAN 2025 / 2025 Japan Meat Industry Fair 49th,https://www.jma-tradeshow.com/foodex/webguide_en/datafile/product_image1_5401.jpg,https://www.jma-tradeshow.com/foodex/webguide_en/product.php?no=5401
5419,Corn snack,Savoury Baked Products | Savoury snacks | Crackers | Salty Snacks,"Corn Snack, Spicy Korean Chicken, Cheese","Corn Snack, Spicy Korean Chicken, Cheese",Other HACCP | HALAL | FDA | GMP,We don't have an importer,VISTA DISTRIBUTION COMPANY LIMITED,https://www.vfoods.co.th/,Overseas exhibitors | Exportable | Co-exhibitor | Organizer : THAILAND,National Pavilion,E4-A21-52,"Biscuits, cookies, Chocolate cream, Choco bear, Coconut biscuit with pineapple jam, wafer, rolled wafer stick, tasty stick, corn snack, snack.",FOODEX JAPAN 2025 / 2025 Japan Meat Industry Fair 49th,https://www.jma-tradeshow.com/foodex/webguide_en/datafile/product_image1_5419.jpg,https://www.jma-tradeshow.com/foodex/webguide_en/product.php?no=5419
5439,Fried Pork Paste (Taiwanese Minced Pork Paste),Canned Products | Processed Meat | Solid Seasonings,Consumer | Restaurant channel | Agent Distributor,"This product were selected as the 2022 Eatender competiton. | Fried pork paste is made of 100% Taiwanese pork and selected high-quality raw material. | The pork paste is without adding preservation, MSG, and food coloring. | Taiwanese savory sauces and seasonings. | You can enjoy the Taiwanese famous minced pork rice at your home right away.",ISO22000 | Other HACCP,We have an importer,"Kuang Ta Hsiang Foodstuffs Co., Ltd.",https://www.kthfoods.com/,Overseas exhibitors | Exportable | Co-exhibitor | Organizer : Taiwan External Trade Development Council,National Pavilion,E5-A02-00,"Fried Pork Paste, Fried Pork Paste - Hot Taste, Fried Pork Paste(Taiwanese Minced Pork Paste), Pork & Cucumber, Braised Pork, Mushrooms Soup with Sesame Oil",FOODEX JAPAN 2025 / 2025 Japan Meat Industry Fair 49th,https://www.jma-tradeshow.com/foodex/webguide_en/datafile/product_image1_5439.jpg,https://www.jma-tradeshow.com/foodex/webguide_en/product.php?no=5439
5444,Mushrooms Soup with Sesame Oil,Soups | Vegan,Consumer | Restaurant channel | Agent Distributor,"This product was selected as the 2022 Eatender competition. | Mushrooms Soup with Sesame Oil is one of traditional Taiwanese delicacies, especially in winter. | The contents of Mushrooms Soup is full of lion's mane mushroom (hercium eriaceus) and king oyster mushroom slices, which are stir-fried with Sesame Oil. | The fragrant smell, excellent taste and perfect texture of mushrooms is everyone's go to soup to keep the body warm in winter.",ISO22000 | Other HACCP,We have an importer,"Kuang Ta Hsiang Foodstuffs Co., Ltd.",https://www.kthfoods.com/,Overseas exhibitors | Exportable | Co-exhibitor | Organizer : Taiwan External Trade Development Council,National Pavilion,E5-A02-00,"Fried Pork Paste, Fried Pork Paste - Hot Taste, Fried Pork Paste(Taiwanese Minced Pork Paste), Pork & Cucumber, Braised Pork, Mushrooms Soup with Sesame Oil",FOODEX JAPAN 2025 / 2025 Japan Meat Industry Fair 49th,https://www.jma-tradeshow.com/foodex/webguide_en/datafile/product_image1_5444.jpg,https://www.jma-tradeshow.com/foodex/webguide_en/product.php?no=5444
5473,Barramundi,Frozen Seafood | Seafood,"Multi processed and used, new market, rich nutrition, omega 3","Healthy, premium, no muddy flavor, cheap, large quantities and stable",ISO22000 | US-HACCP,We don't have an importer,TZUKUAN FISHERMEN'S ASSOCIATION,,Overseas exhibitors | Exportable | Co-exhibitor | Organizer : Taiwan External Trade Development Council,National Pavilion,E5-A02-00,,FOODEX JAPAN 2025 / 2025 Japan Meat Industry Fair 49th,https://www.jma-tradeshow.com/foodex/webguide_en/datafile/product_image1_5473.jpg,https://www.jma-tradeshow.com/foodex/webguide_en/product.php?no=5473
5478,Tom Kha (Ready to Cook),"Powdered Seasoning | Liquid Seasoning | Soups | Ready-to-eat Foods, Sealed Packaged Foods (e.g., curry, rice bowl toppings)","Tom Kha is loved by distinctive taste, similar to Tom Yum, but distinguished by higher amount of coconut milk, so that it gives a mider taste.","Tom Kha (Ready-to-Cook) is suitable for everyone because of the easy-to-follow instructions, even for people who have only basic cooking skills. Just add some water, meat, or another souce of protein. In just a few minutes, Tom Kha will be ready to be served.",Other HACCP | HALAL | FDA | GMP | FSSC22000,We don't have an importer,UDOM KIJPAISARN COMPANY LIMITED,,Overseas exhibitors | Exportable | Co-exhibitor | Organizer : THAILAND,National Pavilion,E4-A21-37,,FOODEX JAPAN 2025 / 2025 Japan Meat Industry Fair 49th,https://www.jma-tradeshow.com/foodex/webguide_en/datafile/product_image1_5478.jpg,https://www.jma-tradeshow.com/foodex/webguide_en/product.php?no=5478
5520,Natural Mineral Water Vytautas Sparkling,Bottled Water | Non-alcoholic Beverages,"Retail, Grocery, HORECA, Restaurants, Coffee shop, Supermarket","Supermarket, department store, coffee shops, natural product shops, e commerce,",FDA | BRC,We have an importer,Birstonas Mineral Waters,https://www.birstonas-natural-mineral-water.top ,Overseas exhibitors | Exportable | Co-exhibitor | Organizer : Lithuania LitFOOD,National Pavilion,E2-C17-00,"Natural Mineral Water Vytautas, Natural Mineral Water Birute still, Natural Mineral Water Birute sparkling, Natural Mineral Water Akvile still",FOODEX JAPAN 2025 / 2025 Japan Meat Industry Fair 49th,https://www.jma-tradeshow.com/foodex/webguide_en/datafile/product_image1_5520.jpg,https://www.jma-tradeshow.com/foodex/webguide_en/product.php?no=5520
5524,BELOTTI CONSERVE ALIMENTARI - BELOTTI FOOD PRESERVES - VEGETABLES AND CHEESE IN OIL,Canned Products | Cheese | Vegetarian,"MULTICHANNEL: IMPORTERS, DISTRIBUTORS, WHOLESALES, SUPERMARKET, DELICATESSEN, RETAILER, RESTAURANTS, PIZZERIE, CATERING, CORPORATE GIFTS",Over 56 years of experience | Family history | Uses fresh harvested product directly from the farms | wide line up | all products are pasteurized | long shelf life | recipes designed in collaboration with starred chefs | good price performance ratio | modern production technology | recycable packaging | worldwide sales: CROATIA - CZECH REP. - POLAND- LUXEMBOURG - BELGIUM – SWITZERLAND - | AUSTRALIA - CENTRAL AMERICA - UNITED ARAB EMIRATES - REPUBLIC OF KOREA | 19 formats available: from 100 gr. up to 5kg. | Private label | |,"Certificated IFS – INTERNATIONAL FOOD STANDARD: HIGHER LEVEL SCORE 98,03%",We don't have an importer,BOUTIQUE ITALIA,https://boutique-italia.it/,Overseas exhibitors | Exportable | Co-exhibitor | Organizer : Italian Pavilion,National Pavilion,E1-A24-177,"vegetables in oil, pickled vegetables, ready-made sauces, traditional regional pestos, sweet spreadable fruit creams, wine, sparkling wine, liqueurs, sweets for children, DOP and organic cheeses",FOODEX JAPAN 2025 / 2025 Japan Meat Industry Fair 49th,https://www.jma-tradeshow.com/foodex/webguide_en/datafile/product_image1_5524.jpg,https://www.jma-tradeshow.com/foodex/webguide_en/product.php?no=5524
5525,CAMINELLA - WINERY,Still wines - red | Still wines - white | Sparkling wines | Dessert wines,"IMPORTERS, DISTRIBUTORS, DEPARTMENT STORES, WINE SHOPS, RESTAURANTS, CATERING","Caminella is a winery that preserves the fruits of work and the memory of people. | Our Wines | Located in Bergamo, in the north of Italy, produces seven different wines. | Since 1995 Caminella not only works with care and attention the 15 hectares of property but also provides services of cellar | Our wines: | Merlot | Cabernet Sauvignon | Pinot Noir | Franconia | Moscato di Scanzo | Chardonnay | Incrocio Manzoni | Moscato Giallo",,We don't have an importer,BOUTIQUE ITALIA,https://boutique-italia.it/,Overseas exhibitors | Exportable | Co-exhibitor | Organizer : Italian Pavilion,National Pavilion,E1-A24-177,"vegetables in oil, pickled vegetables, ready-made sauces, traditional regional pestos, sweet spreadable fruit creams, wine, sparkling wine, liqueurs, sweets for children, DOP and organic cheeses",FOODEX JAPAN 2025 / 2025 Japan Meat Industry Fair 49th,https://www.jma-tradeshow.com/foodex/webguide_en/datafile/product_image1_5525.jpg,https://www.jma-tradeshow.com/foodex/webguide_en/product.php?no=5525
5526,CASA DEL DOLCE - TRINKETTO - THE LIQUID CANDY,Gluten-free | Flavoured Water | Vegetarian | Halal | Kosher,"IMPORTERS, DISTRIBUTORS, DEPARTMENT STORES, SUPERMARKETS, HOTEL, SWEET STORE CHAINS, RESTAURANTS,","Country: ITALY | Region: Lombardy | Establishment: 1950 | STRENGHT: | - Italian Tradition | - Attention to the market | - A modern industrial complex | - Innovative installations | - Rigorous quality control | - Efficient logistics | - Tailor-made solutions | - Research and Innovation | - First-class ingredients | - From the contents to the container, Trinketto® is entirely produced in Casa del Dolce |",HALAL | BRC/IFS certification and care for the environment.,We don't have an importer,BOUTIQUE ITALIA,https://boutique-italia.it/,Overseas exhibitors | Exportable | Co-exhibitor | Organizer : Italian Pavilion,National Pavilion,E1-A24-177,"vegetables in oil, pickled vegetables, ready-made sauces, traditional regional pestos, sweet spreadable fruit creams, wine, sparkling wine, liqueurs, sweets for children, DOP and organic cheeses",FOODEX JAPAN 2025 / 2025 Japan Meat Industry Fair 49th,https://www.jma-tradeshow.com/foodex/webguide_en/datafile/product_image1_5526.jpg,https://www.jma-tradeshow.com/foodex/webguide_en/product.php?no=5526
5527,CASARRIGONI - CHEESES FROM TALEGGIO VALLEY - LOMBARDY,Cheese | Organic Products,"IMPORTERS, DISTRIBUTORS, WHOLESALERS, DEPARTMENT, SUPERMARKET, RESTAURANTS, SPECIALTY SHOPS, GOURMET SHOPS, CHEESE SHOPS, HO.RE.CA., CATERING","ORGANIC RANGE-EXPORT COVERING MORE THAN 15 COUNTRIES IN THE WORLD | Traditional seasoners in the Taleggio Valley | Our cellars are natural:we have chosen to build them underground,quarried in the mountain.They are built in reinforced concrete,that is a living material, which helps us to recreate the seasoning conditions of natural caves,a material that communicate with the product. | NATURAL ENVIRONMENTS | We work in the Taleggio Valley and its microclimate helps us to make high quality products. | Cheese is a changing product and this is the reason why it is important to work in natural environments, essential for transmitting unique aromas and flavors to our products. | The tools we use in processing are also natural:during the maturation process,we put the cheese in wooden crates and we use | cotton sheets to protect the rinds and regulate their humidity.Every week we clean the wheels,brushing them with water and salt. | We take care of our products. | EVERY CHEESE IS UNIQUE | Each cheese is unique and managing the the diversity is our challenge as seasoners:we have to touch,brush,clean,smell... | There are so many gestures that we personally do everyday to understand when the cheese is ""ready"".","USDA Organic Certification | EU Organic Certification | BRC GLOBAL STANDARD FOR FOOD SAFETY, IFS FOOD, DEMETER",We don't have an importer,BOUTIQUE ITALIA,https://boutique-italia.it/,Overseas exhibitors | Exportable | Co-exhibitor | Organizer : Italian Pavilion,National Pavilion,E1-A24-177,"vegetables in oil, pickled vegetables, ready-made sauces, traditional regional pestos, sweet spreadable fruit creams, wine, sparkling wine, liqueurs, sweets for children, DOP and organic cheeses",FOODEX JAPAN 2025 / 2025 Japan Meat Industry Fair 49th,https://www.jma-tradeshow.com/foodex/webguide_en/datafile/product_image1_5527.jpg,https://www.jma-tradeshow.com/foodex/webguide_en/product.php?no=5527
5529,LE GIOIE DEL PALATO - ITALIAN DELIGHTS ON THE TABLE,"Canned Products | Vegetarian | Spreads, Honey & Jams | Vegetable & Animal Oils & Fats","IMPORTERS, DISTRIBUTORS, WHOLESALES, SUPERMARKET, RETAILERS, RESTAURANT, PIZZERIE, CATERING, GOURMET, ORGANIC SHOP","TRADITIONAL PRODUCTS, REGIONAL RECIPES, RAW MATERIALS GROWN IN SICILY, SAPORI ANTICHI, SAPORI DELIZIOSI, SWEET HAZELNUT CREAM, SWEET ALMOND CREAM, SWEET PISTACHIO CREAM, ORGANIC OLIVE OIL, READY-TO-USE SAUCE | We currently export to France, Belgium and Luxembourg. | Our raw materials come from Sicily. | Our creams and chopped vegetables, together with sweet creams, represent a perfect combination of taste and versatility. | Prepared with artisanal care and fresh ingredients, our creams and chopped vegetables enhance the natural flavors of the garden, while the sweet creams delight | the palate with sweetness and creaminess. | Our pestos and sauces are an ode to the freshness and authentic taste of the garden. | Prepared with fresh, carefully selected ingredients, our pestos capture the essence of freshly harvested herbs and vegetables, while the sauces bring out the intense | flavors of ripe tomatoes and local spices. | Each jar is a culinary journey through the fields, which brings the unmistakable taste of tradition to your table. | With our pestos and sauces, every dish becomes an unforgettable tasting experience, rich in flavor and love for good food.",,We don't have an importer,BOUTIQUE ITALIA,https://boutique-italia.it/,Overseas exhibitors | Exportable | Co-exhibitor | Organizer : Italian Pavilion,National Pavilion,E1-A24-177,"vegetables in oil, pickled vegetables, ready-made sauces, traditional regional pestos, sweet spreadable fruit creams, wine, sparkling wine, liqueurs, sweets for children, DOP and organic cheeses",FOODEX JAPAN 2025 / 2025 Japan Meat Industry Fair 49th,https://www.jma-tradeshow.com/foodex/webguide_en/datafile/product_image1_5529.jpg,https://www.jma-tradeshow.com/foodex/webguide_en/product.php?no=5529
5569,Green Curry (Ready to Cook),"Powdered Seasoning | Liquid Seasoning | Soups | Ready-to-eat Foods, Sealed Packaged Foods (e.g., curry, rice bowl toppings)",Green Curry is a traditional Thai taste. It gives a mild green color obtained from green chilies combines perfectly wiht coconut milk.,"Just adding some water and meat then the Green Curry is ready to be served. Green curry is typically served with rice, rice noodles, roti or pasta.",Other HACCP | HALAL | GMP | FSSC22000,We don't have an importer,UDOM KIJPAISARN COMPANY LIMITED,,Overseas exhibitors | Exportable | Co-exhibitor | Organizer : THAILAND,National Pavilion,E4-A21-37,,FOODEX JAPAN 2025 / 2025 Japan Meat Industry Fair 49th,https://www.jma-tradeshow.com/foodex/webguide_en/datafile/product_image1_5569.jpg,https://www.jma-tradeshow.com/foodex/webguide_en/product.php?no=5569
5573,"Frozen Fruit Stick (Durian, Mango, Coconut, Pineapple)",Frozen Fruit & Vegetables | Frozen Ready Meals | Halal,Retailer and Wholesaler,"It’s not ice cream, it’s real fruit.",Other HACCP | HALAL | FDA | GMP,We have an importer,MAI MEE OD,https://www.deliciousthailand.com/,Overseas exhibitors | Exportable | Co-exhibitor | Organizer : THAILAND,National Pavilion,E4-A21-47,"Frozen Fruit Stick (Durian, Mango, Coconut, Pineapple), | Frozen Fruit Sticky rice with Coconut milk, Frozen Thai Desserts. | Frozen Fruits, Frozen Dessert |",FOODEX JAPAN 2025 / 2025 Japan Meat Industry Fair 49th,,https://www.jma-tradeshow.com/foodex/webguide_en/product.php?no=5573
5666,Taiwanese Sausage,Frozen Meat | Processed Meat | Finger Food,Sausage、Pork Sausage、Taiwanese Food、Taiwan、Asia、,"Sauage, Taiwan best selling sausage, 100% premiun meat, No preservatives,",ISO22000 | Other HACCP,We have an importer,"BLACK BRIDGE FOOD CO., LTD",https://www.blackbridge.com.tw/,Overseas exhibitors | Exportable | Co-exhibitor | Organizer : Taiwan External Trade Development Council,National Pavilion,E5-A02-00,"Taiwanese Sausage | Best selling brand, Taiwan cuisine, snack, meal.",FOODEX JAPAN 2025 / 2025 Japan Meat Industry Fair 49th,,https://www.jma-tradeshow.com/foodex/webguide_en/product.php?no=5666
5667,Zauberman Winery Merlot 2017/Merlot 2018,Still wines - red,"Suitable for five-starred hotels, exclusive restaurants/wine shops, and wine enthusiasts.","<Merlot 2017> | Taste - DRY | Barrel Aging Time - 33 Months | Production - 1678 Bottles | Unfiltered Wine | New Barrels ONLY (GAMBA, TARANSAUD) | Alcohol 15.7% | | <Merlot 2018> | Taste - Semi DRY | Barrel Aging Time - 40 Months | Production - 1440 Bottles | Unfiltered Wine | New Barrels ONLY (GAMBA, TARANSAUD) | Alcohol 17.3%",,We have an importer,Zauberman Wine,https://zaubermanwine.com/en/,Japan exhibitors | Exportable,,S4-H5,"wine, high quality wine, Israeli wine, red wine, white wine, vintaged wine, Israel, domaine, cabernet sauvignon, chardonnay, merlot, petit verdot",FOODEX WINE,https://www.jma-tradeshow.com/foodex/webguide_en/datafile/product_image1_5667.jpg,https://www.jma-tradeshow.com/foodex/webguide_en/product.php?no=5667
5754,Crispy Green Onion Pancake,Frozen Ready Meals,"Wholesaler, Retailer, Distributor","Restaurant, Amusement Park, Cafe', Supermarket",ISO22000 | Other HACCP | FDA | MSC(Marine Stewardship Council) | ASC(Aquaculture Stewardship Council),We don't have an importer,King's Cook Frozen Food,https://kingscook.en.taiwantrade.com/,Overseas exhibitors | Exportable,,E5-F29,"Pizza Crust, Green onion pancake, Spring Onion Chinese Omelet, Sesame rolls, Vegetarian Pepper Bun, Baked Stuffed Sesame Biscuit, Hot Pot Soup Base, Vegetarian Taiwanese Fried Noodle, Vegetarian Taiwanese Fried Vermicelli",FOODEX Frozen Processed Food,https://www.jma-tradeshow.com/foodex/webguide_en/datafile/product_image1_5754.jpg,https://www.jma-tradeshow.com/foodex/webguide_en/product.php?no=5754
5782,"15+ Manuka Honey 500+MGO, 250G","Liquid Seasoning | Spreads, Honey & Jams","What we do: Our Services | | Beekeeping and Pollination: Our number one business is beekeeping. We have over 2000 hives and we supply pollination services to farmers and orchardists around Australia. | | Bulk Honey Handling: We store our honey in 1000L tanks weighing 1500kg. This means we can ensure consistency of flavor across the product and are also able to service demand for bulk honey from large packers. | | Bottling: A batch of our Monofloral Waradaa honey is traceable from the apiary to the store. Each batch is coded and tracked to ensure that we know where it came from, what it is and when it was produced. | | Distribution and Export: We operate storage in Sydney, and arrange deliveries out to stores on a fortnightly basis. We are a registered exporter with the Department of Agriculture and deliver from our factory to customers around the world.","Waradaa – We are the beekeepers. Based in Newcastle, NSW, our modern food factory is integrated directly with our beehive honey production. Over 2000 beehives help us produce thousands of tonnes of honey that we finish and bottle on site at 901 Richardson Road, Campvale. | Our specialty apiaries produce the finest manuka honey in Australia and we are able to cream the honey with our specially designed honey tanks, or liquid as customers prefer. We can be relied on to deliver high efficiency and reliability in the market. Our responsiveness and rapid production times allow customers to scale as their sales do. We offer consumers the access to world-famous manuka honey direct from the producer. | | Our family history in natural health and beekeeping dates back over a century. Bees are in our bloodline. With that, we focus on the most delicious, nutritious and flavorful ingredients that are available. Our pure honey is great. Taste it as soon as you can. Product description Pure Australian Honey – packaged ready for retail.","Tested by ISO17025 laboratories for qualification to AMHA, MF 15+ standard, MGO 500+",We don't have an importer,Waradaa Australia Pty Ltd,https://waradaa.com.au/,Overseas exhibitors | Exportable | Co-exhibitor | Organizer : Investment NSW,National Pavilion,E3-L15-00,"Manuka Honey, Manuka Honey Tailored Specification",FOODEX JAPAN 2025 / 2025 Japan Meat Industry Fair 49th,https://www.jma-tradeshow.com/foodex/webguide_en/datafile/product_image1_5782.jpg,https://www.jma-tradeshow.com/foodex/webguide_en/product.php?no=5782
5789,mochimugi iri sekihan,"Health & Wellness Products | Rice | Ready-to-eat Foods, Sealed Packaged Foods (e.g., curry, rice bowl toppings)",Supermarket,"You can enjoy Japanese authentic Sekihan, festive red rice at home easily. No additives. No colorings. We mix glutinous rice, sweet barley, non glutinous rice, adzuki bean and black rice. Please enjoy unique texture.",FDA | FCE / SID,We don't have an importer,"MAEDA CO.,LTD.",https://an-maeda.co.jp,"Japan exhibitors | Exportable | Co-exhibitor | Organizer : Ehime Prefecture Agriculture, Commerce and Industry Exhibition Executive Committee / Uwajima City / Yawatahama City / Ozu City / Seiyo City",Local Specialities in Japan,S2-Q09-00,Jakoten packed rice、Sea bream packed rice、GABA packed rice、Mochimugi packed rice、Red rice with barley、Barley pancake mix、Barley okonomiyaki flour、GABA Soybean Flour、Red bean paste in a tube、Mochimugi rice cake etc.,FOODEX JAPAN 2025 / 2025 Japan Meat Industry Fair 49th,https://www.jma-tradeshow.com/foodex/webguide_en/datafile/product_image1_173649388635.jpg,https://www.jma-tradeshow.com/foodex/webguide_en/product.php?no=5789
5795,kirari mochimugi packed rice,"Health & Wellness Products | Rice | Ready-to-eat Foods, Sealed Packaged Foods (e.g., curry, rice bowl toppings)",Supermarket、Online shopping,Blend of 66% Japanese glutinous barley. Glutinous barley is rich in dietary fiber and has a chewy texture.,FDA | FCE / SID,We don't have an importer,"MAEDA CO.,LTD.",https://an-maeda.co.jp,"Japan exhibitors | Exportable | Co-exhibitor | Organizer : Ehime Prefecture Agriculture, Commerce and Industry Exhibition Executive Committee / Uwajima City / Yawatahama City / Ozu City / Seiyo City",Local Specialities in Japan,S2-Q09-00,Jakoten packed rice、Sea bream packed rice、GABA packed rice、Mochimugi packed rice、Red rice with barley、Barley pancake mix、Barley okonomiyaki flour、GABA Soybean Flour、Red bean paste in a tube、Mochimugi rice cake etc.,FOODEX JAPAN 2025 / 2025 Japan Meat Industry Fair 49th,https://www.jma-tradeshow.com/foodex/webguide_en/datafile/product_image1_5795.jpg,https://www.jma-tradeshow.com/foodex/webguide_en/product.php?no=5795
5796,“Senzaniente” Pecorino I.G.P. Colline Pescaresi 2022,Organic Products | Still wines - white,"HORECA,Retail,private label.","The wine is produced using spontaneous fermentation with indigenous yeasts naturally present on the grape skins.A pre-harvest of approximately 5 quintals of grapes is carried out to create the ""Fermentation Starter"" (Pied de Cuve). The wine doesn't have any added sulfites, and there is no chemichal intervention during all the production process. Organic cerification and S.A.I.N.S .",EU-HACCP | FDA | EU Organic Certification | Non-GMO Certification,We don't have an importer,Marina Palusci Organic Farm,,Overseas exhibitors | Exportable | Co-exhibitor | Organizer : Italian Pavilion,National Pavilion,E1-A24-72,"Evo blended olive oil premium quality - L'Extravergine , Awarded EVO olive oil monocultivar oliva Leccio del Corno - Alchimia , Awarded EVO olive oil monocultivar oliva Dritta - Uomo di Ferro, Organic Evo blended olive oil premium quality - Oliomania , Organic Pecorino grape Vinegard , Organic orange wine Passerina grape - MILF , Organic white wine Pecorino grape - Senzaniente Pecorino , Organic rosé wine Montepulciano grape - Senzaniente Cerasuolo , Organic red wine Montepulciano grape - Senzaniente Montepulciano , Organic sparkling red wine - Dobbiabarba , Organic sparkling white wine - Doppiabarba , Organic red wine - Black Max , Organic white wine - Yellow Max .",FOODEX JAPAN 2025 / 2025 Japan Meat Industry Fair 49th,https://www.jma-tradeshow.com/foodex/webguide_en/datafile/product_image1_5796.jpg,https://www.jma-tradeshow.com/foodex/webguide_en/product.php?no=5796
5800,'CHAOKOH' COCONUT WATER,Cakes / Dessert | Gluten-free | Energy Drinks | Juice | Non-alcoholic Beverages,1. Health and Wellness Sector | 2. Sports and Fitness Industry | 3. Food and Beverage Industry | 4. Organic and Natural Products Market | 5. Cosmetics and Personal Care | 6. Vegan and Plant-Based Market | 7. Environmental and Sustainability Markets,1. Natural Hydration | 2. Low in Calories | 3. Nutrient-Rich | 4. 100% Natural and No Added Sugar | 5. Supports Digestion and Detox | 6. Eco-Friendly and Sustainable | 7. Vegan and Dairy-Free | 8. Refreshing Taste | 9. Supports Skin Health,ISO9001 | ISO22000 | US-HACCP | HALAL | FDA | GMP | Non-GMO Certification,We have an importer,THEPPADUNG PORN COCONUT COMPANY LIMITED,https://www.tcc-chaokoh.com/,Overseas exhibitors | Exportable | Co-exhibitor | Organizer : THAILAND,National Pavilion,E4-A21-7,"Coconut milk, Coconut water, Virgin coconut oil, Coconut chips, Seet chili sauce, Spring roll sauce, Salad dressing, Red Curry paste, Green Curry paste, Panang Curry paste, Massaman Curry paste.",FOODEX JAPAN 2025 / 2025 Japan Meat Industry Fair 49th,,https://www.jma-tradeshow.com/foodex/webguide_en/product.php?no=5800
5801,“Senzaniente” Cerasuolo d’Abruzzo DOC 2022,Organic Products | Still wines - rose,"HORECA, retail , Private label.","Byodinamic wine, Natural wine, good packaging, Doc denomination, no added sulfites, Organic, S.A.I.N.S Cerification.",EU-HACCP | FDA | EU Organic Certification,We don't have an importer,Marina Palusci Organic Farm,,Overseas exhibitors | Exportable | Co-exhibitor | Organizer : Italian Pavilion,National Pavilion,E1-A24-72,"Evo blended olive oil premium quality - L'Extravergine , Awarded EVO olive oil monocultivar oliva Leccio del Corno - Alchimia , Awarded EVO olive oil monocultivar oliva Dritta - Uomo di Ferro, Organic Evo blended olive oil premium quality - Oliomania , Organic Pecorino grape Vinegard , Organic orange wine Passerina grape - MILF , Organic white wine Pecorino grape - Senzaniente Pecorino , Organic rosé wine Montepulciano grape - Senzaniente Cerasuolo , Organic red wine Montepulciano grape - Senzaniente Montepulciano , Organic sparkling red wine - Dobbiabarba , Organic sparkling white wine - Doppiabarba , Organic red wine - Black Max , Organic white wine - Yellow Max .",FOODEX JAPAN 2025 / 2025 Japan Meat Industry Fair 49th,https://www.jma-tradeshow.com/foodex/webguide_en/datafile/product_image1_5801.jpg,https://www.jma-tradeshow.com/foodex/webguide_en/product.php?no=5801
5835,'MAE PLOY' NAM PLA WAN,Seafood,Food and Beverage Industry | Ethnic and International Cuisine Market | Gourmet and Specialty Food Market | Asian Supermarkets and Specialty Retailers | E-commerce and Direct-to-Consumer (D2C) Market | Convenience and Ready-to-Eat Food Sector | Travel and Tourism Market,Authentic Thai Flavor | Versatility in Cooking | Ideal for Sweet and Savory Dishes | Natural and High-Quality Ingredients | Convenient Ready-to-Use Sauce | Popular Among Ethnic Cuisine Enthusiasts | Ideal for Fusion and Creative Cooking | Culinary Industry Use | Great for International Markets | Supports Authentic Thai Culinary Experience |,ISO9001 | ISO22000 | US-HACCP | HALAL | FDA | GMP,We have an importer,THEPPADUNG PORN COCONUT COMPANY LIMITED,https://www.tcc-chaokoh.com/,Overseas exhibitors | Exportable | Co-exhibitor | Organizer : THAILAND,National Pavilion,E4-A21-7,"Coconut milk, Coconut water, Virgin coconut oil, Coconut chips, Seet chili sauce, Spring roll sauce, Salad dressing, Red Curry paste, Green Curry paste, Panang Curry paste, Massaman Curry paste.",FOODEX JAPAN 2025 / 2025 Japan Meat Industry Fair 49th,https://www.jma-tradeshow.com/foodex/webguide_en/datafile/product_image1_173650107360.jpg,https://www.jma-tradeshow.com/foodex/webguide_en/product.php?no=5835
5840,Whole Artichokes in natural,Canned Products,Food Distribution. Retail and Foodservice,,"HALAL | IFS, BRC, kOSHER",We don't have an importer,Masiello Food Srl,https://www.masiellofood.com,Overseas exhibitors | Exportable,Processed Food,E3-BB08,"Preserved Artichokes, Olives, Sundried Tomatoes, Capers, Antipasti, Peppers, Eggplants, Pickles, Mushrooms, in oil, vinegar, brine in glass jars and cans. Sizes are from 106 ml up to 4250 ml for Retail and Foodservice.",FOODEX JAPAN 2025 / 2025 Japan Meat Industry Fair 49th,https://www.jma-tradeshow.com/foodex/webguide_en/datafile/product_image1_5840.jpg,https://www.jma-tradeshow.com/foodex/webguide_en/product.php?no=5840
5844,Capers in vinegar,Canned Products | Halal | Kosher,Food Distribution. Retail and Foodservice,,"HALAL | IFS, BRC, Kosher",We don't have an importer,Masiello Food Srl,https://www.masiellofood.com,Overseas exhibitors | Exportable,Processed Food,E3-BB08,"Preserved Artichokes, Olives, Sundried Tomatoes, Capers, Antipasti, Peppers, Eggplants, Pickles, Mushrooms, in oil, vinegar, brine in glass jars and cans. Sizes are from 106 ml up to 4250 ml for Retail and Foodservice.",FOODEX JAPAN 2025 / 2025 Japan Meat Industry Fair 49th,https://www.jma-tradeshow.com/foodex/webguide_en/datafile/product_image1_5844.jpg,https://www.jma-tradeshow.com/foodex/webguide_en/product.php?no=5844
5845,Mix of vegetables for rice dishes,Canned Products | Halal | Kosher,Food Distribution. Retail and Foodservice,,"HALAL | IFS, BRC, Kosher",We don't have an importer,Masiello Food Srl,https://www.masiellofood.com,Overseas exhibitors | Exportable,Processed Food,E3-BB08,"Preserved Artichokes, Olives, Sundried Tomatoes, Capers, Antipasti, Peppers, Eggplants, Pickles, Mushrooms, in oil, vinegar, brine in glass jars and cans. Sizes are from 106 ml up to 4250 ml for Retail and Foodservice.",FOODEX JAPAN 2025 / 2025 Japan Meat Industry Fair 49th,https://www.jma-tradeshow.com/foodex/webguide_en/datafile/product_image1_5845.jpg,https://www.jma-tradeshow.com/foodex/webguide_en/product.php?no=5845
5853,Organic Olives,Canned Products | Organic Products,Food Distribution. Retail and Foodservice,,"EU Organic Certification | IFS, BRC",We don't have an importer,Masiello Food Srl,https://www.masiellofood.com,Overseas exhibitors | Exportable,Processed Food,E3-BB08,"Preserved Artichokes, Olives, Sundried Tomatoes, Capers, Antipasti, Peppers, Eggplants, Pickles, Mushrooms, in oil, vinegar, brine in glass jars and cans. Sizes are from 106 ml up to 4250 ml for Retail and Foodservice.",FOODEX JAPAN 2025 / 2025 Japan Meat Industry Fair 49th,https://www.jma-tradeshow.com/foodex/webguide_en/datafile/product_image1_173650390443.jpg,https://www.jma-tradeshow.com/foodex/webguide_en/product.php?no=5853
5887,Frozen onion dice,Frozen Fruit & Vegetables | Packaging,"Factory,Trading company,Wholesalers","1.We are processing 15000tons of frozen onion dice,slice product,8000tons sales to Japan market | 2,All of our raw material it is cultivated from of our own base to guarantee of the pestidice | 3,We are used of the Belgium fam cutting machines as well as Belgium Ray selecton machines | 4,We are used of the Japan metal detector and Japan X Ray to control of our foreign matter",EU-HACCP | HALAL | FSMA | FDA,,SHANDONG FANGXIN FOOD,,Overseas exhibitors | Exportable | Co-exhibitor | Organizer : Beijing TBOW International Exhibition Company,National Pavilion,E8-069,,FOODEX JAPAN 2026 / 2026 Japan Meat Industry Fair 50th,https://www.jma-tradeshow.com/foodex/webguide_en/datafile/product_image1_5887.jpg,https://www.jma-tradeshow.com/foodex/webguide_en/product.php?no=5887
5892,Frozen Broccoli,Export from Japan Support | Frozen Fruit & Vegetables | Packaging | Refrigeration and Cooling Equipment | Food Manufacturing Equipment | Professional Services,"Factory,Trading company,Wholesales","1,We are processing frozen Broccoli for 2000tons annually | 2,All of our raw material it is cultivate from of our own base which to guarantee of our pestidice 100% standard | 3,Our frozen broccoli it is without the worms",EU-HACCP | HALAL | FDA | KOSHER,,SHANDONG FANGXIN FOOD,,Overseas exhibitors | Exportable | Co-exhibitor | Organizer : Beijing TBOW International Exhibition Company,National Pavilion,E8-069,,FOODEX JAPAN 2026 / 2026 Japan Meat Industry Fair 50th,https://www.jma-tradeshow.com/foodex/webguide_en/datafile/product_image1_5892.jpg,https://www.jma-tradeshow.com/foodex/webguide_en/product.php?no=5892
5902,DIEGA GIN,Spirits,"BARS, RESTAURANTS, HOTELS, FOOD SERVICE, NIGHT CLUBS, WHOLESALERS, SUPERMARKETS, WINE STORES, LIQUOR STORES, CONVENIENCE STORES, PRICE CLUBS, EVENTS","BARS, RESTAURANTS, HOTELS, FOOD SERVICE, NIGHT CLUBS, WHOLESALERS, SUPERMARKETS, WINE STORES, LIQUOR STORES, CONVENIENCE STORES, PRICE CLUBS, EVENTS",,We don't have an importer,VALLE REDONDO,https://valleredondo.com.mx/,Overseas exhibitors | Exportable | Co-exhibitor | Organizer : MEXICO,National Pavilion,E4-C18-00,"Wine, Spirits, Gin, Mezcal, Tequila, Sotol, Juice and vegetable beverages, coffee and more.",FOODEX JAPAN 2025 / 2025 Japan Meat Industry Fair 49th,https://www.jma-tradeshow.com/foodex/webguide_en/datafile/product_image1_173653149291.jpg,https://www.jma-tradeshow.com/foodex/webguide_en/product.php?no=5902
5911,VINALTURA SAUVIGNON BLANC SB (Still white wine),Still wines - white,"Importers, Distributors, Supermarkets, Restaurants, Hotels, Winebars, Wineshops","Ideal for international markets like Japan, where the demand for fresh and light wines is on the rise. | A great option for casual and expert consumers",,We don't have an importer,VINALTURA,https://vinaltura.mx/,Overseas exhibitors | Exportable | Co-exhibitor | Organizer : MEXICO,National Pavilion,E4-C18-00,"Mexican Sparkling Rose Wine, Mexican Sparkling Wine (PetNat), Mexican White Wine (still), Mexican Red Wine (still).",FOODEX JAPAN 2025 / 2025 Japan Meat Industry Fair 49th,https://www.jma-tradeshow.com/foodex/webguide_en/datafile/product_image1_5911.jpg,https://www.jma-tradeshow.com/foodex/webguide_en/product.php?no=5911
5922,Fish hamburger steak,Frozen Seafood | Frozen Ready Meals | Seafood,"Supermarkets, convenience stores, specialty stores, e-commerce, online, boxed lunches, caterers, frozen foods, | Restaurants, fast food, taverns, Japanese restaurants, in-flight meals, hotels, hotel buffets, hot pot restaurants, hot pot restaurants, |","New this year! Fish Hamburger | | MSC certified sustainable product. | In recent years, environmental consciousness has become a worldwide requirement. | The Fish Hamburger is a delicious, fun, and easy product that will lead to sustainable activities. | | Why not try our fish hamburger? | | The Japanese style fish hamburger must become a new genre. |",US-HACCP | MSC(Marine Stewardship Council) | ASC(Aquaculture Stewardship Council) | FSSC22000,We don't have an importer,Wakame Foods,https://wakashoku.jp/,Japan exhibitors | Exportable,,E6-K09,"Many kinds of fish paste products, crab cakes, oden, etc. | | MSC Scallop Flavor Fries, MSC Crab Flavor Fries, MSC Anime Scallop Flavor Fries, MSC Anime Crab Flavor Fries, Japanese Izakaya Oden Set, | Crab stick for hot pot, Satsuma-age, Thick fried fish, Seafood tsumire set, | MSC fish hamburger steak, steamed fluffy steamed fish with Kyoto Kujo leeks, deep fried scallop flavored fried fish, tsumire with red snow crab, tsumire with crab, tsumire with shrimp, chicken burdock tsumire, sardine tsumire, NEO crab stick, ocean fresh, fried white fish, crab flavored dumpling, fish hamburger steak with crab, with shrimp fish burger with shrimp, fish hamburger with scallop flavor, chigiriage, burdock maki, kakuten, round tempura,",FOODEX Frozen Processed Food,https://www.jma-tradeshow.com/foodex/webguide_en/datafile/product_image1_173657726132.jpg,https://www.jma-tradeshow.com/foodex/webguide_en/product.php?no=5922
5923,Crab stick fish cake,Frozen Seafood | Frozen Ready Meals | Seafood,"Supermarkets, convenience stores, specialty stores, e-commerce, online, boxed lunches, caterers, frozen foods, | Restaurants, fast food, taverns, Japanese restaurants, in-flight meals, hotels, hotel buffets, hot pot restaurants, hot pot restaurants, |","This product will make its debut at the Japan Food Export Expo. | You will be excited to see and taste a product you have never seen or tasted before. | The product design is exclusively for hot pots. | You will experience delicate flavors arranged with a uniquely Japanese sensibility. | The flavor is concentrated by our special manufacturing method, and you will smile when you eat it. | We are MSC certified and can produce MSC version. | Would you like to handle sustainable products?",US-HACCP | MSC(Marine Stewardship Council) | ASC(Aquaculture Stewardship Council) | FSSC22000,We don't have an importer,Wakame Foods,https://wakashoku.jp/,Japan exhibitors | Exportable,,E6-K09,"Many kinds of fish paste products, crab cakes, oden, etc. | | MSC Scallop Flavor Fries, MSC Crab Flavor Fries, MSC Anime Scallop Flavor Fries, MSC Anime Crab Flavor Fries, Japanese Izakaya Oden Set, | Crab stick for hot pot, Satsuma-age, Thick fried fish, Seafood tsumire set, | MSC fish hamburger steak, steamed fluffy steamed fish with Kyoto Kujo leeks, deep fried scallop flavored fried fish, tsumire with red snow crab, tsumire with crab, tsumire with shrimp, chicken burdock tsumire, sardine tsumire, NEO crab stick, ocean fresh, fried white fish, crab flavored dumpling, fish hamburger steak with crab, with shrimp fish burger with shrimp, fish hamburger with scallop flavor, chigiriage, burdock maki, kakuten, round tempura,",FOODEX Frozen Processed Food,https://www.jma-tradeshow.com/foodex/webguide_en/datafile/product_image1_173657777275.jpg,https://www.jma-tradeshow.com/foodex/webguide_en/product.php?no=5923
5955,Instant Rice Porridge,Soups | Halal,"Supermarket, Convenient store, Importer, Distributor",- Instant product | - 90 second | - Jasmine rice,Other HACCP | HALAL,We don't have an importer,THAI HA,,Overseas exhibitors | Exportable | Co-exhibitor | Organizer : THAILAND,National Pavilion,E4-A21-40,,FOODEX JAPAN 2025 / 2025 Japan Meat Industry Fair 49th,https://www.jma-tradeshow.com/foodex/webguide_en/datafile/product_image1_173659981616.jpg,https://www.jma-tradeshow.com/foodex/webguide_en/product.php?no=5955
5969,Zauberman Winery Chardonnay 2023,Still wines - white,"Suitable for five-starred hotels, exclusive restaurants/wine shops, and wine enthusiasts.",Taste - DRY | Barrel Aging Time - 3 Months | Production - 600 Bottles | Unfiltered Wine | New Barrels ONLY (TARANSAUD) | Alcohol 14.4%,,We have an importer,Zauberman Wine,https://zaubermanwine.com/en/,Japan exhibitors | Exportable,,S4-H5,"wine, high quality wine, Israeli wine, red wine, white wine, vintaged wine, Israel, domaine, cabernet sauvignon, chardonnay, merlot, petit verdot",FOODEX WINE,https://www.jma-tradeshow.com/foodex/webguide_en/datafile/product_image1_5969.jpg,https://www.jma-tradeshow.com/foodex/webguide_en/product.php?no=5969
5998,Buo-Ya Red Oolong Tea (Tea leaf),Tea | Organic Products,"Distributors, Sales agents, Department Stores, Supermarkets, Food manufacturers","Red Oolong Tea – A Luxurious Experience of Nature's Bounty | | Red oolong tea harvested from a single plantation of one hectare yields only about 400 kilograms annually, making it exceptionally rare. Cultivated in the lush natural environment of Taitung County, this tea boasts a unique character that transcends its origin, releasing a roasted fruity aroma with a sweet and tangy note. | | Its rich and mellow fragrance, reminiscent of ripe fruit, unfolds with every sip, spreading its distinctive flavor across the palate and offering a soothing moment of delight. The tea liquor, a clear amber hue, carries a gentle and elegant floral aroma akin to black tea, delicately filling the senses. Moreover, the floral notes unique to its variety and a faint honeyed fragrance—derived from the bites of tea green leafhoppers (Jacobiasca formosana)—harmonize perfectly to create a refined and unforgettable taste. | Each tea leaf is imbued with the rich honey-like aroma, as though the sweetness of an entire forest has been captured within. Representing the pinnacle of red oolong tea, this exceptional quality and profound flavor bring a touch of luxury to your special tea moments.",,We don't have an importer,"Buo-Ya Pavilion Natural Tea CO., LTD.",https://www.buoyatea.com.tw/?locale=en,Overseas exhibitors | Exportable | Co-exhibitor | Organizer : Taiwan External Trade Development Council,National Pavilion,E5-A02-00,"Buo-Ya Red Oolong Tea Leaf, Buo-Ya Red Oolong Tea Bags, Buo-Ya Red Oolong Tea Powder, Buo-Ya Red Oolong Tea Snacks, Buo-Ya Red Oolong Bottle Tea Beverage",FOODEX JAPAN 2025 / 2025 Japan Meat Industry Fair 49th,https://www.jma-tradeshow.com/foodex/webguide_en/datafile/product_image1_5998.jpg,https://www.jma-tradeshow.com/foodex/webguide_en/product.php?no=5998
6003,Buo-Ya Red Oolong Tea snacks,Cakes / Dessert | Organic Products | Savoury Baked Products | Savoury snacks | Nuts | Rice Crackers & Healthy Snacks,"Supermarkets, Department stores, Snack manufacturer","An innovative confectionery featuring red oolong tea as its centerpiece, this creation harmoniously combines the toasted crunchiness of rice snacks with the refined sweetness of nut candies. The rice snacks are crafted using Pinnan rice, recognized as one of the ""Top 10 Classic Rice Varieties in Taiwan,"" grown in the mineral-rich lands nourished by the Pinnan River. Additionally, carefully selected red oolong tea leaves from a Michelin three-star tea plantation are incorporated, enhancing the sweetness of black tea with the rich roasted aroma of oolong tea. | On the other hand, the nut candies are made with fresh almonds and Belgian sugar, meticulously infused with the rich aroma of red oolong tea to achieve a perfect balance of nuttiness and sweetness. Each bite offers a luxurious taste experience, leaving a sophisticated and lingering impression. | With accolades including the ITQI Three-Star Award and 89 gold medals at the Taitung Red Oolong Tea Competition, the quality of this product is undeniably exceptional. Ideal as a tea-time treat or a thoughtful gift, it is a masterpiece that brings together the finest ingredients of red oolong tea and the bounty of eastern Taiwan.",Other HACCP,We don't have an importer,"Buo-Ya Pavilion Natural Tea CO., LTD.",https://www.buoyatea.com.tw/?locale=en,Overseas exhibitors | Exportable | Co-exhibitor | Organizer : Taiwan External Trade Development Council,National Pavilion,E5-A02-00,"Buo-Ya Red Oolong Tea Leaf, Buo-Ya Red Oolong Tea Bags, Buo-Ya Red Oolong Tea Powder, Buo-Ya Red Oolong Tea Snacks, Buo-Ya Red Oolong Bottle Tea Beverage",FOODEX JAPAN 2025 / 2025 Japan Meat Industry Fair 49th,https://www.jma-tradeshow.com/foodex/webguide_en/datafile/product_image1_6003.jpg,https://www.jma-tradeshow.com/foodex/webguide_en/product.php?no=6003
6007,Buo-Ya Red Oolong Bottle Tea,Instant Beverages | Non-alcoholic Beverages | Tea | Organic Products,"Supermarkets, Department Stores, Convenient Stores, Beverage Manufacture","The bottled Red Oolong Tea made from red oolong tea, cultivated in the lush natural environment of Taitung County, uses rare tea leaves harvested from a single-hectare tea garden, producing only about 400 kilograms annually. It features a roasted fruity aroma with a sweet and tangy note, complemented by the rich fragrance of ripe fruit. With its clear amber hue, the tea liquor harmonizes the sweet and elegant floral scent reminiscent of black tea with a subtle honey aroma, creating a refined and unforgettable flavor. | | This red oolong tea beverage, developed in collaboration with Taiwan's FamilyMart and 7-Eleven, is offered in a convenient form and has become a hit product, beloved by many in Taiwan. Encapsulating the deep flavor and distinctiveness of red oolong tea in every bottle, it is perfect for refreshing moments or as a companion to meals. Ideal for health-conscious individuals, it adds a touch of quality to everyday life.",Other HACCP,We don't have an importer,"Buo-Ya Pavilion Natural Tea CO., LTD.",https://www.buoyatea.com.tw/?locale=en,Overseas exhibitors | Exportable | Co-exhibitor | Organizer : Taiwan External Trade Development Council,National Pavilion,E5-A02-00,"Buo-Ya Red Oolong Tea Leaf, Buo-Ya Red Oolong Tea Bags, Buo-Ya Red Oolong Tea Powder, Buo-Ya Red Oolong Tea Snacks, Buo-Ya Red Oolong Bottle Tea Beverage",FOODEX JAPAN 2025 / 2025 Japan Meat Industry Fair 49th,https://www.jma-tradeshow.com/foodex/webguide_en/datafile/product_image1_173669553176.jpg,https://www.jma-tradeshow.com/foodex/webguide_en/product.php?no=6007
6014,Natural Mineral Water Birute sparkling,Bottled Water | Non-alcoholic Beverages,Sparkling mineral water,Tasty and healthy beverage | Source of essential minerals,FDA | BRC,We have an importer,Birstonas Mineral Waters,https://www.birstonas-natural-mineral-water.top ,Overseas exhibitors | Exportable | Co-exhibitor | Organizer : Lithuania LitFOOD,National Pavilion,E2-C17-00,"Natural Mineral Water Vytautas, Natural Mineral Water Birute still, Natural Mineral Water Birute sparkling, Natural Mineral Water Akvile still",FOODEX JAPAN 2025 / 2025 Japan Meat Industry Fair 49th,https://www.jma-tradeshow.com/foodex/webguide_en/datafile/product_image1_173669715392.jpg,https://www.jma-tradeshow.com/foodex/webguide_en/product.php?no=6014
6018,VINALTURA ESPUMA BAJIO ROSE (Sparkling Rose Wine),Sparkling wines,"Importers, Distributors, Supermarkets, Restaurants, Hotels, Wine Bars, Wine Shops","Attracts markets looking for alternatives to traditional champagne, especially in Japan. | Its traditional method of production gives it an exceptional quality that connoisseurs will appreciate",,We don't have an importer,VINALTURA,https://vinaltura.mx/,Overseas exhibitors | Exportable | Co-exhibitor | Organizer : MEXICO,National Pavilion,E4-C18-00,"Mexican Sparkling Rose Wine, Mexican Sparkling Wine (PetNat), Mexican White Wine (still), Mexican Red Wine (still).",FOODEX JAPAN 2025 / 2025 Japan Meat Industry Fair 49th,https://www.jma-tradeshow.com/foodex/webguide_en/datafile/product_image1_6018.jpg,https://www.jma-tradeshow.com/foodex/webguide_en/product.php?no=6018
6020,VINALTURA MALBEC ML (Still red wine),Still wines - red,"Importers, Distributors, Supermarkets, Restaurants, Hotels, Wine Bars, Wine Shops.","Mexican Malbec is an excellent alternative to traditional Argentine Malbec, with remarkable quality. | Ideal for the Japanese market, where Malbec is a trendy favorite in the red wine segment and looking for new wine regions",,We don't have an importer,VINALTURA,https://vinaltura.mx/,Overseas exhibitors | Exportable | Co-exhibitor | Organizer : MEXICO,National Pavilion,E4-C18-00,"Mexican Sparkling Rose Wine, Mexican Sparkling Wine (PetNat), Mexican White Wine (still), Mexican Red Wine (still).",FOODEX JAPAN 2025 / 2025 Japan Meat Industry Fair 49th,https://www.jma-tradeshow.com/foodex/webguide_en/datafile/product_image1_6020.jpg,https://www.jma-tradeshow.com/foodex/webguide_en/product.php?no=6020
6043,Frozen Greenland Halibut Steak,Frozen Seafood | Halal | Seafood | Processed seafood products,"Wholesalers, Restaurants, Retail Channels.",Caught from clean ocean of Greenland. Halibut raw material is processed and stored right after caught. | Then we cut into steak at frozen status so that the freshness and taste are all well-preserved.,ISO22000 | Other HACCP | HALAL | FDA,,YEN & BROTHERS ENTERPRISE,https://www.yens.com.tw/,Overseas exhibitors | Exportable | Co-exhibitor | Organizer : Taiwan External Trade Development Council,National Pavilion,E5-A30-119,- Frozen Process Seafood: | Greenland Halibut Steak | Atlantic / Coho Salmon Steak / Portion | Pearl Grouper GGS | Pearl Grouper Skin-On Fillet; | | - Frozen Prepared / Flavored Seafood | Crawfish Salad | Truffle Smoked Salmon Salad | Seasoned Flying Fish Roe (Tobiko) | Seasoned Capelin Roe (Masago) | Seaweed Salad (Chuka Wakame) | Squid Salad (Chuka Ika Sansai) | Spicy Squid Tentacle,FOODEX JAPAN 2026 / 2026 Japan Meat Industry Fair 50th,https://www.jma-tradeshow.com/foodex/webguide_en/datafile/product_image1_176835697198.jpg,https://www.jma-tradeshow.com/foodex/webguide_en/product.php?no=6043
6048,Fried shallot (Vegetable Oil Version),Solid Seasonings,"Consumers, dealers, agents and wholesalers","♦Taiwan's first goose oil sauce brand ─ LE PONT | ♢Specially selected fresh shallots from Tainan, delivered directly from the production area to our central kitchen. | ♦100% hand-made and selected shallots, with an average of 40 kilograms of shallots, only 35 kilograms are left after being selected by LE PONT. | ♢Vegetable oil version that vegetarians can also enjoy it!",None,We don't have an importer,LEPONT FLYING,https://www.lepontcollections.com.tw/,Overseas exhibitors | Exportable | Co-exhibitor | Organizer : Taiwan External Trade Development Council,National Pavilion,E5-A02-00,"Goose oil with fried shallots, Fried Shallot, Fried shallot (Vegetable Oil Version), Spicy Goose Oil, Instant noodles with Goose Oil and Fried Shallot",FOODEX JAPAN 2025 / 2025 Japan Meat Industry Fair 49th,https://www.jma-tradeshow.com/foodex/webguide_en/datafile/product_image1_6048.jpg,https://www.jma-tradeshow.com/foodex/webguide_en/product.php?no=6048
6053,KOJA Oat Bar Dark Choc Chip,Health & Wellness Products | Cereals / Fruit Bars | Rice Crackers & Healthy Snacks | Plant-based / Alternative Foods,"Retailers, petrol stations, convenience retailers, catering companies, airlines, travel retail, leisure companies, online retailers","Lovely to meet you - I’m the Dark Choc Chip Oat Bar. Made with Australian grown rolled oats and decadent (dairy-free and soy-free) dark chocolate chips, there isn’t a lot I can’t do. I make for a satisfying between meals snack, a quick breakfast on the go or an afternoon sweet treat. My skills don’t stop there though, I’m full of fibre which means I’m digested slowly and will keep you full and energised for longer. Oh, and my chocolate is 100% dairy and soy free too! Try me and thank me later.",ISO9001 | Other HACCP,We don't have an importer,KOJA Health Pty Ltd,https://koja.com.au,"Overseas exhibitors | Exportable | Co-exhibitor | Organizer : State Government of Victoria, Australia",National Pavilion,E3-C18-10,"Oat Bars, Protein Bars, Oat Bites, Bickies",FOODEX JAPAN 2025 / 2025 Japan Meat Industry Fair 49th,https://www.jma-tradeshow.com/foodex/webguide_en/datafile/product_image1_6053.jpg,https://www.jma-tradeshow.com/foodex/webguide_en/product.php?no=6053
6057,Instant noodles with Goose Oil and Fried Shallot,Noodles,"Consumers, dealers, agents and wholesalers","♦Taiwan's first goose oil sauce brand ─ LE PONT | ♢No need to turn on the fire, just use hot water to cook it. | ♦Only takes 3 to 5 minutes and you can enjoy it! | ♢Restore the taste of Taiwanese street food.",None,We don't have an importer,LEPONT FLYING,https://www.lepontcollections.com.tw/,Overseas exhibitors | Exportable | Co-exhibitor | Organizer : Taiwan External Trade Development Council,National Pavilion,E5-A02-00,"Goose oil with fried shallots, Fried Shallot, Fried shallot (Vegetable Oil Version), Spicy Goose Oil, Instant noodles with Goose Oil and Fried Shallot",FOODEX JAPAN 2025 / 2025 Japan Meat Industry Fair 49th,https://www.jma-tradeshow.com/foodex/webguide_en/datafile/product_image1_6057.jpg,https://www.jma-tradeshow.com/foodex/webguide_en/product.php?no=6057
6075,Crispy salmon skin snack,"Dry Seafood | Seafood | Savoury Baked Products | Savoury snacks | Finger Food | Salty Snacks | Ready-to-eat Foods, Sealed Packaged Foods (e.g., curry, rice bowl toppings) | Rice Crackers & Healthy Snacks","Office worker, young adult, adult","Real seafood ingredient, real imported salmon, good source of omega, healthy snack, fried and baked",Other HACCP | HALAL | GMP | BRCGs,We don't have an importer,THAI UNION GROUP,https://www.monoriseasnack.com,Overseas exhibitors | Exportable,Sweets & Snacks,E3-Z24,"Seafood snack, Crispy shrimp cheek snack, Crispy squid snack, Crispy salmon skin snack, Fish strips, Shredded squid snack, Tuna jerky",FOODEX JAPAN 2025 / 2025 Japan Meat Industry Fair 49th,https://www.jma-tradeshow.com/foodex/webguide_en/datafile/product_image1_173674433996.jpg,https://www.jma-tradeshow.com/foodex/webguide_en/product.php?no=6075
6106,Cuttlefish Ball,Frozen Seafood,"family, restaurant operators, distributors","restaurant, hypermarket, chain restaurants",ISO22000 | Other HACCP,We don't have an importer,"USHARE INTERNATIONAL CO., LTD",https://www.cxj.com.tw/,Overseas exhibitors | Exportable | Co-exhibitor | Organizer : Taiwan External Trade Development Council,National Pavilion,E5-A02-00,"Cuttlefish Ball, Shrimp Cutlet, Sergestid Shrimp Tempura",FOODEX JAPAN 2025 / 2025 Japan Meat Industry Fair 49th,https://www.jma-tradeshow.com/foodex/webguide_en/datafile/product_image1_6106.jpg,https://www.jma-tradeshow.com/foodex/webguide_en/product.php?no=6106
6119,Frozen Red Dragon Fruit Chunks,Fresh Fruit & Vegetables | Frozen Fruit & Vegetables,"Food and beverage producers, Manufacturer, confectioners, restaurant operators, hotels, and catering businesses looking for delicious, high-quality fruits and vegetables that meet international production standards. |","Carefully selected based on expertise, with internationally recognized quality certifications. |","Other HACCP | HALAL | FDA | GMP | GAP | Global G.A.P, BRC, Superior Taste Award 3 stars",We don't have an importer,THAKOLSRI FARM COMPANY LIMITED,https://thakolsrifarm.com/,Overseas exhibitors | Exportable | Co-exhibitor | Organizer : THAILAND,National Pavilion,E4-A21-42,"1. Frozen Golden Namdokmai Mango , Mahachanok Mango -Dices , Half cut and puree | 2. Frozen Golden Banana - Whole, Slices and Puree | 3. Frozen Fruits Coated with Chocolate",FOODEX JAPAN 2025 / 2025 Japan Meat Industry Fair 49th,https://www.jma-tradeshow.com/foodex/webguide_en/datafile/product_image1_6119.jpg,https://www.jma-tradeshow.com/foodex/webguide_en/product.php?no=6119
6176,BEVERAGE CO-PACKER,Juice | Non-alcoholic Beverages,"PRIVATE LABELS SUPERMARKETS, PRICE CLUBS, CONVENIENCE STORES, RETAIL","PRIVATE LABELS SUPERMARKETS, PRICE CLUBS, CONVENIENCE STORES, RETAIL",ISO22000 | FDA,We don't have an importer,VALLE REDONDO,https://valleredondo.com.mx/,Overseas exhibitors | Exportable | Co-exhibitor | Organizer : MEXICO,National Pavilion,E4-C18-00,"Wine, Spirits, Gin, Mezcal, Tequila, Sotol, Juice and vegetable beverages, coffee and more.",FOODEX JAPAN 2025 / 2025 Japan Meat Industry Fair 49th,,https://www.jma-tradeshow.com/foodex/webguide_en/product.php?no=6176
6178,Salsa Chimichurri,Liquid Seasoning | Canned Products | Vegan,"Sauce, Dressing","Spanish, Sauce, Retail",Other HACCP | FDA | CE Mark | IFS,We have an importer,THE TAPAS SAUCES & EVOO TERRAVERNE,https://www.terraverne.com/; https://thetapassauces.com/,Overseas exhibitors | Exportable | Co-exhibitor | Organizer : ICEX SPAIN TRADE AND INVESTMENT,National Pavilion,E2-A21-13,"TERRAVERNE offers outstandig Extra Virgin Olive Oil made in Malaga, under two brands: 555, our three premium monovarietals and Oliznaga, a remarkable coupage made with our three varieties of olives, picual, hojiblanca and arbequina. | THE TAPAS SAUCES produces from its factory in Sevilla authentic Spanish sauces, made with vegetable oils, vegetables and spices, such as Brava, Alioli or Chimichurri.",FOODEX JAPAN 2025 / 2025 Japan Meat Industry Fair 49th,https://www.jma-tradeshow.com/foodex/webguide_en/datafile/product_image1_173679540101.jpg,https://www.jma-tradeshow.com/foodex/webguide_en/product.php?no=6178
6180,555 Tin Arbequina Extra Virgin Olive Oil,"Liquid Seasoning | Canned Products | Vegan | Spreads, Honey & Jams | Vegetable & Animal Oils & Fats","Gourmet, Healthy, Seasosing, Dressing","Spanish, EVOO, Extra Virgin Olive Oil, Early hasrvest, Monovarietal",,We don't have an importer,THE TAPAS SAUCES & EVOO TERRAVERNE,https://www.terraverne.com/; https://thetapassauces.com/,Overseas exhibitors | Exportable | Co-exhibitor | Organizer : ICEX SPAIN TRADE AND INVESTMENT,National Pavilion,E2-A21-13,"TERRAVERNE offers outstandig Extra Virgin Olive Oil made in Malaga, under two brands: 555, our three premium monovarietals and Oliznaga, a remarkable coupage made with our three varieties of olives, picual, hojiblanca and arbequina. | THE TAPAS SAUCES produces from its factory in Sevilla authentic Spanish sauces, made with vegetable oils, vegetables and spices, such as Brava, Alioli or Chimichurri.",FOODEX JAPAN 2025 / 2025 Japan Meat Industry Fair 49th,https://www.jma-tradeshow.com/foodex/webguide_en/datafile/product_image1_173679627424.jpg,https://www.jma-tradeshow.com/foodex/webguide_en/product.php?no=6180
6182,Oliznaga Extra Virgin Olive Oil PET 5 liters,"Liquid Seasoning | Canned Products | Vegan | Spreads, Honey & Jams | Vegetable & Animal Oils & Fats","Gourmet, Healthy, Seasosing, Dressing","Spanish, EVOO, Extra Virgin Olive Oil, Early hasrvest, Coupage, Mediterranean",,We don't have an importer,THE TAPAS SAUCES & EVOO TERRAVERNE,https://www.terraverne.com/; https://thetapassauces.com/,Overseas exhibitors | Exportable | Co-exhibitor | Organizer : ICEX SPAIN TRADE AND INVESTMENT,National Pavilion,E2-A21-13,"TERRAVERNE offers outstandig Extra Virgin Olive Oil made in Malaga, under two brands: 555, our three premium monovarietals and Oliznaga, a remarkable coupage made with our three varieties of olives, picual, hojiblanca and arbequina. | THE TAPAS SAUCES produces from its factory in Sevilla authentic Spanish sauces, made with vegetable oils, vegetables and spices, such as Brava, Alioli or Chimichurri.",FOODEX JAPAN 2025 / 2025 Japan Meat Industry Fair 49th,https://www.jma-tradeshow.com/foodex/webguide_en/datafile/product_image1_173679709318.jpg,https://www.jma-tradeshow.com/foodex/webguide_en/product.php?no=6182
6183,MEDJOOL DATES,Savoury Baked Products | Savoury snacks | Vegetable snacks | Cereals / Fruit Bars | Crackers | Dates & Date Palm Products | Dried Fruit & Vegetables | Finger Food | Nuts | Popcorn | Salty Snacks | Rice Crackers & Healthy Snacks,WHOLESALE OR DISTRIBUTOR COMPANY,,FDA | EU Organic Certification,We don't have an importer,CAMPO EL JON,,Overseas exhibitors | Exportable | Co-exhibitor | Organizer : MEXICO,National Pavilion,E4-C18-00,,FOODEX JAPAN 2025 / 2025 Japan Meat Industry Fair 49th,https://www.jma-tradeshow.com/foodex/webguide_en/datafile/product_image1_6183.jpg,https://www.jma-tradeshow.com/foodex/webguide_en/product.php?no=6183
6184,COFFE DATES,Breakfast Cereals | Coffee Beans | Pulses | Rice | Wheat,WHOLESALE AND DISTRIBUTOR COMPANY,,,We don't have an importer,CAMPO EL JON,,Overseas exhibitors | Exportable | Co-exhibitor | Organizer : MEXICO,National Pavilion,E4-C18-00,,FOODEX JAPAN 2025 / 2025 Japan Meat Industry Fair 49th,https://www.jma-tradeshow.com/foodex/webguide_en/datafile/product_image1_6184.jpg,https://www.jma-tradeshow.com/foodex/webguide_en/product.php?no=6184
6186,SUGAR DATES,Dried Fruit & Vegetables,WHOLESALE AND DISTRIBUTOR COMPANY,,,We don't have an importer,CAMPO EL JON,,Overseas exhibitors | Exportable | Co-exhibitor | Organizer : MEXICO,National Pavilion,E4-C18-00,,FOODEX JAPAN 2025 / 2025 Japan Meat Industry Fair 49th,https://www.jma-tradeshow.com/foodex/webguide_en/datafile/product_image1_173681619968.jpg,https://www.jma-tradeshow.com/foodex/webguide_en/product.php?no=6186
6190,Korean Traditional Rice Wine 'Soony',Still wines - red | Still wines - rose | Still wines - white | Sparkling wines | Fortified wines | Flavored wines | Dessert wines | Organic wines | Vegan wines | Fruit and flavored | Non-alcoholic wines | Low-alcoholic wines | Beer | Japanese Sake | Shochu | Fruit Liqueur | Spirits | Whiskey | Others,Korean Traditional Rice Wine Soony |,"Soony, beloved by many, is a new type of Makgeolli adopting scientific techniques to reflect the aroma and flavor to match current trends. | The exceptional aroma and taste of this rice wine comes from the 253 m deep natural aquifer of the Noryong mountain range, and the differentiated brewing technique which involves 16 days of low-temperature fermentation and maturation. Pasteurization used to make Soony also allows the drink to maintain its original nutrients and freshness over the long term. | The 12 months shelf-life of Soony makes possible long-term storage and nation-wide sales of rice wine. Soony’s packaging is also aimed to add a contemporary touch to the traditional design by recreating the shape of the traditional ceramic bottles using PET, and coloring it ivory to visually trigger the taste of rice wine. |",ISO9001 | Other HACCP,We don't have an importer,"BOHAE BREWERY CO., LTD.",http://www.bohae.co.kr/,Overseas exhibitors | Exportable | Co-exhibitor | Organizer : Korea Agro-Fisheries & Food Trade Corporation,National Pavilion,E5-A20-00,"Black Raspberry Wine 'Bohae Bokbunjajoo', | The Premium Plum Wine 'Matchsoon 15years', | Korean Soju 'Bohae Soju', | Korean Frui- Flavored Soju 'Yipseju', | Korean Traditional Rice Wine 'Soony' |",FOODEX JAPAN 2025 / 2025 Japan Meat Industry Fair 49th,https://www.jma-tradeshow.com/foodex/webguide_en/datafile/product_image1_6190.jpg,https://www.jma-tradeshow.com/foodex/webguide_en/product.php?no=6190
6218,Wispy Violet Sea Salt,Baked Goods | Cakes / Dessert | Bread | Japanese sweets | Gluten-free | Chocolate | Candy | Tea | Powdered Seasoning | Vinegar | Canned Products | Vegetarian | Vegan | Halal | Kosher | Dried Meat | Organ Meats & Offal | Poultry & Feathered Game | Processed Meat | Unprocessed Meat | Organic Products | Packaging | Solid Seasonings,"Premium Retails (250–500 gr), Gourmet / HoReCa (1–5 kg), E-commerce (Set / gifting)","Premium Retail, Mass Retail, HoReCa, and E-commerce",ISO9001 | ISO22000 | EU-HACCP | US-HACCP | HALAL | FDA | GMP | Non-GMO Certification,,VELİBABA BAHARAT VE GIDA MAD. ÜRT. PAK. İNŞ. NAK. PAZ. SAN. VE TİC. LTD. ŞTİ.,,Overseas exhibitors | Exportable | Co-exhibitor | Organizer : AEGEAN EXPORTERS' ASSOCIATIONS,National Pavilion,"W2-A30-088,089,090,091",,FOODEX JAPAN 2026 / 2026 Japan Meat Industry Fair 50th,https://www.jma-tradeshow.com/foodex/webguide_en/datafile/product_image1_6218.jpg,https://www.jma-tradeshow.com/foodex/webguide_en/product.php?no=6218
6241,Rice makgeolli,Others,20-30 gen Z,Korea No.1 sales,FDA,We have an importer,"WOORISOOL CO.,LTD",https://www.woorisool.kr,Overseas exhibitors | Exportable | Co-exhibitor | Organizer : Korea Agro-Fisheries & Food Trade Corporation,National Pavilion,E5-A20-00,Rice Makgeolli,FOODEX JAPAN 2025 / 2025 Japan Meat Industry Fair 49th,https://www.jma-tradeshow.com/foodex/webguide_en/datafile/product_image1_173682769176.jpg,https://www.jma-tradeshow.com/foodex/webguide_en/product.php?no=6241
6253,Sakura Gelée UC,Cakes / Dessert | Japanese sweets | Carbonated Soft Drinks | Juice | Non-alcoholic Beverages | Smoothies | Ice Cream / Sorbet Gelato,"For Eat Out inbound visitor and outbounder (Cafe,Bar, Pub, Restaurant, Japanese restaurant) | Trading company","This is a sakura-flavored jelly sauce with natural sakura petals. When mixed with cider, the sakura petals are in the glass, creating a beautiful presentation. It can also be used as a dessert sauce. It pairs wonderfully with puddings, pancakes, panna cotta, almond tofu, and more.",JFS-B Compliance Certificate,We don't have an importer,"UENOCHU CO., LTD..",https://uenochu.co.jp/,Japan exhibitors | Exportable,Exports from Japan,S1-R03,"Sakura Gelée UC, Sakura Shave Chocolate UC, Salt-Cured Sakura Petals M-5, Mochi Gyuhi Sheet+1.0, Warabi Mochi Sheet",FOODEX JAPAN 2025 / 2025 Japan Meat Industry Fair 49th,https://www.jma-tradeshow.com/foodex/webguide_en/datafile/product_image1_6253.jpg,https://www.jma-tradeshow.com/foodex/webguide_en/product.php?no=6253
6262,Black Clams,Seafood,,"Our black clams are farmed locally in Taiwan, high quality and available in various sizes.",,,HANBAO CLAM SEAFOOD,,Overseas exhibitors | Exportable | Co-exhibitor | Organizer : Taiwan External Trade Development Council,National Pavilion,E5-A30-012,,FOODEX JAPAN 2026 / 2026 Japan Meat Industry Fair 50th,https://www.jma-tradeshow.com/foodex/webguide_en/datafile/product_image1_6262.jpg,https://www.jma-tradeshow.com/foodex/webguide_en/product.php?no=6262
6263,Black clam Essence,Processed seafood products,,"Our black clams are farmed locally in Taiwan. The Essence extracted and condensed in pottery jars to enrich nutrients, abundant in glycogen and amino acids, rapidly replenishing nutrition.",ISO22000 | EU-HACCP | US-HACCP,,HANBAO CLAM SEAFOOD,,Overseas exhibitors | Exportable | Co-exhibitor | Organizer : Taiwan External Trade Development Council,National Pavilion,E5-A30-012,,FOODEX JAPAN 2026 / 2026 Japan Meat Industry Fair 50th,https://www.jma-tradeshow.com/foodex/webguide_en/datafile/product_image1_6263.jpg,https://www.jma-tradeshow.com/foodex/webguide_en/product.php?no=6263
6309,Tiger Brand Rice Noodles,Halal,"Restaurant, Hotel",250 g,ISO22000 | US-HACCP | HALAL | FSSC,We have an importer,"Tiger Brand Cheng Tung Industrial Co., Ltd.",https://www.tigerfood.com.tw,Overseas exhibitors | Exportable | Co-exhibitor | Organizer : Taiwan External Trade Development Council,National Pavilion,E5-A02-00,"Tiger Brand Rice Noodles, Tiger Brand Noodles, Tiger Brand Red Noodles, Tiger Brand Rice Noodles Thick Soup",FOODEX JAPAN 2025 / 2025 Japan Meat Industry Fair 49th,https://www.jma-tradeshow.com/foodex/webguide_en/datafile/product_image1_6309.jpg,https://www.jma-tradeshow.com/foodex/webguide_en/product.php?no=6309
6318,Tiger Brand Rice Noodles Thick Soup,Noodles,,Easy to cook to everyone and special flavor,,We don't have an importer,"Tiger Brand Cheng Tung Industrial Co., Ltd.",https://www.tigerfood.com.tw,Overseas exhibitors | Exportable | Co-exhibitor | Organizer : Taiwan External Trade Development Council,National Pavilion,E5-A02-00,"Tiger Brand Rice Noodles, Tiger Brand Noodles, Tiger Brand Red Noodles, Tiger Brand Rice Noodles Thick Soup",FOODEX JAPAN 2025 / 2025 Japan Meat Industry Fair 49th,https://www.jma-tradeshow.com/foodex/webguide_en/datafile/product_image1_6318.jpg,https://www.jma-tradeshow.com/foodex/webguide_en/product.php?no=6318
6320,Tiger Brand Sauce With Dry Noodles,Noodles,,,ISO22000,We don't have an importer,"Tiger Brand Cheng Tung Industrial Co., Ltd.",https://www.tigerfood.com.tw,Overseas exhibitors | Exportable | Co-exhibitor | Organizer : Taiwan External Trade Development Council,National Pavilion,E5-A02-00,"Tiger Brand Rice Noodles, Tiger Brand Noodles, Tiger Brand Red Noodles, Tiger Brand Rice Noodles Thick Soup",FOODEX JAPAN 2025 / 2025 Japan Meat Industry Fair 49th,https://www.jma-tradeshow.com/foodex/webguide_en/datafile/product_image1_173684218459.jpg,https://www.jma-tradeshow.com/foodex/webguide_en/product.php?no=6320
6349,TUNA AND PESTO SAUCE,Dry Seafood | Seafood | Solid Seasonings,"SUPERMARKETS, DELI SHOPS, GOURMET CATERING","READY TO EAT SAUCE, FROM TYPICAL SARDIANIAN FISHERMEN'S RECIPE, TUNA AND BASIL PESTO AS MAIN INGREDIENTS",EU-HACCP | FSMA | FDA | GMP | EU Organic Certification,We don't have an importer,LE MAREVIGLIE SRL,http://www.lemareviglie.com ,Overseas exhibitors | Exportable | Co-exhibitor | Organizer : Italian Pavilion,National Pavilion,E1-A24-124,"Karasumi muller roe bottarga, mediterranean red prawn sauce (concentrated), mediterranean blue crabmeat in sardianian seawater, cuttlefish ink, tuna and pesto sauce",FOODEX JAPAN 2025 / 2025 Japan Meat Industry Fair 49th,https://www.jma-tradeshow.com/foodex/webguide_en/datafile/product_image1_173684897396.jpg,https://www.jma-tradeshow.com/foodex/webguide_en/product.php?no=6349
6367,Iberian ham,Dried Meat | Processed Meat,"Pork, Iberian ham, cured ham",,,We don't have an importer,BONÀREA,https://www.bonarea.com/export,Overseas exhibitors | Exportable | Co-exhibitor | Organizer : ICEX SPAIN TRADE AND INVESTMENT,National Pavilion,E2-A21-57,"Meat, | Pork, | Poultry, | Bovin, | Lamb, | Manufactured products,",FOODEX JAPAN 2025 / 2025 Japan Meat Industry Fair 49th,,https://www.jma-tradeshow.com/foodex/webguide_en/product.php?no=6367
6394,BeeMaid Honey (Classic Collection),"Gluten-free | Health & Wellness Products | Vegetarian | Kosher | Organic Products | Spreads, Honey & Jams | Rice Crackers & Healthy Snacks","BeeMaid Honey is a staple in Canadian homes, loved by families seeking natural, wholesome sweetness. Whether drizzled over breakfasts like pancakes or yogurt, spread on toast, sweetening your morning tea or coffee, or used to elevate appetizers and desserts, BeeMaid Honey is a versatile kitchen essential for those who love to cook and bake.","Since 1954, BeeMaid Honey has been a trusted name in kitchens and grocery stores across Canada and beyond. Proudly owned by a cooperative of Canadian beekeepers from Western Canada, we are dedicated to delivering the finest 100% pure and authentic Canadian honey. Each bottle reflects our commitment to quality and the passion of the beekeepers who harvest it. | | Renowned for its distinct sweet floral notes, and as a perfect as a substitute for refined sugars, BeeMaid Honey is a preferred choice for families, chefs, and food manufacturers alike. From enhancing everyday recipes to inspiring culinary creations, our honey embodies the natural goodness of Canada. Discover why BeeMaid Honey has been a global favourite for over 70 years. Visit us to explore our products and experience the care of hive to home quality you can taste.","EU-HACCP | US-HACCP | FSMA | FDA | GMP | SQF (GFSI), True Source, Kosher OU, Safe Food For Canadians Act",We don't have an importer,Bee Maid Honey Limited,,Overseas exhibitors | Exportable | Co-exhibitor | Organizer : Agriculture and Agri-Food Canada,National Pavilion,E4-A07-10,,FOODEX JAPAN 2025 / 2025 Japan Meat Industry Fair 49th,https://www.jma-tradeshow.com/foodex/webguide_en/datafile/product_image1_6394.jpg,https://www.jma-tradeshow.com/foodex/webguide_en/product.php?no=6394
6405,Honey yuzu tea,Tea,"Retailers, Distributor, traders","KSF yuzu tea has been supplying over 40 countries including Costco global, Sam's club, and many international retialers using best yuzu under cutting edge facility",ISO22000 | FSSC22000,We don't have an importer,"KSF CO.,LTD",http://www.ksfintl.com,Overseas exhibitors | Exportable | Co-exhibitor | Organizer : Korea Agro-Fisheries & Food Trade Corporation,National Pavilion,E5-A20,"Yuzu tea, Kimchi, Ssamjang",FOODEX JAPAN 2025 / 2025 Japan Meat Industry Fair 49th,,https://www.jma-tradeshow.com/foodex/webguide_en/product.php?no=6405
6409,Tempering Machine (Microwave),Refrigeration and Cooling Equipment,"Frozen food handling industry in general (processing, warehousing, etc.) |","【Tempering Machine (Microwave)】 | ①World's fastest defrosting time: -20°C to -3°C in about 1 minute *(example of beef block) when using batch system. | ②Yield rate remains the same: No dripping, yield rate and quality remain the same. | ③Efficient operation: Frozen food can be thawed while still in the cardboard box. | ④Hygienic: Uniformity and short thawing time reduce bacterial growth. | ⑤Production control: Short thawing time allows for immediate thawing when needed, and planned production is also possible. | ⑥No need for drainage measures: The chiller circulates the cooling water, so no drainage measures are required each time.",,We don't have an importer,MEIJI MACHINE,https://www.meiji-kikai.co.jp/,Japan exhibitors | Exportable,Japan Meat Industry Fair,E7-FF11,①Microwave Tempering Machine MIP Series | (Exhibition of Actual Machine) | ②Mist Circulation Thawing Machine (Panel Exhibition) | ③Liquid Cryo-Freezers【TOMIN】 (Panel Exhibition),FOODEX JAPAN 2025 / 2025 Japan Meat Industry Fair 49th,https://www.jma-tradeshow.com/foodex/webguide_en/datafile/product_image1_6409.jpg,https://www.jma-tradeshow.com/foodex/webguide_en/product.php?no=6409
6410,Hibiscus tea,Tea,"Retailers, Costco",100& hibiscus tea,ISO22000 | FSSC22000,We don't have an importer,"KSF CO.,LTD",http://www.ksfintl.com,Overseas exhibitors | Exportable | Co-exhibitor | Organizer : Korea Agro-Fisheries & Food Trade Corporation,National Pavilion,E5-A20,"Yuzu tea, Kimchi, Ssamjang",FOODEX JAPAN 2025 / 2025 Japan Meat Industry Fair 49th,,https://www.jma-tradeshow.com/foodex/webguide_en/product.php?no=6410
6413,Cryo-Freezers,Refrigeration and Cooling Equipment,"Frozen food handling industry in general (processing, warehousing, etc.) |","【Freezer (Liquid Cryo-Freezers)】 | ①Quick Freeze: It can be rapidly frozen with liquid alcohol. | ②Harmless to humans and animals: Liquid alcohol is ethanol and a food additive, so it is harmless. | ③Quality after thawing: It maintains almost the same taste as raw food. | ④Thawing method: Any method can be used, such as room temperature, running water, or lukewarm water, etc. | ⑤Running cost: Alcohol cost: approx. 2.5～4.0 yen/kg, electricity cost: approx. 2.5～4.0 yen/kg *These costs increase or decrease depending on product size. | ⑥Storage method after freezing: Food can be stored in a regular freezer (air blast).",,We don't have an importer,MEIJI MACHINE,https://www.meiji-kikai.co.jp/,Japan exhibitors | Exportable,Japan Meat Industry Fair,E7-FF11,①Microwave Tempering Machine MIP Series | (Exhibition of Actual Machine) | ②Mist Circulation Thawing Machine (Panel Exhibition) | ③Liquid Cryo-Freezers【TOMIN】 (Panel Exhibition),FOODEX JAPAN 2025 / 2025 Japan Meat Industry Fair 49th,https://www.jma-tradeshow.com/foodex/webguide_en/datafile/product_image1_6413.jpg,https://www.jma-tradeshow.com/foodex/webguide_en/product.php?no=6413
6421,Salt-Cured Sakura Petals M-5,Baked Goods | Cakes / Dessert | Bread | Japanese sweets | Gluten-free,"For Eat Out inbound visitor and outbounder (Cafe,Bar, Pub, Restaurant, Japanese restaurant) | Trading company","The cherry blossoms are sized uniformly, with each flower separated and the stems cut to approximately 5mm in length. | They can be used with their vibrant colors. Due to hygienic processing, the bacterial count has been minimized.",,We don't have an importer,"UENOCHU CO., LTD..",https://uenochu.co.jp/,Japan exhibitors | Exportable,Exports from Japan,S1-R03,"Sakura Gelée UC, Sakura Shave Chocolate UC, Salt-Cured Sakura Petals M-5, Mochi Gyuhi Sheet+1.0, Warabi Mochi Sheet",FOODEX JAPAN 2025 / 2025 Japan Meat Industry Fair 49th,https://www.jma-tradeshow.com/foodex/webguide_en/datafile/product_image1_6421.jpg,https://www.jma-tradeshow.com/foodex/webguide_en/product.php?no=6421
6428,Mochi Gyuhi Sheet ＋1.0,Cakes / Dessert | Japanese sweets | Gluten-free | Frozen Ready Meals,"For Eat Out inbound visitor and outbounder (Cafe,Bar, Pub, Restaurant, Japanese restaurant) | Trading company","This is a sheet-like dough with a melt-in-your-mouth, fluffy texture. It offers a new sensation that is different from traditional mochi gyuhi sheets. It pairs perfectly with smooth creams, mousses, ice cream, and more.",,We don't have an importer,"UENOCHU CO., LTD..",https://uenochu.co.jp/,Japan exhibitors | Exportable,Exports from Japan,S1-R03,"Sakura Gelée UC, Sakura Shave Chocolate UC, Salt-Cured Sakura Petals M-5, Mochi Gyuhi Sheet+1.0, Warabi Mochi Sheet",FOODEX JAPAN 2025 / 2025 Japan Meat Industry Fair 49th,https://www.jma-tradeshow.com/foodex/webguide_en/datafile/product_image1_6428.jpg,https://www.jma-tradeshow.com/foodex/webguide_en/product.php?no=6428
6456,Cacao butter & Other dry goods,Health & Wellness Products | Vegetarian | Vegan | Halal | Kosher | Plant-based / Alternative Foods,"cacao, chia, moringa, hibiscus, coconut, neem",,,We don't have an importer,Br Naturals,https://brnaturals.com/,Overseas exhibitors | Exportable | Co-exhibitor | Organizer : MEXICO,National Pavilion,E4-C18-00,avocado oil & other healthy natural products,FOODEX JAPAN 2025 / 2025 Japan Meat Industry Fair 49th,https://www.jma-tradeshow.com/foodex/webguide_en/datafile/product_image1_6456.jpg,https://www.jma-tradeshow.com/foodex/webguide_en/product.php?no=6456
6472,KOJA Protein Bar Double Choc,Gluten-free | Health & Wellness Products | Vegetarian | Vegan | Rice Crackers & Healthy Snacks | Plant-based / Alternative Foods,"Retailers, petrol stations, convenience retailers, catering companies, airlines, travel retail, leisure companies, online retailers","I'm the new KOJA Double Chocolate Plant Protein Bar! If you're a chocolate fan I'm definitely your type. Rich in flavour and loaded with natural protein, I'm here to satisfy your sweet tooth while giving you the energy boost you need! | | - Australian made & owned | - Source of protein | - 100% real ingredients | - Source of dietary fibre | - Gluten free",ISO9001 | Other HACCP,We don't have an importer,KOJA Health Pty Ltd,https://koja.com.au,"Overseas exhibitors | Exportable | Co-exhibitor | Organizer : State Government of Victoria, Australia",National Pavilion,E3-C18-10,"Oat Bars, Protein Bars, Oat Bites, Bickies",FOODEX JAPAN 2025 / 2025 Japan Meat Industry Fair 49th,https://www.jma-tradeshow.com/foodex/webguide_en/datafile/product_image1_173691478591.jpg,https://www.jma-tradeshow.com/foodex/webguide_en/product.php?no=6472
6475,KOJA Bickie Bites Choc Chip,Baked Goods | Health & Wellness Products | Vegetarian | Vegan | Rice Crackers & Healthy Snacks | Plant-based / Alternative Foods,"Retailers, petrol stations, convenience retailers, catering companies, airlines, travel retail, leisure companies, online retailers","Hi, we're the new KOJA Bickie Bites! We're a crunchy whole food biscuit packed with whole grains, chia seeds and delicious real chocolate chips the perfect addition to any lunchbox or to enjoy anytime. We’re high in fibre, contain nothing artificial and have 40% Less Sugar than leading biscuit snacks. Each bite is packed with nutrition, energy and deliciousness! | | - Australian made & owned | - Lunchbox friendly | - 40% less sugar than leading biscuit snacks | - nothing artificial | - good source of dietary fibre | - Vegan",ISO9001 | Other HACCP,We don't have an importer,KOJA Health Pty Ltd,https://koja.com.au,"Overseas exhibitors | Exportable | Co-exhibitor | Organizer : State Government of Victoria, Australia",National Pavilion,E3-C18-10,"Oat Bars, Protein Bars, Oat Bites, Bickies",FOODEX JAPAN 2025 / 2025 Japan Meat Industry Fair 49th,https://www.jma-tradeshow.com/foodex/webguide_en/datafile/product_image1_173691529849.jpg,https://www.jma-tradeshow.com/foodex/webguide_en/product.php?no=6475
6511,Summer Snow Mango Ice Cream,Cakes / Dessert | Ice Cream / Sorbet Gelato,"1. Arab countries, Brazil, Thailand, the Philippines, and other tropical countries | 2. Supermarkets, convenience stores, department stores, retail, exports, and other channels | 3. Premium Ice Cream Section | 4. Regional or Local Specialty Section | 5. Tropical Fruit Enthusiasts | 6. Families with Children","1. Local Premium Gifts from Taitung | 2. Premium Fruits from Taitung | 3. Premium Tropical Flavor | 4. High-Quality Ingredients | 5. Summer Snow mango is often referred to as the ""LV of mangoes."" | 6. Made with fresh fruit | 7. Delicate texture with a rich aroma | 8. Ice cream with local flavor | 9. Locally-Inspired Flavor | 10. A creamy and smooth texture with a sweet and slightly tangy flavor | 11. A refreshing treat to beat the heat",,We don't have an importer,MEIYUAN PRESERVED FOODS CO LTD,http://meiyuan.com.tw,Overseas exhibitors | Exportable | Co-exhibitor | Organizer : Taiwan External Trade Development Council,National Pavilion,E5-A02-00,Ambient Product | 1.Lucky Kumquat | 2.Sweet Roselle | 3. Pomelo Gummy | Kumquat Gummy | Atemoya Gummy | 4. Honey Seedless Prune | 5. Perilla Seedless Prune | 6. Mint Dried Seedless Prune | 7. Delicious Dried Prune | Frozen Product | 1. Atemoya Ice Cream | 2. Summer Snow Mango Ice Cream | 3. Atemoya Dices | 4. Atemoya Jam,FOODEX JAPAN 2025 / 2025 Japan Meat Industry Fair 49th,https://www.jma-tradeshow.com/foodex/webguide_en/datafile/product_image1_6511.jpg,https://www.jma-tradeshow.com/foodex/webguide_en/product.php?no=6511
6531,Light House Whisky (Lightly Peated/Unpeated),Spirits | Whiskey,,,,We don't have an importer,Brave New Spirits Ltd.,https://www.bravenewspirits.com,Overseas exhibitors | Exportable | Co-exhibitor | Organizer : UK Group Organiser - PS8 Limited,National Pavilion,E3-C09-C,"Light House Whisky, Old Smitty's, Ecosse G, Royal Cabinet",FOODEX JAPAN 2025 / 2025 Japan Meat Industry Fair 49th,https://www.jma-tradeshow.com/foodex/webguide_en/datafile/product_image1_6531.jpg,https://www.jma-tradeshow.com/foodex/webguide_en/product.php?no=6531
6540,fermented bean curd sauce,Liquid Seasoning,,,ISO22000 | EU-HACCP,We don't have an importer,"XIN-PENG-LAI FOODS CO., LTD.",http://www.xpl.com.tw/,Overseas exhibitors | Exportable | Co-exhibitor | Organizer : Taiwan External Trade Development Council,National Pavilion,E5-A02-076,"Fermented bean curd, Fermented bean curd sauce, | Pickles",FOODEX JAPAN 2025 / 2025 Japan Meat Industry Fair 49th,https://www.jma-tradeshow.com/foodex/webguide_en/datafile/product_image1_6540.jpg,https://www.jma-tradeshow.com/foodex/webguide_en/product.php?no=6540
6543,Pickles,Canned Products | Solid Seasonings,,,ISO22000 | EU-HACCP,We don't have an importer,"XIN-PENG-LAI FOODS CO., LTD.",http://www.xpl.com.tw/,Overseas exhibitors | Exportable | Co-exhibitor | Organizer : Taiwan External Trade Development Council,National Pavilion,E5-A02-076,"Fermented bean curd, Fermented bean curd sauce, | Pickles",FOODEX JAPAN 2025 / 2025 Japan Meat Industry Fair 49th,https://www.jma-tradeshow.com/foodex/webguide_en/datafile/product_image1_6543.jpg,https://www.jma-tradeshow.com/foodex/webguide_en/product.php?no=6543
6549,Royal Cabinet 20,Spirits | Whiskey,,20 year old blended whisky,,We don't have an importer,Brave New Spirits Ltd.,https://www.bravenewspirits.com,Overseas exhibitors | Exportable | Co-exhibitor | Organizer : UK Group Organiser - PS8 Limited,National Pavilion,E3-C09-C,"Light House Whisky, Old Smitty's, Ecosse G, Royal Cabinet",FOODEX JAPAN 2025 / 2025 Japan Meat Industry Fair 49th,https://www.jma-tradeshow.com/foodex/webguide_en/datafile/product_image1_173693131495.jpg,https://www.jma-tradeshow.com/foodex/webguide_en/product.php?no=6549
6568,新鮮的芒果,Fresh Fruit & Vegetables,,Supermarket,,We have an importer,"LU PIN INTERNATIONAL BIOTECHNOLOGY CO., LTD.",,Overseas exhibitors | Exportable | Co-exhibitor | Organizer : Taiwan External Trade Development Council,National Pavilion,E5-A02-00,,FOODEX JAPAN 2025 / 2025 Japan Meat Industry Fair 49th,,https://www.jma-tradeshow.com/foodex/webguide_en/product.php?no=6568
6570,Dried pineapple,Dried Fruits,,Supermarket,,We have an importer,"LU PIN INTERNATIONAL BIOTECHNOLOGY CO., LTD.",,Overseas exhibitors | Exportable | Co-exhibitor | Organizer : Taiwan External Trade Development Council,National Pavilion,E5-A02-00,,FOODEX JAPAN 2025 / 2025 Japan Meat Industry Fair 49th,,https://www.jma-tradeshow.com/foodex/webguide_en/product.php?no=6570
6582,ANAMOR GRAND RESERVE RED DRY WINE,Still wines - red | Still wines - rose | Still wines - white | Sparkling wines | Fortified wines | Flavored wines | Dessert wines | Fruit and flavored | Non-alcoholic wines | Low-alcoholic wines | Spirits | Whiskey | Others,PREMIUM,HOREKA | RESTAURANTS | PROFESIONAL WINE SHOP | HOTELS,ISO22000 | EU-HACCP | US-HACCP | FDA,We don't have an importer,Manukyan Wine Brandy Factory,https://www.manukyan.wine,Overseas exhibitors | Exportable | Co-exhibitor | Organizer : Vine and Wine Foundation of Armenia/ ROTOBO,,S4-E3-00,ARMENIA - 6000 YEARS OF WINEMAKING TRADITIONS,FOODEX WINE,https://www.jma-tradeshow.com/foodex/webguide_en/datafile/product_image1_173694433636.jpg,https://www.jma-tradeshow.com/foodex/webguide_en/product.php?no=6582
6590,"Bread Stick with Cheese, Herbs de Provence and Garlic",Frozen Baked Goods,"Traditional trade, food service, modern trade","Supermarket, HoReCa, restaurant, bakery, food service",,We have an importer,MANTINGA BAKERY & FOOD SOLUTIONS,https://www.mantinga.lt/en,Overseas exhibitors | Exportable | Co-exhibitor | Organizer : Lithuania LitFOOD,National Pavilion,E2-C17-00,"MANTINGA – the largest producer of bread, snacks and frozen products in the Baltic States. Assortment of more than 1000 products, varying from bread to donuts and always counting. As one of the most innovative and biggest food manufacturers in the Baltic states we are ready to fulfill our customers needs. | | ● Export to 40 countries worldwide; | ● 4 modern factories, design to produce frozen top quality bread, baguettes, puff pastry, donuts, pizzas and snacks; | ● 3 branches: Latvia, Estonia, Ukraine; | ● 2 representatives: Sweden, Poland; | ● Strong in developing Tailor-made products and producing Private label products; | ● 7 quality certificates (FSCC, IFS, BRC, ISO22000 and ISO14001, RSPO certificates and the Risk factor analysis and critical management points system allow to offer top quality products). |",FOODEX JAPAN 2025 / 2025 Japan Meat Industry Fair 49th,https://www.jma-tradeshow.com/foodex/webguide_en/datafile/product_image1_173694799233.jpg,https://www.jma-tradeshow.com/foodex/webguide_en/product.php?no=6590
6591,Butter Croissant LEVANDER with Creamy Filling,Frozen Baked Goods,"Traditional trade, food service, modern trade","Supermarket, HoReCa, restaurant, bakery, food service",,We have an importer,MANTINGA BAKERY & FOOD SOLUTIONS,https://www.mantinga.lt/en,Overseas exhibitors | Exportable | Co-exhibitor | Organizer : Lithuania LitFOOD,National Pavilion,E2-C17-00,"MANTINGA – the largest producer of bread, snacks and frozen products in the Baltic States. Assortment of more than 1000 products, varying from bread to donuts and always counting. As one of the most innovative and biggest food manufacturers in the Baltic states we are ready to fulfill our customers needs. | | ● Export to 40 countries worldwide; | ● 4 modern factories, design to produce frozen top quality bread, baguettes, puff pastry, donuts, pizzas and snacks; | ● 3 branches: Latvia, Estonia, Ukraine; | ● 2 representatives: Sweden, Poland; | ● Strong in developing Tailor-made products and producing Private label products; | ● 7 quality certificates (FSCC, IFS, BRC, ISO22000 and ISO14001, RSPO certificates and the Risk factor analysis and critical management points system allow to offer top quality products). |",FOODEX JAPAN 2025 / 2025 Japan Meat Industry Fair 49th,https://www.jma-tradeshow.com/foodex/webguide_en/datafile/product_image1_6591.jpg,https://www.jma-tradeshow.com/foodex/webguide_en/product.php?no=6591
6592,Moomin Organic Smoothie Banana Blueberry 2 dl,Non-alcoholic Beverages | Smoothies | Health & Wellness Products | Vegan | Organic Products,"Children, Organic, Adult, Nutrition, Nature, Health","Stinky's favorite! A snack drink made from fruits and berries is convenient to take with you on a trip, and unopened packages can be kept at room temperature, saving space in your refrigerator. The taste comes purely from organic fruits and berries, without added sugar or sweeteners or additives. | |",ISO22000,We don't have an importer,Bonne Juomat,https://www.bonnejuomat.fi/,Overseas exhibitors | Exportable,Beverage,S1-D16,"Bonne Juomat Oy is a Finnish company based in Lohja, specializing in plant-based products made from natural ingredients. The main raw materials include berries, fruits, and vegetables, combined with fresh spring water to create their products. Their offerings contain no unnecessary additives, and labels like ""no added sugar"" genuinely mean no hidden sweeteners. Additives are used only when absolutely necessary. All products are manufactured and packaged in Lohja, Finland.",FOODEX JAPAN 2025 / 2025 Japan Meat Industry Fair 49th,https://www.jma-tradeshow.com/foodex/webguide_en/datafile/product_image1_6592.jpg,https://www.jma-tradeshow.com/foodex/webguide_en/product.php?no=6592
6596,Bonne Premium Bilberry juice 1 L,Juice | Vegan,"Natural Juice, Bilberry, Blueberry, Juice, Juice Drink, Healthy Juice","Juice content 15%. Preservative free. We produce and pack our juices by ourselves in Lohja, Finland. Bilberry (wild forest berry) Juice Drink from the Nordic Nature. Wild Blueberry.",ISO22000,We don't have an importer,Bonne Juomat,https://www.bonnejuomat.fi/,Overseas exhibitors | Exportable,Beverage,S1-D16,"Bonne Juomat Oy is a Finnish company based in Lohja, specializing in plant-based products made from natural ingredients. The main raw materials include berries, fruits, and vegetables, combined with fresh spring water to create their products. Their offerings contain no unnecessary additives, and labels like ""no added sugar"" genuinely mean no hidden sweeteners. Additives are used only when absolutely necessary. All products are manufactured and packaged in Lohja, Finland.",FOODEX JAPAN 2025 / 2025 Japan Meat Industry Fair 49th,https://www.jma-tradeshow.com/foodex/webguide_en/datafile/product_image1_6596.jpg,https://www.jma-tradeshow.com/foodex/webguide_en/product.php?no=6596
6597,Bonne Wild Bilberry juice drink 250 ml,Juice | Vegan,"Juice Drink, Healthy Juice, Wild Blueberry, Vegan,",Juice content 15%. Preservative free. Wild Blueberry from Nordic Nature.,ISO22000,We don't have an importer,Bonne Juomat,https://www.bonnejuomat.fi/,Overseas exhibitors | Exportable,Beverage,S1-D16,"Bonne Juomat Oy is a Finnish company based in Lohja, specializing in plant-based products made from natural ingredients. The main raw materials include berries, fruits, and vegetables, combined with fresh spring water to create their products. Their offerings contain no unnecessary additives, and labels like ""no added sugar"" genuinely mean no hidden sweeteners. Additives are used only when absolutely necessary. All products are manufactured and packaged in Lohja, Finland.",FOODEX JAPAN 2025 / 2025 Japan Meat Industry Fair 49th,https://www.jma-tradeshow.com/foodex/webguide_en/datafile/product_image1_6597.jpg,https://www.jma-tradeshow.com/foodex/webguide_en/product.php?no=6597
6601,"Cold pressed bilberry juice 250 ml, glass bottle",Juice | Health & Wellness Products | Vegan | Kosher,"NFC Juice, Bilberry Juice, Cold Pressed Juice, Cold Pressed Bilberry Juice, Healthy Juice, Wild Nordic Blueberry. Nordic Nature. 100% Bilberry Juice.","Wild Arctic bilberries are picked from the remote wild forest with limited footprints. The wild bilberries have a high level of Anthocyanin Content 650-750 mg/100 ml and source of polyphenols It is rich in vitamins C, E and fiber. Collected berries Individually Quick Frozen (IQF) and cleaned by advanced optical sorting to remove unripe and mis-shaped berries as well as other berries and leaf fragments. Machine used for juice pressing is Sraml VP44. The pneumatic press is designed for pressing fruit mass. The fruit mass is pressed in a horizontally placed cylinder with inflating membrane. The membrane presses the fruit mass against perforated channels and drain elements. Juice outflows through perforated channels | and drain elements into the collection tray under the cylinder and Pasteurized.",ISO22000 | Non-GMO Certification,We don't have an importer,Bonne Juomat,https://www.bonnejuomat.fi/,Overseas exhibitors | Exportable,Beverage,S1-D16,"Bonne Juomat Oy is a Finnish company based in Lohja, specializing in plant-based products made from natural ingredients. The main raw materials include berries, fruits, and vegetables, combined with fresh spring water to create their products. Their offerings contain no unnecessary additives, and labels like ""no added sugar"" genuinely mean no hidden sweeteners. Additives are used only when absolutely necessary. All products are manufactured and packaged in Lohja, Finland.",FOODEX JAPAN 2025 / 2025 Japan Meat Industry Fair 49th,https://www.jma-tradeshow.com/foodex/webguide_en/datafile/product_image1_6601.jpg,https://www.jma-tradeshow.com/foodex/webguide_en/product.php?no=6601
6622,CUTTLEFISH SAUSAGE,Processed Meat | Seafood | Salty Snacks | Sanitary | Professional Services,"Seasoning powder, wholesale, restaurant, bar, house cooking, Taiwanese food,Izakaya, yakitoriya, Sea food","Seasoning powder, wholesale, restaurant, bar, house cooking, Taiwanese food,Izakaya, yakitoriya, Sea food",GMP,We have an importer,"ANDREWSON CO., LTD.",https://www.sausage.com.tw/zh-TW,Overseas exhibitors | Exportable | Co-exhibitor | Organizer : Taiwan External Trade Development Council,National Pavilion,E5-A02-00,"sausage,dried shredded meat,dried shredded fish,seasoning, condiment",FOODEX JAPAN 2025 / 2025 Japan Meat Industry Fair 49th,https://www.jma-tradeshow.com/foodex/webguide_en/datafile/product_image1_173695588311.jpg,https://www.jma-tradeshow.com/foodex/webguide_en/product.php?no=6622
6642,"Conventional 100% pure maple sugar, 800g",Gluten-free | Solid Seasonings,"Retail, supermarkets, groceries, industrial, food service, private label","Our maple flakes and sugar are made from pure, premium-quality maple syrup. Our innovative dehydration process ensures uniform, dry products that never harden, with a delicate flavour and crispy texture.",HALAL | FDA | Non-GMO Certification | GFCO(Gluten-Free Certification Organization),We have an importer,The Maple Treat Corporation,https://themapletreat.com/,Overseas exhibitors | Exportable | Co-exhibitor | Organizer : Agriculture and Agri-Food Canada,National Pavilion,E4-A07-35,"Canada Grade A 100% Pure Maple Syrup (Conventional and Organic), Canada Grade A 100% Pure Maple Spread, Canada Grade A 100% Pure Maple Sugar and Flakes",FOODEX JAPAN 2025 / 2025 Japan Meat Industry Fair 49th,https://www.jma-tradeshow.com/foodex/webguide_en/datafile/product_image1_6642.jpg,https://www.jma-tradeshow.com/foodex/webguide_en/product.php?no=6642
6643,"Conventional 100% pure maple flakes, 800g",Gluten-free | Solid Seasonings,"Retail, supermarkets, groceries, industrial, food service, private label","Our maple flakes and sugar are made from pure, premium-quality maple syrup. Our innovative dehydration process ensures uniform, dry products that never harden, with a delicate flavour and crispy texture.",HALAL | FDA | Non-GMO Certification | GFCO(Gluten-Free Certification Organization),We have an importer,The Maple Treat Corporation,https://themapletreat.com/,Overseas exhibitors | Exportable | Co-exhibitor | Organizer : Agriculture and Agri-Food Canada,National Pavilion,E4-A07-35,"Canada Grade A 100% Pure Maple Syrup (Conventional and Organic), Canada Grade A 100% Pure Maple Spread, Canada Grade A 100% Pure Maple Sugar and Flakes",FOODEX JAPAN 2025 / 2025 Japan Meat Industry Fair 49th,https://www.jma-tradeshow.com/foodex/webguide_en/datafile/product_image1_6643.jpg,https://www.jma-tradeshow.com/foodex/webguide_en/product.php?no=6643
6648,"BRAGG - Apple Cider Vinegar - Organic, NON-GMO, Non-Filtered with Mother",Liquid Seasoning | Health & Wellness Products | Halal | Kosher | Organic Products,"Retail, Online Ecommerce, Wholesaler","• Crafted with organically grown apples, Bragg Original Apple Cider Vinegar is raw, unfiltered, and naturally fermented with the ‘Mother’ in every bottle. Mix it up, add to your beauty routine, or throw in your favorite recipe–because Bragg ACV makes daily wellness easy and a little funky. | • Bragg offers a variety of ACV flavors - Original ACV, ACV Honey, Cranberry Apple, and Citrus Ginger. | • Bragg is B Corp Certified, underscoring over 100 years of dedication to sustainability and social responsibility.",,We have an importer,American Trading International,https://www.american-trading.com/,"Overseas exhibitors | Exportable | Co-exhibitor | Organizer : Agricultural Trade Office, U.S. Embassy",National Pavilion,E4-C12-B6 and E4-C12-A34,"Bragg, Apple Cider Vinegar, Brownie Brittle, Chocolate, Chips, Popcorn, Baking Flour, Peanuts Butter, Mac&Cheese, Drink Mix, Nuts, Dried fruit, Pasta Sauce, Coffee, BBQ sauce",FOODEX JAPAN 2025 / 2025 Japan Meat Industry Fair 49th,https://www.jma-tradeshow.com/foodex/webguide_en/datafile/product_image1_6648.jpg,https://www.jma-tradeshow.com/foodex/webguide_en/product.php?no=6648
6650,Taiwanese Classic Aged Pork Chop,Frozen Meat | Frozen Ready Meals | Processed Meat,"• Retail buyers (supermarkets, convenience stores) | • Food service buyers (restaurants, hotels, catering companies) | • Importers / distributors of processed meat products | • E-commerce platforms specializing in food","• Premium Taiwanese Classic Aged Pork is carefully selected and thick-cut to deliver a firm, satisfying texture. | • Aged for 48 hours, marinated and gently massaged over time to lock in rich flavor and natural juices. | • This exquisite dish, overflowing with savory meat juices and sweetness, is perfect whether pan-seared or air-fried—capturing the true essence of “Classic Taiwanese Pork Cutlet.”",ISO9001 | ISO22000 | EU-HACCP | US-HACCP,,TAIWAN FARM INDUSTRY,https://www.tham.com.tw/,Overseas exhibitors | Exportable | Co-exhibitor | Organizer : Taiwan External Trade Development Council,National Pavilion,E5-A30-068,● Taiwanese Mini Sausages | ● Taiwanese Classic Sausages | ● Taiwanese Garlic Sausages | ● Classic Aged Pork Chop | ● Black Pork Meat Balls | ● Black Pork Meat Balls with Mushroom | ● Stewed Minced Pork | ● Dong-Po Pork | ● Japanese Chashu Pork Sliced | ● Braised Pork,FOODEX JAPAN 2026 / 2026 Japan Meat Industry Fair 50th,https://www.jma-tradeshow.com/foodex/webguide_en/datafile/product_image1_6650.jpg,https://www.jma-tradeshow.com/foodex/webguide_en/product.php?no=6650
6656,Kanimiso,Frozen Seafood | Frozen Ready Meals,"Seafood / Japanese food ingredient importers & distributors | | HORECA (restaurants, izakaya, sushi bars) | | Retail buyers (premium grocery, department store, specialty store) | | E-commerce / Home meal replacement (HMR) sellers | | Food manufacturers (sauce/seasoning, ready-to-eat, frozen food) | | Private label / OEM partners","Authentic kanimiso flavor with deep umami and creamy texture | | Versatile: works as topping, spread, and sauce base (mayo/cream) | | Premium seafood ingredient for Japanese cuisine & fusion menus | | Consistent quality suitable for B2B supply (restaurants/distributors) | | Easy to use: ready-to-eat style, saves kitchen prep time | | Great pairing with rice, seaweed, noodles, and alcohol menus",Other HACCP | FDA | MSC(Marine Stewardship Council) | ASC(Aquaculture Stewardship Council) | FSSC22000,,"GOREMI CO.,LTD.",https://www.goremipro.com,Overseas exhibitors | Exportable | Co-exhibitor | Organizer : Korea Agro-Fisheries & Food Trade Corporation,National Pavilion,E5-A48-D06,"Kanimiso, Kanimiso Mild, Kanimiso Mayo, Red snow crab cream",FOODEX JAPAN 2026 / 2026 Japan Meat Industry Fair 50th,https://www.jma-tradeshow.com/foodex/webguide_en/datafile/product_image1_6656.jpg,https://www.jma-tradeshow.com/foodex/webguide_en/product.php?no=6656
6663,Black Rose - Blends Collection,Still wines - red,"Wine Importer, Wholesale, Retail",Spanish Wine | Toro Region | Single grape variety,,We don't have an importer,BODEGAS CORAL DUERO,http://www.coralduero.com/en/home/,Overseas exhibitors | Exportable,,S4-H4,http://www.coralduero.com/en/home/,FOODEX WINE,https://www.jma-tradeshow.com/foodex/webguide_en/datafile/product_image1_6663.jpg,https://www.jma-tradeshow.com/foodex/webguide_en/product.php?no=6663
6672,EnVena - Blends Toro Rising,Still wines - red,Spanish Wine | Toro Region | Single grape variety,Spanish Wine | Toro Region | Single grape variety,,We have an importer,BODEGAS CORAL DUERO,http://www.coralduero.com/en/home/,Overseas exhibitors | Exportable,,S4-H4,http://www.coralduero.com/en/home/,FOODEX WINE,https://www.jma-tradeshow.com/foodex/webguide_en/datafile/product_image1_6672.jpg,https://www.jma-tradeshow.com/foodex/webguide_en/product.php?no=6672
6705,Kanimiso mild & Kanimiso mayo & Crab-rich Kanimiso,Frozen Seafood | Frozen Ready Meals,"Seafood / Japanese food ingredient importers & distributors | | HORECA (restaurants, izakaya, sushi bars) | | Retail buyers (premium grocery, department store, specialty store) | | E-commerce / Home meal replacement (HMR) sellers | | Food manufacturers (sauce/seasoning, ready-to-eat, frozen food) | | Private label / OEM partners","Authentic kanimiso flavor with deep umami and creamy texture | | Versatile: works as topping, spread, and sauce base (mayo/cream) | | Premium seafood ingredient for Japanese cuisine & fusion menus | | Consistent quality suitable for B2B supply (restaurants/distributors) | | Easy to use: ready-to-eat style, saves kitchen prep time | | Great pairing with rice, seaweed, noodles, and alcohol menus",Other HACCP | FDA | MSC(Marine Stewardship Council) | ASC(Aquaculture Stewardship Council) | FSC22000,,"GOREMI CO.,LTD.",https://www.goremipro.com,Overseas exhibitors | Exportable | Co-exhibitor | Organizer : Korea Agro-Fisheries & Food Trade Corporation,National Pavilion,E5-A48-D06,"Kanimiso, Kanimiso Mild, Kanimiso Mayo, Red snow crab cream",FOODEX JAPAN 2026 / 2026 Japan Meat Industry Fair 50th,https://www.jma-tradeshow.com/foodex/webguide_en/datafile/product_image1_6705.jpg,https://www.jma-tradeshow.com/foodex/webguide_en/product.php?no=6705
6738,Dried Fruit,Cakes / Dessert | Dried Fruits | Vegetarian | Dried Fruit & Vegetables | Rice Crackers & Healthy Snacks,For people who like delicate healthy snacks/dessert.,Natural and Additive Free. | Keep original flavor and nutrition of the fruits. | Cooperate with local farmers and select ingredients elaborately.,Other HACCP | FSSC 22000,We don't have an importer,"BEANS GROUP FOODS SCIENCE AND TECHNOLOGY CO., LTD.",https://www.beans-family.com/,Overseas exhibitors | Exportable | Co-exhibitor | Organizer : Taiwan External Trade Development Council,National Pavilion,E5-A02-00,"Green Peas - Original / Wasabi / Teriyaki / Garlic / Spicy, | Mixed Nuts and Rice Crackers, | Almond Chocolate, | Berry Yogurt Cashew Nuts, | Crispy Seaweed with Almond Flakes, | Dried Fruit - Pineapple / Guava / Mango, | Pineapple Cake, | Jelly Gummy - Kueilingao / Herbal / Longan, | Fruit Jelly - Lemon / Passion Fruit / Cranberry+Blueberry / Strawberry, | Crunch Berry Cashew Nut, | Crunch Curry Cashew Nut.",FOODEX JAPAN 2025 / 2025 Japan Meat Industry Fair 49th,https://www.jma-tradeshow.com/foodex/webguide_en/datafile/product_image1_6738.jpg,https://www.jma-tradeshow.com/foodex/webguide_en/product.php?no=6738
6765,FRESH TRUFFLES TUBER MELANOSPORUM,Mushroom,"Luxury Restaurants and Fine Dining: Essential for Michelin-starred chefs and gourmet establishments seeking the finest seasonal ingredients. | Gourmet Retailers and Specialty Stores: Perfect for high-end delicatessens and specialty food shops catering to premium clientele. | Hospitality and Catering: Ideal for luxury hotels, private dining, and event organizers elevating menus for exclusive banquets and weddings. | Export and International Markets: Targeting regions with a strong demand for fresh truffles, such as Europe, North America, and Asia. | Corporate and Luxury Gifts: A premium choice for bespoke gift hampers and high-end corporate gifting. | Home Gourmet Enthusiasts: Attracts food lovers passionate about recreating fine dining experiences at home. | E-commerce Platforms: A sought-after product for online gourmet retailers offering fresh, perishable luxury ingredients. | Artisanal Producers: Used in creating truffle-infused oils, sauces, and specialty gourmet products. |","Unmatched Quality: Renowned for their intense aroma, rich flavor, and delicate texture, elevating gourmet dishes to the highest standard. | Seasonal Luxury: A highly coveted ingredient available fresh during the truffle season, offering exclusivity and premium appeal. | Versatile Use: Perfect for shaving over pasta, risotto, eggs, meats, or adding depth to sauces and appetizers. | Gourmet Demand: A must-have for Michelin-starred chefs and fine dining establishments seeking exceptional ingredients. | Retail Appeal: Highly sought after in luxury food stores and specialty markets for their rarity and culinary prestige. | Global Export Value: Prized in international markets, particularly in regions with strong gourmet traditions, such as Europe, Asia, and North America. | Gift-Worthy: An exceptional addition to luxury gift baskets or bespoke corporate hampers. | E-commerce Ready: A premium product for online gourmet retailers targeting discerning, tech-savvy customers.",EU-HACCP | IFS CERTIFICATION,We don't have an importer,TRUFFLES MANJARES DE LA TIERRA,https://www.manjaresdelatierra.com/,Overseas exhibitors | Exportable | Co-exhibitor | Organizer : ICEX SPAIN TRADE AND INVESTMENT,National Pavilion,E2-A21-53,"Tartufata, Truffle Paste, Preserved Tuber Melanosporum, Extra Virgin Olive Oil with Truffle tuber melanosporum, Balsamic Vinegar with black truffle tuber melanosporum, Blac winter truffle slices, Preserved summer truffles, Summer truffles slices, truffle tuber melanosmporum premium juice.",FOODEX JAPAN 2025 / 2025 Japan Meat Industry Fair 49th,https://www.jma-tradeshow.com/foodex/webguide_en/datafile/product_image1_6765.jpg,https://www.jma-tradeshow.com/foodex/webguide_en/product.php?no=6765
6771,TARTUFATA TRUFFLE PASTE 5% SUMMER TRUFFLE WITH OLIVE OIL,"Soy Sauce | Miso | Powdered Seasoning | Liquid Seasoning | Vinegar | Spreads, Honey & Jams | Solid Seasonings | Rice Toppings & Ochazuke Mixes","Luxury Retailers and Gourmet Stores: High-end delicatessens and premium food boutiques catering to customers seeking refined and versatile truffle-based products. | Fine Dining and Gastronomy: Ideal for Michelin-starred restaurants and upscale bistros, adding depth of flavor to sauces, spreads, and gourmet dishes. | Hospitality and Event Catering: Luxury hotels, exclusive resorts, and event planners using truffle paste to enhance menus for banquets, weddings, and high-profile gatherings. | Gift and Corporate Hampers: A sophisticated addition to curated gift boxes and corporate hampers, perfect for holidays, anniversaries, or special occasions. | Export and International Distribution: Distributors focused on gourmet products for global markets, especially in regions like Europe, North America, and Asia with a strong gourmet culture. | Home Gourmet Enthusiasts: Targeting food lovers and home chefs seeking premium, ready-to-use truffle products to elevate their cooking. | E-commerce Platforms: Online retailers offering truffle paste to a tech-savvy audience looking for convenient access to luxurious culinary products.","Gourmet Stores and Luxury Retailers: A premium product designed for high-end delicatessens and specialty food stores appealing to truffle lovers and culinary enthusiasts. | Fine Dining and Michelin-Starred Restaurants: An essential addition for chefs seeking high-quality, ready-to-use truffle ingredients to elevate gourmet dishes. | Hospitality and Event Catering: Perfect for luxury hotels, resorts, and event planners enhancing menus with truffle-forward options for upscale events and banquets. | Corporate and Luxury Gifts: A refined choice for curated gift baskets, corporate hampers, and bespoke presents for holidays or special occasions. | International Gourmet Distribution: Highly sought-after by global distributors targeting markets with a demand for artisanal and gourmet truffle products. | E-commerce Platforms: An attractive option for online gourmet retailers catering to a tech-savvy audience seeking exclusive culinary items. | Artisanal Product Integration: Ideal for producers crafting premium sauces, spreads, or dressings with a truffle component.",EU-HACCP | IFS CERTIFICATION,We don't have an importer,TRUFFLES MANJARES DE LA TIERRA,https://www.manjaresdelatierra.com/,Overseas exhibitors | Exportable | Co-exhibitor | Organizer : ICEX SPAIN TRADE AND INVESTMENT,National Pavilion,E2-A21-53,"Tartufata, Truffle Paste, Preserved Tuber Melanosporum, Extra Virgin Olive Oil with Truffle tuber melanosporum, Balsamic Vinegar with black truffle tuber melanosporum, Blac winter truffle slices, Preserved summer truffles, Summer truffles slices, truffle tuber melanosmporum premium juice.",FOODEX JAPAN 2025 / 2025 Japan Meat Industry Fair 49th,https://www.jma-tradeshow.com/foodex/webguide_en/datafile/product_image1_6771.jpg,https://www.jma-tradeshow.com/foodex/webguide_en/product.php?no=6771
6789,Beef Jerky American style ORIGINAL 25g,"Dried Meat | Ready-to-eat Foods, Sealed Packaged Foods (e.g., curry, rice bowl toppings) | Rice Crackers & Healthy Snacks","Importers, wholesalers, retail, HoReCa, fitness centers, athletes, military, trekking...",The product belongs to the snack program and is intended for immediate consumption.,EU-HACCP,We don't have an importer,CASUM,https://beefjerky.si/,Overseas exhibitors | Exportable | Co-exhibitor | Organizer : SLOVENIA,National Pavilion,E3-C03-00,Beef Jerky dry beef,FOODEX JAPAN 2025 / 2025 Japan Meat Industry Fair 49th,https://www.jma-tradeshow.com/foodex/webguide_en/datafile/product_image1_6789.jpg,https://www.jma-tradeshow.com/foodex/webguide_en/product.php?no=6789
6803,Altum Cuvee Orange 2019,Organic wines,"Traders of biodynamic wines | Hotels, Restaurants, Wine experts",We are looking for a wholesaler for our biodynamic wines in the Japanese market and also in neighboring markets,EU Organic Certification | DEMETER biodynamic certificate,We don't have an importer,Vinopolis LLC,https://www.altum.si/en,Overseas exhibitors | Exportable | Co-exhibitor | Organizer : SLOVENIA,National Pavilion,E3-C03-00,"Altum Sauvignon 2019, Altum Sauvignon 2020, Altum Cuvee Orange 2019, Altum Cuvee Orange 2020",FOODEX JAPAN 2025 / 2025 Japan Meat Industry Fair 49th,https://www.jma-tradeshow.com/foodex/webguide_en/datafile/product_image1_6803.jpg,https://www.jma-tradeshow.com/foodex/webguide_en/product.php?no=6803
6809,Seasoned Abalone,Frozen Seafood | Frozen Ready Meals | Processed seafood products,"High-end Dining & Banquets: Perfect for wedding venues, upscale Chinese restaurants, and hotel catering for cold platters or signature entrees. | | Japanese Cuisine & Sushi Bars: Ideal for establishments requiring consistent, high-quality abalone for appetizers (Chinmi) or sushi toppings. | | Premium Retail & Gift Markets: Targeted at high-end supermarkets, boutique e-commerce platforms, and the festive gift box market. | | Airline & Institutional Catering: Suitable for procurement units needing standardized, ready-to-eat luxury ingredients with strict food safety assurance.","Premium Species Selection: We use high-quality Haliotis discus hannai (Ezo Abalone), known for its thick meat and tender yet elastic texture. | | Signature Braising Technique: Slow-cooked in our secret savory-sweet sauce to ensure the flavor penetrates deeply while locking in the natural umami of the sea. | | Convenience Meets Quality: Pre-cooked and flash-frozen to save kitchens hours of labor-intensive cleaning and simmering without sacrificing gourmet quality. | | Global Safety Standards: Produced in modern facilities certified by HACCP and ISO, meeting rigorous international export and food safety requirements.",ISO22000 | US-HACCP,,LIAN RUEY ENTERPRISE,https://www.lianhung.com.tw,Overseas exhibitors | Exportable | Co-exhibitor | Organizer : Taiwan External Trade Development Council,National Pavilion,E5-A30-123,"Lobster Oil, Lobster Glaze, Lobster Stock, Topshell Slice, Seasoned Tobiko, Hokkigai, Sakura Ebi,Sirasu , Seasoned Flying Squid With Fish Roe, Cuttlefish Roll,Kuro Mirugai Salad.",FOODEX JAPAN 2026 / 2026 Japan Meat Industry Fair 50th,https://www.jma-tradeshow.com/foodex/webguide_en/datafile/product_image1_6809.jpg,https://www.jma-tradeshow.com/foodex/webguide_en/product.php?no=6809
6810,Beef Jerky SPORT 50g,"Health & Wellness Products | Dried Meat | Ready-to-eat Foods, Sealed Packaged Foods (e.g., curry, rice bowl toppings) | Rice Crackers & Healthy Snacks","Importers, wholesalers, retail, HoReCa, fitness centers, athletes, military, trekking...",The product belongs to the snack program and is intended for immediate consumption.,EU-HACCP,We don't have an importer,CASUM,https://beefjerky.si/,Overseas exhibitors | Exportable | Co-exhibitor | Organizer : SLOVENIA,National Pavilion,E3-C03-00,Beef Jerky dry beef,FOODEX JAPAN 2025 / 2025 Japan Meat Industry Fair 49th,https://www.jma-tradeshow.com/foodex/webguide_en/datafile/product_image1_173704961347.jpg,https://www.jma-tradeshow.com/foodex/webguide_en/product.php?no=6810
6817,BeeMaid Honey (Premium Collection),"Gluten-free | Health & Wellness Products | Vegetarian | Kosher | Organic Products | Spreads, Honey & Jams | Rice Crackers & Healthy Snacks","BeeMaid Honey's Premium Collection, featuring Amber, Clover, and Raw varieties, is crafted for honey enthusiasts with a discerning palate. Ideal for those who appreciate the natural complexities of pure Canadian honey, this collection caters to home cooks, chefs, and culinary adventurers who love to experiment with both sweet and savoury creations.","Since 1954, BeeMaid Honey has been a trusted name in kitchens and grocery stores across Canada and beyond. Proudly owned by a cooperative of Canadian beekeepers from Western Canada, we are dedicated to delivering the finest 100% pure and authentic Canadian honey. Each bottle reflects our commitment to quality and the passion of the beekeepers who harvest it. | | Renowned for its distinct sweet floral notes, and as a perfect as a substitute for refined sugars, BeeMaid Honey is a preferred choice for families, chefs, and food manufacturers alike. From enhancing everyday recipes to inspiring culinary creations, our honey embodies the natural goodness of Canada. Discover why BeeMaid Honey has been a global favourite for over 70 years. Visit us to explore our products and experience the care of hive to home quality you can taste.","EU-HACCP | US-HACCP | FSMA | FDA | GMP | SQF (GFSI), True Source, Kosher OU, Safe Food For Canadians Act",We don't have an importer,Bee Maid Honey Limited,,Overseas exhibitors | Exportable | Co-exhibitor | Organizer : Agriculture and Agri-Food Canada,National Pavilion,E4-A07-10,,FOODEX JAPAN 2025 / 2025 Japan Meat Industry Fair 49th,https://www.jma-tradeshow.com/foodex/webguide_en/datafile/product_image1_6817.jpg,https://www.jma-tradeshow.com/foodex/webguide_en/product.php?no=6817
6818,BeeMaid Honey (Food Service),"Gluten-free | Health & Wellness Products | Vegetarian | Kosher | Spreads, Honey & Jams | Rice Crackers & Healthy Snacks","BeeMaid Honey’s food service products are designed to meet the diverse needs of food industry professionals, from private label partners and manufacturers to chefs and restaurant operators.","Since 1954, BeeMaid Honey has been a trusted name in kitchens and grocery stores across Canada and beyond. Proudly owned by a cooperative of Canadian beekeepers from Western Canada, we are dedicated to delivering the finest 100% pure and authentic Canadian honey. Each bottle reflects our commitment to quality and the passion of the beekeepers who harvest it. | | Renowned for its distinct sweet floral notes, and as a perfect as a substitute for refined sugars, BeeMaid Honey is a preferred choice for families, chefs, and food manufacturers alike. From enhancing everyday recipes to inspiring culinary creations, our honey embodies the natural goodness of Canada. Discover why BeeMaid Honey has been a global favourite for over 70 years. Visit us to explore our products and experience the care of hive to home quality you can taste.","EU-HACCP | US-HACCP | FSMA | FDA | GMP | SQF (GFSI), True Source, Kosher OU, Safe Food For Canadians Act",We don't have an importer,Bee Maid Honey Limited,,Overseas exhibitors | Exportable | Co-exhibitor | Organizer : Agriculture and Agri-Food Canada,National Pavilion,E4-A07-10,,FOODEX JAPAN 2025 / 2025 Japan Meat Industry Fair 49th,https://www.jma-tradeshow.com/foodex/webguide_en/datafile/product_image1_6818.jpg,https://www.jma-tradeshow.com/foodex/webguide_en/product.php?no=6818
6826,Old Jarvie H&Y Wine Set Australian wine Red sparkling wine,Still wines - red | Sparkling wines,"Liquor retailers, department stores, imported food retailers, bars, taverns, restaurants, eateries","Our principle in the vineyard is about land first, soil nutrition and following nature. Our vineyard locations are scattered in the cooler part of McLaren Vale, along the foothills east of the town. Wines made essentially by expressing the vineyard site and the underlying complex geology and cool maritime influence of the Gulf Saint Vincent. As well as vine tending and sustainable practices, we focus on the whole biodiversity and eco-system of our properties.",,We have an importer,"BIG PICTURE INTERNATIONAL, Inc.",https://item.rakuten.co.jp/bpihotsky/c/0000000184/,Overseas exhibitors | Exportable | Co-exhibitor | Organizer : Government of South Australia,National Pavilion,E3-L18-00,"We will feature a broad array of high quality foods and beverages from South Australia including raw and Manuka honeys, white, red and sparkling wines, oatmeal and several varieties of gin.",FOODEX JAPAN 2025 / 2025 Japan Meat Industry Fair 49th,https://www.jma-tradeshow.com/foodex/webguide_en/datafile/product_image1_6826.jpg,https://www.jma-tradeshow.com/foodex/webguide_en/product.php?no=6826
6903,Pickled slice radish with rice bran flavor,Frozen Ready Meals | Vegan,"Retail industry, Restaurants, Food factories, Supermarkets, EC","This bran pickled TAKUAN is made from dried Japanese radish from Miyazaki. It has a simple flavor, and is pickled in rice bran, salt, Sanonsugar, plum vinegar from Kishunankou-ume, and rice starch syrup.",ISO22000 | JAPAN VEGAN SOCIETY,We don't have an importer,"MARUAI FOODS CO., Ltd.",,Japan exhibitors | Exportable | Co-exhibitor | Organizer : Vegan Foods Friend Japan,Exports from Japan,S1-B01-02,,FOODEX JAPAN 2025 / 2025 Japan Meat Industry Fair 49th,https://www.jma-tradeshow.com/foodex/webguide_en/datafile/product_image1_173709638344.jpg,https://www.jma-tradeshow.com/foodex/webguide_en/product.php?no=6903
6912,Mijungdang Rice Tteokbokki,Frozen Ready Meals,Supermarket | Convenience store | Online commerce,60 years of secret recipe,ISO9001 | Other HACCP,We don't have an importer,"MIJUNG CO., LTD.",https://www.mijungdang.com/,Overseas exhibitors | Exportable | Co-exhibitor | Organizer : Korea Agro-Fisheries & Food Trade Corporation,National Pavilion,E5-A20,"Rice noodle, Topokki, Sauce",FOODEX JAPAN 2025 / 2025 Japan Meat Industry Fair 49th,https://www.jma-tradeshow.com/foodex/webguide_en/datafile/product_image1_6912.jpg,https://www.jma-tradeshow.com/foodex/webguide_en/product.php?no=6912
6922,Mijungdang Rice noodles in Anchovy,Noodles,Supermarket | Convenience store | Online commerce,Noodles made of rice | 60 years of secret recipe,ISO9001 | Other HACCP,We don't have an importer,"MIJUNG CO., LTD.",https://www.mijungdang.com/,Overseas exhibitors | Exportable | Co-exhibitor | Organizer : Korea Agro-Fisheries & Food Trade Corporation,National Pavilion,E5-A20,"Rice noodle, Topokki, Sauce",FOODEX JAPAN 2025 / 2025 Japan Meat Industry Fair 49th,https://www.jma-tradeshow.com/foodex/webguide_en/datafile/product_image1_173709959022.jpg,https://www.jma-tradeshow.com/foodex/webguide_en/product.php?no=6922
6950,Creamy Peach Turnover,Frozen Baked Goods,"Traditional trade, food service, modern trade","Supermarket, HoReCa, restaurant, bakery, food service",,We have an importer,MANTINGA BAKERY & FOOD SOLUTIONS,https://www.mantinga.lt/en,Overseas exhibitors | Exportable | Co-exhibitor | Organizer : Lithuania LitFOOD,National Pavilion,E2-C17-00,"MANTINGA – the largest producer of bread, snacks and frozen products in the Baltic States. Assortment of more than 1000 products, varying from bread to donuts and always counting. As one of the most innovative and biggest food manufacturers in the Baltic states we are ready to fulfill our customers needs. | | ● Export to 40 countries worldwide; | ● 4 modern factories, design to produce frozen top quality bread, baguettes, puff pastry, donuts, pizzas and snacks; | ● 3 branches: Latvia, Estonia, Ukraine; | ● 2 representatives: Sweden, Poland; | ● Strong in developing Tailor-made products and producing Private label products; | ● 7 quality certificates (FSCC, IFS, BRC, ISO22000 and ISO14001, RSPO certificates and the Risk factor analysis and critical management points system allow to offer top quality products). |",FOODEX JAPAN 2025 / 2025 Japan Meat Industry Fair 49th,https://www.jma-tradeshow.com/foodex/webguide_en/datafile/product_image1_173710574649.jpg,https://www.jma-tradeshow.com/foodex/webguide_en/product.php?no=6950
6967,Eidam cheese,Cheese,"Semi-hard, ripened, full-fat milk product in the form of salami, 45 % fat in dry matter. It has a soft, cheese-milk flavor, delicate flavor and not too salty taste. It is therefore suitable for use in cold and hot dishes; it easily creates a harmony with other flavors. It is ideal for frying.",,ISO9001 | ISO22000 | EU-HACCP | HALAL,We don't have an importer,KOLIBA DAIRY,https://kolibamilk.sk/en/,Overseas exhibitors | Exportable | Co-exhibitor | Organizer : Slovakia,National Pavilion,E2-Q30-00,"Flavoured WPC 1 kg, Flavoured WPC 1 kg Instant, Flavoured WPC 1 kg lactose free, Dried Whey Protein Concentrate (also Instant and Lactose free), Dried Permeate powder, Lactose Monohydrate (100 mash, 200 mash), Eidam cheese, Mozzarella cheese",FOODEX JAPAN 2025 / 2025 Japan Meat Industry Fair 49th,https://www.jma-tradeshow.com/foodex/webguide_en/datafile/product_image1_173710818597.jpg,https://www.jma-tradeshow.com/foodex/webguide_en/product.php?no=6967
7064,Frozen Pineapple Chunks,Frozen Fruit & Vegetables,,|,"FDA | USDA Organic Certification | EU Organic Certification | BRC, Kosher, FSMA, BIO, ISO 50001:2018, NOP-USA Organic certified, Carbon-Neutral",We don't have an importer,La Paz Frozen Tropical Fruits,https://www.lapazfruits.com/,Overseas exhibitors | Exportable | Co-exhibitor | Organizer : Essential Costa Rica,National Pavilion,E5-U11-Essential Costa Rica,IQF Pineapple Chunks 1/12 | IQF Pineapple Chunks 1/8 | IQF Pineapple Tidbits 1/16 | IQF Pineapple Dices 10x10 | IQF Mango Chunks | IQF Cantaloupe Melon Chunks 20mm | IQF Honeydew Melon Chunks 20mm | IQF Banana Slices | Frozen Yucca (Cassava) Chunks,FOODEX JAPAN 2025 / 2025 Japan Meat Industry Fair 49th,https://www.jma-tradeshow.com/foodex/webguide_en/datafile/product_image1_7064.jpg,https://www.jma-tradeshow.com/foodex/webguide_en/product.php?no=7064
7069,BUNGE PROFORMANCE HIGH STABILITY OIL 17.3L,Vegetable & Animal Oils & Fats,"Restaurants, Delicatessen, Hotels, fast-food restaurants, industrial kitchens.","Proformance® Canola Blend Frying Oil is a high-stability oil that extends fry life and reduces build-up, saving operators money and time while improving safety | by reducing fry oil change-overs.",US-HACCP | HALAL,We don't have an importer,Bunge Canada,https://www.bunge.com/,Overseas exhibitors | Exportable | Co-exhibitor | Organizer : Agriculture and Agri-Food Canada,National Pavilion,E4-A07-34,"Canola Oil, shortenings, and Margarines for Supermarkets and food service. And this year launching high-performance frying oil blend and Plant-butter alternative (BeLeaf).",FOODEX JAPAN 2025 / 2025 Japan Meat Industry Fair 49th,https://www.jma-tradeshow.com/foodex/webguide_en/datafile/product_image1_7069.jpg,https://www.jma-tradeshow.com/foodex/webguide_en/product.php?no=7069
7079,SHORT PLATE,Unprocessed Meat,"Gastronomic, restaurants, for food consumption, food, food service, supermarket.","Meat product, quality meat, beef.",US-HACCP | GMP | TIFF,We have an importer,BONAPRIME,,Overseas exhibitors | Exportable | Co-exhibitor | Organizer : MEXICO,National Pavilion,E4-C18-00,"SHORT PLATE, RIB EYE, STRIPLOIN, TENDERLOIN, CHUCK EYE ROLL, HANGING TENDER, TONGUE, TOMAHAWK.",FOODEX JAPAN 2025 / 2025 Japan Meat Industry Fair 49th,https://www.jma-tradeshow.com/foodex/webguide_en/datafile/product_image1_173714981379.jpg,https://www.jma-tradeshow.com/foodex/webguide_en/product.php?no=7079
7083,RIB EYE ROLL,Unprocessed Meat,"Gastronomic, restaurants, for food consumption, food, food service, supermarket.","Meat product, quality meat, beef.",US-HACCP | GMP | TIF,We have an importer,BONAPRIME,,Overseas exhibitors | Exportable | Co-exhibitor | Organizer : MEXICO,National Pavilion,E4-C18-00,"SHORT PLATE, RIB EYE, STRIPLOIN, TENDERLOIN, CHUCK EYE ROLL, HANGING TENDER, TONGUE, TOMAHAWK.",FOODEX JAPAN 2025 / 2025 Japan Meat Industry Fair 49th,https://www.jma-tradeshow.com/foodex/webguide_en/datafile/product_image1_173715009002.jpg,https://www.jma-tradeshow.com/foodex/webguide_en/product.php?no=7083
7085,Beleaf / Plant-Butter alternative,Baked Goods | Cakes / Dessert | Bread | Japanese sweets | Gluten-free,"Bakery, Supermarkets","BeLeaf, a revolutionary plant-based butter alternative. BeLeaf delivers the rich taste and satisfying texture of traditional butter, but is made entirely from plants. This product caters to the growing demand for delicious, sustainable, and health-conscious alternatives to dairy products.",US-HACCP | HALAL,We don't have an importer,Bunge Canada,https://www.bunge.com/,Overseas exhibitors | Exportable | Co-exhibitor | Organizer : Agriculture and Agri-Food Canada,National Pavilion,E4-A07-34,"Canola Oil, shortenings, and Margarines for Supermarkets and food service. And this year launching high-performance frying oil blend and Plant-butter alternative (BeLeaf).",FOODEX JAPAN 2025 / 2025 Japan Meat Industry Fair 49th,,https://www.jma-tradeshow.com/foodex/webguide_en/product.php?no=7085
7093,CAPRI CANOLA OIL 17.3L,Vegetable & Animal Oils & Fats,"Restaurants, Delicatessen, Hotels, Industrial Kitchens, Fast-food restaurants.","Capri Canola Oil is praised for its light texture, delicate flavor, and high smoke point, making it suitable for a wide range of cooking methods including deep-frying, stir-frying, slow cooking, and baking. It's made from premium canola seeds sourced from Canada.",US-HACCP | HALAL,We have an importer,Bunge Canada,https://www.bunge.com/,Overseas exhibitors | Exportable | Co-exhibitor | Organizer : Agriculture and Agri-Food Canada,National Pavilion,E4-A07-34,"Canola Oil, shortenings, and Margarines for Supermarkets and food service. And this year launching high-performance frying oil blend and Plant-butter alternative (BeLeaf).",FOODEX JAPAN 2025 / 2025 Japan Meat Industry Fair 49th,https://www.jma-tradeshow.com/foodex/webguide_en/datafile/product_image1_173715085818.jpg,https://www.jma-tradeshow.com/foodex/webguide_en/product.php?no=7093
7097,BUNGE 80% FAT MARGARINE,"Spreads, Honey & Jams",Supermarkets,80% Fat high-quality Canola Margarine. We OEM product for your company (Private label).,Other HACCP | HALAL,We don't have an importer,Bunge Canada,https://www.bunge.com/,Overseas exhibitors | Exportable | Co-exhibitor | Organizer : Agriculture and Agri-Food Canada,National Pavilion,E4-A07-34,"Canola Oil, shortenings, and Margarines for Supermarkets and food service. And this year launching high-performance frying oil blend and Plant-butter alternative (BeLeaf).",FOODEX JAPAN 2025 / 2025 Japan Meat Industry Fair 49th,https://www.jma-tradeshow.com/foodex/webguide_en/datafile/product_image1_173715142986.jpg,https://www.jma-tradeshow.com/foodex/webguide_en/product.php?no=7097
7107,Wasabi Okaki,Rice Crackers & Healthy Snacks,,,,We don't have an importer,"Minoya Arare Seizohonpo Co.,Ltd.",https://www.minoya-arare.com/,Japan exhibitors | Exportable | Co-exhibitor | Organizer : Kanagawa Industrial Promotion Center,Local Specialities in Japan,S2-C18-00,"Established in Yokohama in 1929, Minoya Arare Seizo-Honpo is a rice crackers manufacturer. We specialize in manufacturing arare, okaki, and kaki no tane. | The dough is made from 100% pure glutinous rice and finished with a sauce based on special dark soy sauce, white soy sauce, etc. brewed in Nagano Prefecture for our company. | In 1967, “Cocktail Crackers” won the first gold medal for rice crackers at the 6th Monde Selection. Cocktail Crackers” has been exported and enjoyed not only in Japan but also all over the world for many years.",FOODEX JAPAN 2025 / 2025 Japan Meat Industry Fair 49th,https://www.jma-tradeshow.com/foodex/webguide_en/datafile/product_image1_173715387369.jpg,https://www.jma-tradeshow.com/foodex/webguide_en/product.php?no=7107
7114,Buzz Honey Pure Australian Raw Honey (85g / 320g / 360g / 500g / Gift set),"Spreads, Honey & Jams","Food retailers, supermarkets, health food retailers, department stores, imported food retailers","Buzz Honey prides itself on preserving the unique flavour of raw honey by cold-pressing extraction without the use of chemicals. This allows us to maintain the natural enzymes and positive health-giving properties of raw, non-heat-treated honey. | Products are available from 85g-500g, gift sets and kids honey designed with mild taste for children.",,We don't have an importer,"BIG PICTURE INTERNATIONAL, Inc.",https://item.rakuten.co.jp/bpihotsky/c/0000000184/,Overseas exhibitors | Exportable | Co-exhibitor | Organizer : Government of South Australia,National Pavilion,E3-L18-00,"We will feature a broad array of high quality foods and beverages from South Australia including raw and Manuka honeys, white, red and sparkling wines, oatmeal and several varieties of gin.",FOODEX JAPAN 2025 / 2025 Japan Meat Industry Fair 49th,https://www.jma-tradeshow.com/foodex/webguide_en/datafile/product_image1_7114.jpg,https://www.jma-tradeshow.com/foodex/webguide_en/product.php?no=7114
7115,DATEMAGURO®,Seafood,"High-end sushi restaurants, restaurants, hotels, mass merchandisers, events","This tuna was featured on NHK's Professional. It is exported to more than 10 countries around the world. | As a flagship exporting region, we are working together from the producer to processing and exporting. | Sold as GG or loin.",US-HACCP | FDA | GMP | Aquaculture Eco-Label(AEL),We don't have an importer,"Tsuji Suisan Co., Ltd.",https://www.youtube.com/watch?v=aJOp1a0KouA,"Japan exhibitors | Exportable | Co-exhibitor | Organizer : Ehime Prefecture Agriculture, Commerce and Industry Exhibition Executive Committee / Uwajima City / Yawatahama City / Ozu City / Seiyo City",Local Specialities in Japan,S2-Q09-00,"Pacific bluefin tuna ,Kawakawa ,Red seabream ,Yellowtail ,White trevally",FOODEX JAPAN 2025 / 2025 Japan Meat Industry Fair 49th,https://www.jma-tradeshow.com/foodex/webguide_en/datafile/product_image1_7115.jpg,https://www.jma-tradeshow.com/foodex/webguide_en/product.php?no=7115
7125,Rice Sausage,Frozen Ready Meals | Finger Food | Rice,"Rice Sausage, Rice, Taiwan,",Traditional Taiwanese snack | Unique product,ISO22000 | Other HACCP,We have an importer,"BLACK BRIDGE FOOD CO., LTD",https://www.blackbridge.com.tw/,Overseas exhibitors | Exportable | Co-exhibitor | Organizer : Taiwan External Trade Development Council,National Pavilion,E5-A02-00,"Taiwanese Sausage | Best selling brand, Taiwan cuisine, snack, meal.",FOODEX JAPAN 2025 / 2025 Japan Meat Industry Fair 49th,,https://www.jma-tradeshow.com/foodex/webguide_en/product.php?no=7125
7146,Barramundi,Frozen Seafood | Seafood | Processed seafood products,"Seafood importers and wholesalers | Food service distributors | Restaurants (Western, Japanese fusion, hotel dining) | Ready-to-eat / ready-to-cook meal manufacturers | Retail chains and premium supermarkets","Mild, clean flavor suitable for a wide range of cuisines | Firm texture with good moisture retention after cooking | Uniform size and weight for stable cost control | High fillet yield with minimal trimming loss | Aquaculture-based, ensuring stable year-round supply | Processed under HACCP-based food safety systems | Full traceability and export-ready documentation for Japan | Available in fillet or slice formats to improve kitchen efficiency",ISO22000 | GMP,,FORTUNE LIFE ENTERPRISE,https://www.en.fortunelife.com.tw/,Overseas exhibitors | Exportable | Co-exhibitor | Organizer : Taiwan External Trade Development Council,National Pavilion,E5-A30-129,"Tilapia Filet, Tilapia Slice, Barramundi Filet, Barramundi Slice, Sakura Shrimp, Taiwan Fish Nugget, Shrimp Roll",FOODEX JAPAN 2026 / 2026 Japan Meat Industry Fair 50th,https://www.jma-tradeshow.com/foodex/webguide_en/datafile/product_image1_7146.jpg,https://www.jma-tradeshow.com/foodex/webguide_en/product.php?no=7146
7161,Brown Rice Miso,Miso,・People who want to incorporate Japanese fermented foods into their daily lives for their own health. | ・People seeking the umami of Japanese cuisine. | ・People who want to pay attention to package design.,"This made with Fukuoka-grown rice, Fukuoka-grown soybeans, and coarse salt from Ako, this Evis Miso is a meticulously crafted miso with a focus on flavor. | Aged for six months, which is two to three times longer than usual, to bring out the richness of Fukuoka's local ingredients. | Among the Ebisu Miso varieties, this miso has the lowest salt content. | The robust umami makes it suitable for simple miso soup with tofu and green onions or soups like ramen.",ISO22000,We don't have an importer,test,http://www.misoyanokitchen.com,Japan exhibitors | Exportable | Co-exhibitor | Organizer : Fukuoka Chamber of Commerce and Industry,Exports from Japan,S1-C06-00,"Miso, Organic Miso, Miso-processed products, Seasonings, Brown Rice Miso,Barley Miso | |",FOODEX JAPAN 2025 / 2025 Japan Meat Industry Fair 49th,https://www.jma-tradeshow.com/foodex/webguide_en/datafile/product_image1_7161.jpg,https://www.jma-tradeshow.com/foodex/webguide_en/product.php?no=7161
7222,Zen no Karanma - Green chili pepper miso with chirimenjako (dried young sardines),Miso,People who like miso and spicy food.Health-conscious people,"The miso, umami, spiciness and sweetness spread throughout your mouth, making this a dish that goes well with meat, fish, vegetables and other ingredients, and can be eaten and cooked in a variety of ways.",,We have an importer,ZEN,,Japan exhibitors | Exportable | Co-exhibitor | Organizer : Osaka mon / Osaka mon Meihin,Exports from Japan,S1-R04-00,Zen no Karanma Green Chilli Miso / dried young sardines | Zen no Karanma Green Chilli Miso / dried young sardines / Local miso Kinki 6Pack,FOODEX JAPAN 2025 / 2025 Japan Meat Industry Fair 49th,https://www.jma-tradeshow.com/foodex/webguide_en/datafile/product_image1_7222.jpg,https://www.jma-tradeshow.com/foodex/webguide_en/product.php?no=7222
7225,Zen no Karanma green chili pepper miso Ehime version of local miso with chirimenjako (dried young sardines),Miso,People who like miso and spicy food.Health-conscious people,"Based on the recipe for our main product, we made it with Japanese ingredients. | Kyoto Miso uses barley miso from Marumasa syouyu (Since 1928) in Ainan Town. | The miso, umami, spiciness and sweetness spread throughout your mouth, making this a dish that goes well with meat, fish, vegetables and other ingredients, and can be eaten and cooked in a variety of ways.",,We don't have an importer,ZEN,,Japan exhibitors | Exportable | Co-exhibitor | Organizer : Osaka mon / Osaka mon Meihin,Exports from Japan,S1-R04-00,Zen no Karanma Green Chilli Miso / dried young sardines | Zen no Karanma Green Chilli Miso / dried young sardines / Local miso Kinki 6Pack,FOODEX JAPAN 2025 / 2025 Japan Meat Industry Fair 49th,https://www.jma-tradeshow.com/foodex/webguide_en/datafile/product_image1_7225.jpg,https://www.jma-tradeshow.com/foodex/webguide_en/product.php?no=7225
7226,Zen no Karanma green chili pepper miso Osaka version of local miso with chirimenjako (dried young sardines),Miso,People who like miso and spicy food.Health-conscious people,"Based on the recipe for our main product, we made it with Japanese ingredients. | Kyoto Miso uses black bean miso from Katayama Shoten (Since 1968) in Kameoka City. | The miso, umami, spiciness and sweetness spread throughout your mouth, making this a dish that goes well with meat, fish, vegetables and other ingredients, and can be eaten and cooked in a variety of ways.",,We don't have an importer,ZEN,,Japan exhibitors | Exportable | Co-exhibitor | Organizer : Osaka mon / Osaka mon Meihin,Exports from Japan,S1-R04-00,Zen no Karanma Green Chilli Miso / dried young sardines | Zen no Karanma Green Chilli Miso / dried young sardines / Local miso Kinki 6Pack,FOODEX JAPAN 2025 / 2025 Japan Meat Industry Fair 49th,https://www.jma-tradeshow.com/foodex/webguide_en/datafile/product_image1_7226.jpg,https://www.jma-tradeshow.com/foodex/webguide_en/product.php?no=7226
7227,Kinako kibidango 10 pieses,Japanese sweets,"souvenir shops, sweets store, supermarkets","A soft and chewy rice cake with a slight sweetness. | Made with fragrant Japanese kinako or roasted soybean flour. | The cute wrapping paper with Momotaro, dog, monkey, pheasant, and ogre makes it easy to distribute. Open the peach package and the story of Momotaro begins. | The product package is based on the motif of the representative Japanese story ""Momotaro"". |",Other HACCP,We don't have an importer,"Yamagata Eijudo Co., Ltd.",https://www.eijudo.co.jp/,Japan exhibitors | Exportable | Co-exhibitor | Organizer : Okayama Prefectural Industrial Promotion Foundation,Local Specialities in Japan,S2-K18-15,"sweet ""mochi"" named ""kibidango"" |",FOODEX JAPAN 2025 / 2025 Japan Meat Industry Fair 49th,https://www.jma-tradeshow.com/foodex/webguide_en/datafile/product_image1_7227.jpg,https://www.jma-tradeshow.com/foodex/webguide_en/product.php?no=7227
7237,Contract Freeze-Drying Services,"Dried Fruits | Supplements | Health & Wellness Products | Frozen Fruit & Vegetables | Dried Fruit & Vegetables | Packaging | Sanitary | Refrigeration and Cooling Equipment | Food Preparation Equipment | Food Manufacturing Equipment | Professional Services | Ready-to-eat Foods, Sealed Packaged Foods (e.g., curry, rice bowl toppings)","Food manufacturers, Ingredient suppliers, Snack & functional food brands, Private label buyers, Importers / distributors","High nutrient retention, Stable, lightweight products, Consistent quality, Scalable volumes","Canadian Food Inspection Agency (CFIA), Health Canada, Safe Quality Food (SQF)",,Novem Canada,https://novemcanada.com,Overseas exhibitors | Exportable | Co-exhibitor | Organizer : Agriculture and Agri-Food Canada,National Pavilion,E4-A03-046,"OEM & Co-Packaging, Contract Freeze-Drying Services, R&D Test Kitchen and Product Development, Milling Powder Processing and Functional Blends, Custom Ingredient & Finished Product Solutions",FOODEX JAPAN 2026 / 2026 Japan Meat Industry Fair 50th,https://www.jma-tradeshow.com/foodex/webguide_en/datafile/product_image1_7237.jpg,https://www.jma-tradeshow.com/foodex/webguide_en/product.php?no=7237
7248,Green Beans,Comprehensive Logistics | Japan Domestic Logistics | Import to Japan Support | Export from Japan Support | Warehousing | Others | Fresh Fruit & Vegetables | Frozen Fruit & Vegetables | Vegetarian | Vegan | Organic Products | Vegetable snacks | Pulses,"Markets, restaurants, bars, factories.",Fresh,FDA | USDA Organic Certification,,RYS Kokusai Trade,https://rys.mx/,Overseas exhibitors | Exportable | Co-exhibitor | Organizer : MEXICO,National Pavilion,E4-C18-007,"Fresh Persian Lime, Fresh Mango, Fresh Berries, Fresh Bell Pepper, Concentrated Mango Puree",FOODEX JAPAN 2026 / 2026 Japan Meat Industry Fair 50th,,https://www.jma-tradeshow.com/foodex/webguide_en/product.php?no=7248
7249,Agave syrup,"Baked Goods | Comprehensive Logistics | Cakes / Dessert | Japan Domestic Logistics | Bread | Import to Japan Support | Japanese sweets | Export from Japan Support | Gluten-free | Warehousing | Others | Chocolate | Candy | Carbonated Soft Drinks | Coffee | Energy Drinks | Flavoured Water | Instant Beverages | Juice | Non-alcoholic Beverages | Smoothies | Tea | Liquid Seasoning | Yoghurt (NULLRegular, Flavoured, Fruit, etc.) | Fortified & Functional Products | Protein Drink | Supplements | Health & Wellness Products | Ice Cream / Sorbet Gelato | Vegetarian | Vegan | Halal | Kosher | Organic Products | Cereals / Fruit Bars | Spreads, Honey & Jams | Plant-based / Alternative Foods | Health drinks","Market, restaurant, bar, factory.","Organic, Functional Sweeteners",ISO22000 | Other HACCP | HALAL | FDA | GAP | Organic JAS Mark | USDA Organic Certification | EU Organic Certification,,RYS Kokusai Trade,https://rys.mx/,Overseas exhibitors | Exportable | Co-exhibitor | Organizer : MEXICO,National Pavilion,E4-C18-007,"Fresh Persian Lime, Fresh Mango, Fresh Berries, Fresh Bell Pepper, Concentrated Mango Puree",FOODEX JAPAN 2026 / 2026 Japan Meat Industry Fair 50th,,https://www.jma-tradeshow.com/foodex/webguide_en/product.php?no=7249
7269,Soul Diva Bubbly Moscato Rosa,Sparkling wines | Dessert wines | Low-alcoholic wines,"National Distributor, Hotels, Restaurant, Bars, Clubs, Supermarket, Retail Chain, Food Service Distribution","affordable premium sparkling wine, premium packaging,",,We have an importer,Litharian,https://litharianwines.com.au,Overseas exhibitors | Exportable | Co-exhibitor | Organizer : Government of South Australia,National Pavilion,E3-L18-00,"Soul Diva Bubbly Rose, Soul Diva Bubbly Moscato Rosa, Bella Eve Sparkling Shiraz, Bella Eve Bubbly Pink Moscato, Litharian Great Serpent Cabernet Sauvignon, Bella Eve Sparkling Chardonnay Pinot Noir, Litharian Great Serpent Barossa Valley Shiraz",FOODEX JAPAN 2025 / 2025 Japan Meat Industry Fair 49th,https://www.jma-tradeshow.com/foodex/webguide_en/datafile/product_image1_173730494792.jpg,https://www.jma-tradeshow.com/foodex/webguide_en/product.php?no=7269
7270,Bella Eve Bubbly Pink Moscato,Sparkling wines | Dessert wines | Low-alcoholic wines,"HORECA, hotels, restaurants, bars, clubs, supermarket, retail","affordable sparkling moscato, affordable sweet sparkling wine, Wine of Australia, premium sparkling wine",,We have an importer,Litharian,https://litharianwines.com.au,Overseas exhibitors | Exportable | Co-exhibitor | Organizer : Government of South Australia,National Pavilion,E3-L18-00,"Soul Diva Bubbly Rose, Soul Diva Bubbly Moscato Rosa, Bella Eve Sparkling Shiraz, Bella Eve Bubbly Pink Moscato, Litharian Great Serpent Cabernet Sauvignon, Bella Eve Sparkling Chardonnay Pinot Noir, Litharian Great Serpent Barossa Valley Shiraz",FOODEX JAPAN 2025 / 2025 Japan Meat Industry Fair 49th,https://www.jma-tradeshow.com/foodex/webguide_en/datafile/product_image1_7270.jpg,https://www.jma-tradeshow.com/foodex/webguide_en/product.php?no=7270
7292,misoya no kitchen Dip Miso series,Miso | Liquid Seasoning,People who are interested in traditional Japanese food and fermented foods. | Or chefs who want to easily incorporate Japanese fermented foods into their own cooking.,"Each product is carefully handmade, aiming to become a standard in everyday households, suitable for various dishes. | | Ex1: ""Deep-Tomato Miso"" | Just dissolve in hot water, and you'll have delicious miso soup in no time! Made with Kyushu-produced barley miso as a base, combined with tomatoes. It can be used as pasta sauce, spread on bread with cheese for pizza toast, or poured over omelets. | | Ex2: ""Green Plum Miso"" | Based on white miso, it features the sourness and fragrance of plums. Suitable for seaweed salad or as a replacement for hot mustard vinegar miso. | | Example: ""Sesame & Aosa Miso"" | Based on Akadashi miso, it combines sesame and green seaweed. It can be paired with rice like a condiment or used as a dipping sauce for dumplings with chili oil. | | Example: ""Moromi Yuzu Pepper"" | A spicy moromi miso infused with locally produced yuzu pepper from Kyushu, perfect as a snack. Enjoy it on vegetables or with piping hot rice. | | *All products are packaged in a user-friendly spout for easy use in daily life.",ISO22000,We don't have an importer,test,http://www.misoyanokitchen.com,Japan exhibitors | Exportable | Co-exhibitor | Organizer : Fukuoka Chamber of Commerce and Industry,Exports from Japan,S1-C06-00,"Miso, Organic Miso, Miso-processed products, Seasonings, Brown Rice Miso,Barley Miso | |",FOODEX JAPAN 2025 / 2025 Japan Meat Industry Fair 49th,https://www.jma-tradeshow.com/foodex/webguide_en/datafile/product_image1_7292.jpg,https://www.jma-tradeshow.com/foodex/webguide_en/product.php?no=7292
7293,Grabmeal Korean Matcha,Energy Drinks | Instant Beverages | Non-alcoholic Beverages | Protein Drink,Ages of 20s to 40s | Youth | Young Age | Weight Control | Lose Weight | Gain Weight,High-Protein Shake | Meal Replacement | Multi-Vitamin | Whey Protein | Easy to Carry | Easy to Consume | Portable,"Other HACCP | FSSC22000, FDA FFR",We don't have an importer,LIVING LIFE & RENEW-PHY,http://www.elivinglife.co.kr,Overseas exhibitors | Exportable,Healthcare Foods,E5-N17,Grabmeal Multi-Grain | Grabmeal Chocolate | Grabmeal Korean Matcha | Grabmeal Sweet Potato Latte | Grabmeal Sweet Corn,FOODEX JAPAN 2025 / 2025 Japan Meat Industry Fair 49th,https://www.jma-tradeshow.com/foodex/webguide_en/datafile/product_image1_173733240376.jpg,https://www.jma-tradeshow.com/foodex/webguide_en/product.php?no=7293
7336,Cuttlefish Roll (Lard-free),Frozen Seafood | Processed seafood products,"Health-Conscious Retailers: Ideal for supermarkets focusing on clean-label or lard-free products. | | International Food Services: Suitable for catering units with specific dietary requirements (No Lard). | | Frozen Food Distributors: Targeted at high-quality ""Ready-to-Cook"" appetizer markets.","Lard-Free Recipe: Specially formulated without any lard, offering a lighter and cleaner seafood taste. | | Rich Cuttlefish Texture: Packed with high-quality cuttlefish pieces for a firm and satisfying bite. | | Authentic Flavor: Seasoned to enhance the natural sweetness of premium seafood without heavy additives. | | Global Compliance: Produced in ISO and HACCP certified facilities, meeting international safety and export standards.",,,LIAN RUEY ENTERPRISE,https://www.lianhung.com.tw,Overseas exhibitors | Exportable | Co-exhibitor | Organizer : Taiwan External Trade Development Council,National Pavilion,E5-A30-123,"Lobster Oil, Lobster Glaze, Lobster Stock, Topshell Slice, Seasoned Tobiko, Hokkigai, Sakura Ebi,Sirasu , Seasoned Flying Squid With Fish Roe, Cuttlefish Roll,Kuro Mirugai Salad.",FOODEX JAPAN 2026 / 2026 Japan Meat Industry Fair 50th,https://www.jma-tradeshow.com/foodex/webguide_en/datafile/product_image1_7336.jpg,https://www.jma-tradeshow.com/foodex/webguide_en/product.php?no=7336
7339,Instant Black Sesame Drink with Grain (Celery and Broccoli),Instant Beverages | Non-alcoholic Beverages | Health & Wellness Products | Breakfast Cereals,"This product is ideal for the health and wellness sector, catering to consumers who prioritize nutritious and functional beverages. Perfect for individuals seeking convenient ways to incorporate vegetables and superfoods into their busy daily routines, including health-conscious professionals, fitness enthusiasts, and families.","1.Nutrient-Rich Blend: Combines the health benefits of black sesame, celery, and broccoli, offering antioxidants, vitamins, and minerals in one drink. | 2.Convenience: Easy to prepare—just add hot water for a nutritious beverage in seconds. | 3.Diet-Friendly: Cholesterol-free, preservative-free, and trans-fat-free, making it suitable for various dietary preferences. | 4. Unique Flavor: A savory twist on traditional health drinks, appealing to those seeking new and wholesome taste experiences. | 5. Versatile Consumption: Suitable for all ages, from busy professionals to families looking for a quick, healthy option.",Other HACCP | HALAL | FDA | GHPS / THAILANF TRUST MARK,We don't have an importer,L.K.S. FOOD MAKER COMPANY LIMITED,https://www.lksfood.com,Overseas exhibitors | Exportable | Co-exhibitor | Organizer : THAILAND,National Pavilion,E4-A21-22,"1. Premium Coffee Blends | Our coffee blends, crafted from 100% Arabica beans sourced from Thailand’s finest plantations, are a highlight of our exhibition. Products include: | Lavita: A smooth and creamy coffee blend ideal for daily enjoyment. | ARICA CAFE: A high-energy option perfect for a quick refresh. | These coffees are roasted to perfection, ensuring a balance of flavor, aroma, and richness that caters to both casual drinkers and connoisseurs. | 2. Instant Beverage Mixes | Convenience and taste come together in our instant mixes. These include: | Black Sesame Mix: Rich in antioxidants and nutrients, ideal for health-conscious consumers. | Multi-Grain Beverage: A wholesome mix of grains, offering a nutritious start to the day. | Each mix is carefully formulated to retain natural flavors while ensuring ease of preparation. | 3. Custom Manufacturing Services | Beyond our branded products, L.K.S. FOOD MAKER offers custom manufacturing services. We collaborate with clients to develop private-label products tailored to specific market needs, leveraging our expertise in food and beverage innovation.",FOODEX JAPAN 2025 / 2025 Japan Meat Industry Fair 49th,https://www.jma-tradeshow.com/foodex/webguide_en/datafile/product_image1_7339.jpg,https://www.jma-tradeshow.com/foodex/webguide_en/product.php?no=7339
7349,Raspberry Tartlets *2,Baked Goods | Cakes / Dessert | Bread | Japanese sweets | Gluten-free | Frozen Baked Goods | Frozen Dairy Products | Frozen Fruit & Vegetables | Frozen Meat | Frozen Seafood | Frozen Ready Meals | Ice Cream / Sorbet Gelato,"Retail, online","Retail, Online, Convenience stores, Hypermarkets, Supermarkets, Clubstores",EU-HACCP,We have an importer,BRIOCHE PASQUIER,https://www.pasquier.fr/,Overseas exhibitors | Exportable | Co-exhibitor | Organizer : BUSINESS FRANCE,National Pavilion,E2-C11-27,"French family bakery since 1974. | | We remain faithful to our family traditions when baking delicious brioche (pain au lait, pain au chocolat, croissant, brioche tressée, filled brioche, pancakes, bretzel bread), patisserie (French macarons, tartlets, eclairs, tarts, sweet petits fours, creamy desserts, doughnuts) and biscotte enjoyed around the world.",FOODEX JAPAN 2025 / 2025 Japan Meat Industry Fair 49th,https://www.jma-tradeshow.com/foodex/webguide_en/datafile/product_image1_173734276575.jpg,https://www.jma-tradeshow.com/foodex/webguide_en/product.php?no=7349
7363,Las Parvas - Single Vineyard,Still wines - red,"Wine Importer, Wholesale, Retail",Spanish Wine | Toro Region | Single grape variety | Tinta de Toro,,We have an importer,BODEGAS CORAL DUERO,http://www.coralduero.com/en/home/,Overseas exhibitors | Exportable,,S4-H4,http://www.coralduero.com/en/home/,FOODEX WINE,https://www.jma-tradeshow.com/foodex/webguide_en/datafile/product_image1_173734609439.jpg,https://www.jma-tradeshow.com/foodex/webguide_en/product.php?no=7363
7364,BESA Fresh Apple Juice,Juice | Smoothies,HOSPITALITY/ HOTEL/RETAIL,"100% Cold Pressed Natural Australian Fruit Juice, NFC, Chemical Free, Preservatives Free, No added Sugar",Other HACCP,We don't have an importer,BESA Juice,https://besajuice.com.au/,Overseas exhibitors | Exportable | Co-exhibitor | Organizer : Government of South Australia,National Pavilion,E3-L18-00,"BESA Fresh Apple Juice , BESA Fresh Orange Juice , BESA Fresh Pear Juice, BESA Fresh Apple and Strawberry Juice, BESA Fresh Apple and Cherry Juice |",FOODEX JAPAN 2025 / 2025 Japan Meat Industry Fair 49th,https://www.jma-tradeshow.com/foodex/webguide_en/datafile/product_image1_7364.jpg,https://www.jma-tradeshow.com/foodex/webguide_en/product.php?no=7364
7367,BESA Fresh ORANGE Juice,Juice | Smoothies,HOSPITALITY/HOTEL/RETAIL |,"100% AUSTRALIAN Orange Juice , made from Australian Valencia Oranges, No sugar added, |",Other HACCP,We don't have an importer,BESA Juice,https://besajuice.com.au/,Overseas exhibitors | Exportable | Co-exhibitor | Organizer : Government of South Australia,National Pavilion,E3-L18-00,"BESA Fresh Apple Juice , BESA Fresh Orange Juice , BESA Fresh Pear Juice, BESA Fresh Apple and Strawberry Juice, BESA Fresh Apple and Cherry Juice |",FOODEX JAPAN 2025 / 2025 Japan Meat Industry Fair 49th,https://www.jma-tradeshow.com/foodex/webguide_en/datafile/product_image1_7367.jpg,https://www.jma-tradeshow.com/foodex/webguide_en/product.php?no=7367
7369,SQUID BALLS,Frozen Seafood | Processed seafood products,"Hot Pot Chains & Restaurant Brands, Frozen Seafood Wholesalers & Importers, Central Kitchens & Catering Services, Retailers & Private Label Brands, Seafood Processors & OEM / ODM Manufacturers","Made with squid for authentic seafood flavor, Firm and bouncy texture, Uniform size and stable quality, Suitable for foodservice and mass production, Frozen format for easy storage and logistics, Custom packaging and private label options available",ISO22000 | Other HACCP | HALAL,,FISHERMAN’S HOMETOWN INTERNATIONAL,https://www.taiwanfisher.com.tw/zh-TW,Overseas exhibitors | Exportable | Co-exhibitor | Organizer : Taiwan External Trade Development Council,National Pavilion,E5-A30-136,"Squid Balls, Squid and Shrimp Paste, Fried Squid Steak, Basil Squid Tempura, Tempura , Kamaboko Fish Cake, ,Fried Milkfish Steak, Milkfish Belly (Boneless), Aquatic Processed Products, Milkfish Collagen Peptide Concentrate Base",FOODEX JAPAN 2026 / 2026 Japan Meat Industry Fair 50th,https://www.jma-tradeshow.com/foodex/webguide_en/datafile/product_image1_7369.jpg,https://www.jma-tradeshow.com/foodex/webguide_en/product.php?no=7369
7382,RG3 BLACK GINSENG PLUS,Energy Drinks | Fortified & Functional Products | Health & Wellness Products | Organic Products,"Supermarket, Herbal medicine shops, markets, herbal remedy stores, online shopping malls.","For older adults seeking consistent health, office workers with low immunity, students lacking energy, and people of all ages who want to improve their health.",GMP,We don't have an importer,"WOOSHIN INDUSTRIAL CO., LTD",http://bohanjang.com,Overseas exhibitors | Exportable | Co-exhibitor | Organizer : Korea Agro-Fisheries & Food Trade Corporation,National Pavilion,E5-A20-00,"Red ginseng,Black ginseng,Red ginseng slice,Black ginseng slice, Black ginseng powder, Black ginseng extract, Black honeyed ginseng,Black ginseng liquid stick",FOODEX JAPAN 2025 / 2025 Japan Meat Industry Fair 49th,https://www.jma-tradeshow.com/foodex/webguide_en/datafile/product_image1_7382.jpg,https://www.jma-tradeshow.com/foodex/webguide_en/product.php?no=7382
7383,RG3 BLACK GINSENG DEER ANTLER EXTRACT,Energy Drinks | Fortified & Functional Products | Health & Wellness Products,"Supermarket, Herbal medicine shops, markets, herbal remedy stores, online shopping malls.","For older adults seeking consistent health, office workers with low immunity, students lacking energy, and people of all ages who want to improve their health.",Other HACCP,We don't have an importer,"WOOSHIN INDUSTRIAL CO., LTD",http://bohanjang.com,Overseas exhibitors | Exportable | Co-exhibitor | Organizer : Korea Agro-Fisheries & Food Trade Corporation,National Pavilion,E5-A20-00,"Red ginseng,Black ginseng,Red ginseng slice,Black ginseng slice, Black ginseng powder, Black ginseng extract, Black honeyed ginseng,Black ginseng liquid stick",FOODEX JAPAN 2025 / 2025 Japan Meat Industry Fair 49th,https://www.jma-tradeshow.com/foodex/webguide_en/datafile/product_image1_7383.jpg,https://www.jma-tradeshow.com/foodex/webguide_en/product.php?no=7383
7385,BESA Fresh Apple Cherry Juice,Juice | Smoothies,RETAIL/HOSPITALITY/HOTEL/FOOD SERVICE,"100% Australian product, made from fresh grown Australian produce, perfect climate for Cherries, no additives",Other HACCP,We don't have an importer,BESA Juice,https://besajuice.com.au/,Overseas exhibitors | Exportable | Co-exhibitor | Organizer : Government of South Australia,National Pavilion,E3-L18-00,"BESA Fresh Apple Juice , BESA Fresh Orange Juice , BESA Fresh Pear Juice, BESA Fresh Apple and Strawberry Juice, BESA Fresh Apple and Cherry Juice |",FOODEX JAPAN 2025 / 2025 Japan Meat Industry Fair 49th,https://www.jma-tradeshow.com/foodex/webguide_en/datafile/product_image1_173734857127.jpg,https://www.jma-tradeshow.com/foodex/webguide_en/product.php?no=7385
7391,Seasoned Tobiko,Frozen Seafood | Frozen Ready Meals | Processed seafood products,"High-end Sushi Bars & Japanese Restaurants: Seeking premium, crunchy roe for nigiri and rolls. | | Fusion & Contemporary Dining: Used as a vibrant garnish to elevate modern culinary presentations. | | International Food Distributors: Cater to global markets demanding standardized, export-grade seafood delicacies.","Distinctive Crunchy Texture: Carefully processed to maintain the signature ""pop"" that defines premium Tobiko. | | Stable & Vibrant Coloring: Uses high-quality food coloring that remains stable and attractive during presentation. | | Expert Marination: Seasoned with a balanced savory-sweet profile that complements but doesn't overpower raw fish.",ISO22000 | US-HACCP,,LIAN RUEY ENTERPRISE,https://www.lianhung.com.tw,Overseas exhibitors | Exportable | Co-exhibitor | Organizer : Taiwan External Trade Development Council,National Pavilion,E5-A30-123,"Lobster Oil, Lobster Glaze, Lobster Stock, Topshell Slice, Seasoned Tobiko, Hokkigai, Sakura Ebi,Sirasu , Seasoned Flying Squid With Fish Roe, Cuttlefish Roll,Kuro Mirugai Salad.",FOODEX JAPAN 2026 / 2026 Japan Meat Industry Fair 50th,https://www.jma-tradeshow.com/foodex/webguide_en/datafile/product_image1_7391.jpg,https://www.jma-tradeshow.com/foodex/webguide_en/product.php?no=7391
7393,BESA Fresh Apple and strawberry Juice,Juice | Smoothies,RETAIL/ FOOD SERVICE |,"100% Australian Fruit Juice,made out of Australian fruits, NFC, No added Sugar, No Added preservatives, Natural",Other HACCP,We don't have an importer,BESA Juice,https://besajuice.com.au/,Overseas exhibitors | Exportable | Co-exhibitor | Organizer : Government of South Australia,National Pavilion,E3-L18-00,"BESA Fresh Apple Juice , BESA Fresh Orange Juice , BESA Fresh Pear Juice, BESA Fresh Apple and Strawberry Juice, BESA Fresh Apple and Cherry Juice |",FOODEX JAPAN 2025 / 2025 Japan Meat Industry Fair 49th,https://www.jma-tradeshow.com/foodex/webguide_en/datafile/product_image1_173734931354.jpg,https://www.jma-tradeshow.com/foodex/webguide_en/product.php?no=7393
7426,Kuro Mirugai Salad (wasabi flavor),Processed seafood products,Buffet & Catering Services: Ideal for high-volume seafood stations and cold appetizer platters. | | Sushi Chains & Izakayas: Perfect for Gunkan sushi or as a premium side dish (Chinmi). | | Premium Retail: Aimed at gourmet supermarkets offering ready-to-eat (RTE) seafood salads.,"Premium Kuro Mirugai Texture: Features high-quality Kuro Mirugai known for its refreshing and firm crunch. | | Multi-Layered Umami: Expertly blended with flying squid, fish roe, and a signature dressing for a rich taste profile. | | Operational Efficiency: Fully seasoned and ready-to-serve after thawing, reducing prep time and labor costs. | | Quality Assurance: Produced in ISO/HACCP certified facilities to ensure international safety standards.",ISO22000 | US-HACCP,,LIAN RUEY ENTERPRISE,https://www.lianhung.com.tw,Overseas exhibitors | Exportable | Co-exhibitor | Organizer : Taiwan External Trade Development Council,National Pavilion,E5-A30-123,"Lobster Oil, Lobster Glaze, Lobster Stock, Topshell Slice, Seasoned Tobiko, Hokkigai, Sakura Ebi,Sirasu , Seasoned Flying Squid With Fish Roe, Cuttlefish Roll,Kuro Mirugai Salad.",FOODEX JAPAN 2026 / 2026 Japan Meat Industry Fair 50th,https://www.jma-tradeshow.com/foodex/webguide_en/datafile/product_image1_7426.jpg,https://www.jma-tradeshow.com/foodex/webguide_en/product.php?no=7426
7453,Bio-Fermented Sea Moss Gel Sachets,Health & Wellness Products,"Ambitious professionals who prioritize preventive wellness, seeking natural solutions to optimize their daily performance while nurturing their digestive health. Our customers value high-quality, science-backed supplements that seamlessly integrate into their dynamic lifestyles, supporting both their immediate energy needs and long-term vitality","Physical stores, online ecommerce store",,We don't have an importer,Belo,https://trybelo.com,Overseas exhibitors | Exportable | Co-exhibitor | Organizer : WESTERN AUSTRALIA,National Pavilion,E3-A18-00,"Bio-Fermented Sea Moss Gel Sachets, Sea Moss Gel",FOODEX JAPAN 2025 / 2025 Japan Meat Industry Fair 49th,,https://www.jma-tradeshow.com/foodex/webguide_en/product.php?no=7453
7509,"Bungeoppang (SWEET RED BEAN,CUSTARD CREAM, APPLE CINNAMON)",Baked Goods | Cakes / Dessert | Frozen Baked Goods,"Korean fish-shaped pastry, frozen Bungeoppang, Korean street food snack, sweet red bean pastry, custard-filled Bungeoppang, apple cinnamon dessert, Korean frozen dessert, fish-shaped snack, traditional Korean pastry, sweet red bean bun, custard cream pastry, apple cinnamon pastry, air fryer snacks, oven-ready dessert, microwaveable Korean snacks, Asian frozen snacks, Korean snack food","Korean frozen snack Bungeoppang: | | 1. Authentic Korean Dessert | Bungeoppang is a cherished Korean street food, instantly recognizable for its playful fish shape and nostalgic charm. | | 2. Convenient & Versatile | Ready-to-heat in the oven, microwave, or air fryer, it's perfect for breakfast, snack time, or dessert—quick and hassle-free. | | 3. Flavor Variety | | Sweet Red Bean: A traditional favorite with mild sweetness and nuttiness. | Custard Cream: Rich and creamy for a luxurious bite. | Apple Cinnamon: A modern, warm flavor twist loved worldwide. | 4. Premium Ingredients | Crafted with high-quality, natural ingredients and free from artificial additives, it’s a guilt-free indulgence. | Bungeoppang’s mix of authenticity, flavors, and convenience makes it irresistible for all snack lovers!",Other HACCP | FDA,We don't have an importer,"WONIL FOOD CO., LTD",https://www.wonilfood.com/kr/index.php,Overseas exhibitors | Exportable | Co-exhibitor | Organizer : Korea Agro-Fisheries & Food Trade Corporation,National Pavilion,E5-A20,"HMR, Korean soup , Korean cooking sauce, Flavored Mayo, Frozen snacks (BUNG-O-PANG _ Fish-shaped waffle / Hotteok) , Powder, seasoning",FOODEX JAPAN 2025 / 2025 Japan Meat Industry Fair 49th,https://www.jma-tradeshow.com/foodex/webguide_en/datafile/product_image1_7509.jpg,https://www.jma-tradeshow.com/foodex/webguide_en/product.php?no=7509
7522,OAT MEAL BISCUTIS,Baked Goods | Bread | Organic Products | Salty Snacks,"RETAIL, DISTRIBUTOR, AGENT, WHOLESALE","RETAIL, GROCERY, WHOLESALE",EU Organic Certification,We don't have an importer,Maiznica Flora,https://www.maiznica.lv/,Overseas exhibitors | Exportable | Co-exhibitor | Organizer : Investment and Development Agency Of Latvia,National Pavilion,E3-S06-10,"BISCUITS, OAT BISCUITS, HONEY GINGERBREADS, COOKIES, BARS, CHOCOLATE COOKIES, BIO COOKIES",FOODEX JAPAN 2025 / 2025 Japan Meat Industry Fair 49th,https://www.jma-tradeshow.com/foodex/webguide_en/datafile/product_image1_7522.jpg,https://www.jma-tradeshow.com/foodex/webguide_en/product.php?no=7522
7533,IQF carrot cubes,Frozen Fruit & Vegetables,"frozen vegetables, IQF carrot",,ISO9001 | ISO22000 | EU-HACCP,We don't have an importer,MASFROST SP. z o.o.,https://masfrost.pl,Overseas exhibitors | Exportable | Co-exhibitor | Organizer : National Support Centre for Agriculture - KOWR,National Pavilion,E1-C09-00,Frozen Vegetables,FOODEX JAPAN 2025 / 2025 Japan Meat Industry Fair 49th,https://www.jma-tradeshow.com/foodex/webguide_en/datafile/product_image1_173736616898.jpg,https://www.jma-tradeshow.com/foodex/webguide_en/product.php?no=7533
7535,IQF 4-way mix,Frozen Fruit & Vegetables,"frozen vegetable mixes, IQF 4-way mix",,ISO9001 | ISO22000 | EU-HACCP,We don't have an importer,MASFROST SP. z o.o.,https://masfrost.pl,Overseas exhibitors | Exportable | Co-exhibitor | Organizer : National Support Centre for Agriculture - KOWR,National Pavilion,E1-C09-00,Frozen Vegetables,FOODEX JAPAN 2025 / 2025 Japan Meat Industry Fair 49th,https://www.jma-tradeshow.com/foodex/webguide_en/datafile/product_image1_173736643563.jpg,https://www.jma-tradeshow.com/foodex/webguide_en/product.php?no=7535
7545,PASTRY SHELLS,Baked Goods,"RETAIL, HORECA","RETAIL, HORECA",,We don't have an importer,Maiznica Flora,https://www.maiznica.lv/,Overseas exhibitors | Exportable | Co-exhibitor | Organizer : Investment and Development Agency Of Latvia,National Pavilion,E3-S06-10,"BISCUITS, OAT BISCUITS, HONEY GINGERBREADS, COOKIES, BARS, CHOCOLATE COOKIES, BIO COOKIES",FOODEX JAPAN 2025 / 2025 Japan Meat Industry Fair 49th,https://www.jma-tradeshow.com/foodex/webguide_en/datafile/product_image1_173736783724.jpg,https://www.jma-tradeshow.com/foodex/webguide_en/product.php?no=7545
7563,VAN ARDI RESERVE ARENI 2022 dry red wine,Still wines - red,"Distributors and Importers, Retailers, Hospitality and Foodservice.","HoReCa, Distributors, and Retailers",Other HACCP,We don't have an importer,Van Ardi Winery,https://www.vanardi.com/wines/,Overseas exhibitors | Exportable | Co-exhibitor | Organizer : Vine and Wine Foundation of Armenia/ ROTOBO,,S4-E3-00,"VAN ARDI RESERVE ARENI 2022 DRY RED WINE, VAN ARDI RESERVE SYRAH 20219 DRY RED WINE, TOR TORI RED 2022 DRY RED WINE, VAN ARDI ESTATE BLEND 2022 DRY RED WINE, TOR TORI WHITE 2021 DRY WHITE WINE.",FOODEX WINE,https://www.jma-tradeshow.com/foodex/webguide_en/datafile/product_image1_7563.jpg,https://www.jma-tradeshow.com/foodex/webguide_en/product.php?no=7563
7575,WA-PANKO,Gluten-free | Vegetarian | Vegan | Halal | Rice,"Gluten-free, allergy-free, bread crumbs, rice flour | Europe, America, Oceania","""WA-PANKO"" is a gluten-free breadcrumb made only from domestically grown rice. It does not contain any wheat or additives. It also absorbs about 30% less oil than wheat breadcrumbs, so you can enjoy fried foods in a healthier way. It can be used in the same way as wheat breadcrumbs, but it is especially suitable for soft ingredients because the outside becomes crunchy when fried.",Other HACCP | HALAL | FDA | FSSC22000,We don't have an importer,"UEMAN RYOUSHOKU SEIFUNSHO CO., Ltd",https://wapanko.com/en/,Japan exhibitors | Exportable | Co-exhibitor | Organizer : Vegan Foods Friend Japan,Exports from Japan,S1-B01-05,WA-PANKO | WA-PANKO soymix | WA-PANKO cornmix,FOODEX JAPAN 2025 / 2025 Japan Meat Industry Fair 49th,https://www.jma-tradeshow.com/foodex/webguide_en/datafile/product_image1_173737234723.jpg,https://www.jma-tradeshow.com/foodex/webguide_en/product.php?no=7575
7597,ARISTON Premium Extra Virgin Olive oil,"Vinegar | Halal | Spreads, Honey & Jams | Vegetable & Animal Oils & Fats | Solid Seasonings","Exquisite & Authentic:Ariston Premium Extra Virgin Olive Oil from Koroneiki Olives, Messinia, Greece! Experience the pinnacle of Mediterranean excellence with our Ariston Premium Extra Virgin Olive Oil, crafted from the finest Koroneiki olives grown in the fertile groves of Messinia, Greece. Renowned as the ""queen of olives,"" Koroneiki olives yield an oil of unparalleled richness, featuring a vibrant, fruity aroma and a perfectly balanced peppery finish. |",,ISO9001 | ISO22000 | EU-HACCP | HALAL | FDA | USDA Organic Certification | EU Organic Certification,We have an importer,KITI Company Limited,https://kiti-coltd.com/,Overseas exhibitors | Exportable,Condiments / Seasoning,E1-C06,"Olive oil, | Extra Virgin Olive oil, | Infused oils, | Balsamic vinegar, | Spice product, | Honey, | Asian sauce, dressing, | Roasted Coated Cashew Nuts, | Asian snack, | Okinawa products, | health food products, | Dole mango juice, related, | Dole Canned, | Chinese sauce, | Chinese cheesecake, snack | Chinese condiment, | Okra tea, | Okra powder, food with functional claims, ale from okra, | Kanoya organic green papaya leaf tea, | Healthy moringa powder, | Nejime loquat tea, | Memorin EX, |",FOODEX JAPAN 2025 / 2025 Japan Meat Industry Fair 49th,https://www.jma-tradeshow.com/foodex/webguide_en/datafile/product_image1_173737395459.jpg,https://www.jma-tradeshow.com/foodex/webguide_en/product.php?no=7597
7601,VAN ARDI ESTATE BLEND dry red wine,Still wines - red,"Distributors and Importers, Retailers, Hospitality and Foodservice","HoReCa,Distributors, and Retailers",Other HACCP,We don't have an importer,Van Ardi Winery,https://www.vanardi.com/wines/,Overseas exhibitors | Exportable | Co-exhibitor | Organizer : Vine and Wine Foundation of Armenia/ ROTOBO,,S4-E3-00,"VAN ARDI RESERVE ARENI 2022 DRY RED WINE, VAN ARDI RESERVE SYRAH 20219 DRY RED WINE, TOR TORI RED 2022 DRY RED WINE, VAN ARDI ESTATE BLEND 2022 DRY RED WINE, TOR TORI WHITE 2021 DRY WHITE WINE.",FOODEX WINE,https://www.jma-tradeshow.com/foodex/webguide_en/datafile/product_image1_7601.jpg,https://www.jma-tradeshow.com/foodex/webguide_en/product.php?no=7601
7605,TOR TORI RED dry red wine by VAN ARDI,Still wines - red,"Distributors and Importers, Retailers, Hospitality and Foodservice.","HoReCa,Distributors, and Retailers.",Other HACCP,We don't have an importer,Van Ardi Winery,https://www.vanardi.com/wines/,Overseas exhibitors | Exportable | Co-exhibitor | Organizer : Vine and Wine Foundation of Armenia/ ROTOBO,,S4-E3-00,"VAN ARDI RESERVE ARENI 2022 DRY RED WINE, VAN ARDI RESERVE SYRAH 20219 DRY RED WINE, TOR TORI RED 2022 DRY RED WINE, VAN ARDI ESTATE BLEND 2022 DRY RED WINE, TOR TORI WHITE 2021 DRY WHITE WINE.",FOODEX WINE,https://www.jma-tradeshow.com/foodex/webguide_en/datafile/product_image1_7605.jpg,https://www.jma-tradeshow.com/foodex/webguide_en/product.php?no=7605
7608,Sesame Paste (Tahini),"Baked Goods | Cakes / Dessert | Bread | Japanese sweets | Gluten-free | Chocolate | Candy | Liquid Seasoning | Vegan | Halal | Kosher | Spreads, Honey & Jams","Food Service & Catering | Food Manufacturing & Processing | Retail & Consumer Packaged Goods | Health, Nutrition & Wellnes",Food importers & distributors | Wholesalers | Private label buyers |,"ISO9001 | EU-HACCP | HALAL | FDA | GFCO(Gluten-Free Certification Organization) | FSSC 22000, KOSHER,",,METIN,https://www.metinhelva.com.tr/,Overseas exhibitors | Exportable | Co-exhibitor | Organizer : AEGEAN EXPORTERS' ASSOCIATIONS,National Pavilion,W2-A30-006,Sesame Paste | Jam / Marmalade | Halva,FOODEX JAPAN 2026 / 2026 Japan Meat Industry Fair 50th,https://www.jma-tradeshow.com/foodex/webguide_en/datafile/product_image1_7608.jpg,https://www.jma-tradeshow.com/foodex/webguide_en/product.php?no=7608
7615,Live Unagi Freshwater Eel,Frozen Seafood | Seafood,Unagi Eel Aquaculture Fish Farms Manufacturer Restaurant Hotel,,Other HACCP,We don't have an importer,CARC FRESHWATER UNAGI FARM,https://www.facebook.com/cabadbaranaquatechcarc,Overseas exhibitors | Exportable | Co-exhibitor | Organizer : Philippines-CITEM,National Pavilion,E4-U21,"Live Freshwater Unagi Eel, Live Kuroku Eel, Frozen eel fillet, Unagi Kabayaki or grilled eel with made in Japan sauce, Unagi Shiroyaki or grilled eel, Eel bones head liver",FOODEX JAPAN 2025 / 2025 Japan Meat Industry Fair 49th,https://www.jma-tradeshow.com/foodex/webguide_en/datafile/product_image1_7615.jpg,https://www.jma-tradeshow.com/foodex/webguide_en/product.php?no=7615
7619,Frozen fruit puree,Juice | Frozen Fruit & Vegetables | Ice Cream / Sorbet Gelato,Restaurant | Supermarket | beverage shop | coffee shop,"It can be added to beverages as a raw material, offering excellent flavor and is highly praised in Chinese beverage stores. It can be mixed in coffee and tea .",ISO22000 | EU-HACCP | US-HACCP | Other HACCP | HALAL | GAP,,SHANDONG YONGYI GROUP,,Overseas exhibitors | Exportable | Co-exhibitor | Organizer : Beijing TBOW International Exhibition Company,National Pavilion,E8-001,"Frozen vegetables,fruits and seasoned vegetables,fruit puree ,icecream,fruit ice bar ,fruit shaved etc... | Frozen seasoned vegetables such as Seasoned okra,Seasoned spinach,Seasoned rape flower,Seasoned green bean,Seasoned shungiku,Seasoned radish leaf. | Frozen vegetables such as Spinach,Broccoli,Chingensai,Komatsuna,Shungiku,Okra,Green pepper,Green bean,Radish leaf,Carrot,Cabbage,Chinese cabbage,Grated,Turnip,Burdock。 | Frozen fruit such as Strawberry,Blueberry,Mulberry,Red raspberries,Pomegranate,Kiwi,Melon, | Mango,Yellow peach,Pineapple,Red bayberry,Cranberry,Hawthorn. | Frozen fruit puree such as Strawberry puree,Pineapple puree,Mango puree,Melon puree,Honey peach puree,Grape puree,Apple puree.",FOODEX JAPAN 2026 / 2026 Japan Meat Industry Fair 50th,https://www.jma-tradeshow.com/foodex/webguide_en/datafile/product_image1_7619.jpg,https://www.jma-tradeshow.com/foodex/webguide_en/product.php?no=7619
7624,Hojiblanca Organic Extra Virgin Olive Oil,Organic Products | Vegetable & Animal Oils & Fats,importers / distributors,High-end gourmet food shops and department stores / Restaurants and catering / Hotels / Healthy and organic food shops,FDA | EU Organic Certification,We don't have an importer,CAMPOS DE ULEILA ORGANIC EXTRA VIRGIN OLIVE OIL,https://uleila.com/,Overseas exhibitors | Exportable | Co-exhibitor | Organizer : ICEX SPAIN TRADE AND INVESTMENT,National Pavilion,E2-A21-63,"Extra Virgin Olive Oil Organic | Picual, Hojiblanca, Arbequina, Coupage",FOODEX JAPAN 2025 / 2025 Japan Meat Industry Fair 49th,https://www.jma-tradeshow.com/foodex/webguide_en/datafile/product_image1_173737680631.jpg,https://www.jma-tradeshow.com/foodex/webguide_en/product.php?no=7624
7626,Arbequina Organic Extra Virgin Olive Oil,Organic Products | Vegetable & Animal Oils & Fats,importers / distributors,High-end gourmet food shops and department stores / Restaurants and catering / Hotels / Healthy and organic food shops,FDA | EU Organic Certification,We don't have an importer,CAMPOS DE ULEILA ORGANIC EXTRA VIRGIN OLIVE OIL,https://uleila.com/,Overseas exhibitors | Exportable | Co-exhibitor | Organizer : ICEX SPAIN TRADE AND INVESTMENT,National Pavilion,E2-A21-63,"Extra Virgin Olive Oil Organic | Picual, Hojiblanca, Arbequina, Coupage",FOODEX JAPAN 2025 / 2025 Japan Meat Industry Fair 49th,https://www.jma-tradeshow.com/foodex/webguide_en/datafile/product_image1_173737741567.jpg,https://www.jma-tradeshow.com/foodex/webguide_en/product.php?no=7626
7631,Coupage Organic Extra Virgin Olive Oil (special selection blend),Organic Products | Vegetable & Animal Oils & Fats,importers / distributors,High-end gourmet food shops and department stores / Restaurants and catering / Hotels / Healthy and organic food shops,FDA | EU Organic Certification,We don't have an importer,CAMPOS DE ULEILA ORGANIC EXTRA VIRGIN OLIVE OIL,https://uleila.com/,Overseas exhibitors | Exportable | Co-exhibitor | Organizer : ICEX SPAIN TRADE AND INVESTMENT,National Pavilion,E2-A21-63,"Extra Virgin Olive Oil Organic | Picual, Hojiblanca, Arbequina, Coupage",FOODEX JAPAN 2025 / 2025 Japan Meat Industry Fair 49th,https://www.jma-tradeshow.com/foodex/webguide_en/datafile/product_image1_173737808787.jpg,https://www.jma-tradeshow.com/foodex/webguide_en/product.php?no=7631
7636,Oleoteca Organic Extra Virgin Olive Oil (Pack),Organic Products | Vegetable & Animal Oils & Fats,importers / distributors,High-end gourmet food shops and department stores / Restaurants and catering / Hotels / Healthy and organic food shops,FDA | EU Organic Certification,We don't have an importer,CAMPOS DE ULEILA ORGANIC EXTRA VIRGIN OLIVE OIL,https://uleila.com/,Overseas exhibitors | Exportable | Co-exhibitor | Organizer : ICEX SPAIN TRADE AND INVESTMENT,National Pavilion,E2-A21-63,"Extra Virgin Olive Oil Organic | Picual, Hojiblanca, Arbequina, Coupage",FOODEX JAPAN 2025 / 2025 Japan Meat Industry Fair 49th,https://www.jma-tradeshow.com/foodex/webguide_en/datafile/product_image1_173737867848.jpg,https://www.jma-tradeshow.com/foodex/webguide_en/product.php?no=7636
7638,ARISTON Gold Extra Virgin Olive oil,"Vinegar | Halal | Spreads, Honey & Jams | Vegetable & Animal Oils & Fats | Solid Seasonings","Pure & Authentic: Ariston Multi-Awarded Extra Virgin Olive oil from Koroneiki Olives, Messinia, Greece Discover the true taste of Greece with our Extra Virgin Olive Oil, made from hand-harvested Koroneiki olives grown in the sunlit groves of our family farms and co-operative farms of Messinia. Renowned for their exceptional quality, Koroneiki olives yield a smooth, robust oil with a rich, fruity flavor and a peppery finish that speaks to its purity and freshness. |",,EU-HACCP | HALAL | FDA | EU Organic Certification,We have an importer,KITI Company Limited,https://kiti-coltd.com/,Overseas exhibitors | Exportable,Condiments / Seasoning,E1-C06,"Olive oil, | Extra Virgin Olive oil, | Infused oils, | Balsamic vinegar, | Spice product, | Honey, | Asian sauce, dressing, | Roasted Coated Cashew Nuts, | Asian snack, | Okinawa products, | health food products, | Dole mango juice, related, | Dole Canned, | Chinese sauce, | Chinese cheesecake, snack | Chinese condiment, | Okra tea, | Okra powder, food with functional claims, ale from okra, | Kanoya organic green papaya leaf tea, | Healthy moringa powder, | Nejime loquat tea, | Memorin EX, |",FOODEX JAPAN 2025 / 2025 Japan Meat Industry Fair 49th,https://www.jma-tradeshow.com/foodex/webguide_en/datafile/product_image1_173737432353.jpg,https://www.jma-tradeshow.com/foodex/webguide_en/product.php?no=7638
7650,"BLANC, Belgian style wheat ale",Beer,"Wholesale, retail, HoReCa, events","Retails stores, Hypermarkets, supermarkets, online, offtrade, ontrade",ISO22000 | EU-HACCP,We have an importer,Volfas Engelman,https://volfasengelman.lt,Overseas exhibitors | Exportable | Co-exhibitor | Organizer : Lithuania LitFOOD,National Pavilion,E2-C17-00,"Beer , craft beer, non alcoholic beverages, mineral water, RTD cocktails (ready to drink), beer mixes |",FOODEX JAPAN 2025 / 2025 Japan Meat Industry Fair 49th,https://www.jma-tradeshow.com/foodex/webguide_en/datafile/product_image1_7650.jpg,https://www.jma-tradeshow.com/foodex/webguide_en/product.php?no=7650
7677,Maquiberry Freeze Dried Powder,Baked Goods | Cakes / Dessert | Bread | Japanese sweets | Gluten-free | Carbonated Soft Drinks | Energy Drinks | Non-alcoholic Beverages | Smoothies | Tea | Dried Fruits | Fortified & Functional Products | Protein Drink | Supplements | Health & Wellness Products | Ice Cream / Sorbet Gelato | Vegetarian | Vegan | Halal | Kosher | Organic Products | Savoury snacks | Cereals / Fruit Bars | Dried Fruit & Vegetables | Breakfast Cereals | Beer | Shochu | Spirits | Rice Crackers & Healthy Snacks | Plant-based / Alternative Foods,"1. Food and Beverage Industry: Manufacturers of health foods, such as incorporation into snacks, energy bars, and functional foods. Functional beverages: Juices, smoothies, mocktails, energy and soft drinks with antioxidant benefits. Premium confectionery and bakery: Use in healthy fillings, icings and doughs. | 2. Supplement and nutraceutical industry: Manufacturers of powdered and capsule supplements: Superberries for antioxidants, immune support, anti-inflammatory and digestion. Collagen and protein brands: Powders combined with berries for enhanced formulas. Probiotic products: Added in supplements to support digestive health. | 3. Pharmaceutical and Laboratory Industry. | 4. Cosmetics and Personal Care Industry: manufacturers of natural cosmetics, hair care brands. | 5. Horeca sector. |","Our B2B sales are made exclusively through our team of sales executives, who provide personalised attention to ensure that each customer receives the best solution according to their needs.","HALAL | FSMA | FDA | Organic JAS Mark | USDA Organic Certification | EU Organic Certification | GFSI, BRCGS, KOSHER",We don't have an importer,Bayas del Sur,https://www.bayasdelsur.com/?lang=en,Overseas exhibitors | Exportable,Healthcare Foods,E5-Q17,Conventional Blueberry Freeze Dried Powder | Conventional Strawberry Freeze Dried Powder | Conventional Raspberry Freeze Dried Powder | Conventional Cranberry Freeze Dried Powder | Conventional Blackberry Freeze Dried Powder | Conventional Eldelberry Freeze Dried Powder | Organic Blueberry Freeze Dried Powder | Organic Strawberry Freeze Dried Powder | Organic Raspberry Freeze Dried Powder | Organic Blackberry Freeze Dried Powder | Organic Eldelberry Freeze Dried Powder | Organic Maquiberry Freeze Dried Powder | Organic Calafateberry Freeze Dried Powder | Conventional Blueberry Juice Concentrate | Conventional Maquiberry Juice Concentrate | Conventional Raspberry Juice Concentrate | Conventional Strawberry Juice Concentrate | Conventional Blackberry Juice Concentrate | Conventional Eldelberry Juice Concentrate | Conventional Cranberry Juice Concentrate | Organic Blueberry Juice Concentrate | Organic Maquiberry Juice Concentrate | Organic Raspberry Juice Concentrate | Organic Strawberry Juice Concentrate | Organic Blackberry Juice Concentrate | Organic Eldelberry Juice Concentrate | Clear Prune Juice Concentrate | Cloudy Prune Juice Concentrate | Conventional Spray Dried Powder,FOODEX JAPAN 2025 / 2025 Japan Meat Industry Fair 49th,https://www.jma-tradeshow.com/foodex/webguide_en/datafile/product_image1_7677.jpg,https://www.jma-tradeshow.com/foodex/webguide_en/product.php?no=7677
7678,Organic Raspberry Juice Concentrates,Bottled Water | Carbonated Soft Drinks | Coffee | Energy Drinks | Flavoured Water | Instant Beverages | Juice | Non-alcoholic Beverages | Smoothies | Tea | Dried Fruits | Fortified & Functional Products | Protein Drink | Supplements | Health & Wellness Products | Ice Cream / Sorbet Gelato | Vegetarian | Vegan | Halal | Kosher | Organic Products | Savoury snacks | Dried Fruit & Vegetables | Breakfast Cereals | Rice Crackers & Healthy Snacks | Plant-based / Alternative Foods,"1. Food and Beverage Industry: Manufacturers of health foods, such as incorporation into snacks, energy bars, and functional foods. Functional beverages: Juices, smoothies, mocktails, energy and soft drinks with antioxidant benefits. Premium confectionery and bakery: Use in healthy fillings, icings and doughs. | 2. Supplement and nutraceutical industry: Manufacturers of powdered and capsule supplements: Superberries for antioxidants, immune support, anti-inflammatory and digestion. Collagen and protein brands: Powders combined with berries for enhanced formulas. Probiotic products: Added in supplements to support digestive health. | 3. Pharmaceutical and Laboratory Industry. | 4. Cosmetics and Personal Care Industry: manufacturers of natural cosmetics, hair care brands. | 5. Horeca sector. |","Our B2B sales are made exclusively through our team of sales executives, who provide personalised attention to ensure that each customer receives the best solution according to their needs.","HALAL | FSMA | FDA | Organic JAS Mark | USDA Organic Certification | EU Organic Certification | GFSI, BRCGS, KOSHER",We don't have an importer,Bayas del Sur,https://www.bayasdelsur.com/?lang=en,Overseas exhibitors | Exportable,Healthcare Foods,E5-Q17,Conventional Blueberry Freeze Dried Powder | Conventional Strawberry Freeze Dried Powder | Conventional Raspberry Freeze Dried Powder | Conventional Cranberry Freeze Dried Powder | Conventional Blackberry Freeze Dried Powder | Conventional Eldelberry Freeze Dried Powder | Organic Blueberry Freeze Dried Powder | Organic Strawberry Freeze Dried Powder | Organic Raspberry Freeze Dried Powder | Organic Blackberry Freeze Dried Powder | Organic Eldelberry Freeze Dried Powder | Organic Maquiberry Freeze Dried Powder | Organic Calafateberry Freeze Dried Powder | Conventional Blueberry Juice Concentrate | Conventional Maquiberry Juice Concentrate | Conventional Raspberry Juice Concentrate | Conventional Strawberry Juice Concentrate | Conventional Blackberry Juice Concentrate | Conventional Eldelberry Juice Concentrate | Conventional Cranberry Juice Concentrate | Organic Blueberry Juice Concentrate | Organic Maquiberry Juice Concentrate | Organic Raspberry Juice Concentrate | Organic Strawberry Juice Concentrate | Organic Blackberry Juice Concentrate | Organic Eldelberry Juice Concentrate | Clear Prune Juice Concentrate | Cloudy Prune Juice Concentrate | Conventional Spray Dried Powder,FOODEX JAPAN 2025 / 2025 Japan Meat Industry Fair 49th,https://www.jma-tradeshow.com/foodex/webguide_en/datafile/product_image1_7678.jpg,https://www.jma-tradeshow.com/foodex/webguide_en/product.php?no=7678
7679,HARINA DE PLATANO VERDE SIN GLUTEN,"Baked Goods | Non-alcoholic Beverages | Powdered Seasoning | Fortified & Functional Products | Savoury Baked Products | Ready-to-eat Foods, Sealed Packaged Foods (e.g., curry, rice bowl toppings) | Plant-based / Alternative Foods","DEPORTISTAS, CELIACOS, RESTAURANTES, TIENDAS SALUDABLES Y NATURISTAS, HOTELES, DIABETICOS, ORGANICO, PASTELERIA, REPOSTERIA, GIMNASIOS, VEGANOS,","SIN GLUTEN, UNICO INGREDIENTE, PLATANO VERDE DE CALIDAD, SIN AZUCAR NI CONSERVADORES AÑADIDOS, LARGA VIDA, SALUDABLE, SUSTITUTO DEL TRIGO, ORGANICO, CERTIFICADA,",FDA | Organic JAS Mark | USDA Organic Certification,We don't have an importer,Xokotl,https://xokotlglutenfree.com,Overseas exhibitors | Exportable | Co-exhibitor | Organizer : MEXICO,National Pavilion,E4-C18-00,"GREEN BANANA FLOUR, BANANA, FLOUR, HEALTHY, ORGANIC, GLUTEN FREE,",FOODEX JAPAN 2025 / 2025 Japan Meat Industry Fair 49th,https://www.jma-tradeshow.com/foodex/webguide_en/datafile/product_image1_7679.jpg,https://www.jma-tradeshow.com/foodex/webguide_en/product.php?no=7679
7698,"Frozen chicken drumsticks IQF, A class (different calibrations)",Frozen Meat | Halal | Poultry & Feathered Game,,,ISO22000 | HALAL,,Vilniaus paukstynas,https://topchoicepoultry.eu/,Overseas exhibitors | Exportable | Co-exhibitor | Organizer : Lithuania - LitFOOD,National Pavilion,W3-P08-04,"Frozen chicken drumsticks (calibrated), Frozen chicken mid wings, Frozen chicken feet, Frozen hot smoked calibrated legs, Frozen hot smoked calibrated drumsticks, Frozen hot smoked prime wings, Frozen roasted chicken wings with invisible coating",FOODEX JAPAN 2026 / 2026 Japan Meat Industry Fair 50th,,https://www.jma-tradeshow.com/foodex/webguide_en/product.php?no=7698
7718,"GOURMET COFFEE EXPERIENCE ON THE GO, DRIP COFFEE, SINGLE ORIGIN, SINGLE SERVE",Gluten-free | Coffee | Coffee Beans,RETAIL | SUPERMARKETS | OFFICE | HIGH-END DEPARTMENT STORES | FOOD SERVICE | HORECA | HOTELS | RESTAURANTS | HEALTH AND WELLNESS CENTERS | AIRLINES | TRAIN COMPANIES | LUXURY | E-COMMERCE PLATFORMS | AMAZON | ONLINE SHOPS | CAFETERIAS | COFFEE SHOPS | SPECILATY SHOPS | GIFT SHOPS | WHOLESALER | DISTRIBUTOR | PRIVATE LABEL |,PREMIUM QUALITY AND FLAVOR | FRESHNESS GUARANTEED | HEALTH BENEFITS | SUSTAINABILITY AND ETHICAL SOURCING | CONVENIENCE AND VERSATILITY | LIMITED EDITIONS | SPECIALTY COFFEE | SINGLE SERVE | ECO-FRIENDLY PACKAGING | RECYCLABLE | COMPOSTABLE | AWARDED PRODUCT | GOURMET EXPERIENCE | SINGLE ORIGIN COFFEE | COSTA RICAN COFFEE |,ISO22000 | US-HACCP | FDA | WOMEN OWNED,We don't have an importer,"Tertulia Brugge, S.A.",https://www.elgustofoods.com/,Overseas exhibitors | Exportable | Co-exhibitor | Organizer : Essential Costa Rica,National Pavilion,E5-U11-Essential Costa Rica,GOURMET ROASTED COFFEE- WASHED | GOURMET ROASTED COFFEE- HONEY | GOURMET SUGAR FREE COCOA POWDER | GOURMET SWEET COCOA POWDER | DRIP COFFEE SINGLE ORIGIN,FOODEX JAPAN 2025 / 2025 Japan Meat Industry Fair 49th,https://www.jma-tradeshow.com/foodex/webguide_en/datafile/product_image1_173739593754.jpg,https://www.jma-tradeshow.com/foodex/webguide_en/product.php?no=7718
7722,Canadian Cheeses,Cheese | Savoury snacks,"Retail, Grocery, Hypermarkets",,,We don't have an importer,Canadian Dairy Promotion Council,https://www.canadiandairypromotioncouncil.ca,Overseas exhibitors | Exportable | Co-exhibitor | Organizer : Agriculture and Agri-Food Canada,National Pavilion,E4-A07-43,"cheese, cheddar cheese, gouda cheese, cheese curds, poutine cheese curds, organic cheese, butter, organic butter",FOODEX JAPAN 2025 / 2025 Japan Meat Industry Fair 49th,,https://www.jma-tradeshow.com/foodex/webguide_en/product.php?no=7722
7727,"Sahale – Quality blend of trail mix & nuts - Organic, NON-GMO, Non-Filtered with Mother",Dried Fruits | Health & Wellness Products | Nuts | Rice Crackers & Healthy Snacks,"Retail, Online Ecommerce, Wholesaler","• Founded by two best friends who shared love for mountain climbing and a desire for better snacks. | • Use premium and thoughtfully sourced ingredients like the Madagascar vanilla and California almonds. | • Non-GMO, Gluten-free, and No Oil roasting nuts. | • No Artificial Preservatives or Flavoring",,We don't have an importer,American Trading International,https://www.american-trading.com/,"Overseas exhibitors | Exportable | Co-exhibitor | Organizer : Agricultural Trade Office, U.S. Embassy",National Pavilion,E4-C12-B6 and E4-C12-A34,"Bragg, Apple Cider Vinegar, Brownie Brittle, Chocolate, Chips, Popcorn, Baking Flour, Peanuts Butter, Mac&Cheese, Drink Mix, Nuts, Dried fruit, Pasta Sauce, Coffee, BBQ sauce",FOODEX JAPAN 2025 / 2025 Japan Meat Industry Fair 49th,https://www.jma-tradeshow.com/foodex/webguide_en/datafile/product_image1_7727.jpg,https://www.jma-tradeshow.com/foodex/webguide_en/product.php?no=7727
7741,Fuet,Dried Meat | Processed Meat,"Cured meat, charcuterie, pork",,,We don't have an importer,BONÀREA,https://www.bonarea.com/export,Overseas exhibitors | Exportable | Co-exhibitor | Organizer : ICEX SPAIN TRADE AND INVESTMENT,National Pavilion,E2-A21-57,"Meat, | Pork, | Poultry, | Bovin, | Lamb, | Manufactured products,",FOODEX JAPAN 2025 / 2025 Japan Meat Industry Fair 49th,,https://www.jma-tradeshow.com/foodex/webguide_en/product.php?no=7741
7742,Chorizo,Dried Meat | Processed Meat,,,,We don't have an importer,BONÀREA,https://www.bonarea.com/export,Overseas exhibitors | Exportable | Co-exhibitor | Organizer : ICEX SPAIN TRADE AND INVESTMENT,National Pavilion,E2-A21-57,"Meat, | Pork, | Poultry, | Bovin, | Lamb, | Manufactured products,",FOODEX JAPAN 2025 / 2025 Japan Meat Industry Fair 49th,,https://www.jma-tradeshow.com/foodex/webguide_en/product.php?no=7742
7745,Chorizo Vela,Dried Meat | Processed Meat,"Charcuterie, cured meat, Spanish, pork",,,We don't have an importer,BONÀREA,https://www.bonarea.com/export,Overseas exhibitors | Exportable | Co-exhibitor | Organizer : ICEX SPAIN TRADE AND INVESTMENT,National Pavilion,E2-A21-57,"Meat, | Pork, | Poultry, | Bovin, | Lamb, | Manufactured products,",FOODEX JAPAN 2025 / 2025 Japan Meat Industry Fair 49th,,https://www.jma-tradeshow.com/foodex/webguide_en/product.php?no=7745
7754,Talatta - MSC Cantabrian Anchovy Fillets in Olive Oil,"Canned Products | Seafood | Processed seafood products | Ready-to-eat Foods, Sealed Packaged Foods (e.g., curry, rice bowl toppings)",Retail and Ho.Re.Ca,"Sourced from MSC-certified Cantabrian anchovies, this range stands out for its superior quality, firm texture, and intense yet balanced flavor. The wide assortment of recipes—including chili pepper, pistachios, dried tomatoes, salted anchovies, and rolled anchovies with pistachios, chili peppers, or capers—offers strong versatility and premium positioning. Preserved in olive oil, the fillets maintain their taste and structure over time.",EU-HACCP | MSC(Marine Stewardship Council),,Italian Fancy Food Brokers,https://www.google.com/search?client=safari&amp;rls=en&amp;q=italian+fancy+food+brokers&amp;ie=UTF-8&amp;oe=UTF-8&amp;dlnr=1&amp;sei=uiGKaO77BYjO7_UP463dwAY,Overseas exhibitors | Exportable,World Food,W4-CC04,"Pasta, Pasta Sauces, Tomato Puree, Olive oils, Dairy products, Spreadable creams, Anchovies",FOODEX JAPAN 2026 / 2026 Japan Meat Industry Fair 50th,https://www.jma-tradeshow.com/foodex/webguide_en/datafile/product_image1_176856057503.jpg,https://www.jma-tradeshow.com/foodex/webguide_en/product.php?no=7754
7756,DOUGHLICIOUS - Cookie Dough coated Gelato Balls,Cakes / Dessert | Frozen Dairy Products | Ice Cream / Sorbet Gelato | Vegetarian | Vegan,Frozen Desserts,The ultimate dessert!,"EU-HACCP | BRC, SEDEX",We don't have an importer,Café Da Manhã,,Overseas exhibitors | Exportable | Co-exhibitor | Organizer : UK Group Organiser - PS8 Limited,National Pavilion,E3-C09-A,"Fantastic range of Frozen Breakfast items including, French Toast Sticks, Pancakes, Waffles, Breakfast Burritos, Frozen Smoothie Kits",FOODEX JAPAN 2025 / 2025 Japan Meat Industry Fair 49th,,https://www.jma-tradeshow.com/foodex/webguide_en/product.php?no=7756
7765,Alexandrea White Cuvée 2023,Still wines - white,"Wine, Dry White Wine, White Wine, Armenian Wine","Wine shops & Boutiques, Restaurants, specialized wine bars, Hotel & Resorts, duty-free shops, wine expos & fairs, corporate gifting, private wine collecters | |",,We don't have an importer,Alexandrea Winery,https://alexandreawinery.com,Overseas exhibitors | Exportable | Co-exhibitor | Organizer : Vine and Wine Foundation of Armenia/ ROTOBO,,S4-E3-00,"Alexandrea Areni 2023 Dry Red Wine, Alexandrea Chardonnay 2023 Dry White Wine, Alexandrea White cuvée 2023 Dry White Wine, Alexandrea Riesling 2024 White Wine",FOODEX WINE,https://www.jma-tradeshow.com/foodex/webguide_en/datafile/product_image1_7765.jpg,https://www.jma-tradeshow.com/foodex/webguide_en/product.php?no=7765
7766,Alexandrea Chardonnay 2023,Still wines - white,"Wine enthusiast, Luxury & Premium Wine Markets, Export Markets, Event & Hospitality, Corporate markets. | |","Wine shops & Boutiques, Restaurants, specialized wine bars, Hotel & Resorts, duty-free shops, wine expos & fairs, corporate gifting, private wine collecters | |",,We don't have an importer,Alexandrea Winery,https://alexandreawinery.com,Overseas exhibitors | Exportable | Co-exhibitor | Organizer : Vine and Wine Foundation of Armenia/ ROTOBO,,S4-E3-00,"Alexandrea Areni 2023 Dry Red Wine, Alexandrea Chardonnay 2023 Dry White Wine, Alexandrea White cuvée 2023 Dry White Wine, Alexandrea Riesling 2024 White Wine",FOODEX WINE,https://www.jma-tradeshow.com/foodex/webguide_en/datafile/product_image1_173741703621.jpg,https://www.jma-tradeshow.com/foodex/webguide_en/product.php?no=7766
7779,"Chilled Lamb Thomas Farms Lamb, CLASSIC, SUPREME",Dried Meat | Organ Meats & Offal | Poultry & Feathered Game | Processed Meat | Unprocessed Meat,"High-end restaurants, hotels, specialty stores",Tender and juicy flavor | Stable supply through Australia’s largest supply network | 100% grass-fed and naturally raised,HALAL,We have an importer,Thomas foods international,https://www.thomasfoods.jp/,Overseas exhibitors | Exportable | Co-exhibitor | Organizer : Government of South Australia,National Pavilion,E3-L18-00,"Products | Transactions are handled through import trading companies. | | Beef | | Limestone Coast Black Angus Beef | Angus Pure | Grass-fed and grain-finished options available | Frozen raw materials such as trimmings and offal | Lamb | | Thomas Farms Lamb | CLASSIC | SUPREME | Renowned for its tender and juicy flavor | Cuts include racks, legs, and shoulders | | | Features of Beef | Origin: Southern Australia, leveraging its climate for premium grass-feeding and grain-finishing | Feeding Method: | Natural pasture grazing (alfalfa, ryegrass, chicory) | Followed by grain finishing | Characteristics: | Beautiful marbling and tender texture | Rich, deep flavor | Produced using sustainable farming practices | | | Features of Lamb | Origin: Carefully selected farms across Australia | Feeding Method: | Livestock raised in harmony with natural environments | Characteristics: | Exceptionally tender meat with minimal odor | Natural sweetness and juiciness | Versatile for a wide range of cooking methods (roasting, grilling, stewing)",FOODEX JAPAN 2025 / 2025 Japan Meat Industry Fair 49th,https://www.jma-tradeshow.com/foodex/webguide_en/datafile/product_image1_173741919059.jpg,https://www.jma-tradeshow.com/foodex/webguide_en/product.php?no=7779
7786,Okra Potage Soup,Soups | Health & Wellness Products,"High quality supermarkets, natural foods, health foods, dispensing pharmacies, beauty facilities, drugstores, souvenir stores, local products","For tomorrow's body♪ This is a thick potage soup with the stickiness of okra melted into the soup. Okra produced in Ibusuki City, Kagoshima Prefecture, Japan's largest producer of okra, is processed into a powder. This is the first okra potage soup on the market that allows you to easily consume the dietary fiber and polyphenols of okra powder.",,We don't have an importer,Yell Corporation Limited,https://okra.yell-ibusuki.com,Japan exhibitors | Exportable | Co-exhibitor | Organizer : Kagoshima Prefecture,Exports from Japan,S1-C04-00,"Okra powder, okra tea, okra potage soup, okra and rice flour pancake mix",FOODEX JAPAN 2025 / 2025 Japan Meat Industry Fair 49th,https://www.jma-tradeshow.com/foodex/webguide_en/datafile/product_image1_173741990230.jpg,https://www.jma-tradeshow.com/foodex/webguide_en/product.php?no=7786
7788,Functional Food Okra Powder,Smoothies | Fortified & Functional Products | Protein Drink | Supplements | Health & Wellness Products | Plant-based / Alternative Foods,"High quality supermarkets, natural foods, health foods, dispensing pharmacies, beauty facilities, drugstores","100% okra produced in Ibusuki, Kagoshima Prefecture, Japan's largest producer of okra. When water is added, the characteristic stickiness of okra is restored. It is rich in dietary fiber, polyphenols, and folic acid necessary for pregnant women. 1 teaspoon (4 g) is equivalent to 5 okra plants. Light green to green powder. Food additive and dextrin free. The first functional food labeled for okra [Notification No.: H1123].",,We don't have an importer,Yell Corporation Limited,https://okra.yell-ibusuki.com,Japan exhibitors | Exportable | Co-exhibitor | Organizer : Kagoshima Prefecture,Exports from Japan,S1-C04-00,"Okra powder, okra tea, okra potage soup, okra and rice flour pancake mix",FOODEX JAPAN 2025 / 2025 Japan Meat Industry Fair 49th,https://www.jma-tradeshow.com/foodex/webguide_en/datafile/product_image1_173742026036.jpg,https://www.jma-tradeshow.com/foodex/webguide_en/product.php?no=7788
7794,Lemongrass,Non-alcoholic Beverages | Tea | Health & Wellness Products | Organic Products,importers of Herbs & Seeds | manufacturers Herbs & Seeds | wholesalers Herbs & Seeds |,Lemongrass | Herbs | Spices | Organic | JAS | Conventional | Long Life Co. | Egypt,ISO9001 | ISO22000 | Organic JAS Mark | USDA Organic Certification | EU Organic Certification | Non-GMO Certification,We have an importer,Long Life for Herbs & Seeds Export - Egypt,https://www.longlifeherbals.com,Overseas exhibitors | Exportable,Organic,E5-N12,"Herbs , Seeds , Hibiscus , Lemongrass , Chamomile , Calendula , Mint , Peppermint , Spearmint , Basil , Sesame , Moringa , Molokhia , Nigella seeds , Black seeds , Anise , Fennel , Caraway , Coriander , Fenugreek , Senna , Celery , Liquorice , Sage , Rosemary , Parsley , Celery , Beetroot , Egypt , Herb , Seed , Medicinal and aromatic plants",FOODEX JAPAN 2025 / 2025 Japan Meat Industry Fair 49th,https://www.jma-tradeshow.com/foodex/webguide_en/datafile/product_image1_173742146284.jpg,https://www.jma-tradeshow.com/foodex/webguide_en/product.php?no=7794
7798,Sesame Seeds,Organic Products,"importers of Herbs , Spices & Seeds | manufacturers of Herbs , Spices & Seeds | wholesalers of Herbs , Spices & Seeds",,ISO9001 | ISO22000 | Organic JAS Mark | USDA Organic Certification | EU Organic Certification,We don't have an importer,Long Life for Herbs & Seeds Export - Egypt,https://www.longlifeherbals.com,Overseas exhibitors | Exportable,Organic,E5-N12,"Herbs , Seeds , Hibiscus , Lemongrass , Chamomile , Calendula , Mint , Peppermint , Spearmint , Basil , Sesame , Moringa , Molokhia , Nigella seeds , Black seeds , Anise , Fennel , Caraway , Coriander , Fenugreek , Senna , Celery , Liquorice , Sage , Rosemary , Parsley , Celery , Beetroot , Egypt , Herb , Seed , Medicinal and aromatic plants",FOODEX JAPAN 2025 / 2025 Japan Meat Industry Fair 49th,https://www.jma-tradeshow.com/foodex/webguide_en/datafile/product_image1_173742238607.jpg,https://www.jma-tradeshow.com/foodex/webguide_en/product.php?no=7798
7802,Lé Vera® 100% Extra-Virgin Cold-Pressed Oregon Hazelnut Oil,Liquid Seasoning | Vegetable & Animal Oils & Fats,Restaurants | Wholesaler | Supermarkets | Departments,"[The pure essence of hazelnut, naturally fragrant from unroasted nuts] | With its pure and elegant flavor profile, this oil enhances the natural taste of your ingredients—perfect for finishing touches, baking, and creating exquisite sauces.",,,Le Vera International LLC,,Overseas exhibitors | Exportable | Co-exhibitor | Organizer : USA Pavilion,National Pavilion,E4-C12-B14,"1. Lé Vera® 100% Extra-Virgin Cold-Pressed Oregon Hazelnut Oil | The pure essence of hazelnut, naturally fragrant from unroasted nuts | | 2. Oregon Select Allergen-Free Hazelnut Oil | A next-generation health oil combining high functionality and safety | | 3. Hazelnut Basil Pesto Sauce | Deep richness woven from select nuts and premium oil | | 4. Hazelnut Chili Sauce | A fusion of vibrant heat and mellow, nutty umami | | 5. Sciabica’s Series | Mission Fig California Balsamic: Characterized by its standout fruity and tangy flavor profile. | | Sticky Balsamic Vinegar: Featuring a sweet, tart, and fruity aroma. | | Sweet Lambrusco Vinegar: A refreshing acidity paired with a sweet, fruity character. | | Extra-Virgin Mediterranean Medley California Olive Oil: A rich yet exquisitely balanced flavor. | | 6. Others | We offer a wide range of products, including Hazelnut Paste and Fat-Free Hazelnut Protein Powder.",FOODEX JAPAN 2026 / 2026 Japan Meat Industry Fair 50th,https://www.jma-tradeshow.com/foodex/webguide_en/datafile/product_image1_7802.jpg,https://www.jma-tradeshow.com/foodex/webguide_en/product.php?no=7802
7805,Avocados,Fresh Fruit & Vegetables,United States | Canada | Asia |,Wholesale & Retail,Other HACCP | FSMA | FDA | GMP | GAP | USDA Organic Certification | PRIMUS GFS,We don't have an importer,Boka,https://bokafoodsinc.com/,Overseas exhibitors | Exportable | Co-exhibitor | Organizer : MEXICO,National Pavilion,E4-C18-00,FRESH HASS AVOCADO,FOODEX JAPAN 2025 / 2025 Japan Meat Industry Fair 49th,https://www.jma-tradeshow.com/foodex/webguide_en/datafile/product_image1_7805.jpg,https://www.jma-tradeshow.com/foodex/webguide_en/product.php?no=7805
7810,Chamomile,Non-alcoholic Beverages | Tea | Organic Products,"importers of Herbs , Spices & Seeds | manufacturers of Herbs , Spices & Seeds | wholesalers of Herbs , Spices & Seeds | traders of Herbs , Spices & Seeds",Chamomile | Herbs | Spices | Seeds | Organic | JAS | Conventional | Long Life Co. | Egypt,ISO9001 | ISO22000 | Organic JAS Mark | USDA Organic Certification | EU Organic Certification,We have an importer,Long Life for Herbs & Seeds Export - Egypt,https://www.longlifeherbals.com,Overseas exhibitors | Exportable,Organic,E5-N12,"Herbs , Seeds , Hibiscus , Lemongrass , Chamomile , Calendula , Mint , Peppermint , Spearmint , Basil , Sesame , Moringa , Molokhia , Nigella seeds , Black seeds , Anise , Fennel , Caraway , Coriander , Fenugreek , Senna , Celery , Liquorice , Sage , Rosemary , Parsley , Celery , Beetroot , Egypt , Herb , Seed , Medicinal and aromatic plants",FOODEX JAPAN 2025 / 2025 Japan Meat Industry Fair 49th,https://www.jma-tradeshow.com/foodex/webguide_en/datafile/product_image1_173742423973.jpg,https://www.jma-tradeshow.com/foodex/webguide_en/product.php?no=7810
7823,Balsamic glaze,Soy Sauce | Miso | Powdered Seasoning | Liquid Seasoning | Vinegar | Solid Seasonings | Rice Toppings & Ochazuke Mixes,"Importers, Distributors, Super Markets",,ISO22000 | EU-HACCP | FSSC,,GREEK NATURE ESTATE,http://www.greeknatureestate.gr/,Overseas exhibitors | Exportable | Co-exhibitor | Organizer : ENTERPRISE GREECE SA,National Pavilion,W1-CC03-006,"Extra Virgin Olive Oil, Organic Extra Virgin Olive Oil, Balsamic vinegars, Organic Balsamic Vinegars, Balsamic Glazes, Thyme Honey, Kalamata Olives, Green Olives, Fleur De Sel, Sea Salt",FOODEX JAPAN 2026 / 2026 Japan Meat Industry Fair 50th,,https://www.jma-tradeshow.com/foodex/webguide_en/product.php?no=7823
7889,AISAKURA JUNMAIDAIGINJO,Japanese Sake,Inbound stores. Department stores. Exports to overseas.,"This Junmai Daiginjo sake is brewed using 100% Aiyama rice, which is called the diamond of sake rice due to its rarity and high price, and has been polished to a 35% rice polishing rate. It has an elegant ginjo aroma, and the moment you put it in your mouth, you can feel the sweetness of the rice, followed by a rich flavor. It has a refreshing aftertaste and goes well with a wide range of dishes as an accompaniment drink. |",,We don't have an importer,"KOSHITSUKANO SAKE BREWERY Co., Ltd",http://www.osakenet.jp,Japan exhibitors | Exportable,SAKE JAPAN,S1-C21,Japanese sake,FOODEX JAPAN 2025 / 2025 Japan Meat Industry Fair 49th,https://www.jma-tradeshow.com/foodex/webguide_en/datafile/product_image1_173743456679.jpg,https://www.jma-tradeshow.com/foodex/webguide_en/product.php?no=7889
7903,Black Bean Soy Sauce (Special Grade) 45oml,Vegetarian | Halal,"black bean, soy sauce, shoyu, Taiwan, fermentation, black bean soy sauce, soya sauce, condiments, sauce","black bean, soy sauce, condiments, sauce",ISO9001 | ISO22000 | Other HACCP | HALAL | FDA,We have an importer,"Wuan Chuang Food Industry Co., Ltd.",,Overseas exhibitors | Exportable | Co-exhibitor | Organizer : Taiwan External Trade Development Council,National Pavilion,E5-A02-00,,FOODEX JAPAN 2025 / 2025 Japan Meat Industry Fair 49th,https://www.jma-tradeshow.com/foodex/webguide_en/datafile/product_image1_7903.jpg,https://www.jma-tradeshow.com/foodex/webguide_en/product.php?no=7903
7904,Veal Jus 300ml,Liquid Seasoning,"Used by the world's finest restaurants and resorts. | Chefs, restaurateurs, and foodservice managers from hotels, fine-dining establishments, casual dining restaurants, and catering services, gourmet food retailers.","Bone Roasters Veal Jus 25 brix is available in a 300ml shelf stable pack. A precisely crafted reduction from our original Veal Stock product, our Jus is made from succulent veal bones, infused with garden fresh vegetables and herbs offering a much more intense flavour profile and deeper caramel colour. Ready to use as a base or its own rich sauce. | | - 100% Natural | - No added salt, flavour enhancers or thickeners | - Simmered for up to 20 hours | - Using the finest Aus & NZ veal bones | - Shelf stable ready to use",,We have an importer,Bone Roasters,https://edlyn.com.au/bone-roasters/,"Overseas exhibitors | Exportable | Co-exhibitor | Organizer : State Government of Victoria, Australia",National Pavilion,E3-C18-4,"Veal Jus 300ml, Red Wine Jus 300ml, Chicken Stock 500ml, Veal Stock 500ml",FOODEX JAPAN 2025 / 2025 Japan Meat Industry Fair 49th,https://www.jma-tradeshow.com/foodex/webguide_en/datafile/product_image1_7904.jpg,https://www.jma-tradeshow.com/foodex/webguide_en/product.php?no=7904
7906,"Yeongdeok Red Snow Crab Legs (L, M, JP, LB, KD-C, WF)",Processed seafood products,ALL,It is a pure natural food made with 100% red snow crab meat. | It quickly freezes the processed crab meat to keep the nutrients intact. | You can choose from a variety of package for the red snow crab meat.,ISO22000 | Other HACCP | FDA | Non-GMO Certification,,"DAEHO FISHERIES CO.,LTD",http://www.daehosusan.co.kr/,Overseas exhibitors | Exportable | Co-exhibitor | Organizer : Korea Agro-Fisheries & Food Trade Corporation,National Pavilion,E5-A48-D03,"1. CANNED YEONGDEOK RED SNOW CRAB LEG MEAT, | 2. YEONGDEOK RED SNOW CRAB SAUCE(FRESH)",FOODEX JAPAN 2026 / 2026 Japan Meat Industry Fair 50th,https://www.jma-tradeshow.com/foodex/webguide_en/datafile/product_image1_176857230744.jpg,https://www.jma-tradeshow.com/foodex/webguide_en/product.php?no=7906
7912,Red Wine Jus 300ml,Liquid Seasoning,"Used by the world's finest restaurants and resorts. | Chefs, restaurateurs, and foodservice managers from hotels, fine-dining establishments, casual dining restaurants, and catering services, gourmet food retailers.","Our Red Wine Jus is available in a handy 300ml shelf stable product, which combines succulent Australian veal bones with a rich red wine reduction from Queensland's award winning Burnett Valley Vineyard, then infused with garden fresh vegetables and herbs. | | Our jus is 100% natural with no added salt, flavour enhancers or thickeners and has been voted as the 'No 1 Best Premium Jus' by Australian professional chefs at the 2023 Chefs Decision Awards. | | - 100% Natural | - No added salt, flavour enhancers or thickeners | - Simmered for up to 30 hours | - Shelf stable ready to use | - Award Winning - Voted No 1 Best Premium Jus | - Using red wine from award winning Burnett Valley Vineyard.",,We have an importer,Bone Roasters,https://edlyn.com.au/bone-roasters/,"Overseas exhibitors | Exportable | Co-exhibitor | Organizer : State Government of Victoria, Australia",National Pavilion,E3-C18-4,"Veal Jus 300ml, Red Wine Jus 300ml, Chicken Stock 500ml, Veal Stock 500ml",FOODEX JAPAN 2025 / 2025 Japan Meat Industry Fair 49th,https://www.jma-tradeshow.com/foodex/webguide_en/datafile/product_image1_7912.jpg,https://www.jma-tradeshow.com/foodex/webguide_en/product.php?no=7912
7918,Soy Sauce Naturally Brewed 450ml,Soy Sauce,"soy bean, wheat, soy sauce, shoyu, Taiwan, fermentation, soya sauce, condiments, sauce","nature brewed soy sauce, no preservatives, no artificial additive",ISO9001 | ISO22000 | Other HACCP | HALAL | FDA | Non-GMO Certification,We have an importer,"Wuan Chuang Food Industry Co., Ltd.",,Overseas exhibitors | Exportable | Co-exhibitor | Organizer : Taiwan External Trade Development Council,National Pavilion,E5-A02-00,,FOODEX JAPAN 2025 / 2025 Japan Meat Industry Fair 49th,https://www.jma-tradeshow.com/foodex/webguide_en/datafile/product_image1_173743767122.jpg,https://www.jma-tradeshow.com/foodex/webguide_en/product.php?no=7918
7924,Soy Paste (Golden Grade) 550g,Soy Sauce,"black bean, soy bean, wheat, soy sauce, shoyu, Taiwan, fermentation, soya sauce, condiments, sauce",soy paste,ISO9001 | ISO22000 | Other HACCP | HALAL | Non-GMO Certification,We have an importer,"Wuan Chuang Food Industry Co., Ltd.",,Overseas exhibitors | Exportable | Co-exhibitor | Organizer : Taiwan External Trade Development Council,National Pavilion,E5-A02-00,,FOODEX JAPAN 2025 / 2025 Japan Meat Industry Fair 49th,https://www.jma-tradeshow.com/foodex/webguide_en/datafile/product_image1_173743807769.jpg,https://www.jma-tradeshow.com/foodex/webguide_en/product.php?no=7924
7944,Berries Sea Moss Gel,Health & Wellness Products,,,,We don't have an importer,Belo,https://trybelo.com,Overseas exhibitors | Exportable | Co-exhibitor | Organizer : WESTERN AUSTRALIA,National Pavilion,E3-A18-00,"Bio-Fermented Sea Moss Gel Sachets, Sea Moss Gel",FOODEX JAPAN 2025 / 2025 Japan Meat Industry Fair 49th,https://www.jma-tradeshow.com/foodex/webguide_en/datafile/product_image1_7944.jpg,https://www.jma-tradeshow.com/foodex/webguide_en/product.php?no=7944
7946,Matcha Sea Moss Gel,Health & Wellness Products,,,,We don't have an importer,Belo,https://trybelo.com,Overseas exhibitors | Exportable | Co-exhibitor | Organizer : WESTERN AUSTRALIA,National Pavilion,E3-A18-00,"Bio-Fermented Sea Moss Gel Sachets, Sea Moss Gel",FOODEX JAPAN 2025 / 2025 Japan Meat Industry Fair 49th,https://www.jma-tradeshow.com/foodex/webguide_en/datafile/product_image1_7946.jpg,https://www.jma-tradeshow.com/foodex/webguide_en/product.php?no=7946
7961,SAUTEED SHRIMP FRY,Seafood | Solid Seasonings,All,All,EU-HACCP | US-HACCP | FDA,We have an importer,"MARDAK GLOBAL EXPORT, INC.",https://www.mardakglobal.com,Overseas exhibitors | Exportable | Co-exhibitor | Organizer : PHILIPPINE EMBASSY IN TOKYO,National Pavilion,E4-U21-00,"Tropical Fruit in syrup, Frozen fruits and vegetables, Condiments",FOODEX JAPAN 2025 / 2025 Japan Meat Industry Fair 49th,https://www.jma-tradeshow.com/foodex/webguide_en/datafile/product_image1_7961.jpg,https://www.jma-tradeshow.com/foodex/webguide_en/product.php?no=7961
7973,FROZEN GRATED UBE,Cakes / Dessert | Frozen Fruit & Vegetables,All,"Groceries, Niche market, Bulk Food Stores",FDA,We have an importer,"MARDAK GLOBAL EXPORT, INC.",https://www.mardakglobal.com,Overseas exhibitors | Exportable | Co-exhibitor | Organizer : PHILIPPINE EMBASSY IN TOKYO,National Pavilion,E4-U21-00,"Tropical Fruit in syrup, Frozen fruits and vegetables, Condiments",FOODEX JAPAN 2025 / 2025 Japan Meat Industry Fair 49th,https://www.jma-tradeshow.com/foodex/webguide_en/datafile/product_image1_7973.jpg,https://www.jma-tradeshow.com/foodex/webguide_en/product.php?no=7973
7974,Dried Blueberries,"Baked Goods | Cakes / Dessert | Bread | Japanese sweets | Gluten-free | Flavoured Water | Instant Beverages | Juice | Non-alcoholic Beverages | Smoothies | Tea | Fresh Fruit & Vegetables | Canned Products | Dried Fruits | Yoghurt (NULLRegular, Flavoured, Fruit, etc.) | Fortified & Functional Products | Protein Drink | Supplements | Health & Wellness Products | Frozen Baked Goods | Frozen Dairy Products | Frozen Fruit & Vegetables | Frozen Ready Meals | Ice Cream / Sorbet Gelato | Vegetarian | Vegan | Halal | Kosher | Organic Products | Savoury Baked Products | Savoury snacks | Vegetable snacks | Cereals / Fruit Bars | Crackers | Dates & Date Palm Products | Dried Fruit & Vegetables | Finger Food | Nuts | Popcorn | Salty Snacks | Breakfast Cereals | Coffee Beans | Pulses | Rice | Wheat | Packaging | Sanitary | Cooking and Baking Equipment | Refrigeration and Cooling Equipment | Food Preparation Equipment | Beverage Equipment | Professional Services | Rice Toppings & Ochazuke Mixes | Ready-to-eat Foods, Sealed Packaged Foods (e.g., curry, rice bowl toppings) | Rice Crackers & Healthy Snacks | Plant-based / Alternative Foods",Food & Beverage | Retail Market | Health and Wellness Sector | Hospitality and Food Service Industry | Export Markets | Gifts and Special Markets | Hotels and Resorts | Foods and Supplements | Fitness and Sports Nutrition | Snacking Industry | Baking and Confectionery | Cafes and Restaurants,"Health benefits such as: rich in antioxidants, high nutritional value, low calorie - guilty free snack, heart health. | | Convenience and Versatility: ready to eat snack, culinary versatility, long shelf life. | | Lifestyle trends: health and wellness boom, beauty foods, diet friendly, sustainability. | | Fusion with local cuisines, local adaptability, portion control. |",GAP,We have an importer,LuluBlue,https://lulublue.shop/,Overseas exhibitors | Exportable | Co-exhibitor | Organizer : MEXICO,National Pavilion,E4-C18-00,Dried blueberries (spicy option available),FOODEX JAPAN 2025 / 2025 Japan Meat Industry Fair 49th,https://www.jma-tradeshow.com/foodex/webguide_en/datafile/product_image1_7974.jpg,https://www.jma-tradeshow.com/foodex/webguide_en/product.php?no=7974
7994,Gutturnio Riserva Doc Antica Placenzia,Still wines - red,"Ho.re.ca, Supermarket, Wine Shop, Importer","Ho.re.ca, Supermarket, Wine Shop, Importer",,We have an importer,Cantine Campana,https://www.cantinecampana.it/en/,Overseas exhibitors | Exportable | Co-exhibitor | Organizer : Italian Pavilion,National Pavilion,E1-A24-54,"Italian wines, red or white, still, sparkling and spumanti",FOODEX JAPAN 2025 / 2025 Japan Meat Industry Fair 49th,https://www.jma-tradeshow.com/foodex/webguide_en/datafile/product_image1_7994.jpg,https://www.jma-tradeshow.com/foodex/webguide_en/product.php?no=7994
7995,"R&D, Test Kitchen and Product Development","Instant Beverages | Smoothies | Mushroom | Fresh Fruit & Vegetables | Processed agricultural products | Dried Fruits | Supplements | Health & Wellness Products | Vegetable snacks | Cereals / Fruit Bars | Dried Fruit & Vegetables | Salty Snacks | Packaging | Sanitary | Refrigeration and Cooling Equipment | Food Preparation Equipment | Food Manufacturing Equipment | Professional Services | Ready-to-eat Foods, Sealed Packaged Foods (e.g., curry, rice bowl toppings) | Health drinks","Food & beverage brands, Startups & emerging brands, Ingredient companies, Innovation teams","Technical expertise, Scale-up support","Canadian Food Inspection Agency (CFIA), Health Canada, Safe Quality Foods (SQF)",,Novem Canada,https://novemcanada.com,Overseas exhibitors | Exportable | Co-exhibitor | Organizer : Agriculture and Agri-Food Canada,National Pavilion,E4-A03-046,"OEM & Co-Packaging, Contract Freeze-Drying Services, R&D Test Kitchen and Product Development, Milling Powder Processing and Functional Blends, Custom Ingredient & Finished Product Solutions",FOODEX JAPAN 2026 / 2026 Japan Meat Industry Fair 50th,https://www.jma-tradeshow.com/foodex/webguide_en/datafile/product_image1_7995.jpg,https://www.jma-tradeshow.com/foodex/webguide_en/product.php?no=7995
7997,Co-Packaging & OEM,Packaging | Sanitary | Refrigeration and Cooling Equipment | Food Preparation Equipment | Food Manufacturing Equipment | Professional Services,"Consumer brands, Private label programs, Retailers, Importers","White-label capability, Custom formulations, Flexible packaging formats, Brand-ready finished goods, 100% Canadian","Canadian Food Inspection Agency (CFIA), Health Canada, Safe Quality Food (SQF)",,Novem Canada,https://novemcanada.com,Overseas exhibitors | Exportable | Co-exhibitor | Organizer : Agriculture and Agri-Food Canada,National Pavilion,E4-A03-046,"OEM & Co-Packaging, Contract Freeze-Drying Services, R&D Test Kitchen and Product Development, Milling Powder Processing and Functional Blends, Custom Ingredient & Finished Product Solutions",FOODEX JAPAN 2026 / 2026 Japan Meat Industry Fair 50th,https://www.jma-tradeshow.com/foodex/webguide_en/datafile/product_image1_7997.jpg,https://www.jma-tradeshow.com/foodex/webguide_en/product.php?no=7997
7998,"Milling, Powder Processing and Functional Blends",Instant Beverages | Smoothies | Mushroom | Fresh Fruit & Vegetables | Dried Fruits | Supplements | Health & Wellness Products | Frozen Fruit & Vegetables | Packaging | Sanitary | Refrigeration and Cooling Equipment | Food Preparation Equipment | Food Manufacturing Equipment | Professional Services | Health drinks,"Supplement & nutraceutical brands, Functional food manufacturers, Ingredient distributors","Precision milling & particle control, Uniform, consistent blends, Functional ingredient integration, Stable flow & solubility, Application-specific processing","Canadian Food Inspection Agency (CFIA), Health Canada, Safe Quality Foods (SQF)",,Novem Canada,https://novemcanada.com,Overseas exhibitors | Exportable | Co-exhibitor | Organizer : Agriculture and Agri-Food Canada,National Pavilion,E4-A03-046,"OEM & Co-Packaging, Contract Freeze-Drying Services, R&D Test Kitchen and Product Development, Milling Powder Processing and Functional Blends, Custom Ingredient & Finished Product Solutions",FOODEX JAPAN 2026 / 2026 Japan Meat Industry Fair 50th,https://www.jma-tradeshow.com/foodex/webguide_en/datafile/product_image1_7998.jpg,https://www.jma-tradeshow.com/foodex/webguide_en/product.php?no=7998
8000,Custom Ingredient & Finished Product Solutions,"Instant Beverages | Smoothies | Fresh Fruit & Vegetables | Dried Fruits | Supplements | Health & Wellness Products | Frozen Fruit & Vegetables | Vegetable snacks | Dried Fruit & Vegetables | Sanitary | Refrigeration and Cooling Equipment | Food Preparation Equipment | Food Manufacturing Equipment | Professional Services | Ready-to-eat Foods, Sealed Packaged Foods (e.g., curry, rice bowl toppings)","Food manufacturers, Ingredient buyers, Premium snack & functional brands, Nutraceutical Brands","Tailored, application-driven solutions, Multiple formats & specifications, Integrated manufacturing capabilities, Export-ready quality standards, One-partner production model","Canadian Food Inspection Agency (CFIA), Health Canada, Safe Quality Foods (SQF)",,Novem Canada,https://novemcanada.com,Overseas exhibitors | Exportable | Co-exhibitor | Organizer : Agriculture and Agri-Food Canada,National Pavilion,E4-A03-046,"OEM & Co-Packaging, Contract Freeze-Drying Services, R&D Test Kitchen and Product Development, Milling Powder Processing and Functional Blends, Custom Ingredient & Finished Product Solutions",FOODEX JAPAN 2026 / 2026 Japan Meat Industry Fair 50th,https://www.jma-tradeshow.com/foodex/webguide_en/datafile/product_image1_8000.jpg,https://www.jma-tradeshow.com/foodex/webguide_en/product.php?no=8000
8024,Gutturnio Superiore Doc Antica Placenzia,Still wines - red,"Ho.re.ca, Supermarket, Wine Shop, Importer","Ho.re.ca, Supermarket, Wine Shop, Importer",,We don't have an importer,Cantine Campana,https://www.cantinecampana.it/en/,Overseas exhibitors | Exportable | Co-exhibitor | Organizer : Italian Pavilion,National Pavilion,E1-A24-54,"Italian wines, red or white, still, sparkling and spumanti",FOODEX JAPAN 2025 / 2025 Japan Meat Industry Fair 49th,https://www.jma-tradeshow.com/foodex/webguide_en/datafile/product_image1_173744577889.jpg,https://www.jma-tradeshow.com/foodex/webguide_en/product.php?no=8024
8035,Malvasia Fermo Colli Piacentini Doc Antica Placenzia,Still wines - white,"Ho.re.ca, Supermarket, Wine Shop, Importer","Ho.re.ca, Supermarket, Wine Shop, Importer",,We don't have an importer,Cantine Campana,https://www.cantinecampana.it/en/,Overseas exhibitors | Exportable | Co-exhibitor | Organizer : Italian Pavilion,National Pavilion,E1-A24-54,"Italian wines, red or white, still, sparkling and spumanti",FOODEX JAPAN 2025 / 2025 Japan Meat Industry Fair 49th,https://www.jma-tradeshow.com/foodex/webguide_en/datafile/product_image1_173744606492.jpg,https://www.jma-tradeshow.com/foodex/webguide_en/product.php?no=8035
8041,Lestello rice cakes 135g,Cakes / Dessert | Vegetable snacks | Rice Crackers & Healthy Snacks,"importers, distributors",,ISO9001 | ISO22000 | Other HACCP | HALAL | FDA,We don't have an importer,Lestello,https://lestello.pl/collections/wafle-1,Overseas exhibitors | Exportable | Co-exhibitor | Organizer : National Support Centre for Agriculture - KOWR,National Pavilion,E1-C09-00,• Lestello Rice Cakes 135g | • Lestello Corn Cakes 130g | • Lestello Rice Cakes in Chocolate 72g | • Lestello Chickpea Cakes in Chocolate with Cherry 36g,FOODEX JAPAN 2025 / 2025 Japan Meat Industry Fair 49th,https://www.jma-tradeshow.com/foodex/webguide_en/datafile/product_image1_8041.jpg,https://www.jma-tradeshow.com/foodex/webguide_en/product.php?no=8041
8042,Barbera Fermo Colli Piacentini Doc Antica Placenzia,Still wines - red,"Ho.re.ca, Supermarket, Wine Shop, Importer","Ho.re.ca, Supermarket, Wine Shop, Importer",,We don't have an importer,Cantine Campana,https://www.cantinecampana.it/en/,Overseas exhibitors | Exportable | Co-exhibitor | Organizer : Italian Pavilion,National Pavilion,E1-A24-54,"Italian wines, red or white, still, sparkling and spumanti",FOODEX JAPAN 2025 / 2025 Japan Meat Industry Fair 49th,https://www.jma-tradeshow.com/foodex/webguide_en/datafile/product_image1_173744630427.jpg,https://www.jma-tradeshow.com/foodex/webguide_en/product.php?no=8042
8046,Hearty spoon Flavored Mayonnaise,Soy Sauce | Miso | Powdered Seasoning | Liquid Seasoning | Vinegar | Solid Seasonings | Rice Toppings & Ochazuke Mixes,"Gourmet Sauces, Artisan Flavors, Premium Condiments, Truffle Mayonnaise, Yuzu Mayonnaise, Basil Mayonnaise, Garlic Mayonnaise, Kimchi Mayonnaise, Creamy Sauces, Dipping Sauce, Drizzle Sauce, Fried Food Pairing, Snack Enhancement, Flavor Innovation, Culinary Upgrade, Authentic Ingredients, Bold Flavors, Global Taste, Unique Seasoning, Fusion Cuisine, Premium Quality, Fine Dining, Comfort Food, Appetizer Sauce, Finger Food Dip, Gourmet Snacking, Tangy Sauces, Zesty Drizzle, Umami Richness, Spicy Kick, Aromatic Delight, Fusion Flavor Profiles, Exotic Sauces, Meal Enhancement, Restaurant Quality, Home Cooking Made Easy, Taste Boost, Sauce Variety, Innovative Condiments, Versatile Sauces, International Palate, Korean Kimchi Flavor, Luxurious Truffle Taste, Refreshing Citrus Yuzu, Herbaceous Basil Notes, Savory Garlic Essence.","| Transform your meals into culinary masterpieces with our premium Flavored Mayonnaise, available in five exquisite varieties: Truffle, Yuzu, Basil, Garlic, and Kimchi. Each flavor is carefully crafted using high-quality ingredients to deliver a rich and creamy taste experience that perfectly complements a wide range of dishes. Drizzle it over crispy fried chicken, golden fries, or tempura for a luxurious burst of flavor, or use it as a dipping sauce to elevate your snacks and appetizers to gourmet status. The earthy decadence of truffle, the refreshing zest of yuzu, the aromatic notes of basil, the savory warmth of garlic, and the spicy tang of kimchi create endless possibilities to suit every palate. Whether you’re hosting a party, upgrading your everyday meals, or looking for a quick and delicious way to impress your guests, our Flavored Mayonnaise is the ultimate choice for adding bold, exciting flavors to your favorite foods.",Other HACCP | FDA,We don't have an importer,"WONIL FOOD CO., LTD",https://www.wonilfood.com/kr/index.php,Overseas exhibitors | Exportable | Co-exhibitor | Organizer : Korea Agro-Fisheries & Food Trade Corporation,National Pavilion,E5-A20,"HMR, Korean soup , Korean cooking sauce, Flavored Mayo, Frozen snacks (BUNG-O-PANG _ Fish-shaped waffle / Hotteok) , Powder, seasoning",FOODEX JAPAN 2025 / 2025 Japan Meat Industry Fair 49th,https://www.jma-tradeshow.com/foodex/webguide_en/datafile/product_image1_173744661793.jpg,https://www.jma-tradeshow.com/foodex/webguide_en/product.php?no=8046
8051,Additive-Free Fresh Eso Surimi - Premium Fresh Fish Paste from Japan,Frozen Seafood | Seafood | Processed seafood products,"Creative Japanese Cuisine, High-End Izakaya, Kappo Restaurants, Omakase-Style Dining, French Cuisine","Made from 100% Japanese fresh fish, never frozen surimi | No additives, no chemical seasonings | Naturally seasoned with in-house fish sauce | Uses Eso, a premium fish valued for surimi production | Excellent for refined, chef-driven menus",US-HACCP | FDA,,HAKUSUI,https://hakusui-foods.com/,Japan exhibitors | Exportable | Co-exhibitor | Organizer : Fukuoka Food Business Association,Exports from Japan,S2-F36-10,"Satsuma-age (Japanese Deep Fried Fish Cake),Fish Paste Products,Processed Seafood Products,Nerimono (Japanese Fish Paste Products),Squid Shumai,Fish Sauce,GYOROKKE (Fried Fishcake Croquette),Shrimp Shumai,Sardine Shumai,Gluten-Free Noodles,Fish Protein,",FOODEX JAPAN 2026 / 2026 Japan Meat Industry Fair 50th,https://www.jma-tradeshow.com/foodex/webguide_en/datafile/product_image1_176861098342.jpg,https://www.jma-tradeshow.com/foodex/webguide_en/product.php?no=8051
8072,Mrs Mac’s Microwave Famous Beef Pie,"Baked Goods | Frozen Baked Goods | Halal | Savoury Baked Products | Ready-to-eat Foods, Sealed Packaged Foods (e.g., curry, rice bowl toppings)",1. Retail Grocery/ Supermarkets | 2. Foodservice & Convenience | 3. Events & Stadiums | 4. Export & International Channels,"1. Authentic Australian Heritage | 2. Convenience Without Compromise | 3. Hearty, Filling & Satisfying | 4. Efficient for Operators",Other HACCP | HALAL | SQF,,Aus Pie Co Pty Ltd,https://mrsmacs.com.au/,Overseas exhibitors | Exportable | Co-exhibitor | Organizer : Western Australia,National Pavilion,E4-A07 003,"Mrs Mac’s Microwave Famous Beef Pie, Mrs Mac’s Party Pies, Mrs Mac’s Party Sausage Roll, Mrs Mac's Giant Sausage Roll",FOODEX JAPAN 2026 / 2026 Japan Meat Industry Fair 50th,https://www.jma-tradeshow.com/foodex/webguide_en/datafile/product_image1_8072.jpg,https://www.jma-tradeshow.com/foodex/webguide_en/product.php?no=8072
8073,Vegan Jjajang sauce,Soy Sauce | Powdered Seasoning | Liquid Seasoning | Soups | Vegan | Solid Seasonings | Plant-based / Alternative Foods,"Supermarket, Food service, CVS, E-commerce(Online platform)","Korea authentic taste/flavor, healthy,K-FOOD,Natural,Plant-based",ISO22000 | Other HACCP | FSMA | FDA,We don't have an importer,"WhaKyung Co., Ltd.",,Overseas exhibitors | Exportable | Co-exhibitor | Organizer : Korea Agro-Fisheries & Food Trade Corporation,National Pavilion,E5-A20,"Tteokbokki, Sauce, Raw material (Ingredient), Snack Seasoning, Instant noodle soup powder, Japchae etc",FOODEX JAPAN 2025 / 2025 Japan Meat Industry Fair 49th,,https://www.jma-tradeshow.com/foodex/webguide_en/product.php?no=8073
8086,L'Antico Nespresso compatible Orange Ed. Arabica 100% 10 pcs packet ALUMINIUM,Coffee,WHOLESALE | RETAIL,WE DON'T HAVE ANY BUSINESS IN JAPAN YET,EU-HACCP | FDA | IFS FOOD,We don't have an importer,Caffè L'Antico,https://www.caffelantico.it/,Overseas exhibitors | Exportable | Co-exhibitor | Organizer : Italian Pavilion,National Pavilion,E1-A24-174,"HoReCa line: Italian coffee blends in different format from 1.000 g to 3.000 g, organic fairtrade certified coffee, single origin premium gourmet line Arabica 100%, filter coffee | Traditional balsamic vinegar from Modena | Retail: 250 g and 500 g coffee beans in bag, premium tin line 250 g, ESE 44 pods, Nespresso compatible capsules",FOODEX JAPAN 2025 / 2025 Japan Meat Industry Fair 49th,https://www.jma-tradeshow.com/foodex/webguide_en/datafile/product_image1_8086.jpg,https://www.jma-tradeshow.com/foodex/webguide_en/product.php?no=8086
8090,"Vietnamese delicacy ingredients: ray fins, horse mackerels, sardines, leatherfish, lingcod, sea eel",Dry Seafood,"Izakaya, restaurant, Asian cuisine, department stores, gift stores, supermarkets, mass merchandisers, retail products, OEM/PB, inbound, convenience stores, food wholesalers, wholesalers","Introduction of Vietnamese seafood delicacy ingredients. Stingray fins are a popular item on izakaya menus. By repackaging locally, it is possible to reduce costs and differentiate from other companies. Other uses are also possible, such as differentiation using B products.",,We don't have an importer,TRY International Inc.,https://try-international.co.jp/,Japan exhibitors | Exportable,Imports Food,E6-B28,"Miso, Miso Ramen, Ramen, Potato, Chestnut, Baked Potato, Baked Chestnut, Cashew Nuts, OEM, Dumpling, Ice Cream, Fishery Products, Mackerel, Mackerel, Delicacy, English Fin, Sardine, Horse Mackerel, Leatherfish, Thailand, Vietnam, Taiwan, Processed Food",FOODEX JAPAN 2025 / 2025 Japan Meat Industry Fair 49th,https://www.jma-tradeshow.com/foodex/webguide_en/datafile/product_image1_173744996969.jpg,https://www.jma-tradeshow.com/foodex/webguide_en/product.php?no=8090
8091,Wan Ja Shan Organic Soy Sauce,Soy Sauce | Vinegar,"Trading Company, Wholesaler.",USDA Organic. FSSC 22000. ISO 22000. HACCP.,ISO22000 | Other HACCP | USDA Organic Certification | FSSC 22000,We don't have an importer,"Wan Ja Shan Brewery Co., Ltd.",https://www.wanjashan.com.tw/,Overseas exhibitors | Exportable | Co-exhibitor | Organizer : Taiwan External Trade Development Council,National Pavilion,E5-A02-00,"Whiskey, Organic Soy Sauce, Condiment",FOODEX JAPAN 2025 / 2025 Japan Meat Industry Fair 49th,https://www.jma-tradeshow.com/foodex/webguide_en/datafile/product_image1_173744999159.jpg,https://www.jma-tradeshow.com/foodex/webguide_en/product.php?no=8091
8097,"Okasan Foods - baked sweet potatoes, sweet chestnuts",Organic Products | Dried Fruit & Vegetables,"Department stores, Gifts, Supermarkets, Mass retailers, Retail products, OEM/PB, Inbound, Convenience stores, Export","Japanese chestnuts, carefully selected Chinese chestnut ingredients, Indonesian roasted potatoes, and Japanese baked potatoes are retort-processed in Japan to create a moist texture. It is suitable for export and has been well received by both domestic and overseas customers.",Organic JAS Mark,We don't have an importer,TRY International Inc.,https://try-international.co.jp/,Japan exhibitors | Exportable,Imports Food,E6-B28,"Miso, Miso Ramen, Ramen, Potato, Chestnut, Baked Potato, Baked Chestnut, Cashew Nuts, OEM, Dumpling, Ice Cream, Fishery Products, Mackerel, Mackerel, Delicacy, English Fin, Sardine, Horse Mackerel, Leatherfish, Thailand, Vietnam, Taiwan, Processed Food",FOODEX JAPAN 2025 / 2025 Japan Meat Industry Fair 49th,,https://www.jma-tradeshow.com/foodex/webguide_en/product.php?no=8097
8109,L'Antico Nespresso compatible Gold Exclusive10 pcs packet ALUMINIUM,Coffee,"HOME, OFFICE CONSUMPTION",WE DON'T HAVE ANY BUSINESS IN JAPAN YET,EU-HACCP,We don't have an importer,Caffè L'Antico,https://www.caffelantico.it/,Overseas exhibitors | Exportable | Co-exhibitor | Organizer : Italian Pavilion,National Pavilion,E1-A24-174,"HoReCa line: Italian coffee blends in different format from 1.000 g to 3.000 g, organic fairtrade certified coffee, single origin premium gourmet line Arabica 100%, filter coffee | Traditional balsamic vinegar from Modena | Retail: 250 g and 500 g coffee beans in bag, premium tin line 250 g, ESE 44 pods, Nespresso compatible capsules",FOODEX JAPAN 2025 / 2025 Japan Meat Industry Fair 49th,https://www.jma-tradeshow.com/foodex/webguide_en/datafile/product_image1_8109.jpg,https://www.jma-tradeshow.com/foodex/webguide_en/product.php?no=8109
8114,L'Antico Nespresso compatible Deca edition 10 pcs packet ALUMINIUM,Coffee,WHOLESALE | RETAIL,WE DON'T HAVE ANY BUSINESS IN JAPAN YET,EU-HACCP | IFS FOOD,We don't have an importer,Caffè L'Antico,https://www.caffelantico.it/,Overseas exhibitors | Exportable | Co-exhibitor | Organizer : Italian Pavilion,National Pavilion,E1-A24-174,"HoReCa line: Italian coffee blends in different format from 1.000 g to 3.000 g, organic fairtrade certified coffee, single origin premium gourmet line Arabica 100%, filter coffee | Traditional balsamic vinegar from Modena | Retail: 250 g and 500 g coffee beans in bag, premium tin line 250 g, ESE 44 pods, Nespresso compatible capsules",FOODEX JAPAN 2025 / 2025 Japan Meat Industry Fair 49th,https://www.jma-tradeshow.com/foodex/webguide_en/datafile/product_image1_8114.jpg,https://www.jma-tradeshow.com/foodex/webguide_en/product.php?no=8114
8118,Food Industry Waste Management DX Platform Turning waste into measurable value and circular growth,Professional Services | DX Solutuion,"1. Food Manufacturers & Processors | Companies facing food loss, rising disposal costs, fragmented waste data, and compliance risks. | Especially suitable for businesses operating multiple plants or production sites that require centralized control. | | 2. Restaurant Chains, Ready-to-Eat & Retail Food Operators | Multi-location foodservice companies struggling with manual waste tracking, labor inefficiencies, and ESG reporting requirements. | | 3. Local Governments & Public–Private Partnerships | Municipalities seeking practical circular economy models that connect food waste reduction, agriculture, and regional economic development. | | 4. ESG-Driven Enterprises & Sustainability Leaders | Organizations required to quantify CO₂ emissions, environmental impact, and compliance performance","1. Full Digital Transformation of Waste Management | Replaces paper and Excel-based management with a centralized digital platform, enabling real-time visibility of waste type, volume, cost, and disposal status | | 2. Cost Reduction Through Data Transparency | Automatically aggregates disposal costs and identifies inefficiencies by waste type, process, and location, supporting concrete cost optimization strategies. | | 3. Legal Compliance & Risk Mitigation | Integrated electronic manifest system (JWNET compatible) ensures regulatory compliance and reduces the risk of illegal disposal or third-party violations. | | 4. CO₂ Emission Visualization | Tracks waste-related CO₂ emissions from collection and transport, supporting environmental impact reduction and ESG disclosures. | | 5. Gateway to Circular Agriculture | Moves beyond “waste management” by enabling food by-products to be composted and returned to agriculture, forming a scalable circular economy model | | 6. Proven Track Record | Successfully deployed across more than 4,000 locations nationwide, demonstrating reliability, scalability, and operational effectiveness.",,,wa rising,https://warising.com/,Japan exhibitors | Exportable,,W3-M03,"Frozen Candy Apples | | Frozen candy apples made with Japanese-grown apples, rapidly frozen to preserve fresh fruit texture and glossy coating. The crisp bite remains even after thawing, making them ideal for events, cafés, and overseas markets as a Japanese-style frozen dessert for professional use. | Keywords: Frozen candy apple / Japanese sweets export / Frozen dessert OEM / Foodservice sweets | | Dairy-Free Matcha Sherbet | | A plant-based matcha sherbet made without any dairy ingredients. Featuring the authentic aroma and clean aftertaste of premium matcha, this product meets the needs of vegan consumers and is well suited for international dessert markets. | | Upcycled Food & Circular Agriculture System | | An upcycling business model that utilizes food by-products and surplus materials, circulating value from food production back into agriculture. This scalable circular agriculture system can be implemented as a sustainable business solution for both domestic and global markets.",FOODEX Frozen Processed Food,,https://www.jma-tradeshow.com/foodex/webguide_en/product.php?no=8118
8121,Berryshka BIO Juniper Brandy,Spirits,"Berryshka BIO Juniper Brandy is an unique Slovenian premium drink that is meant for bars, cocktail lounges, cocktail bars, (high-end) restaurants, mixologists, liquor stores, boutique stores, high-end retail and speciality liquor stores, gift shops, luxury hospitality venues, hotels and wellness hotels. It is also meant for curated gifts and corporate gifting, as well as for everyone that loves unique European drinks and award winning and BIO certified spirits. It is also appropriate for craft drinks connoisseurs and boutique alcohol enthusiasts.","Berryshka BIO Juniper Brandy is a brandy made by a family distillery in the heart of Slovenia, by the outskirts of a primeval forest of Kočevsko. It is a certified organic craft juniper spirit, showcasing the pristine natural environment of Slovenia. For its distillation, the centuries old traditional method with our own additional step is used, which preserves the authentic flavors of juniper berries. It is a premium and many times internationally awarded spirit, which embodies purity and simplicity, resonating with the appreciation for nature and craftsmanship. Versatile as a digestive, a pairing for refined cuisines, or a base for elegant and botanical forward cocktails. Its elegant packaging makes the drink suitable for ideal gifts or for premium spirits enthusiasts. BIO Juniper Brandy by Berryshka has also a geographical indication certification and is with that a spirit with a story: connecting Slovenia's rich heritage and family tradition with a modern appreciation for authentic, artisanal products.",EU-HACCP | FDA | EU Organic Certification | GI Recognition,We don't have an importer,Berryshka,https://berryshka.com/en/,Overseas exhibitors | Exportable | Co-exhibitor | Organizer : SLOVENIA,National Pavilion,E3-C03-00,"We will be presenting our artisanal award-winning products, made in our family distillery and chocolatier (in Slovenia, Europe) with more than 30 years of experience: Berryshka BIO Juniper Brandy, Berryshka Juniper Brandy aged in oak barrels, Berryshka Whisky, Berryshka London Dry Gin, Berryshka Purfl Gin, Berryshka Gin 'N Berry Gin, Berryshka Williams pear brandy, Berryshka BrinGin and various handcrafted chocolate creations.",FOODEX JAPAN 2025 / 2025 Japan Meat Industry Fair 49th,https://www.jma-tradeshow.com/foodex/webguide_en/datafile/product_image1_8121.jpg,https://www.jma-tradeshow.com/foodex/webguide_en/product.php?no=8121
8125,Clay Oven Sesame Rolls,Frozen Baked Goods | Frozen Ready Meals,"Wholesaler, Retailer, Distributor","Restaurant, Amusement Park, Cafe', Supermarket",ISO22000 | Other HACCP | FDA | MSC(Marine Stewardship Council) | ASC(Aquaculture Stewardship Council),We don't have an importer,King's Cook Frozen Food,https://kingscook.en.taiwantrade.com/,Overseas exhibitors | Exportable,,E5-F29,"Pizza Crust, Green onion pancake, Spring Onion Chinese Omelet, Sesame rolls, Vegetarian Pepper Bun, Baked Stuffed Sesame Biscuit, Hot Pot Soup Base, Vegetarian Taiwanese Fried Noodle, Vegetarian Taiwanese Fried Vermicelli",FOODEX Frozen Processed Food,https://www.jma-tradeshow.com/foodex/webguide_en/datafile/product_image1_8125.jpg,https://www.jma-tradeshow.com/foodex/webguide_en/product.php?no=8125
8127,Vietnam Charcoal,Food Preparation Equipment,"Trading companies, mass merchandisers, home centers, wholesalers, restaurants, wholesalers, taverns","It has low smoke but high firepower, good fire retention, and the coals do not scatter easily. It is also an eco-friendly charcoal that is kind to the earth. | It can be used for yakitori and yakiniku, as well as BBQ and outdoor use. There are various types of charcoal such as coconut shell charcoal and bean charcoal.",,We don't have an importer,TRY International Inc.,https://try-international.co.jp/,Japan exhibitors | Exportable,Imports Food,E6-B28,"Miso, Miso Ramen, Ramen, Potato, Chestnut, Baked Potato, Baked Chestnut, Cashew Nuts, OEM, Dumpling, Ice Cream, Fishery Products, Mackerel, Mackerel, Delicacy, English Fin, Sardine, Horse Mackerel, Leatherfish, Thailand, Vietnam, Taiwan, Processed Food",FOODEX JAPAN 2025 / 2025 Japan Meat Industry Fair 49th,https://www.jma-tradeshow.com/foodex/webguide_en/datafile/product_image1_173745209303.jpg,https://www.jma-tradeshow.com/foodex/webguide_en/product.php?no=8127
8129,Vietnamese Yuba,Tofu/Natto,"Izakaya, restaurant, Asian cuisine, Japanese cuisine, Chinese cuisine, hotels, prepared foods, mid-market food, supermarkets, mass merchandisers, retail products, OEM/PB, inbound, food wholesalers, wholesalers",Introduction of Vietnamese yuba. It has a gentle flavor.,,We don't have an importer,TRY International Inc.,https://try-international.co.jp/,Japan exhibitors | Exportable,Imports Food,E6-B28,"Miso, Miso Ramen, Ramen, Potato, Chestnut, Baked Potato, Baked Chestnut, Cashew Nuts, OEM, Dumpling, Ice Cream, Fishery Products, Mackerel, Mackerel, Delicacy, English Fin, Sardine, Horse Mackerel, Leatherfish, Thailand, Vietnam, Taiwan, Processed Food",FOODEX JAPAN 2025 / 2025 Japan Meat Industry Fair 49th,https://www.jma-tradeshow.com/foodex/webguide_en/datafile/product_image1_173745228320.jpg,https://www.jma-tradeshow.com/foodex/webguide_en/product.php?no=8129
8151,SPECIALTY TEAS,Tea | Organic Products,,,ISO22000 | Other HACCP | HALAL | GMP | USDA Organic Certification,We have an importer,CEYEXXE LIMITED,https://www.ceyexxe.com/,Overseas exhibitors | Exportable | Co-exhibitor | Organizer : Sri Lanka Tea Board,National Pavilion,E5-U17-00,"Both Organic & Conventional teas & herbs. | | Black Tea, Green Tea, flavoured teas (Earl Grey, Lemon, Peppermint, Soursop, Strawberry, Citrus, Ginger, Chai Masala, Cardamom, Lemon & Rose), | | wellness/immunity tea, tea infusions, spice teas & exotic herbal teas (Neem, Turmeric Ginger, Bitter Melon, Lemongrass, Moringa, Blue butterfly pea flower with Rosemary), | | Blends Slimming tea, diabetic tea, blends of your favorite teas with natural ingredients for maximum health benefits could be done | | Ceylon Cashew (cooking, for salads, salted, devilled, raw, curry leaves, burnt, sugar coated, wood oven-baked, cheese & chilli, honey) | | Specialty teas (Silver Tips, Golden Tips, Golden Curls, hand-made teas, Blooming Tea) | | Ceylon spices (Ceylon cinnamon, Cloves, Cardamom, Black Pepper, White Pepper, Green Pepper, Mace, Nutmeg, Star Anise) | | Dehydrated Fruit (Banana, Beli fruit, Pineapple, Papaya, Mango, Guava), | | Dehydrated flowers (Marigold, Jasmine, Lotus, Rose Petal, Hibiscus) | | Any type of Tea & Herbs of your preference in bulk, packeted, or tea bags - alu foil, pot bag (round & square) pyramid, double chamber (stapler free) can be packed and shipped as per your requirement |",FOODEX JAPAN 2025 / 2025 Japan Meat Industry Fair 49th,https://www.jma-tradeshow.com/foodex/webguide_en/datafile/product_image1_8151.jpg,https://www.jma-tradeshow.com/foodex/webguide_en/product.php?no=8151
8152,CEYLON SPICES,Solid Seasonings,,,ISO22000 | Other HACCP | HALAL | GMP | USDA Organic Certification,We have an importer,CEYEXXE LIMITED,https://www.ceyexxe.com/,Overseas exhibitors | Exportable | Co-exhibitor | Organizer : Sri Lanka Tea Board,National Pavilion,E5-U17-00,"Both Organic & Conventional teas & herbs. | | Black Tea, Green Tea, flavoured teas (Earl Grey, Lemon, Peppermint, Soursop, Strawberry, Citrus, Ginger, Chai Masala, Cardamom, Lemon & Rose), | | wellness/immunity tea, tea infusions, spice teas & exotic herbal teas (Neem, Turmeric Ginger, Bitter Melon, Lemongrass, Moringa, Blue butterfly pea flower with Rosemary), | | Blends Slimming tea, diabetic tea, blends of your favorite teas with natural ingredients for maximum health benefits could be done | | Ceylon Cashew (cooking, for salads, salted, devilled, raw, curry leaves, burnt, sugar coated, wood oven-baked, cheese & chilli, honey) | | Specialty teas (Silver Tips, Golden Tips, Golden Curls, hand-made teas, Blooming Tea) | | Ceylon spices (Ceylon cinnamon, Cloves, Cardamom, Black Pepper, White Pepper, Green Pepper, Mace, Nutmeg, Star Anise) | | Dehydrated Fruit (Banana, Beli fruit, Pineapple, Papaya, Mango, Guava), | | Dehydrated flowers (Marigold, Jasmine, Lotus, Rose Petal, Hibiscus) | | Any type of Tea & Herbs of your preference in bulk, packeted, or tea bags - alu foil, pot bag (round & square) pyramid, double chamber (stapler free) can be packed and shipped as per your requirement |",FOODEX JAPAN 2025 / 2025 Japan Meat Industry Fair 49th,,https://www.jma-tradeshow.com/foodex/webguide_en/product.php?no=8152
8159,Special Jars Line,Vegetable snacks | Packaging,,,,We don't have an importer,MADAMA OLIVA,https://www.madamaoliva.it/,Overseas exhibitors | Exportable | Co-exhibitor | Organizer : Italian Pavilion,National Pavilion,E1-A24-173,"Table olives (whole, pitted, green, black, mild giant) | Spreads, | Vegetables (artichokes, chilli peppers, dried tomatoes, capers, marinated garlic) | Pasta sauce, | Tapenades, | Spices (oregano)",FOODEX JAPAN 2025 / 2025 Japan Meat Industry Fair 49th,https://www.jma-tradeshow.com/foodex/webguide_en/datafile/product_image1_173745435325.jpg,https://www.jma-tradeshow.com/foodex/webguide_en/product.php?no=8159
8164,Broken Bones London Dry Gin,Spirits | Whiskey | Others,"Importers and distributors of premium, higly awarded artisan spirits in the region. In Japan we already have importers, so we are looking for wholesalers, ho-re-ca of higher end spirits.","Suitable for on and off trade. Broken Bones spirits are unique – gin, whisky, vodka are not traditionally produced in Slovenia, but we have created spirits that have collected top awards at the most renown international competitions. Bold, exquisite, ours…",,We don't have an importer,Broken Bones,https://www.brokenbones.si,Overseas exhibitors | Exportable | Co-exhibitor | Organizer : SLOVENIA,National Pavilion,E3-C03-00,"whisky, gin, vodka",FOODEX JAPAN 2025 / 2025 Japan Meat Industry Fair 49th,https://www.jma-tradeshow.com/foodex/webguide_en/datafile/product_image1_8164.jpg,https://www.jma-tradeshow.com/foodex/webguide_en/product.php?no=8164
8168,Broken Bones Ljubljana Dragon Gin,Spirits | Whiskey | Others,"Importers and distributors of premium, higly awarded artisan spirits (ower 100 international awards in last 4 years) in the region. In Japan we already have importers, so we are looking for wholesalers, ho-re-ca of higher end spirits.","Suitable for on and off trade. Broken Bones spirits are unique – gin, whisky, vodka are not traditionally produced in Slovenia, but we have created spirits that have collected top awards at the most renown international competitions. Bold, exquisite, ours…",,We don't have an importer,Broken Bones,https://www.brokenbones.si,Overseas exhibitors | Exportable | Co-exhibitor | Organizer : SLOVENIA,National Pavilion,E3-C03-00,"whisky, gin, vodka",FOODEX JAPAN 2025 / 2025 Japan Meat Industry Fair 49th,https://www.jma-tradeshow.com/foodex/webguide_en/datafile/product_image1_8168.jpg,https://www.jma-tradeshow.com/foodex/webguide_en/product.php?no=8168
8178,Broken Bones Vodka,Spirits | Others,"Importers and distributors of premium, higly awarded artisan spirits (ower 100 international awards in last 4 years) in the region. In Japan we already have importers, so we are looking for wholesalers, ho-re-ca of higher end spirits.","Broken Bones unique spirits are created to be enjoyed both neat or part of a cocktail. In the co-operation with top barmen, we've created cocktails, that showcase our spirits, let them shine. We believe that any cocktail will be better with Broken Bones spirit!",,We don't have an importer,Broken Bones,https://www.brokenbones.si,Overseas exhibitors | Exportable | Co-exhibitor | Organizer : SLOVENIA,National Pavilion,E3-C03-00,"whisky, gin, vodka",FOODEX JAPAN 2025 / 2025 Japan Meat Industry Fair 49th,https://www.jma-tradeshow.com/foodex/webguide_en/datafile/product_image1_8178.jpg,https://www.jma-tradeshow.com/foodex/webguide_en/product.php?no=8178
8181,Broken Bones old tom Gin,Spirits | Others,"Importers and distributors of premium, higly awarded artisan spirits (ower 100 international awards in last 4 years) in the region. In Japan we already have importers, so we are looking for wholesalers, ho-re-ca of higher end spirits.","Suitable for on and off trade. Broken Bones spirits are unique – gin, whisky, vodka are not traditionally produced in Slovenia, but we have created spirits that have collected top awards at the most renown international competitions. Bold, exquisite, ours…",,We don't have an importer,Broken Bones,https://www.brokenbones.si,Overseas exhibitors | Exportable | Co-exhibitor | Organizer : SLOVENIA,National Pavilion,E3-C03-00,"whisky, gin, vodka",FOODEX JAPAN 2025 / 2025 Japan Meat Industry Fair 49th,https://www.jma-tradeshow.com/foodex/webguide_en/datafile/product_image1_8181.jpg,https://www.jma-tradeshow.com/foodex/webguide_en/product.php?no=8181
8192,Coconut Water,Energy Drinks | Non-alcoholic Beverages | Health & Wellness Products | Vegan | Halal | Kosher | Organic Products | Plant-based / Alternative Foods,Beverage | Health and Wellness | Cosmetics and Skincare | Food | Retail and E-Commerce | Hospitality and Food Service | Sustainability and Ethical Consumption | Pharmaceutical and Functional Foods | Alternative Medicine and Natural Remedies,"Natural Electrolytes & Hydration: Packed with potassium, sodium, and magnesium for natural hydration and recovery. | Low-Calorie, No Added Sugars: Ideal for weight management and healthy lifestyle choices. | Nutrient-Rich: High in potassium, antioxidants, and vitamins like C. | Organic and Sustainable: 100% natural and eco-friendly packaging. | Perfect for Fitness & Sports: A natural and effective alternative to sugary sports drinks. | Versatile in Culinary and Beauty Uses: Can be used in recipes, smoothies, cocktails, and beauty products. | Health Benefits: Supports heart health, digestive health, and weight management. | Dietary-Friendly: Gluten-free, dairy-free, vegan, and keto-friendly. | Authenticity and Trust: Sourced from tropical regions, emphasizing purity and quality. | Convenient and Ready-to-Drink: Portable and easy-to-consume, making it perfect for busy consumers.","US-HACCP | Other HACCP | HALAL | FDA | GMP | Organic JAS Mark | USDA Organic Certification | EU Organic Certification | Non-GMO Certification | BRC, KOSHER, ISO 45001, ISO 14001, FT USA, NATURLAND, SEDEX-SMETA",We don't have an importer,WELLNESSCARE INTERNATIONAL CORP,,Overseas exhibitors | Exportable | Co-exhibitor | Organizer : PHILIPPINE EMBASSY IN TOKYO,National Pavilion,E4-U21-00,Virgin Coconut Oil | RBD Coconut Oil | Coconut Flour | Coconut Butter | Desiccated Coconut (Regular) | Desiccated Coconut (Sweetened) | Desiccated Coconut (Toasted) | Coconut Water | Coconut Water Concentrate | Coconut Milk | Coconut Milk Drink | Coconut Cream,FOODEX JAPAN 2025 / 2025 Japan Meat Industry Fair 49th,https://www.jma-tradeshow.com/foodex/webguide_en/datafile/product_image1_173745694392.jpg,https://www.jma-tradeshow.com/foodex/webguide_en/product.php?no=8192
8198,Octopus and scallops umani（simmered in soy sauce）,Frozen Seafood | Processed seafood products,"Restaurants, retail, online shopping, hotels,","This dish features Hokkaido scallops and Akashi octopus, slowly simmered in our special sauce to bring out their rich flavors.",Other HACCP,,International IST,https://www.i-ist.co.jp/,Japan exhibitors | Exportable,Seafood,S1-O15,"At InternationalIST, we import high-quality spiny lobster, lobster, lobster, and Ezo abalone from both Japan and overseas, and sell them wholesale for commercial use. | We can deliver live spiny lobster, live lobster, and live Ezo abalone, meaning they are delivered alive. We also specialize in processed products, and will process them to meet our customers' needs. | Please feel free to contact us for more information.",FOODEX JAPAN 2026 / 2026 Japan Meat Industry Fair 50th,https://www.jma-tradeshow.com/foodex/webguide_en/datafile/product_image1_176869892167.jpg,https://www.jma-tradeshow.com/foodex/webguide_en/product.php?no=8198
8229,Spray dried fruit and vegetable juice powders / Extracts,Juice | Non-alcoholic Beverages | Supplements | Health & Wellness Products | Vegetarian | Vegan | Organic Products,"Beverage Manufacturing: for creation of ready-to-drink beverages, instant drink mixes, and health drinks. They provide natural flavors, colors, and nutritional benefits without the logistical challenges associated with fresh or even frozen fruits. | Bakery and Confectionery: can incorporated into a variety of baked goods, from artisan breads to industrially produced cakes and cookies. They not only enhance flavor but also can add a nutritional tagline, appealing to health-conscious consumers. In candies, they contribute to both taste and texture, offering a clean label alternative to artificial flavors. | Dairy Products: These powders find their way into yogurts, ice creams, and other dairy products, enhancing them with natural fruit flavors while also potentially increasing their health benefits.","Convenience, Long Shelf Life, Ease of Use, Nutrient Retention, Natural Ingredients, Versatility, Clean Label, High Solubility, Intense Flavor, Vibrant Color, Cost-Effective, Stable Quality, No Preservatives, Gluten-Free, Non-GMO, Organic Options, Health Benefits, Functional Ingredients, Reduced Shipping Costs, Custom Formulations, Wide Application, Consistent Taste, Antioxidant Rich, Vitamin Fortified, Mineral Enhanced, Sustainable Sourcing, Traceability, Innovative Products, High Bioavailability, Reduced Waste, Portable Nutrition, Allergen-Free Options, Compliance with Regulations, Organic Certificate, freeze dried, | apple, | apricot, | aronia, | banana, | beetroot, | bilberry (wild blueberry), | blackberry, | blackcurrant, | blueberry, | carrot, | chives, | cranberry, | dragon fruit, | elderberry, | green peas, | haskap berry, | hawthorn fruit, | lemon balm, | lingonberry, | mango, | parsley, | peach, | pear, | pineapple, | plum, | raspberry, | red currant, | rosehip, | sour cherry, | strawberry, | sweet cherry, | tomato, | topinambur,",EU-HACCP | EU Organic Certification,We don't have an importer,Meliseus Michal Sasin Piotr Krawczyk S.C.,https://www.meliseus.com,Overseas exhibitors | Exportable | Co-exhibitor | Organizer : National Support Centre for Agriculture - KOWR,National Pavilion,E1-C09-00,"freeze dried fruits and vegetables in chunks and powders, | air dried fruits and vegetables in chunks and powders, | spray dried juice powders, | not from concentrate (NFC) juices, | juice concentrates, | juice extracts, | frozen fruits and vegetables, | fruits and nuts covered in chocolate, | | apple, | apricot, | aronia, | banana, | beetroot, | bilberry (wild blueberry), | blackberry, | blackcurrant, | blueberry, | carrot, | chives, | cranberry, | dragon fruit, | elderberry, | green peas, | haskap berry, | hawthorn fruit, | lemon balm, | lingonberry, | mango, | parsley, | peach, | pear, | pineapple, | plum, | raspberry, | red currant, | rosehip, | sour cherry, | strawberry, | sweet cherry, | tomato, | topinambur, | apple fiber, | aronia fiber, | blackcurrant fiber, | carrot fiber, | cocoa fiber, | oat fiber, | rye fiber, | wheat fiber, |",FOODEX JAPAN 2025 / 2025 Japan Meat Industry Fair 49th,https://www.jma-tradeshow.com/foodex/webguide_en/datafile/product_image1_8229.jpg,https://www.jma-tradeshow.com/foodex/webguide_en/product.php?no=8229
8252,No added Sugar Cookies with cream,Cakes / Dessert,,,EU-HACCP | IFS/BRC,We have an importer,Bogutti Sp. z o.o.,https://bogutti.com/,Overseas exhibitors | Exportable | Co-exhibitor | Organizer : National Support Centre for Agriculture - KOWR,National Pavilion,E1-C09,"Cookies, fudges, wafer Rolls, No added sugar cookies",FOODEX JAPAN 2025 / 2025 Japan Meat Industry Fair 49th,https://www.jma-tradeshow.com/foodex/webguide_en/datafile/product_image1_173746500550.jpg,https://www.jma-tradeshow.com/foodex/webguide_en/product.php?no=8252
8253,Wine Capo d`istria Malvasia Istriana,Still wines - white,"Wine importer, wind distributor, retail company, wine trader",www.vinakoper.si,,We don't have an importer,Vinakoper,https://www.vinakoper.si/en/,Overseas exhibitors | Exportable | Co-exhibitor | Organizer : SLOVENIA,National Pavilion,E3-C03-00,"red wine, white wine, sparkling wine,",FOODEX JAPAN 2025 / 2025 Japan Meat Industry Fair 49th,,https://www.jma-tradeshow.com/foodex/webguide_en/product.php?no=8253
8271,OCHA お茶,Professional Services | Still wines - red | Others,Hotels and restaurants,Whole bunching Fermentation,ISO9001,,MAISON SICHEL,https://www.sichel.fr/,Overseas exhibitors | Exportable,,S3-C17,"Bordeaux wine , wines from South of France , Grand Cru",FOODEX WINE,https://www.jma-tradeshow.com/foodex/webguide_en/datafile/product_image1_8271.jpg,https://www.jma-tradeshow.com/foodex/webguide_en/product.php?no=8271
8273,ZAKU Sport,Bottled Water | Non-alcoholic Beverages,"HoReCa, retail, distribution, import",,ISO22000,We have an importer,"ZAKU Natural Mineral Water, Markol LLC",https://www.zakuwater.eu/,Overseas exhibitors | Exportable | Co-exhibitor | Organizer : Investment and Development Agency Of Latvia,National Pavilion,E3-S06-12,ZAKU Natural Mineral Water,FOODEX JAPAN 2025 / 2025 Japan Meat Industry Fair 49th,https://www.jma-tradeshow.com/foodex/webguide_en/datafile/product_image1_173746728610.jpg,https://www.jma-tradeshow.com/foodex/webguide_en/product.php?no=8273
8278,Frozen Fruits and Vegetables,Supplements | Health & Wellness Products | Frozen Fruit & Vegetables | Vegetarian | Vegan | Organic Products,"Food Service Industry: Restaurants, hotels, and catering services use bulk frozen fruits for consistency in menu items like smoothies, desserts, and breakfast options, where fresh fruit availability and quality can vary. | Baking and Confectionery: This sector uses frozen fruits for pies, pastries, and other baked goods where the fruit needs to be incorporated into the product without spoiling or losing flavor and texture. | Beverage Manufacturers: Companies producing juices, smoothies, and cocktails benefit from the year-round availability of fruits, maintaining consistent product quality. | Food Processing: For making jams, jellies, preserves, or fruit fillings where the fruit needs to be processed at a large scale. | Retail: Supermarkets and grocery stores for selling to consumers who might use frozen fruits for home cooking or as a convenient, long-lasting alternative to fresh fruits. | Health and Wellness: Including juice bars, health food stores, and companies focused on smoothies, acai bowls, or other health-focused products where natural, preservative-free ingredients are valued.","Nutritional Value: | Preservation of Nutrients: Many nutrients are locked in at the peak of ripeness, often providing as much or more nutritional value than fresh produce. | | Convenience: | Ready to Use: No washing, peeling, or chopping required, which saves time in food preparation. | Portion Control: Often pre-measured, making it easy to use just the right amount for recipes. | | Shelf Life: | Longer Lasting: Prevents spoilage, reducing food waste and allowing for long-term storage without preservatives. | Year-Round Availability: Provides access to seasonal produce all year, ensuring consistent supply.",EU-HACCP | EU Organic Certification,We don't have an importer,Meliseus Michal Sasin Piotr Krawczyk S.C.,https://www.meliseus.com,Overseas exhibitors | Exportable | Co-exhibitor | Organizer : National Support Centre for Agriculture - KOWR,National Pavilion,E1-C09-00,"freeze dried fruits and vegetables in chunks and powders, | air dried fruits and vegetables in chunks and powders, | spray dried juice powders, | not from concentrate (NFC) juices, | juice concentrates, | juice extracts, | frozen fruits and vegetables, | fruits and nuts covered in chocolate, | | apple, | apricot, | aronia, | banana, | beetroot, | bilberry (wild blueberry), | blackberry, | blackcurrant, | blueberry, | carrot, | chives, | cranberry, | dragon fruit, | elderberry, | green peas, | haskap berry, | hawthorn fruit, | lemon balm, | lingonberry, | mango, | parsley, | peach, | pear, | pineapple, | plum, | raspberry, | red currant, | rosehip, | sour cherry, | strawberry, | sweet cherry, | tomato, | topinambur, | apple fiber, | aronia fiber, | blackcurrant fiber, | carrot fiber, | cocoa fiber, | oat fiber, | rye fiber, | wheat fiber, |",FOODEX JAPAN 2025 / 2025 Japan Meat Industry Fair 49th,https://www.jma-tradeshow.com/foodex/webguide_en/datafile/product_image1_8278.jpg,https://www.jma-tradeshow.com/foodex/webguide_en/product.php?no=8278
8280,Capris Refošk,Still wines - red,"wine distributor, wine shop, retail seller","retail, horeca, winetrader, wine importer",,We don't have an importer,Vinakoper,https://www.vinakoper.si/en/,Overseas exhibitors | Exportable | Co-exhibitor | Organizer : SLOVENIA,National Pavilion,E3-C03-00,"red wine, white wine, sparkling wine,",FOODEX JAPAN 2025 / 2025 Japan Meat Industry Fair 49th,,https://www.jma-tradeshow.com/foodex/webguide_en/product.php?no=8280
8283,Handmade Pizza Crust,Frozen Baked Goods,"Wholesaler, Retailer, Distributor",,ISO22000 | Other HACCP | FDA | MSC(Marine Stewardship Council) | ASC(Aquaculture Stewardship Council),We don't have an importer,King's Cook Frozen Food,https://kingscook.en.taiwantrade.com/,Overseas exhibitors | Exportable,,E5-F29,"Pizza Crust, Green onion pancake, Spring Onion Chinese Omelet, Sesame rolls, Vegetarian Pepper Bun, Baked Stuffed Sesame Biscuit, Hot Pot Soup Base, Vegetarian Taiwanese Fried Noodle, Vegetarian Taiwanese Fried Vermicelli",FOODEX Frozen Processed Food,https://www.jma-tradeshow.com/foodex/webguide_en/datafile/product_image1_173746842868.jpg,https://www.jma-tradeshow.com/foodex/webguide_en/product.php?no=8283
8291,Wine Capo d`Istria Cabernet Sauvignon,Still wines - red,"wine importer, wine distributor, horeca, retail, wine shop",www.vinakoper.si,,We don't have an importer,Vinakoper,https://www.vinakoper.si/en/,Overseas exhibitors | Exportable | Co-exhibitor | Organizer : SLOVENIA,National Pavilion,E3-C03-00,"red wine, white wine, sparkling wine,",FOODEX JAPAN 2025 / 2025 Japan Meat Industry Fair 49th,,https://www.jma-tradeshow.com/foodex/webguide_en/product.php?no=8291
8296,Capris Marine Brut sparkling wine,Sparkling wines,sparkling wine,www.vinakoper.si,,We don't have an importer,Vinakoper,https://www.vinakoper.si/en/,Overseas exhibitors | Exportable | Co-exhibitor | Organizer : SLOVENIA,National Pavilion,E3-C03-00,"red wine, white wine, sparkling wine,",FOODEX JAPAN 2025 / 2025 Japan Meat Industry Fair 49th,,https://www.jma-tradeshow.com/foodex/webguide_en/product.php?no=8296
8298,Vino Tavola Roberto Riga,Still wines - red,"Retail , Horeca","Restaurants, Bar , Hotels, Retails",EU-HACCP,We don't have an importer,Cantine Casabella,https://www.4ru.it/,Overseas exhibitors | Exportable | Co-exhibitor | Organizer : Italian Pavilion,National Pavilion,E1-A24-20,"Lambrusco, Gutturnio, Malvasia, Bonarda, Metodo Classico, Pinot Grigio IGT, Pinot Grigio DOC, Montepulciano, Primitivo, Table Wine, Zinfandel, Barbera, Spumante Brut, Spumante Rosé, Rosé, Glera Spumante, Barolo , Orange Wine, Anchestral Wine, Natural Wine, Brunello di Montalcino, Chianti, Chianti Classico, Chianti Riserva, Vernaccia, Vermentino, Rosso di Montalcino, Sicilia DOC, Grillo DOC, Nero d'Avola, Cataratto, Grillo Spumante, Asti DOCG, Barbaresco, Pinot Noir, Pinot Bianco, Prosecco, Prosecco Rosé , Merlot, Amarone, Ripasso di Valpolicella, Bitter, Aperitiv, Vermouth, Vodka, Gin, Limoncello",FOODEX JAPAN 2025 / 2025 Japan Meat Industry Fair 49th,,https://www.jma-tradeshow.com/foodex/webguide_en/product.php?no=8298
8303,SHU GUO ZIH,Gluten-free | Savoury Baked Products | Cereals / Fruit Bars,"SWEET POTATO COOKIE,SWEET POTATO CHIPS,RICE PUFFS","SWEET POTATO COOKIE,SWEET POTATO CHIPS,RICE PUFFS",ISO22000 | US-HACCP,We have an importer,"YI-I FARM COMMODITIES CO., LTD.",http://www.shujhihren.com.tw/,Overseas exhibitors | Exportable | Co-exhibitor | Organizer : Taiwan External Trade Development Council,National Pavilion,E5-A02-00,"It is named “SHU GUO ZIH” because it means dessert. As the name suggests, it is a dessert made from sweet potatoes, combined with local organic rice from Chiayi, Taiwan, to make yam fruit that is not only non-sticky but also low in sugar and healthy. In addition to allowing tourists to see the beautiful mountains and rivers of Chiayi, Taiwan, they can also bring home Chiayi agricultural products to share with family and friends.",FOODEX JAPAN 2025 / 2025 Japan Meat Industry Fair 49th,https://www.jma-tradeshow.com/foodex/webguide_en/datafile/product_image1_8303.jpg,https://www.jma-tradeshow.com/foodex/webguide_en/product.php?no=8303
8304,Chianti Riserva DOCG,Still wines - red,Retail/Horeca,"Restaurants, Hotels, Bars, Retail","EU-HACCP | IFS, BRC, BIO",We don't have an importer,Cantine Casabella,https://www.4ru.it/,Overseas exhibitors | Exportable | Co-exhibitor | Organizer : Italian Pavilion,National Pavilion,E1-A24-20,"Lambrusco, Gutturnio, Malvasia, Bonarda, Metodo Classico, Pinot Grigio IGT, Pinot Grigio DOC, Montepulciano, Primitivo, Table Wine, Zinfandel, Barbera, Spumante Brut, Spumante Rosé, Rosé, Glera Spumante, Barolo , Orange Wine, Anchestral Wine, Natural Wine, Brunello di Montalcino, Chianti, Chianti Classico, Chianti Riserva, Vernaccia, Vermentino, Rosso di Montalcino, Sicilia DOC, Grillo DOC, Nero d'Avola, Cataratto, Grillo Spumante, Asti DOCG, Barbaresco, Pinot Noir, Pinot Bianco, Prosecco, Prosecco Rosé , Merlot, Amarone, Ripasso di Valpolicella, Bitter, Aperitiv, Vermouth, Vodka, Gin, Limoncello",FOODEX JAPAN 2025 / 2025 Japan Meat Industry Fair 49th,https://www.jma-tradeshow.com/foodex/webguide_en/datafile/product_image1_173746981133.jpg,https://www.jma-tradeshow.com/foodex/webguide_en/product.php?no=8304
8310,Pinot Grigio DOC Delle Venezie,Still wines - white,Horeca,"Hotels, Restaurants, Bar",EU-HACCP,We don't have an importer,Cantine Casabella,https://www.4ru.it/,Overseas exhibitors | Exportable | Co-exhibitor | Organizer : Italian Pavilion,National Pavilion,E1-A24-20,"Lambrusco, Gutturnio, Malvasia, Bonarda, Metodo Classico, Pinot Grigio IGT, Pinot Grigio DOC, Montepulciano, Primitivo, Table Wine, Zinfandel, Barbera, Spumante Brut, Spumante Rosé, Rosé, Glera Spumante, Barolo , Orange Wine, Anchestral Wine, Natural Wine, Brunello di Montalcino, Chianti, Chianti Classico, Chianti Riserva, Vernaccia, Vermentino, Rosso di Montalcino, Sicilia DOC, Grillo DOC, Nero d'Avola, Cataratto, Grillo Spumante, Asti DOCG, Barbaresco, Pinot Noir, Pinot Bianco, Prosecco, Prosecco Rosé , Merlot, Amarone, Ripasso di Valpolicella, Bitter, Aperitiv, Vermouth, Vodka, Gin, Limoncello",FOODEX JAPAN 2025 / 2025 Japan Meat Industry Fair 49th,https://www.jma-tradeshow.com/foodex/webguide_en/datafile/product_image1_173747009056.jpg,https://www.jma-tradeshow.com/foodex/webguide_en/product.php?no=8310
8320,VASAC CRISPY( Trumpet Mushroom chips),Baked Goods | Gluten-free | Mushroom | Vegetarian | Vegan | Savoury Baked Products | Savoury snacks | Vegetable snacks | Dried Fruit & Vegetables | Salty Snacks | Rice Crackers & Healthy Snacks | Plant-based / Alternative Foods,,,Other HACCP,We don't have an importer,maJu,http://www.aheir.co.kr,Overseas exhibitors | Exportable | Co-exhibitor | Organizer : Korea Agro-Fisheries & Food Trade Corporation,National Pavilion,E5-A20,"VASAC CRISPY(Mushroom chips), Lologochujang(Korean Red Pepper Paste), Kketchup(Korean Superior Hot Tomato Sauce)",FOODEX JAPAN 2025 / 2025 Japan Meat Industry Fair 49th,https://www.jma-tradeshow.com/foodex/webguide_en/datafile/product_image1_173747097022.jpg,https://www.jma-tradeshow.com/foodex/webguide_en/product.php?no=8320
8345,Berryshka Singlle Malt Whisky,Whiskey,"Berryshka Single Malt Whisky is an unique Slovenian premium drink that is meant for bars, cocktail lounges, cocktail bars, (high-end) restaurants, mixologists, liquor stores, boutique stores, high-end retail and speciality liquor stores, gift shops, luxury hospitality venues, hotels and wellness hotels. It is also meant for curated gifts and corporate gifting, as well as for everyone that loves unique whiskies and unique craft spirits. It is also appropriate for craft drinks connoisseurs and boutique alcohol enthusiasts.","Berryshka Single Malt Whisky is a whisky made by a family distillery in the heart of Slovenia, on the outskirts of a primeval forest of Kočevsko. It is made only out of Slovenian raw materials and aged 5 years in carefully selected barrels, which offer a deep, complex flavour profile with notes of oak, vanilla and fruits. It is a premium spirit, which embodies purity and is resonating with the appreciation for nature and craftsmanship. It is presented in a slovenian-made elegant and timless bottle that makes the drink suitable for ideal gifts or for premium spirits enthusiasts and showcasing in high-end spirit collections. It is a versatile pairing with fine dishes or also enjoed neat. It is a whisky with a story: an old dream-come-true of our master distiller.",EU-HACCP,We have an importer,Berryshka,https://berryshka.com/en/,Overseas exhibitors | Exportable | Co-exhibitor | Organizer : SLOVENIA,National Pavilion,E3-C03-00,"We will be presenting our artisanal award-winning products, made in our family distillery and chocolatier (in Slovenia, Europe) with more than 30 years of experience: Berryshka BIO Juniper Brandy, Berryshka Juniper Brandy aged in oak barrels, Berryshka Whisky, Berryshka London Dry Gin, Berryshka Purfl Gin, Berryshka Gin 'N Berry Gin, Berryshka Williams pear brandy, Berryshka BrinGin and various handcrafted chocolate creations.",FOODEX JAPAN 2025 / 2025 Japan Meat Industry Fair 49th,https://www.jma-tradeshow.com/foodex/webguide_en/datafile/product_image1_173747507014.jpg,https://www.jma-tradeshow.com/foodex/webguide_en/product.php?no=8345
8353,GIUNCO,Cheese,"Il Giunco e un formaggio pecorino ottimo da tavola e da grattugia, prodotto esclusivamente con latte di pecora fresco proveniente dai pascoli dell’entroterra sardo. La forma reca impressi i segni del tradizionale canestro in giunco sardo intrecciato, utilizzato per modellarla ed esaltare i sentori aromatici. Sapore deciso con un piacevole mix di aromi di frutta secca, note tostate e speziate.",Nelle migliori rivendite specializzate di prodotti tipici alimentari di alta qualità,EU-HACCP | Other HACCP,We don't have an importer,CASEIFICIO ANTONIO GARAU DAL 1880,https://caseificiogarau.com/en/,Overseas exhibitors | Exportable | Co-exhibitor | Organizer : Italian Pavilion,National Pavilion,E1-A24-123,Caseificio Antonio Garau dal 1880 produce formaggi italiani di alta qualità premiati nei concorsi caseari piu prestigiosi del mondo come il World Cheese Awards e il International Cheese & Diary Awards,FOODEX JAPAN 2025 / 2025 Japan Meat Industry Fair 49th,https://www.jma-tradeshow.com/foodex/webguide_en/datafile/product_image1_8353.jpg,https://www.jma-tradeshow.com/foodex/webguide_en/product.php?no=8353
8363,Berryshka Williams pear Brandy,Spirits,"Berryshka Williams pear Brandy is an unique fruit brandy that is meant for bars, cocktail lounges, cocktail bars, (high-end) restaurants, mixologists, liquor stores, boutique stores, high-end retail and speciality liquor stores, gift shops, luxury hospitality venues, hotels and wellness hotels. It is also meant for curated gifts and corporate gifting, as well as for everyone that loves unique drinks with a European note. It is also appropriate for craft spirits connoisseurs and boutique alcohol enthusiasts.","Berryshka Williams pear distillate is a brandy made in a family distillery in the heart of Slovenia, on the outskirts of a primeval forest of Kočevsko. It is a premium fruit spirit that embodies purity and simplicity and is resonating with the appreciation for nature and craftsmanship. Drunk neat, or used in many cocktails, or as a good pairing for refined cuisines. Its elegant packaging makes the drink suitable for ideal gifts or for premium spirits enthusiasts.",EU-HACCP,We don't have an importer,Berryshka,https://berryshka.com/en/,Overseas exhibitors | Exportable | Co-exhibitor | Organizer : SLOVENIA,National Pavilion,E3-C03-00,"We will be presenting our artisanal award-winning products, made in our family distillery and chocolatier (in Slovenia, Europe) with more than 30 years of experience: Berryshka BIO Juniper Brandy, Berryshka Juniper Brandy aged in oak barrels, Berryshka Whisky, Berryshka London Dry Gin, Berryshka Purfl Gin, Berryshka Gin 'N Berry Gin, Berryshka Williams pear brandy, Berryshka BrinGin and various handcrafted chocolate creations.",FOODEX JAPAN 2025 / 2025 Japan Meat Industry Fair 49th,https://www.jma-tradeshow.com/foodex/webguide_en/datafile/product_image1_8363.jpg,https://www.jma-tradeshow.com/foodex/webguide_en/product.php?no=8363
8380,Farmer cheese,Cheese | Health & Wellness Products | Frozen Dairy Products,"Farmer cheese, curd","Retailers, distributors",ISO22000 | HALAL | FDA | EU Organic Certification,We don't have an importer,Tukuma Piens,,Overseas exhibitors | Exportable | Co-exhibitor | Organizer : Investment and Development Agency Of Latvia,National Pavilion,E3-S06-1,,FOODEX JAPAN 2025 / 2025 Japan Meat Industry Fair 49th,https://www.jma-tradeshow.com/foodex/webguide_en/datafile/product_image1_173748161782.jpg,https://www.jma-tradeshow.com/foodex/webguide_en/product.php?no=8380
8388,Butter,Butter | Frozen Dairy Products,Butter,"retailers, distributors",ISO22000 | HALAL | EU Organic Certification | BRC,We don't have an importer,Tukuma Piens,,Overseas exhibitors | Exportable | Co-exhibitor | Organizer : Investment and Development Agency Of Latvia,National Pavilion,E3-S06-1,,FOODEX JAPAN 2025 / 2025 Japan Meat Industry Fair 49th,https://www.jma-tradeshow.com/foodex/webguide_en/datafile/product_image1_173748239025.jpg,https://www.jma-tradeshow.com/foodex/webguide_en/product.php?no=8388
8393,SOPHIE RED WINE CABERNET FRANC 2020,Still wines - red,"Target Market for Sophie Cabernet Franc in Japan | | Wine Enthusiasts and Collectors: | Consumers seeking premium labels from emerging regions like Mexico. | Strategy: Highlight its exclusivity, limited production, and French oak aging. | | Luxury Restaurants and Hotels: | Gourmet establishments interested in wines that complement haute cuisine. | Strategy: Emphasize its complex profile and versatility for pairings. | | Luxury Gift Buyers: | Shoppers looking for unique and elegant gifts. | Strategy: Showcase its exotic origin, refined presentation, and premium quality. | | Niche Consumers: | Wine clubs interested in distinctive varietals like Cabernet Franc. | Strategy: Offer exclusive tastings and education about its terroir and artisanal production.","We currently distribute our wines in prestigious department stores such as Costco, Chedraui, and Vinoteca, as well as in high-end restaurants across Mexico and exclusive boutique wine shops specializing in red wines. This positioning reflects the care and excellence we put into every bottle, crafted to satisfy the most discerning palates. | | We are eager to expand our presence in the Japanese market, confident that our wines have much to offer. From their artisanal production and unique varietals to their exclusivity and premium quality, we believe they can become an ideal choice for wine enthusiasts in Japan who value premium products and unique experiences.",,We don't have an importer,VINICOLA SANTA ELENA,,Overseas exhibitors | Exportable | Co-exhibitor | Organizer : MEXICO,National Pavilion,E4-C18-00,Still red and white wines,FOODEX JAPAN 2025 / 2025 Japan Meat Industry Fair 49th,https://www.jma-tradeshow.com/foodex/webguide_en/datafile/product_image1_8393.jpg,https://www.jma-tradeshow.com/foodex/webguide_en/product.php?no=8393
8401,SOPHIE RED NEBBIOLO,Still wines - red,• Luxury restaurants and hotels: Ideal for pairing with premium Japanese cuisine and international dishes. | • Wine enthusiasts and collectors: Seeking exclusivity and quality in unique labels. | • Boutique shops and luxury platforms: Perfect for discerning and knowledgeable consumers. | • Luxury gifts: Excellent for special occasions due to its elegance and prestige. |,"We currently distribute our wines in prestigious department stores such as Costco, Chedraui, and Vinoteca, as well as in high-end restaurants across Mexico and exclusive boutique wine shops specializing in red wines. This positioning reflects the care and excellence we put into every bottle, crafted to satisfy the most discerning palates. | We are eager to expand our presence in the Japanese market, confident that our wines have much to offer. From their artisanal production and unique varietals to their exclusivity and premium quality, we believe they can become an ideal choice for wine enthusiasts in Japan who value premium products and unique experiences.",,We don't have an importer,VINICOLA SANTA ELENA,,Overseas exhibitors | Exportable | Co-exhibitor | Organizer : MEXICO,National Pavilion,E4-C18-00,Still red and white wines,FOODEX JAPAN 2025 / 2025 Japan Meat Industry Fair 49th,https://www.jma-tradeshow.com/foodex/webguide_en/datafile/product_image1_8401.jpg,https://www.jma-tradeshow.com/foodex/webguide_en/product.php?no=8401
8428,Búho Mexican Tonic,Carbonated Soft Drinks | Non-alcoholic Beverages,,,FDA | FSSC 22000 (in progress),We don't have an importer,Búho Soda,,Overseas exhibitors | Exportable | Co-exhibitor | Organizer : MEXICO,National Pavilion,E4-C18-00,"Búho Mexican Craft Soda: Lime-Mint, Orange-Tangerine, Mango-Passion Fruit, Hibiscus-Pomegranate, Tamarind-Chile, Guava-Cardamom, Original Kola. | | Búho Mixers: Natural Indi, Mexican Tonic, Prickly Pear Tonic, Elderflower Tonic, Robusta Coffee Tonic, Bitter Lime.",FOODEX JAPAN 2025 / 2025 Japan Meat Industry Fair 49th,https://www.jma-tradeshow.com/foodex/webguide_en/datafile/product_image1_8428.jpg,https://www.jma-tradeshow.com/foodex/webguide_en/product.php?no=8428
8430,MINOHMOMIJI WORLD CONNECT COLA,Energy Drinks | Flavoured Water | Organic Products,"Hotels, restaurants, supermarket wholesale","The gorgeous packaging design will brighten up any storefront. | | It uses plenty of spices from around the world and citrus fruits, fruits, and vegetables grown in Japan with love. | | All of the sugar is domestically produced, and the cola base is made with a blend of several types, as well as the Japanese and Chinese herbs Yamato Tachibana and Yamato Angelica, and contains no preservatives, colorings, or flavorings. | | It's a craft cola filled with love for each town.",,We don't have an importer,WORLD CONNECT COLA,,Japan exhibitors | Exportable | Co-exhibitor | Organizer : Osaka mon / Osaka mon Meihin,Exports from Japan,S1-R04-00,WORLD CONNECT COLA | SUITA KUWAI WORLD CONNECT COLA | MINOH MOMIJI WORLD CONNECT COLA,FOODEX JAPAN 2025 / 2025 Japan Meat Industry Fair 49th,https://www.jma-tradeshow.com/foodex/webguide_en/datafile/product_image1_173749827780.jpg,https://www.jma-tradeshow.com/foodex/webguide_en/product.php?no=8430
8434,AMPHORA CHENIN BLANC 2023,Still wines - white,• Luxury restaurants and hotels: Ideal for pairing with premium Japanese cuisine and international dishes. | • Wine enthusiasts and collectors: Seeking exclusivity and quality in unique labels. | • Boutique shops and luxury platforms: Perfect for discerning and knowledgeable consumers. | • Luxury gifts: Excellent for special occasions due to its elegance and prestige. |,"We currently distribute our wines in prestigious department stores such as Costco, Chedraui, and Vinoteca, as well as in high-end restaurants across Mexico and exclusive boutique wine shops specializing in red wines. This positioning reflects the care and excellence we put into every bottle, crafted to satisfy the most discerning palates. | We are eager to expand our presence in the Japanese market, confident that our wines have much to offer. From their artisanal production and unique varietals to their exclusivity and premium quality, we believe they can become an ideal choice for wine enthusiasts in Japan who value premium products and unique experiences. |",,We don't have an importer,VINICOLA SANTA ELENA,,Overseas exhibitors | Exportable | Co-exhibitor | Organizer : MEXICO,National Pavilion,E4-C18-00,Still red and white wines,FOODEX JAPAN 2025 / 2025 Japan Meat Industry Fair 49th,https://www.jma-tradeshow.com/foodex/webguide_en/datafile/product_image1_173750172310.jpg,https://www.jma-tradeshow.com/foodex/webguide_en/product.php?no=8434
8437,Crispy Fried Crab Stick for Hot Pot,Frozen Seafood | Frozen Ready Meals | Halal | Seafood | Processed seafood products | Plant-based / Alternative Foods,"Restaurants, hotels, in‑flight meals, the frozen food section, supermarkets, e‑commerce, gift sets, and specialty stores.","Crispy Fried Crab Stick for Hot Pot | | This crab stick fry is specially crafted to pair perfectly with hot pot. | A unique cutting and shaping method keeps each piece firm and intact, even after long simmering, so it never falls apart in the broth. | Rich crab flavor and a pleasantly springy texture make every bite satisfying and full of depth. | As it absorbs the soup, the umami becomes even more pronounced, turning it into a standout ingredient for hot pot and other simmered dishes. | Easy to use and consistently delicious, it’s a reliable choice favored by both home cooks and professionals.",US-HACCP | Other HACCP | FDA | MSC(Marine Stewardship Council) | ASC(Aquaculture Stewardship Council) | FSSC22000,,Wakame foods corporation,https://wakashoku.jp/,Japan exhibitors | Exportable,Exports from Japan,S2-A28,"MSC Scallop‑Style Fried Cutlet,MSC Crab‑Style Fried Cutlet,Izakaya‑Style Oden (Japanese hot pot stew),MSC Fish Nuggets,MSC Fish Balls,Seaweed‑Wrapped Tempura Fish Cake,MSC Imitation Crab for Hot Pot | , Fish Minced Cutlet,Fish Patty,Fish Burger Patty,Imitation Crab Stick",FOODEX JAPAN 2026 / 2026 Japan Meat Industry Fair 50th,https://www.jma-tradeshow.com/foodex/webguide_en/datafile/product_image1_176878447777.jpg,https://www.jma-tradeshow.com/foodex/webguide_en/product.php?no=8437
8457,Braised Saury,"Canned Products | Processed seafood products | Ready-to-eat Foods, Sealed Packaged Foods (e.g., curry, rice bowl toppings)",1) Retail / Grocery | 2) Convenience Stores (CVS) | 3) Foodservice / HORECA | 4) Meal Solutions / Ready Meal Brands | 5) Export / International Distributors | 6)Emergency food / Disaster preparedness | 7)Elder-friendly / Senior-friendly foods,"1) Rich Umami Braised Flavor | 2) Ready-to-Eat / Ready-to-Heat Convenience | 3) High Protein, Nutrient-rich Seafood | 4) Shelf-stable & Long Storage | 5) Elder-friendly Texture | 6) Multiple Applications | 7) OEM/ODM Available",ISO22000 | US-HACCP | HALAL | FDA | CCC(China Compulsory Certification),,D.E. CHUNG HUA FOODS,https://www.de-food.com.tw/defood.asp,Overseas exhibitors | Exportable | Co-exhibitor | Organizer : Taiwan External Trade Development Council,National Pavilion,E5-A30-074,Braised Saury (Sweet Soy Glaze) | Iron Eggs (Seasoned Braised Eggs) | Seasoned Dried Bean Curd / Seasoned Tofu Products | Ready-to-Eat / Easy-Prepare Retort Pouches | Elder-friendly Meal Solutions (Care Food) | Emergency Stock Food / Disaster Preparedness,FOODEX JAPAN 2026 / 2026 Japan Meat Industry Fair 50th,https://www.jma-tradeshow.com/foodex/webguide_en/datafile/product_image1_8457.jpg,https://www.jma-tradeshow.com/foodex/webguide_en/product.php?no=8457
8473,Sorvete de Açaí,Gluten-free | Smoothies | Fresh Fruit & Vegetables | Fortified & Functional Products | Supplements | Health & Wellness Products | Frozen Dairy Products | Frozen Fruit & Vegetables | Ice Cream / Sorbet Gelato | Vegetarian | Vegan | Halal | Kosher | Organic Products | Plant-based / Alternative Foods | Health drinks,"Food and beverage importers and distributors, wholesalers, supermarket chains, specialty and gourmet retailers, and food service companies (hotels, restaurants, and catering). | We are seeking business partners interested in high-quality, value-added products with strong potential for the Japanese and Asian markets. We welcome inquiries from companies focused on long-term partnerships, food safety, reliability, and consistent supply, as well as buyers looking for distinctive and innovative products.","Premium açaí sourced from Brazil, known for its authentic flavor, rich color, and high nutritional value. The product is naturally rich in antioxidants and is widely recognized as a functional and healthy ingredient. | Offers versatile applications for food service and retail, including açaí bowls, smoothies, desserts, and beverages. Available in formats suitable for bulk, food service, and private label development. | Ideal for buyers seeking reliable quality, stable supply, and products aligned with global trends in health, wellness, and clean-label foods, with strong appeal to health-conscious consumers in the Japanese market.","ISO22000 | EU-HACCP | US-HACCP | Other HACCP | HALAL | FDA | USDA Organic Certification | EU Organic Certification | Non-GMO Certification | Smeta, Vegano",,AÇAI AMAZONAS,https://vibeacai.com/ https://www.acaiamazonas.com.br/,Overseas exhibitors | Exportable | Co-exhibitor | Organizer : ApexBrasil,National Pavilion,E4-C03-010,"Açaí Pulp, Açaí Powder 100% pure organic, Açaí Sorbet, Açaí Popsicle, Açaí Palm heart",FOODEX JAPAN 2026 / 2026 Japan Meat Industry Fair 50th,https://www.jma-tradeshow.com/foodex/webguide_en/datafile/product_image1_8473.jpg,https://www.jma-tradeshow.com/foodex/webguide_en/product.php?no=8473
8492,100g ZOUJI TUOCHA TEA,Non-alcoholic Beverages | Tea,"Tea, Puerh, China tea, compressed tea,Tuocha","premium puerh tea, supports digestions, promote overall health, AVPA world tea-gold award in dark tea",FDA | CCC(China Compulsory Certification),We don't have an importer,YUNNAN PU'ERH,https://zoujituocha.com,Overseas exhibitors | Exportable,Healthcare Foods,E5-R18,"Tea bags, including double-pouch and pyramid tea bags, Pu-erh tea, Compressed tea, Yunnan tea, puerh, pu er, functional tea, herbal tea, medicinal tea, Chinese tea, China",FOODEX JAPAN 2025 / 2025 Japan Meat Industry Fair 49th,https://www.jma-tradeshow.com/foodex/webguide_en/datafile/product_image1_173753551192.jpg,https://www.jma-tradeshow.com/foodex/webguide_en/product.php?no=8492
8495,Juicy Ponzu The Yuzu,Soy Sauce | Liquid Seasoning | Vinegar,Mainly housewives looking for safe and reliable seasonings,"This ponzu soy sauce is made with carefully selected safe and secure ingredients, using whole soybeans and wheat from Fukuoka Prefecture, as well as domestically produced yuzu juice. It features the rich aroma of yuzu and a refreshing taste. The fresh-seal bottle allows you to use it drop by drop while preserving its fragrance.",JAS Certified Factory,,MITSUWA SHOYU,https://www.mitsuwashoyu.com/,Japan exhibitors | Exportable | Co-exhibitor | Organizer : JAPAN SHOYU ASSOCIATION,Exports from Japan,S2-C29-024,"Nori Dressing, Red Bream soy sauce, Juicy Ponzu The Yuzu, Kids love Sweet Kyushu soy sauce, Whole soybeans soy sauce from Fukuoka Prefecture",FOODEX JAPAN 2026 / 2026 Japan Meat Industry Fair 50th,https://www.jma-tradeshow.com/foodex/webguide_en/datafile/product_image1_8495.jpg,https://www.jma-tradeshow.com/foodex/webguide_en/product.php?no=8495
8510,Molten Taro Lava Pastry,Baked Goods | Vegetarian | Vegan | Halal | Packaging | Sanitary | Professional Services | DX Solutuion,,,ISO22000 | Other HACCP | FDA | DUNS Number: 657578568,,O-NONGS FOODS,https://www.taro-cake.com.tw/,Overseas exhibitors | Exportable | Co-exhibitor | Organizer : Taiwan External Trade Development Council,National Pavilion,E5-A30-114,"Taro Pastry | Molten Taro Lava Pastry | Tsung’s Little Taro Cake - Molten Taro Lava, | Tsung’s Sweet Potato Cake, | Taiwan Pineapple cake, | Taro Nougat, | Mazu Cake for Guarding the Nation,",FOODEX JAPAN 2026 / 2026 Japan Meat Industry Fair 50th,https://www.jma-tradeshow.com/foodex/webguide_en/datafile/product_image1_8510.jpg,https://www.jma-tradeshow.com/foodex/webguide_en/product.php?no=8510
8515,ROASTED COFFEE BRANDED CAFFE' BOASI,Coffee,"COFFEE BEANS | GROUND COFFEE | COFFEE IN PODS ESE | COFFEE IN CAPSULES COMPATIBLE WITH NESPRESSO SYSTEM, DOLCE GUSTO SYSTEM, LAVAZZA ESPRESSO POINT SYSTEM, LAVAZZA BLUE SYSTEM, LAVAZZA A MODO MIO SYSTEM",HO.RE.CA MARKET | RETAIL MARKET | VENDING MACHINE,ISO9001 | EU-HACCP | FDA | EU Organic Certification | IFS - RA2020 - KOSHER,We don't have an importer,TORREFATTORI ASSOCIATI SPA - CAFFE' BOASI,https://www.torrefattoriassociati.it/,Overseas exhibitors | Exportable | Co-exhibitor | Organizer : PIEMONTE AGENCY,Imports Food,E3-S15-00,ROASTED COFFEE IN BEANS GROUND IN PODS AND CAPSULES |,FOODEX JAPAN 2025 / 2025 Japan Meat Industry Fair 49th,,https://www.jma-tradeshow.com/foodex/webguide_en/product.php?no=8515
8520,maama nut spreads,"Gluten-free | Dried Fruits | Fortified & Functional Products | Supplements | Health & Wellness Products | Vegetarian | Halal | Kosher | Organic Products | Spreads, Honey & Jams | Plant-based / Alternative Foods","Retail, HoReCa, Vending, Organic, Private Label, E-commerce, Specialty Retail, Health & Wellness, Corporate Gifting, Travel Retail","Natural and organic ingredients, no added sugar, gluten-free and vegan options, sustainability-focused packaging, supports environmental initiatives, versatile usage (spread, dip, or baking ingredient), rich in flavor, innovative recipes, perfect for indulgence and health-conscious lifestyles",EU-HACCP | FDA | EU Organic Certification | BRCGS,We have an importer,maama,https://www.maama-re-evolution.com/en,Overseas exhibitors | Exportable | Co-exhibitor | Organizer : Italian Pavilion,National Pavilion,E1-A24-154,Dried Fruit & Nut Bars | Nut Spreads | Chocolate Bars | Chocolate Spreads | Nut Butter Cups (Chocolate & Nut Butter) | Nut Butter Bars (Chocolate & Nut Butter) | Mixed Nuts & Dried Fruits | Organic Snack Bars | Protein Bars | Superfood Snack Bars | Vegan Chocolate Products | Functional Snacks (Protein & Energy) | Kids’ Snack Bars | Plant-Based Chocolate Alternatives | Seasonal Flavored Snack Bars | Mini Bars for Gifting and Sampling | Private Label Snack Solutions,FOODEX JAPAN 2025 / 2025 Japan Meat Industry Fair 49th,,https://www.jma-tradeshow.com/foodex/webguide_en/product.php?no=8520
8539,CRISPY CRACKER,Baked Goods | Savoury Baked Products | Savoury snacks | Crackers,"Horeca, GDO, Retail",,ISO9001,We don't have an importer,LA MOLE - F.LLI MILAN SRL,https://www.la-mole.it,Overseas exhibitors | Exportable | Co-exhibitor | Organizer : PIEMONTE AGENCY,Imports Food,E3-S15-00,Bakery products |,FOODEX JAPAN 2025 / 2025 Japan Meat Industry Fair 49th,https://www.jma-tradeshow.com/foodex/webguide_en/datafile/product_image1_173755107998.jpg,https://www.jma-tradeshow.com/foodex/webguide_en/product.php?no=8539
8544,Grand Marrenon - AOP Luberon,Still wines - red,,"Beautiful amplitude due to the aromatic intensity, supported by the concentration of the tannins.",,We have an importer,MARRENON,https://www.marrenon.com/,Overseas exhibitors | Exportable | Co-exhibitor | Organizer : BUSINESS FRANCE,National Pavilion,E2-C11-16,"AOP Luberon, AOP Ventoux, AOP Crozes Hermitage, AOP Plan de Dieu, AOP Gigondas, AOP Côtes du Rhône, IGP Méditerranée",FOODEX JAPAN 2025 / 2025 Japan Meat Industry Fair 49th,,https://www.jma-tradeshow.com/foodex/webguide_en/product.php?no=8544
8545,Gardarem - AOP Luberon,Still wines - red,,Gardarem is an exceptional wine with excellent aging potential,,We have an importer,MARRENON,https://www.marrenon.com/,Overseas exhibitors | Exportable | Co-exhibitor | Organizer : BUSINESS FRANCE,National Pavilion,E2-C11-16,"AOP Luberon, AOP Ventoux, AOP Crozes Hermitage, AOP Plan de Dieu, AOP Gigondas, AOP Côtes du Rhône, IGP Méditerranée",FOODEX JAPAN 2025 / 2025 Japan Meat Industry Fair 49th,,https://www.jma-tradeshow.com/foodex/webguide_en/product.php?no=8545
8546,Crucem - AOP Crozes Hermitage,Still wines - red,,"This red wine is the perfect accompaniment to chicken colombo, rack of lamb with herbs and jus, or truffle risotto.",,We don't have an importer,MARRENON,https://www.marrenon.com/,Overseas exhibitors | Exportable | Co-exhibitor | Organizer : BUSINESS FRANCE,National Pavilion,E2-C11-16,"AOP Luberon, AOP Ventoux, AOP Crozes Hermitage, AOP Plan de Dieu, AOP Gigondas, AOP Côtes du Rhône, IGP Méditerranée",FOODEX JAPAN 2025 / 2025 Japan Meat Industry Fair 49th,,https://www.jma-tradeshow.com/foodex/webguide_en/product.php?no=8546
8548,Orca - AOP Ventoux,Still wines - red,,,,We don't have an importer,MARRENON,https://www.marrenon.com/,Overseas exhibitors | Exportable | Co-exhibitor | Organizer : BUSINESS FRANCE,National Pavilion,E2-C11-16,"AOP Luberon, AOP Ventoux, AOP Crozes Hermitage, AOP Plan de Dieu, AOP Gigondas, AOP Côtes du Rhône, IGP Méditerranée",FOODEX JAPAN 2025 / 2025 Japan Meat Industry Fair 49th,,https://www.jma-tradeshow.com/foodex/webguide_en/product.php?no=8548
8549,Organic Blueberry Juice Concentrate,Bottled Water | Carbonated Soft Drinks | Coffee | Energy Drinks | Flavoured Water | Instant Beverages | Juice | Non-alcoholic Beverages | Smoothies | Tea | Dried Fruits | Fortified & Functional Products | Protein Drink | Supplements | Health & Wellness Products | Ice Cream / Sorbet Gelato | Vegetarian | Vegan | Halal | Kosher | Organic Products | Savoury snacks | Cereals / Fruit Bars | Dried Fruit & Vegetables | Breakfast Cereals | Beer | Spirits | Rice Crackers & Healthy Snacks | Plant-based / Alternative Foods,"1. Food and Beverage Industry: Manufacturers of health foods, such as incorporation into snacks, energy bars, and functional foods. Functional beverages: Juices, smoothies, mocktails, energy and soft drinks with antioxidant benefits. Premium confectionery and bakery: Use in healthy fillings, icings and doughs. | 2. Supplement and nutraceutical industry: Manufacturers of powdered and capsule supplements: Superberries for antioxidants, immune support, anti-inflammatory and digestion. Collagen and protein brands: Powders combined with berries for enhanced formulas. Probiotic products: Added in supplements to support digestive health. | 3. Pharmaceutical and Laboratory Industry. | 4. Cosmetics and Personal Care Industry: manufacturers of natural cosmetics, hair care brands. | 5. Horeca sector. |","Our B2B sales are made exclusively through our team of sales executives, who provide personalised attention to ensure that each customer receives the best solution according to their needs.","HALAL | FSMA | FDA | Organic JAS Mark | USDA Organic Certification | EU Organic Certification | GFSI, BRCGS, KOSHER",We don't have an importer,Bayas del Sur,https://www.bayasdelsur.com/?lang=en,Overseas exhibitors | Exportable,Healthcare Foods,E5-Q17,Conventional Blueberry Freeze Dried Powder | Conventional Strawberry Freeze Dried Powder | Conventional Raspberry Freeze Dried Powder | Conventional Cranberry Freeze Dried Powder | Conventional Blackberry Freeze Dried Powder | Conventional Eldelberry Freeze Dried Powder | Organic Blueberry Freeze Dried Powder | Organic Strawberry Freeze Dried Powder | Organic Raspberry Freeze Dried Powder | Organic Blackberry Freeze Dried Powder | Organic Eldelberry Freeze Dried Powder | Organic Maquiberry Freeze Dried Powder | Organic Calafateberry Freeze Dried Powder | Conventional Blueberry Juice Concentrate | Conventional Maquiberry Juice Concentrate | Conventional Raspberry Juice Concentrate | Conventional Strawberry Juice Concentrate | Conventional Blackberry Juice Concentrate | Conventional Eldelberry Juice Concentrate | Conventional Cranberry Juice Concentrate | Organic Blueberry Juice Concentrate | Organic Maquiberry Juice Concentrate | Organic Raspberry Juice Concentrate | Organic Strawberry Juice Concentrate | Organic Blackberry Juice Concentrate | Organic Eldelberry Juice Concentrate | Clear Prune Juice Concentrate | Cloudy Prune Juice Concentrate | Conventional Spray Dried Powder,FOODEX JAPAN 2025 / 2025 Japan Meat Industry Fair 49th,https://www.jma-tradeshow.com/foodex/webguide_en/datafile/product_image1_8549.jpg,https://www.jma-tradeshow.com/foodex/webguide_en/product.php?no=8549
8559,CONSOMME,Powdered Seasoning,食品工业,清汤,Other HACCP | HALAL,We have an importer,"Yantai Ebisu Commercial & Trading Co., Ltd.",http://www.yantai-ebisu.com,Overseas exhibitors | Exportable | Co-exhibitor | Organizer : SHANDONG UNIVERSAL CONFERENCE & EXHIBITION,National Pavilion,E7-CC28-00,"Chicken stock seasoning,Consomme seasoning ，seafood flavored seasoning ，sodium glutamate， puff paratha original，dried cuttlefish，tomato sauce，dried food sprinkled over rice， dried plums，hawthorn snacks，dried dates chips ，freeze-dried red beans， green beas (salt, garlic,spicy)，dried squid，dried codfish，smoked plum juice，canned kanto cooking，frozen puffer fish etc.",FOODEX JAPAN 2025 / 2025 Japan Meat Industry Fair 49th,https://www.jma-tradeshow.com/foodex/webguide_en/datafile/product_image1_8559.jpg,https://www.jma-tradeshow.com/foodex/webguide_en/product.php?no=8559
8560,Chicken Stock,Powdered Seasoning,餐饮服务,鸡汤,ISO9001 | Other HACCP | HALAL,We have an importer,"Yantai Ebisu Commercial & Trading Co., Ltd.",http://www.yantai-ebisu.com,Overseas exhibitors | Exportable | Co-exhibitor | Organizer : SHANDONG UNIVERSAL CONFERENCE & EXHIBITION,National Pavilion,E7-CC28-00,"Chicken stock seasoning,Consomme seasoning ，seafood flavored seasoning ，sodium glutamate， puff paratha original，dried cuttlefish，tomato sauce，dried food sprinkled over rice， dried plums，hawthorn snacks，dried dates chips ，freeze-dried red beans， green beas (salt, garlic,spicy)，dried squid，dried codfish，smoked plum juice，canned kanto cooking，frozen puffer fish etc.",FOODEX JAPAN 2025 / 2025 Japan Meat Industry Fair 49th,,https://www.jma-tradeshow.com/foodex/webguide_en/product.php?no=8560
8565,Flower Kombucha15 Sticks (2 Flavors),Tea | Health & Wellness Products,"Gift Shop, Department Store, Cafe, Restaurant, SPA, Hotel, Grocery Store |","Unlike traditional bottled RTD kombucha, KKOKDAM Flower Kombucha comes in a convenient powdered format, making it lightweight, portable, and incredibly easy to enjoy. Simply mix with water and experience the delightful taste that will have you saying ""delicious!""",ISO22000 | Other HACCP | HALAL | FDA | VEGAN,We don't have an importer,KKOKDAM,https://kkokdam.jp/,Overseas exhibitors | Exportable | Co-exhibitor | Organizer : KOTRA/GBSA,National Pavilion,E4-U18-2,"Flower tea, kombucha, gift set, luxury tea, cafe, restaurant, hotel, tea beverage",FOODEX JAPAN 2025 / 2025 Japan Meat Industry Fair 49th,https://www.jma-tradeshow.com/foodex/webguide_en/datafile/product_image1_8565.jpg,https://www.jma-tradeshow.com/foodex/webguide_en/product.php?no=8565
8569,TOMATO SAUCE,Liquid Seasoning,Food industry,TOMATO SAUCE,Other HACCP,We have an importer,"Yantai Ebisu Commercial & Trading Co., Ltd.",http://www.yantai-ebisu.com,Overseas exhibitors | Exportable | Co-exhibitor | Organizer : SHANDONG UNIVERSAL CONFERENCE & EXHIBITION,National Pavilion,E7-CC28-00,"Chicken stock seasoning,Consomme seasoning ，seafood flavored seasoning ，sodium glutamate， puff paratha original，dried cuttlefish，tomato sauce，dried food sprinkled over rice， dried plums，hawthorn snacks，dried dates chips ，freeze-dried red beans， green beas (salt, garlic,spicy)，dried squid，dried codfish，smoked plum juice，canned kanto cooking，frozen puffer fish etc.",FOODEX JAPAN 2025 / 2025 Japan Meat Industry Fair 49th,https://www.jma-tradeshow.com/foodex/webguide_en/datafile/product_image1_173761161419.jpg,https://www.jma-tradeshow.com/foodex/webguide_en/product.php?no=8569
8590,"Extra Virgin Olive Oil, Olive Oil, Organic Olive Oil , Olive Pomace Oil",Vegetable & Animal Oils & Fats,"Wholesalers, Foodservice, catering, Retail, Hotels,Trading companies","Supermarkets, food service providers, restaurants, and catering services","ISO9001 | ISO22000 | HALAL | FSMA | FDA | NOP Certification, EOS Certification, KOSHER, Non-GMO Declaration",We have an importer,TICARET VE SANAYI KONTUVARI TAS,https://www.kristalyaglari.com/en,Overseas exhibitors | Exportable | Co-exhibitor | Organizer : AEGEAN EXPORTERS' ASSOCIATIONS,National Pavilion,E1-A19-20,"Extra Virgin Olive Oil, Pure Olive Oil, Olive Pomace Oil",FOODEX JAPAN 2025 / 2025 Japan Meat Industry Fair 49th,https://www.jma-tradeshow.com/foodex/webguide_en/datafile/product_image1_8590.jpg,https://www.jma-tradeshow.com/foodex/webguide_en/product.php?no=8590
8643,Crab soup meal kit,Frozen Seafood | Frozen Ready Meals | Seafood | Processed seafood products,"Restaurant, Supermarket |","A meal kit made with personally harvested blue crabs, carefully selected, cleaned, and cut, and packaged together with a special sauce and fresh vegetables (radish and green onion), allowing customers to cook and enjoy the dish immediately.",Other HACCP,,"Captainbong Co.,Ltd",https://captainbong.com/,Overseas exhibitors | Exportable | Co-exhibitor | Organizer : Korea Agro-Fisheries & Food Trade Corporation,National Pavilion,E5-A48-D19,"Frozen raw crab, Soy sauce, Crab soup meal kit, Spicy marinated cuttlefish, Spicy vinegar-marinated cuttlefish, Braised spicy monkfish meal kit, Soy-marinated abalone, Soy sauce marinated Horned Turban",FOODEX JAPAN 2026 / 2026 Japan Meat Industry Fair 50th,https://www.jma-tradeshow.com/foodex/webguide_en/datafile/product_image1_8643.jpg,https://www.jma-tradeshow.com/foodex/webguide_en/product.php?no=8643
8646,Koklu Extra Virgin Olive Oil Cold Pressed,Vegetable & Animal Oils & Fats,Importers | Distributors | Retail | Wholesalers | Horeca | Supermarkets,,ISO9001 | ISO22000 | HALAL | FDA | FSSC 22000,We have an importer,KOKLU OLIVE OIL,https://koklu.com.tr/en,Overseas exhibitors | Exportable | Co-exhibitor | Organizer : AEGEAN EXPORTERS' ASSOCIATIONS,National Pavilion,E1-A19-65,"Extra virgin olive oil, virgin olive oil, pure olive oil, olive pomace oil, green olives, black olives, olive jam, olive vinegar, olive leaf tea",FOODEX JAPAN 2025 / 2025 Japan Meat Industry Fair 49th,https://www.jma-tradeshow.com/foodex/webguide_en/datafile/product_image1_8646.jpg,https://www.jma-tradeshow.com/foodex/webguide_en/product.php?no=8646
8647,Mahachanok Mango Juice,Instant Beverages | Juice | Non-alcoholic Beverages,Mango Juice Drink Beverage,"| Premium Mango Variety: Made from Mahachanok mangoes, renowned for their sweetness and fragrance. | Health Benefits: | Rich in Vitamin C: Boosts immunity and skin health. | Contains fiber: Aids digestion and promotes healthy excretion. | Provides essential vitamins and minerals: Including Vitamin A, B, and E, iron, and iodine. | | | A delightful, ready-to-drink mango juice made from premium Mahachanok mangoes, known for their natural sweetness and aromatic flavor.",EU-HACCP | GMP | GAP,We don't have an importer,"KT PARTNER CO.,LTD.",,"Overseas exhibitors | Exportable | Product display only | Co-exhibitor | Organizer : NATIONAL FOOD INSTITUTE, THAILAND",Imports Food,E4-P21-6,1) MAHACHANOK Mango Juice | 2) MAHACHANOK Mango Jelly Drinks | 3)MAHACHANOK Hot Sauce,FOODEX JAPAN 2025 / 2025 Japan Meat Industry Fair 49th,https://www.jma-tradeshow.com/foodex/webguide_en/datafile/product_image1_8647.jpg,https://www.jma-tradeshow.com/foodex/webguide_en/product.php?no=8647
8670,Koklu Olive Pomace Oil,Vegetable & Animal Oils & Fats,Importers | Distributors | Retail | Wholesalers | Horeca,,"ISO9001 | ISO22000 | HALAL | FDA | FSSC 22000, OU Kosher",We have an importer,KOKLU OLIVE OIL,https://koklu.com.tr/en,Overseas exhibitors | Exportable | Co-exhibitor | Organizer : AEGEAN EXPORTERS' ASSOCIATIONS,National Pavilion,E1-A19-65,"Extra virgin olive oil, virgin olive oil, pure olive oil, olive pomace oil, green olives, black olives, olive jam, olive vinegar, olive leaf tea",FOODEX JAPAN 2025 / 2025 Japan Meat Industry Fair 49th,https://www.jma-tradeshow.com/foodex/webguide_en/datafile/product_image1_8670.jpg,https://www.jma-tradeshow.com/foodex/webguide_en/product.php?no=8670
8672,Frozen Mango,Baked Goods | Cakes / Dessert | Bread | Japanese sweets | Gluten-free | Chocolate | Bottled Water | Candy | Carbonated Soft Drinks | Coffee | Energy Drinks | Flavoured Water | Instant Beverages | Juice | Non-alcoholic Beverages | Smoothies | Tea | Processed agricultural products | Frozen Baked Goods | Frozen Fruit & Vegetables | Ice Cream / Sorbet Gelato,"Department Stores, Supermarkets, Chain Supermarkets, Restaurants, Hotels","Frozen mangoes sourced from Yujing, Tainan, Taiwan, known as the hometown of Taiwanese mangoes. Rapid freezing process helps maintain natural flavor and texture. Stable quality and supply suitable for retail and food service channels. Export-ready under strict quality control.",ISO22000 | EU-HACCP,,GUARANTEE RESPONSIBILITY TAINAN CITY YUJING LIANXING GREENFRUIT PRODUCTİON COOPERATIVE,https://www.taiwan-mango.jp/,Overseas exhibitors | Exportable | Co-exhibitor | Organizer : Taiwan External Trade Development Council,National Pavilion,E5-A30-012,"Fresh Mango, Frozen Mango, Dried Mango, Mango Purée, Mango Juice, Dried Red Guava, Dried Pineapple",FOODEX JAPAN 2026 / 2026 Japan Meat Industry Fair 50th,https://www.jma-tradeshow.com/foodex/webguide_en/datafile/product_image1_8672.jpg,https://www.jma-tradeshow.com/foodex/webguide_en/product.php?no=8672
8740,Black Olives,Canned Products,"Black Olives Suppliers | Food & Beverage (Olives) | Mediterranean Cuisine Essentials | Gourmet Black Olives | Retail (Supermarkets & Grocery Stores – Black Olives) | Food Service (Hotels, Restaurants, Cafes – Black Olives) | Health-Conscious Products (Black Olives) | Export & Wholesale (Black Olives) | Pickled and Brined Black Olives",Premium Quality Black Olives | Naturally Ripened Black Olives | Handpicked Olives | Authentic Mediterranean Taste | Rich and Juicy Texture | Brined Black Olives | Versatile Culinary Ingredient | High in Healthy Fats and Antioxidants | No Artificial Preservatives | Perfect for Gourmet Recipes,ISO9001 | ISO22000 | EU-HACCP | HALAL | FDA,We have an importer,Two Brother Company for Producing and Manufacturing Olives and Pickles,https://www.2brother4olives.com/en,Overseas exhibitors | Exportable | Co-exhibitor | Organizer : EECA,National Pavilion,E4-U27-00,"Our range of preserved products includes high-quality olives, pickled peppers, artichokes, and a variety of canned goods. Types of Pickled Peppers: | Banana Peppers ,Jalapeño Peppers ,Cherry Peppers ,Serrano Peppers ,Hot Chile Peppers",FOODEX JAPAN 2025 / 2025 Japan Meat Industry Fair 49th,https://www.jma-tradeshow.com/foodex/webguide_en/datafile/product_image1_173788011031.jpg,https://www.jma-tradeshow.com/foodex/webguide_en/product.php?no=8740
8746,Zauberman Winery Rose 2023,Still wines - rose,"Suitable for five-starred hotels, exclusive restaurants/wine shops, and wine enthusiasts.",Taste - DRY | Fermented On Chardonnay Skins | Production - 600 Bottles | Unfiltered Wine | Alcohol 15.9%,,We have an importer,Zauberman Wine,https://zaubermanwine.com/en/,Japan exhibitors | Exportable,,S4-H5,"wine, high quality wine, Israeli wine, red wine, white wine, vintaged wine, Israel, domaine, cabernet sauvignon, chardonnay, merlot, petit verdot",FOODEX WINE,https://www.jma-tradeshow.com/foodex/webguide_en/datafile/product_image1_8746.jpg,https://www.jma-tradeshow.com/foodex/webguide_en/product.php?no=8746
8752,TERAN LIQUEUR,Dessert wines,"importer, HoReCa, home","restorant, hotel, wine shop,",Other HACCP,We don't have an importer,Vinakras,https://www.vinakras.si,Overseas exhibitors | Exportable | Co-exhibitor | Organizer : SLOVENIA,National Pavilion,E3-C03-00,"Red wine - Teran, red wine - Teranton, white wine - Vitovska, white wine - Malvazija, red sparkling wine - Teran, sweet aromatized wine - Teranov liqueur",FOODEX JAPAN 2025 / 2025 Japan Meat Industry Fair 49th,https://www.jma-tradeshow.com/foodex/webguide_en/datafile/product_image1_173791737164.jpg,https://www.jma-tradeshow.com/foodex/webguide_en/product.php?no=8752
8770,Bulla Creamy Classics Ice Cream Tubs - Vanilla 2L,Frozen Dairy Products | Ice Cream / Sorbet Gelato,Importer | Distributor | Ice Cream | Retail | Food Service,Australian Made | Made by Fresh Milk and Fresh Cream | No less than 10% Milk Fat,HALAL,We don't have an importer,Bulla Dairy Foods,,"Overseas exhibitors | Exportable | Co-exhibitor | Organizer : State Government of Victoria, Australia",National Pavilion,E3-C18-16,,FOODEX JAPAN 2025 / 2025 Japan Meat Industry Fair 49th,,https://www.jma-tradeshow.com/foodex/webguide_en/product.php?no=8770
8774,Bulla Murray Street Ice Creamery – Honey & Salted Caramel Peanut 1L,Frozen Dairy Products | Ice Cream / Sorbet Gelato,Importer | Distributor | Retail | Food Service | Private Label,Made in Australia | Made with Fresh Milk and Fresh Cream | No less than 12% Milk Fat,HALAL,We don't have an importer,Bulla Dairy Foods,,"Overseas exhibitors | Exportable | Co-exhibitor | Organizer : State Government of Victoria, Australia",National Pavilion,E3-C18-16,,FOODEX JAPAN 2025 / 2025 Japan Meat Industry Fair 49th,https://www.jma-tradeshow.com/foodex/webguide_en/datafile/product_image1_173796217492.jpg,https://www.jma-tradeshow.com/foodex/webguide_en/product.php?no=8774
8776,Bulla Murray Street Ice Creamery – Choc Mint Sundae 1L,Frozen Dairy Products | Ice Cream / Sorbet Gelato,Importer | Distributor | Retail | Food Service | Private Label,Made in Australia | Made with Fresh Milk and Cream |,HALAL,We don't have an importer,Bulla Dairy Foods,,"Overseas exhibitors | Exportable | Co-exhibitor | Organizer : State Government of Victoria, Australia",National Pavilion,E3-C18-16,,FOODEX JAPAN 2025 / 2025 Japan Meat Industry Fair 49th,,https://www.jma-tradeshow.com/foodex/webguide_en/product.php?no=8776
8777,Bulla Frozen Yoghurt – Strawberry 1L,Frozen Dairy Products | Ice Cream / Sorbet Gelato,Importer | Distributor | Retail | Food Service | Private Label,Made in Australia | Made with Fresh Milk and Cream | No artificial added colours and flavours | Less than 3% Milk Fat,HALAL,We don't have an importer,Bulla Dairy Foods,,"Overseas exhibitors | Exportable | Co-exhibitor | Organizer : State Government of Victoria, Australia",National Pavilion,E3-C18-16,,FOODEX JAPAN 2025 / 2025 Japan Meat Industry Fair 49th,,https://www.jma-tradeshow.com/foodex/webguide_en/product.php?no=8777
8794,Taro Nougat,Baked Goods | Candy | Vegetarian | Packaging | Sanitary | Professional Services | DX Solutuion,,,ISO22000 | Other HACCP | FDA | DUNS Number: 657578568,,O-NONGS FOODS,https://www.taro-cake.com.tw/,Overseas exhibitors | Exportable | Co-exhibitor | Organizer : Taiwan External Trade Development Council,National Pavilion,E5-A30-114,"Taro Pastry | Molten Taro Lava Pastry | Tsung’s Little Taro Cake - Molten Taro Lava, | Tsung’s Sweet Potato Cake, | Taiwan Pineapple cake, | Taro Nougat, | Mazu Cake for Guarding the Nation,",FOODEX JAPAN 2026 / 2026 Japan Meat Industry Fair 50th,https://www.jma-tradeshow.com/foodex/webguide_en/datafile/product_image1_8794.jpg,https://www.jma-tradeshow.com/foodex/webguide_en/product.php?no=8794
8887,Cayzen EHS Research,Data Analysis | Packaging | Sanitary | DX Solutuion,,,,,Eitoss,https://eitoss.com/,Japan exhibitors | Not exportable,Food × AI,E7-CC10,,FOODEX JAPAN 2026 / 2026 Japan Meat Industry Fair 50th,,https://www.jma-tradeshow.com/foodex/webguide_en/product.php?no=8887
8895,Castaño Tinto Organic,Still wines - red,,,,We have an importer,CASTAÑO,https://www.bodegascastano.com/es/,Overseas exhibitors | Exportable | Co-exhibitor | Organizer : ICEX SPAIN TRADE AND INVESTMENT,National Pavilion,E2-A21-48,"Castaño Macabeo Orgánico, Castaño tinto Orgánico, Hécula Organic, Santa, Castaño Monastrell Dulce",FOODEX JAPAN 2025 / 2025 Japan Meat Industry Fair 49th,https://www.jma-tradeshow.com/foodex/webguide_en/datafile/product_image1_173805901911.jpg,https://www.jma-tradeshow.com/foodex/webguide_en/product.php?no=8895
8903,Dairy Amaranth milk,Alternative Milk Products | Fortified & Functional Products | Protein Drink | Health & Wellness Products | Plant-based / Alternative Foods,"Health & Wellness Industry | Parents looking for nutritious options for children | Health-conscious consumers seeking functional dairy products | Supermarkets & grocery stores (premium and health sections) | Schools & institutions promoting balanced nutrition | HoReCa (Hotels, Restaurants, Cafés) offering fortified dairy drinks | Functional & Fortified Foods Market","Nutritious Dairy with Amaranth Power: Fortified with essential vitamins, minerals, and fiber | Supports Growth & Development: Rich in protein, calcium, and plant-based nutrients | Ideal for Kids & Families: Helps children consume more veggies in an easy, tasty way | Smooth, Creamy & Versatile: Perfect for drinking, cooking, or blending in recipes | Innovative & Health-Focused: Combines traditional dairy with plant-based superfoods for modern nutritio",Other HACCP | GMP,We don't have an importer,"VALUE SOURCING CO., LTD.",,"Overseas exhibitors | Exportable | Product display only | Co-exhibitor | Organizer : NATIONAL FOOD INSTITUTE, THAILAND",Imports Food,E4-P21-10,"Freeze-Dried Fruit Ice Cream Snacks are innovative, healthy, plant-based treats with unique flavors.",FOODEX JAPAN 2025 / 2025 Japan Meat Industry Fair 49th,,https://www.jma-tradeshow.com/foodex/webguide_en/product.php?no=8903
8910,Mahachanok mango hot sauce,Supplements | Health & Wellness Products | Organic Products | Cooking and Baking Equipment | Food Preparation Equipment,"1.Everyday Meals | Add to rice dishes, stir-fries, or noodle bowls for an extra kick of flavor. | Use as a spicy dip for grilled meats, fried snacks, or fresh vegetables. | | 2. International Fusion Dishes | Use as a marinade for tacos, burgers, or BBQ skewers to give a sweet and spicy Thai twist. | Drizzle on pizza, pasta, or sandwiches for a unique tropical heat. | | 3. Dipping Sauce for Snacks (ซอสจิ้มสำหรับของว่าง) | Pair with spring rolls, dumplings, or fries for a tangy, spicy flavor. | Serve with chips or crackers as a party snack dip. | | 4. Salad Dressing or Glaze | Mix with lime juice or olive oil for a spicy-sweet salad dressing. | Brush over roasted vegetables or grilled fish for a glossy glaze. |","low Cal, none additive, sugar free.",EU-HACCP | GMP | GAP,We don't have an importer,"KT PARTNER CO.,LTD.",,"Overseas exhibitors | Exportable | Product display only | Co-exhibitor | Organizer : NATIONAL FOOD INSTITUTE, THAILAND",Imports Food,E4-P21-6,1) MAHACHANOK Mango Juice | 2) MAHACHANOK Mango Jelly Drinks | 3)MAHACHANOK Hot Sauce,FOODEX JAPAN 2025 / 2025 Japan Meat Industry Fair 49th,https://www.jma-tradeshow.com/foodex/webguide_en/datafile/product_image1_173806469874.jpg,https://www.jma-tradeshow.com/foodex/webguide_en/product.php?no=8910
8911,Mahachanok Mango Spread,"Liquid Seasoning | Spreads, Honey & Jams | Food Preparation Equipment","Age Group: | Young adults (18-35 years): Students, professionals who value convenience and healthy options. | Middle-aged consumers (36-55 years): Families and individuals seeking premium, natural spreads for meals and snacks. | | Income Level: | Middle to upper-income groups who prioritize quality and premium ingredients. | | Psychographics | Health-conscious consumers: Those looking for low-sugar, natural, and nutrient-rich spreads. | Individuals interested in clean eating, plant-based diets, or organic food trends. | Gourmet food enthusiasts: Those seeking unique and artisanal flavors like Mahachanok mango. |","Premium Natural Ingredients | Made from 100% real Mahachanok mangoes, known for their rich sweetness and unique flavor. | Contains no artificial flavors, colors, or preservatives, ensuring a natural and healthy choice. | | . Health Benefits | Low in sugar: Suitable for health-conscious consumers and those managing sugar intake. | Rich in fiber, vitamins (A, C, E), and antioxidants, promoting a healthy lifestyle. | | Versatility in Use | Perfect as a spread, dip, topping, or even as an ingredient for cooking and baking. | Works with both sweet and savory dishes, making it a kitchen essential. |",EU-HACCP | GAP,We don't have an importer,"KT PARTNER CO.,LTD.",,"Overseas exhibitors | Exportable | Product display only | Co-exhibitor | Organizer : NATIONAL FOOD INSTITUTE, THAILAND",Imports Food,E4-P21-6,1) MAHACHANOK Mango Juice | 2) MAHACHANOK Mango Jelly Drinks | 3)MAHACHANOK Hot Sauce,FOODEX JAPAN 2025 / 2025 Japan Meat Industry Fair 49th,https://www.jma-tradeshow.com/foodex/webguide_en/datafile/product_image1_8911.jpg,https://www.jma-tradeshow.com/foodex/webguide_en/product.php?no=8911
8916,Non GMO Whole Grain Corn,Gluten-free | Health & Wellness Products | Vegetarian | Vegan | Kosher | Savoury snacks | Vegetable snacks | Cereals / Fruit Bars | Breakfast Cereals | Rice Crackers & Healthy Snacks,"Raw material for food industries, as an ingredient for condiments, cereals, brewery, flour and others.","Industrial use, Packers","ISO22000 | FDA | Non-GMO Certification | GFCP(Gluten Free Certification Program) | Kosher, FSSC 22000",We have an importer,BRMILL,https://www.brmill.com.br,Overseas exhibitors | Exportable | Co-exhibitor | Organizer : ApexBrasil,National Pavilion,E4-C06-5-basic,"Produced from selected Non GMO Corn grain, our company has a daily production of Corn Flour, Corn Grits, Hominy, Fiber, Cornmeal and Flaking Grits in a diverse range of granulations to best suit our customers demand.",FOODEX JAPAN 2025 / 2025 Japan Meat Industry Fair 49th,https://www.jma-tradeshow.com/foodex/webguide_en/datafile/product_image1_173808125567.jpg,https://www.jma-tradeshow.com/foodex/webguide_en/product.php?no=8916
8922,Non GMO Corn Grits,Baked Goods | Gluten-free | Vegetarian | Vegan | Kosher | Savoury Baked Products | Savoury snacks | Cereals / Fruit Bars | Breakfast Cereals | Rice Crackers & Healthy Snacks,"Raw material for the production of beer, snacks, flakes and cereals.","Industrial use, packer","FDA | Non-GMO Certification | Kosher, FSSC 22000",We have an importer,BRMILL,https://www.brmill.com.br,Overseas exhibitors | Exportable | Co-exhibitor | Organizer : ApexBrasil,National Pavilion,E4-C06-5-basic,"Produced from selected Non GMO Corn grain, our company has a daily production of Corn Flour, Corn Grits, Hominy, Fiber, Cornmeal and Flaking Grits in a diverse range of granulations to best suit our customers demand.",FOODEX JAPAN 2025 / 2025 Japan Meat Industry Fair 49th,https://www.jma-tradeshow.com/foodex/webguide_en/datafile/product_image1_8922.jpg,https://www.jma-tradeshow.com/foodex/webguide_en/product.php?no=8922
8923,Non GMO Corn Flaking Grits,Baked Goods | Japanese sweets | Gluten-free | Vegetarian | Vegan | Kosher | Savoury Baked Products | Savoury snacks | Cereals / Fruit Bars | Breakfast Cereals | Rice Crackers & Healthy Snacks,"Raw material for the production of breakfast cereals (Corn Flakes), flour for breading, tortillas and | for packaging industries with final application in domestic recipes.","Industrial use, packer","ISO22000 | FDA | Non-GMO Certification | GFCP(Gluten Free Certification Program) | Kosher, FSSC 22000",We have an importer,BRMILL,https://www.brmill.com.br,Overseas exhibitors | Exportable | Co-exhibitor | Organizer : ApexBrasil,National Pavilion,E4-C06-5-basic,"Produced from selected Non GMO Corn grain, our company has a daily production of Corn Flour, Corn Grits, Hominy, Fiber, Cornmeal and Flaking Grits in a diverse range of granulations to best suit our customers demand.",FOODEX JAPAN 2025 / 2025 Japan Meat Industry Fair 49th,https://www.jma-tradeshow.com/foodex/webguide_en/datafile/product_image1_173808502191.jpg,https://www.jma-tradeshow.com/foodex/webguide_en/product.php?no=8923
8995,Dried longan,Cakes / Dessert | Gluten-free | Dried Fruits | Health & Wellness Products | Vegan | Halal | Organic Products | Dried Fruit & Vegetables | Rice Crackers & Healthy Snacks,"Retail & Supermarkets, Export & International Markets, HORECA (Hotels, Restaurants, Cafés), E-Commerce & Direct-to-Consumer (DTC), Corporate & Gift Market","1. Premium Quality & Natural Sweetness | ✔ 100% natural dried longan with no added sugar or preservatives. | ✔ Naturally sweet and aromatic, offering a rich and satisfying flavor. | ✔ Carefully selected longan from high-quality farms for premium taste. | | 2. Health Benefits & Nutritional Value | ✔ Rich in antioxidants, vitamins, and minerals (iron, potassium, vitamin C). | ✔ Supports better sleep, improves digestion, and boosts energy. | ✔ Traditionally used in Chinese medicine for blood circulation and stress relief. | | 3. Versatile Usage | ✔ Perfect for snacking, making herbal teas, and cooking. | ✔ Can be used in desserts, soups, and even beverages. | ✔ Great as a natural sweetener without artificial additives. | | 4. Long Shelf Life & Convenience | ✔ Easy to store and carry for daily use. | ✔ No refrigeration needed, with a long shelf life for year-round enjoyment. | | 5. Ideal for Gifting & Special Occasions | ✔ Premium packaging suitable for gifting during Chinese New Year, Mid-Autumn Festival, and wellness-themed presents. | ✔ A thoughtful and healthy gift option for family, elders, and business partners",Other HACCP | HALAL | FDA | GMP | GAP | CCC(China Compulsory Certification) | USDA Organic Certification | Non-GMO Certification,We don't have an importer,Thongpoon Food Limited Partnership,,"Overseas exhibitors | Exportable | Product display only | Co-exhibitor | Organizer : NATIONAL FOOD INSTITUTE, THAILAND",Imports Food,E4-P21-11,"Using freeze-drying technology, moisture is removed from the snacks to preserve their quality and",FOODEX JAPAN 2025 / 2025 Japan Meat Industry Fair 49th,https://www.jma-tradeshow.com/foodex/webguide_en/datafile/product_image1_8995.jpg,https://www.jma-tradeshow.com/foodex/webguide_en/product.php?no=8995
9008,Crispy Banana Chips Squid Flavour,Savoury snacks | Dried Fruit & Vegetables,"Our crispy banana chips are made from premium grade, pesticide-free bananas. They are thinly sliced and carefully fried to perfection, resulting in a crispy snack with a sweet banana flavor and the authentic taste of real squid.","Our crispy banana chips are made from premium grade, pesticide-free bananas. They are thinly sliced and carefully fried to perfection, resulting in a crispy snack with a sweet banana flavor and the authentic taste of real squid.",Other HACCP | HALAL | GMP | CCC(China Compulsory Certification) | GHP,We don't have an importer,"Toepto Kaona Co.,Ltd.",,"Overseas exhibitors | Exportable | Product display only | Co-exhibitor | Organizer : NATIONAL FOOD INSTITUTE, THAILAND",Imports Food,E4-P21-13,"""1. Dried Mango | 2. Dried Plum Pieces | 3. Spicy Green Plum | 4. Crispy Banana Chips Pad thai Kungsod Flavour | 5. Chewy Banana with Squid Meats | 6. Black Plum""",FOODEX JAPAN 2025 / 2025 Japan Meat Industry Fair 49th,https://www.jma-tradeshow.com/foodex/webguide_en/datafile/product_image1_173817805006.jpg,https://www.jma-tradeshow.com/foodex/webguide_en/product.php?no=9008
9010,Crispy Banana with Tamarind Jam,Savoury snacks | Dried Fruit & Vegetables,"Our crispy banana chips are made from premium Kluai Hak Muk bananas and Tamarind Jam, carefully processed to preserve their unique aroma and flavor. The result is a delicious snack with a perfect balance of sweet, sour, and savory tastes.","Our crispy banana chips are made from premium Kluai Hak Muk bananas and Tamarind Jam, carefully processed to preserve their unique aroma and flavor. The result is a delicious snack with a perfect balance of sweet, sour, and savory tastes.",Other HACCP | FDA | GMP | GHP,We don't have an importer,"Toepto Kaona Co.,Ltd.",,"Overseas exhibitors | Exportable | Product display only | Co-exhibitor | Organizer : NATIONAL FOOD INSTITUTE, THAILAND",Imports Food,E4-P21-13,"""1. Dried Mango | 2. Dried Plum Pieces | 3. Spicy Green Plum | 4. Crispy Banana Chips Pad thai Kungsod Flavour | 5. Chewy Banana with Squid Meats | 6. Black Plum""",FOODEX JAPAN 2025 / 2025 Japan Meat Industry Fair 49th,https://www.jma-tradeshow.com/foodex/webguide_en/datafile/product_image1_173817845461.jpg,https://www.jma-tradeshow.com/foodex/webguide_en/product.php?no=9010
9018,Tequila,Organic wines | Non-alcoholic wines | Spirits,Beverages | Organic | Bulk | Retail,,Other HACCP | HALAL | FDA | GMP | USDA Organic Certification | EU Organic Certification | GFCO(Gluten-Free Certification Organization) | GFCP(Gluten Free Certification Program),We don't have an importer,Biocosechas de México,https://www.biocmex.com/,Overseas exhibitors | Exportable | Co-exhibitor | Organizer : MEXICO,National Pavilion,E4-C18-00,Agave Syrup | Agave Powders | Tequila,FOODEX JAPAN 2025 / 2025 Japan Meat Industry Fair 49th,,https://www.jma-tradeshow.com/foodex/webguide_en/product.php?no=9018
9035,GOSSIPS CHARDONNAY,Still wines - white,"Supermarkets, Convenience stores, Restaurants, Bars, Hotels, Bottle shops, Specialist wine shops","Supermarkets, Convenience stores, Restaurants, Bars, Hotels, Bottle shops, Specialist wine shops",BRC,We don't have an importer,MEDITRINA BEVERAGES,,Overseas exhibitors | Exportable | Co-exhibitor | Organizer : Investment NSW,National Pavilion,E3-L15-00,,FOODEX JAPAN 2025 / 2025 Japan Meat Industry Fair 49th,https://www.jma-tradeshow.com/foodex/webguide_en/datafile/product_image1_173821933149.jpg,https://www.jma-tradeshow.com/foodex/webguide_en/product.php?no=9035
9057,Monte Ida Extra Virgin Olive Oil,Vegetable & Animal Oils & Fats,"The target sector includes the food and beverage industry (HORECA), premium retail and supermarkets, health-conscious consumers, and food manufacturers seeking high-quality olive oil for gourmet and organic products.","Extra Virgin Olive Oil is produced from the delicately hand picked olives which have not yet fully ripened. Olive oil is centrifugated, racked and filtered before it becomes ready for consumption. This variety of oil which is referred to as “impeccable” preserves the taste of the olive fruit, odour and vitamins.",ISO9001 | ISO22000 | EU-HACCP | HALAL,We have an importer,UYGUN RAFINE YAG SAN.VE TIC.LTD.STI.,https://monteida.com,Overseas exhibitors | Exportable | Co-exhibitor | Organizer : AEGEAN EXPORTERS' ASSOCIATIONS,National Pavilion,E1-A19-29,"Extra Virgin Olive Oil, Organic Extra Virgin Olive Oil, Virgin Olive Oil, Olive Oil, Olive Pomace Oil",FOODEX JAPAN 2025 / 2025 Japan Meat Industry Fair 49th,https://www.jma-tradeshow.com/foodex/webguide_en/datafile/product_image1_9057.jpg,https://www.jma-tradeshow.com/foodex/webguide_en/product.php?no=9057
9062,Monte Ida Organic Extra Virgin Olive Oil,Vegetable & Animal Oils & Fats,"The target sector includes the food and beverage industry (HORECA), premium retail and supermarkets, health-conscious consumers, and food manufacturers seeking high-quality olive oil for gourmet and organic products.",It is produced from cold pressed olives which are cultivated with organic agricultural methods and without the usage of pesticides or chemical fertilizer. These olives are recorded even at the time of harvest. This special oil with a mild fruity taste meets all your expectations in terms of taste and health.,ISO9001 | ISO22000 | EU-HACCP | HALAL | USDA Organic Certification,We have an importer,UYGUN RAFINE YAG SAN.VE TIC.LTD.STI.,https://monteida.com,Overseas exhibitors | Exportable | Co-exhibitor | Organizer : AEGEAN EXPORTERS' ASSOCIATIONS,National Pavilion,E1-A19-29,"Extra Virgin Olive Oil, Organic Extra Virgin Olive Oil, Virgin Olive Oil, Olive Oil, Olive Pomace Oil",FOODEX JAPAN 2025 / 2025 Japan Meat Industry Fair 49th,https://www.jma-tradeshow.com/foodex/webguide_en/datafile/product_image1_9062.jpg,https://www.jma-tradeshow.com/foodex/webguide_en/product.php?no=9062
9066,"IGP OC, ATELIER A&J, RED WINE, WHITE WINE, ROSE WINE",Still wines - red | Still wines - rose | Still wines - white,"Importer, Distributor, hospitality Industry, Food an Beverage Industry","publication in the magazine, Fruit arome, Perfume bottle, Matching with seafood",,We don't have an importer,LOUIS DISTRIBUTION DOMAINE DE CAYLUS,https://depuis1865.com/,Overseas exhibitors | Exportable | Co-exhibitor | Organizer : BUSINESS FRANCE,National Pavilion,E2-C11-17,"Wine in South of France: | VIN DE FRANCE, IGP OC, IGP OC SAUVIGNON, IGP OC VIOGNIER, AOP FAUGERES, AOP LANGUEDOC, AOP CABARDES, AOP CORIERES, AOP COTES DU RHONE, AOP GRIGNAN LES ADHEMAR, AOP MAURY, AOP VENTOUX",FOODEX JAPAN 2025 / 2025 Japan Meat Industry Fair 49th,https://www.jma-tradeshow.com/foodex/webguide_en/datafile/product_image1_9066.jpg,https://www.jma-tradeshow.com/foodex/webguide_en/product.php?no=9066
9077,Mrs Mac's Party Beef Pies,"Baked Goods | Frozen Baked Goods | Halal | Savoury Baked Products | Savoury snacks | Ready-to-eat Foods, Sealed Packaged Foods (e.g., curry, rice bowl toppings)",1. Retail Grocery/ Supermarkets | 2. Foodservice & Convenience | 3. Events & Stadiums | 4. Export & International Channels,"1. Authentic Australian Heritage | 2. Convenience Without Compromise | 3. Hearty, Filling & Satisfying | 4. Efficient for Operators",Other HACCP | HALAL | SQF,,Aus Pie Co Pty Ltd,https://mrsmacs.com.au/,Overseas exhibitors | Exportable | Co-exhibitor | Organizer : Western Australia,National Pavilion,E4-A07 003,"Mrs Mac’s Microwave Famous Beef Pie, Mrs Mac’s Party Pies, Mrs Mac’s Party Sausage Roll, Mrs Mac's Giant Sausage Roll",FOODEX JAPAN 2026 / 2026 Japan Meat Industry Fair 50th,https://www.jma-tradeshow.com/foodex/webguide_en/datafile/product_image1_9077.jpg,https://www.jma-tradeshow.com/foodex/webguide_en/product.php?no=9077
9082,"IGP OC SAUVIGNON, IGP OC VIOGNIER",Still wines - white,"Importer, distributor, Food and beverage Industry, Hospitality industry, supermarket","Fruity nose of peach and mango, full-bodied and balanced. Perfectly match with seafood and japanese local food",,We don't have an importer,LOUIS DISTRIBUTION DOMAINE DE CAYLUS,https://depuis1865.com/,Overseas exhibitors | Exportable | Co-exhibitor | Organizer : BUSINESS FRANCE,National Pavilion,E2-C11-17,"Wine in South of France: | VIN DE FRANCE, IGP OC, IGP OC SAUVIGNON, IGP OC VIOGNIER, AOP FAUGERES, AOP LANGUEDOC, AOP CABARDES, AOP CORIERES, AOP COTES DU RHONE, AOP GRIGNAN LES ADHEMAR, AOP MAURY, AOP VENTOUX",FOODEX JAPAN 2025 / 2025 Japan Meat Industry Fair 49th,https://www.jma-tradeshow.com/foodex/webguide_en/datafile/product_image1_9082.jpg,https://www.jma-tradeshow.com/foodex/webguide_en/product.php?no=9082
9083,VIN DE FRANCE,Still wines - red,"Importer, distributor, Food and beverage Industry, Hospitality industry, supermarket, Grocery","Entry level price, full bodied and nice balanced, color of red rasperry, Easy to drink, Awards",,We don't have an importer,LOUIS DISTRIBUTION DOMAINE DE CAYLUS,https://depuis1865.com/,Overseas exhibitors | Exportable | Co-exhibitor | Organizer : BUSINESS FRANCE,National Pavilion,E2-C11-17,"Wine in South of France: | VIN DE FRANCE, IGP OC, IGP OC SAUVIGNON, IGP OC VIOGNIER, AOP FAUGERES, AOP LANGUEDOC, AOP CABARDES, AOP CORIERES, AOP COTES DU RHONE, AOP GRIGNAN LES ADHEMAR, AOP MAURY, AOP VENTOUX",FOODEX JAPAN 2025 / 2025 Japan Meat Industry Fair 49th,https://www.jma-tradeshow.com/foodex/webguide_en/datafile/product_image1_9083.jpg,https://www.jma-tradeshow.com/foodex/webguide_en/product.php?no=9083
9092,Cereal Chocolate Flavored With Chocolate Cream Filling (DAKO BRAND),Cereals / Fruit Bars | Crackers,Consumers of all ages,,ISO22000 | Other HACCP | HALAL | FDA,We don't have an importer,Unifirms Company Limited,,"Overseas exhibitors | Exportable | Product display only | Co-exhibitor | Organizer : NATIONAL FOOD INSTITUTE, THAILAND",Imports Food,E4-P21-12,create a fresh taste experience. Our desserts come in a variety of flavors including coconut.,FOODEX JAPAN 2025 / 2025 Japan Meat Industry Fair 49th,https://www.jma-tradeshow.com/foodex/webguide_en/datafile/product_image1_173829458312.jpg,https://www.jma-tradeshow.com/foodex/webguide_en/product.php?no=9092
9093,RUMOURS CABERNET SAUVIGNON,Still wines - red,"Supermarkets, Convenience stores, Restaurants, Bars, Hotels, Bottle shops, Specialist wine shops","Supermarkets, Convenience stores, Restaurants, Bars, Hotels, Bottle shops, Specialist wine shops",BRC,We don't have an importer,MEDITRINA BEVERAGES,,Overseas exhibitors | Exportable | Co-exhibitor | Organizer : Investment NSW,National Pavilion,E3-L15-00,,FOODEX JAPAN 2025 / 2025 Japan Meat Industry Fair 49th,https://www.jma-tradeshow.com/foodex/webguide_en/datafile/product_image1_9093.jpg,https://www.jma-tradeshow.com/foodex/webguide_en/product.php?no=9093
9098,Kanok Sugar Cone Filled With Double Chocolate (Kanok Brand),Crackers,Consumers of all ages,,ISO22000 | Other HACCP | HALAL | FDA,We don't have an importer,Unifirms Company Limited,,"Overseas exhibitors | Exportable | Product display only | Co-exhibitor | Organizer : NATIONAL FOOD INSTITUTE, THAILAND",Imports Food,E4-P21-12,create a fresh taste experience. Our desserts come in a variety of flavors including coconut.,FOODEX JAPAN 2025 / 2025 Japan Meat Industry Fair 49th,https://www.jma-tradeshow.com/foodex/webguide_en/datafile/product_image1_173829907814.jpg,https://www.jma-tradeshow.com/foodex/webguide_en/product.php?no=9098
9107,"Fruit Jams, Hazelnut Cream with Cocoa, Peanut butter, Tahini, Molasses, Halva, Turkish delight, Honey, Halva, Spices","Dried Fruits | Frozen Fruit & Vegetables | Vegetarian | Vegan | Halal | Dried Fruit & Vegetables | Spreads, Honey & Jams | Professional Services","Wholesaler, Retailer, Food Service","Retailers, Wholesalers, Aeon, 7/11 İindividual shops etc",ISO9001 | ISO22000 | HALAL,,SEGMEN KARDESLER GIDA URETIM VE AMBALAJ SANAYI ANONIM SIRKETI,,Overseas exhibitors | Exportable | Co-exhibitor | Organizer : AEGEAN EXPORTERS' ASSOCIATIONS,National Pavilion,"W2-A30-047,048",,FOODEX JAPAN 2026 / 2026 Japan Meat Industry Fair 50th,https://www.jma-tradeshow.com/foodex/webguide_en/datafile/product_image1_9107.jpg,https://www.jma-tradeshow.com/foodex/webguide_en/product.php?no=9107
9125,YAMATO Miso – Sengoku Series,Processed agricultural products | Liquid Seasoning,"Department stores | | Gift & souvenir shops | | Airport shops and railway station retail | | Specialty food stores (miso, rice accompaniments) | | Museums and cultural facilities | | Inbound & tourism-related retailers | | Promotional and themed retail displays","During Japan’s Sengoku period, fermented foods played an important role as military provisions (Hyourou). | YAMATO Miso is a modern evolution of this fermented food tradition, created as a ready-to-eat Japanese side-dish miso. | | This product combines Narazuke (traditional Japanese pickled melon) with seasonal Yamato vegetables, gently blended into mellow miso to enhance natural umami and balance. | Inspired by Toyotomi Hidenaga, known as a wise strategist and unifying force, the flavor expresses harmony, calmness, and balance rather than intensity. | | Versatile and easy to use, YAMATO Miso pairs well with rice, grilled rice balls, oden, konjac, vegetables, and tofu. | A reliable everyday item with cultural storytelling, suitable for both daily meals and gift use. | Vegetables used may vary by season.",,,BEPPINNARAZUKE,https://www.beppin-naraduke.com/,Japan exhibitors | Exportable | Co-exhibitor | Organizer : Nara prefecture,Local Specialities in Japan,S3-K15-103,"This product series is inspired by Japan’s Sengoku period and reimagines the food culture of warlords for the modern table. | Each flavor is based on the lives and philosophies of famous Sengoku leaders such as Toyotomi Hideyoshi, Toyotomi Hidenaga, Oda Nobunaga, and Tokugawa Ieyasu, expressed through taste. | | Each product features the warlord’s family crest (Kamon) and is designed as a “flavor of life,” reflecting ambition, strategy, harmony, or endurance. | Japanese history is not only shown through design, but experienced through flavor. | | At the core of the series is Narazuke, one of Japan’s oldest fermented foods, traditionally used as a preserved food and wartime provision. | Using an original Narazuke recipe produced exclusively for our brand and refined in our own workshop, this traditional food has been evolved into a modern, versatile seasoning. | | By connecting traditional Japanese fermentation culture with contemporary tastes, this series appeals to younger generations and global markets. | It is an award-winning, story-driven product that combines history, design, and flavor, suitable for retail, gifts, and cultural food merchandising.",FOODEX JAPAN 2026 / 2026 Japan Meat Industry Fair 50th,https://www.jma-tradeshow.com/foodex/webguide_en/datafile/product_image1_176882627469.jpg,https://www.jma-tradeshow.com/foodex/webguide_en/product.php?no=9125
9134,MULROMAN KIMCHI KIT_CUP,"Vegetarian | Ready-to-eat Foods, Sealed Packaged Foods (e.g., curry, rice bowl toppings)",,"This product is a meal kit that allows anyone to make and eat kimchi in 5 minutes by simply pouring hot water, anytime, anywhere, just like instant noodle. | It can be stored at room temperature for a long time (18 months). It is a convenient instant food that is easy to carry and eat right away. | If you store it in the refrigerator after cooking, you can enjoy even more delicious kimchi.",,We don't have an importer,WIROFOOD LTD.,,Overseas exhibitors | Exportable | Co-exhibitor | Organizer : Korea Agro-Fisheries & Food Trade Corporation,National Pavilion,E5-A20-00,,FOODEX JAPAN 2025 / 2025 Japan Meat Industry Fair 49th,https://www.jma-tradeshow.com/foodex/webguide_en/datafile/product_image1_9134.jpg,https://www.jma-tradeshow.com/foodex/webguide_en/product.php?no=9134
9142,Fruit Puree Pieces,Dried Fruits | Vegetarian | Vegan | Halal | Kosher | Dried Fruit & Vegetables | Rice Crackers & Healthy Snacks,"Fruit puree pieces are obtained by mashing the fruits, drying them, and cutting them in different sizes according to customer preferences. | 100 g of fruit puree pieces contain vitamins, minerals, and nutrients equivalent to approximately 400 g of fresh fruit. Our products do not contain any artifical colorant, flavor, or preservatives. | Depending on your needs and preferences, our recipes can be enriched with protein, fiber, vegetable & fruit mix or popular products such as chia, quinoa and cinnamon. | Fruit puree pieces available in cubes, strings, sticks, leather and macaroni shapes.",Directly from factory,"HALAL | FSMA | FDA | BRC, KOSHER",We don't have an importer,MATEKS FOOD INDUSTRY,https://mateksas.com/,Overseas exhibitors | Exportable | Co-exhibitor | Organizer : AEGEAN EXPORTERS' ASSOCIATIONS,National Pavilion,E1-A19-66,"Infused Fruits, Fruit Puree Pieces, Bakesafe Fruit Puree Pieces, Natural Dried Fruits, Organic Dried Fruits, GiggleLand Healthy Snacks, FruitMade Snacks",FOODEX JAPAN 2025 / 2025 Japan Meat Industry Fair 49th,https://www.jma-tradeshow.com/foodex/webguide_en/datafile/product_image1_173832615822.jpg,https://www.jma-tradeshow.com/foodex/webguide_en/product.php?no=9142
9143,BakeSafe® Fruit Puree Pieces,Dried Fruits | Vegetarian | Vegan | Kosher | Dried Fruit & Vegetables | Rice Crackers & Healthy Snacks,"Our BakeSafe® fruit puree pieces are developed by Mateks R&D Team for the bakery industry. Their cube shape and natural coating agents allow the fruit pieces to be dispersed homogeneously in the final bakery product. | Thanks to its customized recipe for the bakery industry, it does not lose flavor, structure, or color at high temperatures. With its rich product range, BakeSafe® fruit puree pieces offer a variety of flavors to meet the needs of all manufacturers in the industry. | Available cube options are 3-5 mm, 5-8 mm and 8-10 mm.",Directly from factory,"HALAL | FSMA | FDA | BRC, KOSHER",We don't have an importer,MATEKS FOOD INDUSTRY,https://mateksas.com/,Overseas exhibitors | Exportable | Co-exhibitor | Organizer : AEGEAN EXPORTERS' ASSOCIATIONS,National Pavilion,E1-A19-66,"Infused Fruits, Fruit Puree Pieces, Bakesafe Fruit Puree Pieces, Natural Dried Fruits, Organic Dried Fruits, GiggleLand Healthy Snacks, FruitMade Snacks",FOODEX JAPAN 2025 / 2025 Japan Meat Industry Fair 49th,https://www.jma-tradeshow.com/foodex/webguide_en/datafile/product_image1_173832649418.jpg,https://www.jma-tradeshow.com/foodex/webguide_en/product.php?no=9143
9144,GiggleLand Healthy Snacks & FruitMade Dried Snacks,Dried Fruits | Vegetarian | Vegan | Halal | Kosher | Dried Fruit & Vegetables | Rice Crackers & Healthy Snacks,"GIGGLE UP YOUR WORLD! Giggleland isn't just for kids; it's for the young at heart. We know that parents seek the best for their children, and we're here to provide a snack that nourishes both body and soul. Giggleland is a brand that bridges generations, creating connections through shared moments of wholesome snacking. | From Fields to FRUITMADE! At Fruitmade, we invite you to experience the simple joys of nature, reimagined in every delightful taste. From our fields to Fruitmade, this is more than a snack—it’s a journey of taste, tradition, and love.",Directly from factory,"HALAL | FSMA | FDA | BRC, KOSHER",We don't have an importer,MATEKS FOOD INDUSTRY,https://mateksas.com/,Overseas exhibitors | Exportable | Co-exhibitor | Organizer : AEGEAN EXPORTERS' ASSOCIATIONS,National Pavilion,E1-A19-66,"Infused Fruits, Fruit Puree Pieces, Bakesafe Fruit Puree Pieces, Natural Dried Fruits, Organic Dried Fruits, GiggleLand Healthy Snacks, FruitMade Snacks",FOODEX JAPAN 2025 / 2025 Japan Meat Industry Fair 49th,https://www.jma-tradeshow.com/foodex/webguide_en/datafile/product_image1_9144.jpg,https://www.jma-tradeshow.com/foodex/webguide_en/product.php?no=9144
9177,"Original meal kit sales, Korean Style Tofu Stew, Samgyetang, Korean Style Soup, Samgyetang for Rice, Korean Cold noodle, Chajangmyun, Tteokbokki, Spicy Cod Innards, Spicy Sakiika","Frozen Ready Meals | Poultry & Feathered Game | Processed Meat | Seafood | Ready-to-eat Foods, Sealed Packaged Foods (e.g., curry, rice bowl toppings)",,We have faithfully recreated MATSUYA's signature dishes in meal kits. Please try them and experience their deliciousness for yourself. We will deliver the real taste to you.,,We don't have an importer,MATSUYA,https://www.matsuya-since2000.com,Japan exhibitors | Exportable,Processed Food,E1-R01,"Original meal kit sales, Korean Style Tofu Stew, Samgyetang, Korean Style Soup, Samgyetang for Rice, Korean Cold noodle, Chajangmyun, Tteokbokki, Spicy Cod Innards, Spicy Sakiika",FOODEX JAPAN 2025 / 2025 Japan Meat Industry Fair 49th,https://www.jma-tradeshow.com/foodex/webguide_en/datafile/product_image1_173842293877.jpg,https://www.jma-tradeshow.com/foodex/webguide_en/product.php?no=9177
9217,Frenature Green Bean Chips 40g,Dried Fruits | Vegetarian | Vegan | Vegetable snacks | Dried Fruit & Vegetables | Rice Crackers & Healthy Snacks,"Wholesalers - Perfect for expanding your healthy snack offerings. | Distributors - Ideal for reaching a broad network of retail outlets. | Online Shops - A great addition to e-commerce platforms catering to health-conscious consumers. | Supermarkets & Retailers - A high-demand product for both large and small stores. | Convenience Stores - A healthy snack option for on-the-go consumers. | Importers - Ideal for businesses seeking to bring quality, healthy snacks to new markets.","- Made with 100% premium green beans, offering a naturally sweet and delicious flavor to satisfy consumers’ taste preferences. | - Low-temperature vacuum drying preserves the natural taste and aroma of green beans while ensuring a light and crispy texture in every bite. | - No preservatives or artificial flavors—just pure, natural goodness to meet the market demand for both health and great taste. | - 100% vegan-friendly, aligning with the growing plant-based food trend. | - Resealable zipper bag for easy storage and portability, making it perfect for retail and convenient packaging needs.",ISO22000 | Other HACCP | GMP,We have an importer,LOVITA CORPORATION JAPAN,https://frenature.com/index.php/ja/,Japan exhibitors | Exportable,Processed Food,E1-V03,"Banana chips, burdock chips, okra chips, carrot chips, green bean chips, king oyster mushroom chips, pumpkin chips, freeze-dried blueberries, freeze-dried cranberries, coconut chips.",FOODEX JAPAN 2025 / 2025 Japan Meat Industry Fair 49th,https://www.jma-tradeshow.com/foodex/webguide_en/datafile/product_image1_9217.jpg,https://www.jma-tradeshow.com/foodex/webguide_en/product.php?no=9217
9220,Frenature Okra Chips 40g,Dried Fruits | Vegetarian | Vegan | Vegetable snacks | Dried Fruit & Vegetables | Rice Crackers & Healthy Snacks,"Wholesalers - Perfect for expanding your healthy snack offerings. | Distributors - Ideal for reaching a broad network of retail outlets. | Online Shops - A great addition to e-commerce platforms catering to health-conscious consumers. | Supermarkets & Retailers - A high-demand product for both large and small stores. | Convenience Stores - A healthy snack option for on-the-go consumers. | Importers - Ideal for businesses seeking to bring quality, healthy snacks to new markets.","- Made from 100% premium okra, offering a naturally sweet and delicious flavor to satisfy consumers' taste preferences. | - Low-temperature vacuum drying technology preserves the natural flavor and aroma of okra, ensuring a crispy and tasty bite every time. | - Free from preservatives and artificial flavors, providing a purely natural taste that meets the market’s dual demand for health and great taste. | - 100% vegan product, aligning with the growing trend of plant-based diets. | - Resealable zipper bag design for easy storage and portability, making it perfect for retail and convenient packaging needs.",ISO22000 | Other HACCP | GMP,We have an importer,LOVITA CORPORATION JAPAN,https://frenature.com/index.php/ja/,Japan exhibitors | Exportable,Processed Food,E1-V03,"Banana chips, burdock chips, okra chips, carrot chips, green bean chips, king oyster mushroom chips, pumpkin chips, freeze-dried blueberries, freeze-dried cranberries, coconut chips.",FOODEX JAPAN 2025 / 2025 Japan Meat Industry Fair 49th,https://www.jma-tradeshow.com/foodex/webguide_en/datafile/product_image1_9220.jpg,https://www.jma-tradeshow.com/foodex/webguide_en/product.php?no=9220
9246,BAKERY,Baked Goods | Cakes / Dessert | Bread | Japanese sweets | Candy | Frozen Baked Goods,- Retail | - Bar/Coffee shops/Restaurant | - Distributors | - Food Service | - Importer/Trader/Wholesaler,,EU-HACCP | IFS,,Atrian,https://atrian.pt/,Overseas exhibitors | Exportable | Co-exhibitor | Organizer : PortugalFoods,National Pavilion,W1-CC23-007,"BAKERY & PASTRY: | - rustic and regional breads | - mediterranean flauvours | - croissanterie | - butter vienneoiserie | - sourdough | | PORTUGAL CONVENTUAL SWEETS & DESSERTS: | - custard tart (pastel de nata) | - cake desserts | - queijadas | - puddings | - cheesecakes | | COOKIES, MUFFINS & BROWNIES | | Nata Lisboa",FOODEX JAPAN 2026 / 2026 Japan Meat Industry Fair 50th,,https://www.jma-tradeshow.com/foodex/webguide_en/product.php?no=9246
9304,Gum inflammation care TaegwangSalt,Fortified & Functional Products | Health & Wellness Products,"Gum inflammation, inflammation care, bad breath care, bad breath removal, oral care, gum wound healing, denture gums, natural plants, oral lactic acid bacteria, patented, portable, natural dental plaque removal raw materials, tooth powder, 1g, brushing once a day, refreshing taste, salty taste, Jeonbuk, Wanju,","Those who are often swollen, and they need to manage their mouth, such as gum inflammation, and it is easy to manage the mouth, such as well as well as they need to manage them.You need to eat oral acid bacteria containing gum inflammatory function.It's better for toothpaste for toothpaste.It is very good to use the nursing hospitals, nursing hospitals, welfare centers, welfare centers, welfare centers, social welfare centers, social welfare centers, social welfare facilities.Also, the volume and weight is a very suitable product for online/offline sales.",Other HACCP,We don't have an importer,L.H.E,https://lhe.kr,Overseas exhibitors | Exportable | Co-exhibitor | Organizer : Korea Agro-Fisheries & Food Trade Corporation,National Pavilion,E5-A20-00,"L.H.E We independently developed a composition that decomposes the gum inflammation using natural products and oral lactic acid bacteria, and commercialized cavity prevention product(Smile100 oralprobiotics), peri-implant inflammation care product(Dual smile oralprobiotics), and gum inflammation care product(taekwangSalt) with this composition. It is a health food that does not require you to pay expensive treatment costs while eating lactobacillus at an affordable price. In particular, people who live with dentures can enjoy it even more. It is very economical to eat it for all families.",FOODEX JAPAN 2025 / 2025 Japan Meat Industry Fair 49th,https://www.jma-tradeshow.com/foodex/webguide_en/datafile/product_image1_9304.jpg,https://www.jma-tradeshow.com/foodex/webguide_en/product.php?no=9304
9317,Huon Tasmanian Salmon,Seafood,"Tasmania, Salmon, Atlantic Salmon,","At Huon, everything we do is oceans ahead. As Australia’s premier producer of Atlantic salmon, we’ve proudly led the way through continuous innovation and the meticulous care we show our fish and our environment.",Other HACCP,We have an importer,Blue Link limited,https://www.bluelink.co.jp,Overseas exhibitors | Exportable | Co-exhibitor | Organizer : Trade Tasmania,National Pavilion,E3-Q18-00,"Huon Tasmanian Salmon, King Island Beef, Haddow&Dineen Wine, Hartshorn Sheep Whey Gin, Tasman Seasalt",FOODEX JAPAN 2025 / 2025 Japan Meat Industry Fair 49th,https://www.jma-tradeshow.com/foodex/webguide_en/datafile/product_image1_9317.jpg,https://www.jma-tradeshow.com/foodex/webguide_en/product.php?no=9317
9319,Haddow and Dineen Tasmanian Wines,Still wines - red | Still wines - rose | Still wines - white | Sparkling wines,"Gourmet dining, restaurants, hotels, food service, retail","Our core belief is that great fruit, from special places, guided by the right hands is what makes great wine. We value ‘maximum consideration’ over ‘minimal intervention’ – for every wine we produce, there are a thousand choices to be made about whether to impose ourselves or simply employ vigilant inaction.",,We have an importer,Blue Link limited,https://www.bluelink.co.jp,Overseas exhibitors | Exportable | Co-exhibitor | Organizer : Trade Tasmania,National Pavilion,E3-Q18-00,"Huon Tasmanian Salmon, King Island Beef, Haddow&Dineen Wine, Hartshorn Sheep Whey Gin, Tasman Seasalt",FOODEX JAPAN 2025 / 2025 Japan Meat Industry Fair 49th,https://www.jma-tradeshow.com/foodex/webguide_en/datafile/product_image1_9319.jpg,https://www.jma-tradeshow.com/foodex/webguide_en/product.php?no=9319
9323,"Josef Chromy, Moorilla. Tasmanian Premium Wines.",Still wines - red | Still wines - rose | Still wines - white | Sparkling wines,,,,We have an importer,Van & Fellows,,Overseas exhibitors | Exportable | Co-exhibitor | Organizer : Trade Tasmania,National Pavilion,E3-Q18-00,"Wine, Gin, Whisky, Cider, Honey, Mustard",FOODEX JAPAN 2025 / 2025 Japan Meat Industry Fair 49th,,https://www.jma-tradeshow.com/foodex/webguide_en/product.php?no=9323
9327,Australian Honey Company. Organic Tasmanian Leatherwood Honey,"Vegetarian | Vegan | Organic Products | Spreads, Honey & Jams",,,Organic JAS Mark,We have an importer,Van & Fellows,,Overseas exhibitors | Exportable | Co-exhibitor | Organizer : Trade Tasmania,National Pavilion,E3-Q18-00,"Wine, Gin, Whisky, Cider, Honey, Mustard",FOODEX JAPAN 2025 / 2025 Japan Meat Industry Fair 49th,,https://www.jma-tradeshow.com/foodex/webguide_en/product.php?no=9327
9341,Tasman Sea Salt Wakame Seaweed. Tasmania,Solid Seasonings,"Foraged from the shores of Tasmania, nutrient rich Wakame Seaweed is combined with our natural sea salt flakes for an umami seasoning that adds depth and earthiness to your cooking.",,,We have an importer,Meidi-ya,https://www.tasmanseasalt.com.au,Overseas exhibitors | Exportable | Co-exhibitor | Organizer : Trade Tasmania,National Pavilion,E3-Q18-00,"Tasman Sea Salt Natural Flakes, Tasman Sea Salt Smoked, Tasman Sea Salt Wakame Seaweed, Tasman Sea Salt Pepper Berry",FOODEX JAPAN 2025 / 2025 Japan Meat Industry Fair 49th,https://www.jma-tradeshow.com/foodex/webguide_en/datafile/product_image1_9341.jpg,https://www.jma-tradeshow.com/foodex/webguide_en/product.php?no=9341
9362,Acai puree plain,Cakes / Dessert | Energy Drinks | Juice | Smoothies,"Retail, Restaurants & Hotels",This product is a plain type of acai with a high concentration of 14% solids. | It is a thick puree and creamy with a big nutritional punch.,Other HACCP,We have an importer,CAMTA,,Overseas exhibitors | Exportable | Co-exhibitor | Organizer : ApexBrasil,National Pavilion,E4-C06-1-basic,,FOODEX JAPAN 2025 / 2025 Japan Meat Industry Fair 49th,https://www.jma-tradeshow.com/foodex/webguide_en/datafile/product_image1_173875765265.jpg,https://www.jma-tradeshow.com/foodex/webguide_en/product.php?no=9362
9363,Acai puree mix,Cakes / Dessert | Energy Drinks | Juice | Smoothies,Retail Restaurants & Hotels,This product is a plain type of acai with a high concentration of 14% solids. | It is a thick puree and creamy with a big nutritional punch.,Other HACCP,We have an importer,CAMTA,,Overseas exhibitors | Exportable | Co-exhibitor | Organizer : ApexBrasil,National Pavilion,E4-C06-1-basic,,FOODEX JAPAN 2025 / 2025 Japan Meat Industry Fair 49th,https://www.jma-tradeshow.com/foodex/webguide_en/datafile/product_image1_173875790564.jpg,https://www.jma-tradeshow.com/foodex/webguide_en/product.php?no=9363
9364,Acai puree Grosso 170Kg,Cakes / Dessert | Energy Drinks | Juice | Smoothies,"Beverage Manufacturers, Ice cream manufactures, health food manufactures",This product is a plain type of acai with a high concentration of 14% solids. | It is a thick puree and creamy with a big nutritional punch.,Other HACCP,We have an importer,CAMTA,,Overseas exhibitors | Exportable | Co-exhibitor | Organizer : ApexBrasil,National Pavilion,E4-C06-1-basic,,FOODEX JAPAN 2025 / 2025 Japan Meat Industry Fair 49th,https://www.jma-tradeshow.com/foodex/webguide_en/datafile/product_image1_173875984518.jpg,https://www.jma-tradeshow.com/foodex/webguide_en/product.php?no=9364
9365,Acai puree Grosso 18Kg,Cakes / Dessert | Energy Drinks | Juice | Smoothies,"Beverage manufactures, Ice cream manufactures, health food manufactures",This product is a plain type of acai with a high concentration of 14% solids. | It is a thick puree and creamy with a big nutritional punch.,Other HACCP,We have an importer,CAMTA,,Overseas exhibitors | Exportable | Co-exhibitor | Organizer : ApexBrasil,National Pavilion,E4-C06-1-basic,,FOODEX JAPAN 2025 / 2025 Japan Meat Industry Fair 49th,https://www.jma-tradeshow.com/foodex/webguide_en/datafile/product_image1_173876018413.jpg,https://www.jma-tradeshow.com/foodex/webguide_en/product.php?no=9365
9412,Dental Implant gum care Dual oral lactobacillus,Supplements | Health & Wellness Products | Plant-based / Alternative Foods,"Gum inflammation, inflammation care, bad breath care, bad breath removal, oral care, gum wound healing, denture gums, natural plants, oral lactic acid bacteria, patented, portable, natural dental plaque removal raw materials, tooth powder, 1g, brushing once a day, refreshing taste, salty taste, Jeonbuk, Wanju,","Those who are often swollen, and they need to manage their mouth, such as gum inflammation, and it is easy to manage the mouth, such as well as well as they need to manage them.You need to eat oral acid bacteria containing gum inflammatory function.It's better for toothpaste for toothpaste.It is very good to use the nursing hospitals, nursing hospitals, welfare centers, welfare centers, welfare centers, social welfare centers, social welfare centers, social welfare facilities.Also, the volume and weight is a very suitable product for online/offline sales.",Other HACCP,We don't have an importer,L.H.E,https://lhe.kr,Overseas exhibitors | Exportable | Co-exhibitor | Organizer : Korea Agro-Fisheries & Food Trade Corporation,National Pavilion,E5-A20-00,"L.H.E We independently developed a composition that decomposes the gum inflammation using natural products and oral lactic acid bacteria, and commercialized cavity prevention product(Smile100 oralprobiotics), peri-implant inflammation care product(Dual smile oralprobiotics), and gum inflammation care product(taekwangSalt) with this composition. It is a health food that does not require you to pay expensive treatment costs while eating lactobacillus at an affordable price. In particular, people who live with dentures can enjoy it even more. It is very economical to eat it for all families.",FOODEX JAPAN 2025 / 2025 Japan Meat Industry Fair 49th,https://www.jma-tradeshow.com/foodex/webguide_en/datafile/product_image1_173883355455.jpg,https://www.jma-tradeshow.com/foodex/webguide_en/product.php?no=9412
9420,Gum inflammation care of dog,Fortified & Functional Products | Health & Wellness Products,"Like humans, oral lactobacillus for removing bad breath and gum inflammation of pets",It is very good to sell in online and pet stores,,We don't have an importer,L.H.E,https://lhe.kr,Overseas exhibitors | Exportable | Co-exhibitor | Organizer : Korea Agro-Fisheries & Food Trade Corporation,National Pavilion,E5-A20-00,"L.H.E We independently developed a composition that decomposes the gum inflammation using natural products and oral lactic acid bacteria, and commercialized cavity prevention product(Smile100 oralprobiotics), peri-implant inflammation care product(Dual smile oralprobiotics), and gum inflammation care product(taekwangSalt) with this composition. It is a health food that does not require you to pay expensive treatment costs while eating lactobacillus at an affordable price. In particular, people who live with dentures can enjoy it even more. It is very economical to eat it for all families.",FOODEX JAPAN 2025 / 2025 Japan Meat Industry Fair 49th,https://www.jma-tradeshow.com/foodex/webguide_en/datafile/product_image1_173883652058.jpg,https://www.jma-tradeshow.com/foodex/webguide_en/product.php?no=9420
9421,Caat' Lactobacillus for Improving Digestive Vitality and Reducing Poop Smell,Fortified & Functional Products | Health & Wellness Products,"Like humans, oral lactobacillus for removing bad breath and gum inflammation of pets",It is very good to sell in online and pet stores,,We don't have an importer,L.H.E,https://lhe.kr,Overseas exhibitors | Exportable | Co-exhibitor | Organizer : Korea Agro-Fisheries & Food Trade Corporation,National Pavilion,E5-A20-00,"L.H.E We independently developed a composition that decomposes the gum inflammation using natural products and oral lactic acid bacteria, and commercialized cavity prevention product(Smile100 oralprobiotics), peri-implant inflammation care product(Dual smile oralprobiotics), and gum inflammation care product(taekwangSalt) with this composition. It is a health food that does not require you to pay expensive treatment costs while eating lactobacillus at an affordable price. In particular, people who live with dentures can enjoy it even more. It is very economical to eat it for all families.",FOODEX JAPAN 2025 / 2025 Japan Meat Industry Fair 49th,https://www.jma-tradeshow.com/foodex/webguide_en/datafile/product_image1_173883697786.jpg,https://www.jma-tradeshow.com/foodex/webguide_en/product.php?no=9421
9525,"kiwi, korea kiwi",Fresh Fruit & Vegetables,,,,We don't have an importer,"Korea Kiwi Export Co.,Ltd.",,Overseas exhibitors | Exportable | Co-exhibitor | Organizer : Korea Agro-Fisheries & Food Trade Corporation,National Pavilion,E5-A20-00,"gold kiwi, red kiwi, green kiwi",FOODEX JAPAN 2025 / 2025 Japan Meat Industry Fair 49th,,https://www.jma-tradeshow.com/foodex/webguide_en/product.php?no=9525
9527,Export Services,Professional Services,,,,,Food Export Midwest & Northeast,https://www.foodexport.org/,Overseas exhibitors | Exportable | Co-exhibitor | Organizer : USA Pavilion,National Pavilion,E4-C12-C31,Made in USA,FOODEX JAPAN 2026 / 2026 Japan Meat Industry Fair 50th,,https://www.jma-tradeshow.com/foodex/webguide_en/product.php?no=9527
9540,THAI JASMINE RICE,Rice,"IMPORTER, WHOLESALER, RETAILER, RESTAURANT, SUPER MARKET",THAI JASMINE RICE,ISO9001 | EU-HACCP | US-HACCP | HALAL | FDA | GMP | GFCP(Gluten Free Certification Program),We don't have an importer,KJ WORLD FOODS COMPANY LIMITED,,Overseas exhibitors | Exportable | Co-exhibitor | Organizer : THAILAND,National Pavilion,E4-A21-27,,FOODEX JAPAN 2025 / 2025 Japan Meat Industry Fair 49th,https://www.jma-tradeshow.com/foodex/webguide_en/datafile/product_image1_9540.jpg,https://www.jma-tradeshow.com/foodex/webguide_en/product.php?no=9540
9548,SUSHI GINGER、PICKLED GINGER SENGIRI、PICKLED GINGER MIJIN、GRATED GARLIC,Fresh Fruit & Vegetables | Frozen Fruit & Vegetables,SUSHI GINGER、PICKLED GINGER SENGIRI、PICKLED GINGER MIJIN、GRATED GARLIC,,ISO22000 | US-HACCP | FSMA | FDA | GAP | CCC(China Compulsory Certification),We don't have an importer,"ZHUCHENG YUANKANG FOOD CO., LTD.",,Overseas exhibitors | Exportable | Co-exhibitor | Organizer : Beijing TBOW International Exhibition Company,National Pavilion,E8-00,sushi ginger、BENI SHOGA、PICKLED DICED GINGER、GARLIC PUREE、GINGERPUREE、FRESH GINGER、FRESH GARLIC SPROUT,FOODEX JAPAN 2025 / 2025 Japan Meat Industry Fair 49th,,https://www.jma-tradeshow.com/foodex/webguide_en/product.php?no=9548
9583,Sushi Ginger,Vegetable & Animal Oils & Fats,"Quality ginger by testing standard, sweet, thinly sliced young ginger that has been marinated in a solution of sugar and vinegar. sushi ginger can erase the flavor of your tongue and sterilize the fish bacteria, it's the best partner for Japanese food. There are 3 colors: white, red and pink, OEM and ODM are available.","Professional manufacturer, OEM and ODM are available, high quality, good price, all-round service, fast delivery","ISO22000 | FDA | GAP | BRC, LEAF, KOSHER",We have an importer,"ZHUCHENG FUWEI FOOD CO.,LTD.",https://www.zhongkang.com.cn,Overseas exhibitors | Exportable | Co-exhibitor | Organizer : Beijing TBOW International Exhibition Company,National Pavilion,E8-00,GARI SHOGA GINGER、RED THREADED GINGER、RED MASHED GINGER、FROZEN YAM MUD、FROZEN MASHED RADISH、FROZEN COOKED ONION、KIMUCHI、FROZEN LEMON、FUKUJIN DUKE、FROZEN GINGER PASTE,FOODEX JAPAN 2025 / 2025 Japan Meat Industry Fair 49th,,https://www.jma-tradeshow.com/foodex/webguide_en/product.php?no=9583
9595,Red Threaded Ginger,Vegetable & Animal Oils & Fats,"Quality fresh ginger by testing standard, scientific pickling, automatic line cutting, red color, diversification of packaging methods, it's the best partner for Japanese food. OEM and ODE are available.","Over 32 years professional manufacturer, OEM and ODM are available, high quality, good price, all-round service, fast delivery","ISO22000 | GAP | BRC, FDA, LEAF, KOSHER",We have an importer,"ZHUCHENG FUWEI FOOD CO.,LTD.",https://www.zhongkang.com.cn,Overseas exhibitors | Exportable | Co-exhibitor | Organizer : Beijing TBOW International Exhibition Company,National Pavilion,E8-00,GARI SHOGA GINGER、RED THREADED GINGER、RED MASHED GINGER、FROZEN YAM MUD、FROZEN MASHED RADISH、FROZEN COOKED ONION、KIMUCHI、FROZEN LEMON、FUKUJIN DUKE、FROZEN GINGER PASTE,FOODEX JAPAN 2025 / 2025 Japan Meat Industry Fair 49th,,https://www.jma-tradeshow.com/foodex/webguide_en/product.php?no=9595
9596,Frozen Yam,Vegetable & Animal Oils & Fats,"Yamato-taro and Chinese yam, we can supply yam mud, yam wire, yam segment and strip, frozne products and thawed to use.","Over 32 years professional manufacturer, OEM and ODM are available, high quality, good price, all-round service, fast delivery","ISO22000 | GAP | BRC, FDA, LEAF, KOSHER",We have an importer,"ZHUCHENG FUWEI FOOD CO.,LTD.",https://www.zhongkang.com.cn,Overseas exhibitors | Exportable | Co-exhibitor | Organizer : Beijing TBOW International Exhibition Company,National Pavilion,E8-00,GARI SHOGA GINGER、RED THREADED GINGER、RED MASHED GINGER、FROZEN YAM MUD、FROZEN MASHED RADISH、FROZEN COOKED ONION、KIMUCHI、FROZEN LEMON、FUKUJIN DUKE、FROZEN GINGER PASTE,FOODEX JAPAN 2025 / 2025 Japan Meat Industry Fair 49th,,https://www.jma-tradeshow.com/foodex/webguide_en/product.php?no=9596
9599,Frozen Lemon,Frozen Baked Goods | Frozen Dairy Products | Frozen Fruit & Vegetables | Frozen Meat | Frozen Seafood | Frozen Ready Meals | Ice Cream / Sorbet Gelato,"Select high-quality lemons, after cleaning sterilization, cutted into different shapes, flap, round, half round, 1/4 round, frozen products, use immediately after thawing.","Over 32 years professional manufacturer, OEM and ODM are available, high quality, good price, all-round service, fast delivery","ISO22000 | BRC, FDA, LEAF, KOSHER",We have an importer,"ZHUCHENG FUWEI FOOD CO.,LTD.",https://www.zhongkang.com.cn,Overseas exhibitors | Exportable | Co-exhibitor | Organizer : Beijing TBOW International Exhibition Company,National Pavilion,E8-00,GARI SHOGA GINGER、RED THREADED GINGER、RED MASHED GINGER、FROZEN YAM MUD、FROZEN MASHED RADISH、FROZEN COOKED ONION、KIMUCHI、FROZEN LEMON、FUKUJIN DUKE、FROZEN GINGER PASTE,FOODEX JAPAN 2025 / 2025 Japan Meat Industry Fair 49th,,https://www.jma-tradeshow.com/foodex/webguide_en/product.php?no=9599
9618,ISONOHANA(KELP),Seafood | Salty Snacks | Rice Crackers & Healthy Snacks,"people in the world. | snacks, drinking nibbles, appetizer, with wine, with alcohol",It is boiled Hokkaido kelp cutted in bite size. You can enjoy the original kelp flavor.,ISO22000,We don't have an importer,yamaei food industries,https://www.yamaei.co.jp/,Japan exhibitors | Exportable,Local Specialities in Japan,S2-G07,Hakodate Shredded Squid、Hakodate Dried Squid 、Hakodate、Hokkaido、Squid、Scallop、Domestic、Made in Japan、Smoked Squid With Cheese | 、Soft Scallop With Cheese、Soft Roasted Scallop、Soft Scallop Pillar、 | Big Size Grilled Scallops、Jumbo Size Grilled Scallop、Soft Grilled Scallops 、Tasty Cheese Pollacky、Cheese Pollacky、Delicious Baked Cheese、Seaweed Tempura Snack Original Flavor、Seaweed Tempura Snack Plum Flavor、Seaweed Tempura Snack Seafood Flavor、Seaweed Tempura Snack Wasabi Flavor、Seaweed Tempura Snack Kimchi Flavor 、Seaweed TempuraSnack Chili Oil Flavor、Seaweed Tempura Snack Matcha Flavor、Isonohana(KELP)、Citrus Flavor Kelp,FOODEX JAPAN 2025 / 2025 Japan Meat Industry Fair 49th,https://www.jma-tradeshow.com/foodex/webguide_en/datafile/product_image1_173916813337.jpg,https://www.jma-tradeshow.com/foodex/webguide_en/product.php?no=9618
9631,Floral Fizz (Chamomint/Hibiscus Ginger),Bottled Water | Carbonated Soft Drinks | Coffee | Energy Drinks | Flavoured Water | Instant Beverages | Juice | Non-alcoholic Beverages | Smoothies | Tea,"Zero Sparkling, Real flower extract, Chamomile, Ginger, Hibiscus, Mint, Sparkling",Real flower extract added healthy beverage.,ISO9001 | ISO22000 | HALAL | FDA,We don't have an importer,TIUM GLOBAL,http://www.blingbooster.com/,Overseas exhibitors | Exportable | Co-exhibitor | Organizer : KOTRA/GBSA,National Pavilion,E4-U18-7,"Bling Booster, Tium, yogurt sparkling, collagen, wiggle, wiggle-wiggle, zero bubble, Floral fizz",FOODEX JAPAN 2025 / 2025 Japan Meat Industry Fair 49th,https://www.jma-tradeshow.com/foodex/webguide_en/datafile/product_image1_173917103103.jpg,https://www.jma-tradeshow.com/foodex/webguide_en/product.php?no=9631
9657,Lestello chickpea cakes 135g,Baked Goods | Cakes / Dessert,,,ISO9001 | ISO22000 | EU-HACCP | Other HACCP,We don't have an importer,Lestello,https://lestello.pl/collections/wafle-1,Overseas exhibitors | Exportable | Co-exhibitor | Organizer : National Support Centre for Agriculture - KOWR,National Pavilion,E1-C09-00,• Lestello Rice Cakes 135g | • Lestello Corn Cakes 130g | • Lestello Rice Cakes in Chocolate 72g | • Lestello Chickpea Cakes in Chocolate with Cherry 36g,FOODEX JAPAN 2025 / 2025 Japan Meat Industry Fair 49th,https://www.jma-tradeshow.com/foodex/webguide_en/datafile/product_image1_173918812469.jpg,https://www.jma-tradeshow.com/foodex/webguide_en/product.php?no=9657
9699,FROZEN MANDARIN ORANGE,Frozen Fruit & Vegetables,,,ISO9001 | Other HACCP | HALAL | FDA | BRC IFS,We don't have an importer,"WEIFANG SUNSHINE FOOD CO.,LTD.",,Overseas exhibitors | Exportable | Co-exhibitor | Organizer : Beijing TBOW International Exhibition Company,National Pavilion,E8-00,"CANNED FRUIT,FRUIT JELLY,FRUIT CUP",FOODEX JAPAN 2025 / 2025 Japan Meat Industry Fair 49th,https://www.jma-tradeshow.com/foodex/webguide_en/datafile/product_image1_173924464739.jpg,https://www.jma-tradeshow.com/foodex/webguide_en/product.php?no=9699
9700,FROZEN PEACH,Frozen Fruit & Vegetables,,,ISO9001 | Other HACCP | HALAL | FDA | BRC IFS,We don't have an importer,"WEIFANG SUNSHINE FOOD CO.,LTD.",,Overseas exhibitors | Exportable | Co-exhibitor | Organizer : Beijing TBOW International Exhibition Company,National Pavilion,E8-00,"CANNED FRUIT,FRUIT JELLY,FRUIT CUP",FOODEX JAPAN 2025 / 2025 Japan Meat Industry Fair 49th,https://www.jma-tradeshow.com/foodex/webguide_en/datafile/product_image1_173924470135.jpg,https://www.jma-tradeshow.com/foodex/webguide_en/product.php?no=9700
9703,"Sichuan Pepper,Chinese pepper, Zanthoxylum bungeanum, Chinese prickly ash, Huajiao, Sichuan peppercorn",Powdered Seasoning | Frozen Fruit & Vegetables | Solid Seasonings,"Spices,hydrated vegetables ,food factory,Chinese restaurant","HACCP certificated, Our own spices factory, according to customers need to process all kinds of spices.Mainly exported to the Europe,USA, Japan, Canada, Middle East, Taiwan and other countries and regions.",Other HACCP,We don't have an importer,"Weifang Manna Foods Co., Ltd.",http://wfmf2008.1688.com,Overseas exhibitors | Exportable | Co-exhibitor | Organizer : Beijing TBOW International Exhibition Company,National Pavilion,E8-00,Sichuang Pepper，Chili，Spices，Dehydrated Vegtebales,FOODEX JAPAN 2025 / 2025 Japan Meat Industry Fair 49th,https://www.jma-tradeshow.com/foodex/webguide_en/datafile/product_image1_9703.jpg,https://www.jma-tradeshow.com/foodex/webguide_en/product.php?no=9703
9709,Olive Oil Betis,Liquid Seasoning | Vegetarian | Vegan | Vegetable & Animal Oils & Fats,Importer | Retailer | Horeca,• A balanced oil that combines nutrition and organoleptic properties. | • Use Olive Oil for adding a mild flavor,ISO9001,,BETIS OLIVE OIL,https://torresyribelles.com/en/,Overseas exhibitors | Exportable | Co-exhibitor | Organizer : ICEX SPAIN TRADE AND INVESTMENTS,National Pavilion,W1-B01-040,"TORRES Y RIBELLES S.A. is a Spanish olive oil company founded in 1914. Today, we are one of the top ten Spanish olive oil exporting companies, marketing our own brand, BETIS. | | Our products are packaged in an exclusively designed glass bottle, which means no other brand can use the same packaging. This allows consumers to easily recognize our product on the olive oil shelf. In addition, the name of our brand, BETIS, is engraved on each glass bottle. | | Our olive oils are the result of a carefully selected coupage of different olive varieties: Hojiblanca, Arbequina, and Picual. Furthermore, we provide promotional support to help create new business opportunities while introducing and developing the market together with our partners. | | We package and market a wide range of products, from 15 ml to 5 liters, focusing on distribution through major supermarkets, hypermarkets, convenience stores, hotels, and restaurants in more than thirty countries. | | Quality control—certified under ISO 9001 and FSSC 22000—along with our flexibility to adapt products to each market, are key factors behind our success.",FOODEX JAPAN 2026 / 2026 Japan Meat Industry Fair 50th,https://www.jma-tradeshow.com/foodex/webguide_en/datafile/product_image1_9709.jpg,https://www.jma-tradeshow.com/foodex/webguide_en/product.php?no=9709
9716,Hokkaido Roll Snow Rich,Cakes / Dessert,"Supermarkets, restaurants, etc.",,HALAL,We don't have an importer,"Tokachi Seika co.,ltd.",https://tokachiseika.com/,Japan exhibitors | Exportable | Co-exhibitor | Organizer : hokkaido tokachi products park,Local Specialities in Japan,S2-C09-00,"Mochi, Shiratama, Warabimochi, Namachoco, Chocolate truffle, Roll cake, Dango, Traditional Japanese sweets, Hokkaido, Halal, Frozen desserts",FOODEX JAPAN 2025 / 2025 Japan Meat Industry Fair 49th,https://www.jma-tradeshow.com/foodex/webguide_en/datafile/product_image1_9716.jpg,https://www.jma-tradeshow.com/foodex/webguide_en/product.php?no=9716
9721,Black Soybean Mochi,Japanese sweets,"Super markets, restaurants, etc.",,,We don't have an importer,"Tokachi Seika co.,ltd.",https://tokachiseika.com/,Japan exhibitors | Exportable | Co-exhibitor | Organizer : hokkaido tokachi products park,Local Specialities in Japan,S2-C09-00,"Mochi, Shiratama, Warabimochi, Namachoco, Chocolate truffle, Roll cake, Dango, Traditional Japanese sweets, Hokkaido, Halal, Frozen desserts",FOODEX JAPAN 2025 / 2025 Japan Meat Industry Fair 49th,https://www.jma-tradeshow.com/foodex/webguide_en/datafile/product_image1_173925507117.jpg,https://www.jma-tradeshow.com/foodex/webguide_en/product.php?no=9721
9739,tea powder,Tea,"Manufacturing industry, Food and Beverage industry |","Tea powder has the effect of refreshing the mind | The tea is instantly crushed into more than 600 mesh tea powder, to maximize the preservation of the original natural green tea as well as nutrition, pharmacological components, without any chemical additives. Instant tea is a solid beverage tea that quickly dissolves in water. There are two types of instant tea: pure tea and blended tea. The common types of pure tea are instant black tea, instant oolong tea, instant jasmine tea, etc.",ISO9001 | ISO22000 | Other HACCP | HALAL,We don't have an importer,"XINGHUA KANGYING FOODS CO.,LTD.",https://www.kangying.net.cn/,Overseas exhibitors | Exportable | Co-exhibitor | Organizer : Beijing TBOW International Exhibition Company,National Pavilion,E8-00,"Condiments, beverages, tea and related products, vegetable products, fruitproducts,roasted goods and nut products",FOODEX JAPAN 2025 / 2025 Japan Meat Industry Fair 49th,https://www.jma-tradeshow.com/foodex/webguide_en/datafile/product_image1_9739.jpg,https://www.jma-tradeshow.com/foodex/webguide_en/product.php?no=9739
9740,cabbage,Vegetable snacks | Dried Fruit & Vegetables,"Manufacturing industry, Food and Beverage industry |","1.Edible mushroom products and dried fruit products are easy to store and transport: Dehydrated vegetables greatly reduce their volume and weight by removing most of the water, making them very suitable for long-distance transportation and long-term storage. Dehydrated vegetables have shown significant advantages in both household storage and commercial transportation | 2. High nutritional value: Although some water-soluble vitamins such as vitamin C and vitamin B are lost during dehydration, dehydrated vegetables still retain most of their nutritional components. The nutritional value of a pack of 50 grams of dehydrated vegetables is equivalent to the nutritional content of 500 grams of fresh vegetables | Compared with other fresh vegetables, dehydrated vegetables have the characteristics of small size, light weight, recovery after entering water, convenient transportation and consumption. Edible not only delicious, bright color, and can maintain the original nutritional value.",ISO9001 | ISO22000 | Other HACCP | HALAL,We don't have an importer,"XINGHUA KANGYING FOODS CO.,LTD.",https://www.kangying.net.cn/,Overseas exhibitors | Exportable | Co-exhibitor | Organizer : Beijing TBOW International Exhibition Company,National Pavilion,E8-00,"Condiments, beverages, tea and related products, vegetable products, fruitproducts,roasted goods and nut products",FOODEX JAPAN 2025 / 2025 Japan Meat Industry Fair 49th,https://www.jma-tradeshow.com/foodex/webguide_en/datafile/product_image1_9740.jpg,https://www.jma-tradeshow.com/foodex/webguide_en/product.php?no=9740
9747,LUNARIA CIVITAS PECORINO IGT TERRE D'ABRUZZO,Still wines - red | Still wines - rose | Still wines - white | Sparkling wines | Organic wines | Vegan wines,,,,We have an importer,BIO CANTINA ORSOGNA,https://www.biocantinaorsogna.it/,Overseas exhibitors | Exportable | Co-exhibitor | Organizer : Italian Pavilion,National Pavilion,E1-A24-180,"LUNARIA CIVITAS PECORINO IGP TERRE D'ABRUZZO, PATCH WINE MONTEPULCIANO D'ABRUZZO DOP, VOLA VOLE' CERASUOLO D'ABRUZZO DOP, LUNARIA ANCESTRALE SPUMANTE MALVASIA ORANGE, BABALU' PRIMITIVO IGP TERRE DI CHIETI, LUNAGAIA NERO D'AVOLA SICILIA DOP",FOODEX JAPAN 2025 / 2025 Japan Meat Industry Fair 49th,,https://www.jma-tradeshow.com/foodex/webguide_en/product.php?no=9747
9767,Ume Hitoshizuku Wakayama GingerAle,Carbonated Soft Drinks,,"This is the second product in the Wakayama Ginger Ale series. With the desire to create a product that is more representative of Wakayama, we added Wakayama-grown Nankou plum juice to our existing ginger ale made from whole-squeezed ginger from Wakayama City. Because it is whole-squeezed, this ginger ale retains the pungent flavor and smooth taste that is unique to ginger, while also allowing you to feel the aroma and flavor of the plum. You can drink it chilled, of course, or as hot ginger in the winter. We also recommend using it as a mixer with alcohol, taking advantage of the flavors of ginger and plum.",,We don't have an importer,WAKAYAMA Japan Agricultural Cooperatives,,Japan exhibitors | Exportable | Co-exhibitor | Organizer : Wakayama Prefecture,Local Specialities in Japan,S2-C12-00,"Shouga Marushibori Wakayama GingerAle,Ume Hitosizuku Wakayama GingerAle,Jabara Shimitooru Wakayama GingerAle.Momo Honoka Wakayama GingerAle",FOODEX JAPAN 2025 / 2025 Japan Meat Industry Fair 49th,https://www.jma-tradeshow.com/foodex/webguide_en/datafile/product_image1_173932673342.jpg,https://www.jma-tradeshow.com/foodex/webguide_en/product.php?no=9767
9770,Jabara Shimitoru Wakayama GingerAle,Carbonated Soft Drinks,,"This is the third product in the Wakayama Ginger Ale series. With the desire to create a more health-conscious product, we added Wakayama-grown Jabara juice to our existing ginger ale made from whole-squeezed ginger from Wakayama City. Jabara is a type of citrus native to Kitayama Village, Wakayama Prefecture, and contains anti-allergic ingredients that are expected to suppress allergic symptoms such as hay fever. You can enjoy the tangy throat feel of ginger as it is, as well as the refreshing acidity and aroma of Jabara. Because the ginger is whole-squeezed, it has the effect of warming the body when you drink it, and the addition of Jabara juice makes it an even more health-conscious product. You can drink it chilled, of course, or as hot ginger in the winter. We also recommend using the flavors of ginger and Jabara as a mixer for alcoholic beverages.",,We don't have an importer,WAKAYAMA Japan Agricultural Cooperatives,,Japan exhibitors | Exportable | Co-exhibitor | Organizer : Wakayama Prefecture,Local Specialities in Japan,S2-C12-00,"Shouga Marushibori Wakayama GingerAle,Ume Hitosizuku Wakayama GingerAle,Jabara Shimitooru Wakayama GingerAle.Momo Honoka Wakayama GingerAle",FOODEX JAPAN 2025 / 2025 Japan Meat Industry Fair 49th,https://www.jma-tradeshow.com/foodex/webguide_en/datafile/product_image1_173932851323.jpg,https://www.jma-tradeshow.com/foodex/webguide_en/product.php?no=9770
9801,Packaging bag for frozen food,Packaging,"– Frozen berries, mango, pineapple, cherries, etc. | - Frozen peas, spinach, broccoli, corn, mixed vegetables, etc. | - Frozen chicken, beef, pork, lamb, etc. | - Frozen shrimp, salmon, cod, squid, etc. | – Frozen cheese, butter, ice cream, etc. | – Frozen edamame, black beans, chickpeas, etc. | – Frozen pizza, lasagna, dumplings, fried rice, etc. | – Frozen bread, croissants, waffles, etc. | – Frozen cakes, pies, mochi, etc. | -– Frozen French fries, nuggets, spring rolls, etc.","Frozen food packaging has several key characteristics to ensure product quality, safety, and convenience. Here are some main features: | | Moisture Resistance – Prevents ice buildup and freezer burn. | Durability – Strong enough to withstand freezing temperatures without cracking or breaking. | Airtight Sealing – Maintains freshness by preventing air exposure. | Temperature Resistance – Designed to endure extreme cold without becoming brittle. | Barrier Protection – Shields against light, oxygen, and contaminants. | Portability & Convenience – Easy-to-store and resealable options for consumer use. | Tamper-Evident Seals – Ensures product integrity and safety. | Clear Labeling – Displays nutritional information, storage instructions, and expiration date. | Eco-Friendly Options – Increasing use of recyclable and biodegradable materials.",ISO9001 | BRC,We have an importer,"YanTai MeiFeng Plastic Products Co., Ltd.",https://www.mfirstpack.com,Overseas exhibitors | Exportable | Co-exhibitor | Organizer : SHANDONG UNIVERSAL CONFERENCE & EXHIBITION,National Pavilion,E7-CC28-00,"Mainly produce: Plastic packaging for food, Frozen food packaging, Vaccum bag, Steamable Bag, Boiling Bag, High Barrier Bag",FOODEX JAPAN 2025 / 2025 Japan Meat Industry Fair 49th,https://www.jma-tradeshow.com/foodex/webguide_en/datafile/product_image1_9801.jpg,https://www.jma-tradeshow.com/foodex/webguide_en/product.php?no=9801
9809,Bonjung red ginseng chocolate(korea chocolate),Cakes / Dessert | Health & Wellness Products | Packaging | Sanitary,"retailers, suppliers, importers, korea chocolate, luxury chocolate,Middle-aged and older people who value health,Middle-Aged & Senior Consumers (40–60s), Young people who prefer foreign premium foods, Premium chocolate consumers, Japan-based Korea enthusiasts, Can be used as a gift for special customers at department stores/hotels/golf courses, A premium chocolate gift for parents, bosses, and VIP clients.","Premium Ingredients & Unique Flavor | ✅ Made with Belgian dark chocolate and Korean red ginseng, offering a luxurious and health-conscious treat. | ✅ Deep cacao richness blends with red ginseng’s natural bitterness for a sophisticated taste experience. | | Health Benefits & Functional Chocolate | ✅ Boosts immunity & relieves fatigue, perfect for health-conscious consumers. | ✅ Rich in antioxidants & stress-relief properties, ideal for professionals and students. | | Elegant Packaging & Ideal Gift Choice | ✅ Individually wrapped (8 pieces) in a premium box, making it convenient and luxurious. | ✅ Matches Japan’s gift culture (Valentine’s Day, White Day, corporate gifts). | | Unique Market Positioning | ✅ A premium, functional alternative to regular chocolates, targeting the wellness food market. | ✅ Highlights Korean red ginseng, making it appealing as an authentic K-food. | | Versatile & Convenient for Any Occasion | ✅ A portable, portion-controlled snack for work, study, post-exercise, or travel. | ✅ Appeals to health-conscious adults, chocolate enthusiasts, and younger wellness consumers.",Other HACCP,We don't have an importer,"BONJUNG CHOCOLATE CO., LTD",,Overseas exhibitors | Exportable | Co-exhibitor | Organizer : Korea Agro-Fisheries & Food Trade Corporation,National Pavilion,E5-A20-00,"sweet energy mountain ginseng chocolate, bonjung ginseng chocolate, bonjung red ginseng chocolate, bonjung memory chocolate, chocolate ball, stick chocolate, heart chocolate, salt chocolate, pouch chocolate, korea chocolate",FOODEX JAPAN 2025 / 2025 Japan Meat Industry Fair 49th,https://www.jma-tradeshow.com/foodex/webguide_en/datafile/product_image1_9809.jpg,https://www.jma-tradeshow.com/foodex/webguide_en/product.php?no=9809
9829,Bonjung ginseng chocolate(Korea chocolate),Cakes / Dessert | Health & Wellness Products | Packaging | Sanitary,"✅ 1. Functional & Wellness Food Market | Consumers looking for health-conscious snacks that boost immunity and relieve fatigue. | | ✅ 2. Premium Chocolate Market | *Chocolate connoisseurs and luxury chocolate enthusiasts. | *High-end gift market (ideal for department stores, hotels, and golf clubs). | | ✅ 3. Middle-aged & Senior Health Market (Ages 40-60+) | *Consumers focused on immune support & overall wellness. | | ✅ 4. Diet & Wellness Chocolate Market | *Health-conscious consumers who prefer functional chocolates. | | ✅ 5. Global K-Food & Traditional Health Food Market | *International consumers interested in Korean traditional health foods & K-Food. | | ✅ 6. B2B Market – Retailers, Importers, Health Food Distributors | *Retailers & distributors specializing in health and wellness chocolates. | *Buyers targeting premium markets such as department stores, duty-free shops, and specialty stores. | | ✅ 7. Tourism & Gift Market | *A luxury health gift for international tourists visiting Korea. | *A high-end souvenir & duty-free shop item blending tradition with modern indulgence.","✅ 1. Premium Korean Ginseng Ingredients | *Contains Korean ginseng powder & ginseng preserves, known for immune support and fatigue recovery. | *A functional chocolate that blends tradition with modern wellness. | | ✅ 2. High-Quality Belgian Chocolate | *Made with premium Belgian milk & dark chocolate, offering a rich and smooth taste. | *A well-balanced fusion of ginseng and high-end chocolate flavors. | | ✅ 3. Preservative-Free & Healthy Chocolate | *No preservatives, no additives, making it a safe wellness chocolate. | | ✅ 4. Elegant Packaging & Practical Composition | *8-piece premium boxed packaging, perfect for gifting. | *Ideal for luxury gift markets, department stores, duty-free shops, and VIP customer gifts. | | ✅ 5. Wide Consumer Appeal | *Middle-aged & senior consumers (ages 40-60+) who prioritize health. | *Younger wellness-focused consumers looking for premium health snacks. | | ✅ 6. Global Trend & K-Food Popularity | *Targets international consumers seeking K-Food & Korean health products. | *A luxury health gift for foreign tourists.",US-HACCP,We don't have an importer,"BONJUNG CHOCOLATE CO., LTD",,Overseas exhibitors | Exportable | Co-exhibitor | Organizer : Korea Agro-Fisheries & Food Trade Corporation,National Pavilion,E5-A20-00,"sweet energy mountain ginseng chocolate, bonjung ginseng chocolate, bonjung red ginseng chocolate, bonjung memory chocolate, chocolate ball, stick chocolate, heart chocolate, salt chocolate, pouch chocolate, korea chocolate",FOODEX JAPAN 2025 / 2025 Japan Meat Industry Fair 49th,https://www.jma-tradeshow.com/foodex/webguide_en/datafile/product_image1_9829.jpg,https://www.jma-tradeshow.com/foodex/webguide_en/product.php?no=9829
9836,COUVERTURE CHOCOLATE,Baked Goods,,,ISO22000 | Other HACCP | HALAL | Non-GMO Certification,We don't have an importer,TAN NHAT HUONG CO. LTD,https://fancyfoods.vn/ ; https://queenam.vn/,Overseas exhibitors | Exportable | Co-exhibitor | Organizer : VIETNAM TRADE PROMOTION CENTRE FOR AGRICULTURE,National Pavilion,E4-C03-12,"We are Nhat Huong group, established and continuously developed with three member companies: Mi Viet, Tan Nhat Huong, and Fancy Foods with 3 factories in different business scopes. | | And among them, established in 2019, Fancy Foods at the beginning specializes in manufacturing and supplying chocolate semi - final products such as compound chocolate, chocolate chips (to make cookies), chocolate shavings, crispy ball coated chocolate (for cake decoration), couverture (58%, 65%, 75% of cocoa). Especially Dragées Chocolate under Queenam Brand. | Our products have been exported to Korea, Thailand, China, and other countries.",FOODEX JAPAN 2025 / 2025 Japan Meat Industry Fair 49th,https://www.jma-tradeshow.com/foodex/webguide_en/datafile/product_image1_9836.jpg,https://www.jma-tradeshow.com/foodex/webguide_en/product.php?no=9836
9847,Dry Gin with Jambu Flower and Tradicional Gin Brazil Nut,Spirits,"Founded in October 2021 in Belém do Pará, AMZ Tropical was born with the mission of bottling the essence of the Amazon in exclusive alcoholic beverages. Our passion for the authentic flavors of northern Brazil led us to create gins that bring the forest to every toast. The sensation of jambu in our gin brings a slight numbness, creating an intriguing taste shock and providing an unforgettable sensory experience. The 1-liter AMZ Tropical Gin, with the smooth touch of Brazil nut, offers a velvety flavor, providing a rich and unique experience, perfect for special moments.","The AMZ Tropical Gin stands out for its unique Amazonian ingredients, including jambu for a tingling sensation and Brazil nut for a velvety flavor. It offers an exclusive sensory experience, perfect for premium cocktails and gourmet mixology. Ideal for bars, restaurants, liquor stores, supermarkets, and spirits enthusiasts seeking authentic flavors from the Amazon.",,We don't have an importer,UP4MARKET,https://www.up4market.com/empresas,Overseas exhibitors | Exportable | Co-exhibitor | Organizer : ApexBrasil,National Pavilion,E4-C06-4-Shared,"Products on Display: | | Açaí | Seasonings, Jellies, and Pepper Sauces | Coffee | Brazilian Spirits (Cachaça and Beer) | Healthy Snacks",FOODEX JAPAN 2025 / 2025 Japan Meat Industry Fair 49th,https://www.jma-tradeshow.com/foodex/webguide_en/datafile/product_image1_9847.jpg,https://www.jma-tradeshow.com/foodex/webguide_en/product.php?no=9847
9849,MOZZARELLA DI BUFALA CAMPANA DOP,Cheese,MOZZARELLA; DOP; BUFFALO,MOZZARELLA; DOP; BUFFALO,ISO9001 | FDA | IFS; BRC,We have an importer,La Marchesa soc.coop.agr.,,Overseas exhibitors | Exportable | Co-exhibitor | Organizer : REGIONE CAMPANIA,Imports Food,E3-S18-00,"Mozzarella DOP, Frozen Mozzarella, Burrata,",FOODEX JAPAN 2025 / 2025 Japan Meat Industry Fair 49th,https://www.jma-tradeshow.com/foodex/webguide_en/datafile/product_image1_9849.jpg,https://www.jma-tradeshow.com/foodex/webguide_en/product.php?no=9849
9854,"Spices, Hot Sauce, Pepper Paste and Pepper Jelly","Powdered Seasoning | Liquid Seasoning | Spreads, Honey & Jams","- Biroots (be + roots), a brand inspired by the ingenuity of ancient civilizations and the blend of aromas, colors, cultures and flavors of the original peoples and those who came after. We were born from the concept of “it’s from the roots”, we added a Brazilian touch (be=>bi) and perfected the artisanal preparation, creating flavors that go beyond the dish, providing enriching gastronomic experiences to those who share. We like rustic, but we are gentle in treatment and strong in season | | - AKEMI Peppers was created with the aim of bringing you new flavors, new experiences, stimulating your senses. Pepper jelly, pepper sauce and pickled peppers. 100% handmade and natural product, without added preservatives, colorings and artificial ingredients. | |","- Supermarkets | - Specialty food shops | - Delis, butcher shops | - Menu partnerships | - Private labeling | - Food distributors | - B2B sales | - Gourmet food subscriptions",,We don't have an importer,UP4MARKET,https://www.up4market.com/empresas,Overseas exhibitors | Exportable | Co-exhibitor | Organizer : ApexBrasil,National Pavilion,E4-C06-4-Shared,"Products on Display: | | Açaí | Seasonings, Jellies, and Pepper Sauces | Coffee | Brazilian Spirits (Cachaça and Beer) | Healthy Snacks",FOODEX JAPAN 2025 / 2025 Japan Meat Industry Fair 49th,https://www.jma-tradeshow.com/foodex/webguide_en/datafile/product_image1_9854.jpg,https://www.jma-tradeshow.com/foodex/webguide_en/product.php?no=9854
9865,Organic Galician Mussels Cooked in Their Own Juices – Ready to Eat,Frozen Seafood | Organic Products | Seafood | Processed seafood products,"Retailers, HoReCa, wholesalers, and distributors","For restaurants aiming to serve high-quality seafood efficiently, with the flexibility to feature it in a variety of dishes – or for consumers to enjoy fresh seafood at home",EU-HACCP | FDA | EU Organic Certification | IFS Progress,,PASTEURIZADOS CÍES,https://pasteurizadoscies.com/es/index.php,Overseas exhibitors | Exportable | Co-exhibitor | Organizer : ICEX SPAIN TRADE AND INVESTMENTS,National Pavilion,W1-B01-014,"Galician Mussels Cooked in Their Own Juices, Organic Galician Mussels Cooked in Their Own Juices, Galician Cooked Shellfish Blend (Mussels & Clams), Galician Razor Clams Cooked in Their Own Juices, Mussels in Tomato Sauce and Provencal Sauce",FOODEX JAPAN 2026 / 2026 Japan Meat Industry Fair 50th,https://www.jma-tradeshow.com/foodex/webguide_en/datafile/product_image1_9865.jpg,https://www.jma-tradeshow.com/foodex/webguide_en/product.php?no=9865
9894,Dehydrated garlic Granules,Kosher | Organic Products | Vegetable & Animal Oils & Fats | Packaging | Sanitary,Food industry and medicine industry,"Dehydrated, good taste, fresh color, small size, light weight, easily reconstituted upon entry into water, and easy to preserve","ISO9001 | Other HACCP | FDA | USDA Organic Certification | EU Organic Certification | BRC,FSSC22000, KOSHER, 0U-KOSHER",We have an importer,"LINYI YIYUAN FOOD CO.,LTD",https://www.yiyuanfoods.com,Overseas exhibitors | Exportable | Co-exhibitor | Organizer : Beijing TBOW International Exhibition Company,National Pavilion,E8-00,DEHYDRATED GARLIC FLAKES、GARLIC GRANULES、GARLIC POWDER;DEHYDRATED GINGER SLICES、GINGER GRANULES、GINGER POWDER,FOODEX JAPAN 2025 / 2025 Japan Meat Industry Fair 49th,,https://www.jma-tradeshow.com/foodex/webguide_en/product.php?no=9894
9895,Organic Fried Potato,Frozen Fruit & Vegetables | Vegetarian | Vegan | Halal | Kosher | Organic Products,"Foodservice, Retail, Local QSR",Organic Fried Potatoes | Straight Cut | Wedges,EU-HACCP | Other HACCP | HALAL | Organic JAS Mark | EU Organic Certification | Non-GMO Certification,We don't have an importer,LUTOSA,https://www.lutosa.com/ja/,Overseas exhibitors | Exportable | Co-exhibitor | Organizer : Flanders Investment & Trade,National Pavilion,E1-A12-20,"Frozen fries, Frozen Organic fries, chilled fries, frozen specialities mashed & shredded, dehydrated flakes",FOODEX JAPAN 2025 / 2025 Japan Meat Industry Fair 49th,https://www.jma-tradeshow.com/foodex/webguide_en/datafile/product_image1_9895.jpg,https://www.jma-tradeshow.com/foodex/webguide_en/product.php?no=9895
9896,Dehydrated garlic powder,Kosher | Organic Products | Vegetable & Animal Oils & Fats | Packaging | Sanitary,Food industry and medicine industry,"Dehydrated, good taste, fresh color, small size, light weight, easily reconstituted upon entry into water, and easy to preserve","ISO9001 | Other HACCP | FDA | USDA Organic Certification | EU Organic Certification | BRC, FSSC22000, KOSHER, OU-KOSHER",We have an importer,"LINYI YIYUAN FOOD CO.,LTD",https://www.yiyuanfoods.com,Overseas exhibitors | Exportable | Co-exhibitor | Organizer : Beijing TBOW International Exhibition Company,National Pavilion,E8-00,DEHYDRATED GARLIC FLAKES、GARLIC GRANULES、GARLIC POWDER;DEHYDRATED GINGER SLICES、GINGER GRANULES、GINGER POWDER,FOODEX JAPAN 2025 / 2025 Japan Meat Industry Fair 49th,,https://www.jma-tradeshow.com/foodex/webguide_en/product.php?no=9896
9897,rolling film,Packaging,"Food and Beverage Industry – For packaging food products like snacks, beverages, candies, frozen food, and ready-to-eat meals. | Pharmaceuticals and Healthcare – Suitable for medical products, pharmaceuticals, and health supplements. | Cosmetics and Personal Care – Packaging for cosmetics, skincare, and personal care products. | Agriculture and Chemicals – For agricultural products, fertilizers, or chemicals requiring secure packaging. | Retail Packaging – High-quality, branded roll films used in retail products like pet food, powdered drinks, etc. | E-commerce – Suitable for packaging products that are sold online, ensuring efficient shipping and handling.","Versatile and Customizable – Roll film packaging can be tailored to fit any product size, material, and design for efficient packaging. | High Efficiency – Perfect for high-speed automated production lines, improving operational efficiency. | Excellent Barrier Properties – Protects contents from moisture, air, and light, ensuring freshness and shelf-life. | Eco-friendly Options Available – We offer eco-friendly materials like biodegradable films and recyclable options for sustainable packaging. | Strong and Durable – Tear-resistant and able to withstand handling during production and distribution. | Cost-Effective – Ideal for bulk orders, offering lower prices for larger quantities. | Custom Printing – Print custom logos, designs, and branding on the roll film for better product presentation. | Flexible Material Options – Available in a variety of materials (PE, PP, PET, aluminum, etc.) to meet different product needs.",ISO9001,We have an importer,"YanTai MeiFeng Plastic Products Co., Ltd.",https://www.mfirstpack.com,Overseas exhibitors | Exportable | Co-exhibitor | Organizer : SHANDONG UNIVERSAL CONFERENCE & EXHIBITION,National Pavilion,E7-CC28-00,"Mainly produce: Plastic packaging for food, Frozen food packaging, Vaccum bag, Steamable Bag, Boiling Bag, High Barrier Bag",FOODEX JAPAN 2025 / 2025 Japan Meat Industry Fair 49th,https://www.jma-tradeshow.com/foodex/webguide_en/datafile/product_image1_173941730271.jpg,https://www.jma-tradeshow.com/foodex/webguide_en/product.php?no=9897
9898,Dehydrated ginger flakes,Kosher | Organic Products | Vegetable & Animal Oils & Fats | Packaging | Sanitary,Food industry,"Dehydrated, good taste, fresh color, small size, light weight, easily reconstituted upon entry into water, and easy to preserve","ISO9001 | Other HACCP | FDA | USDA Organic Certification | EU Organic Certification | BRC, FSSC22000, KOSHER, OU-KOSHER",We have an importer,"LINYI YIYUAN FOOD CO.,LTD",https://www.yiyuanfoods.com,Overseas exhibitors | Exportable | Co-exhibitor | Organizer : Beijing TBOW International Exhibition Company,National Pavilion,E8-00,DEHYDRATED GARLIC FLAKES、GARLIC GRANULES、GARLIC POWDER;DEHYDRATED GINGER SLICES、GINGER GRANULES、GINGER POWDER,FOODEX JAPAN 2025 / 2025 Japan Meat Industry Fair 49th,,https://www.jma-tradeshow.com/foodex/webguide_en/product.php?no=9898
9921,Vitex honey,"Spreads, Honey & Jams",Honey,High quality,ISO9001 | EU-HACCP,We don't have an importer,"YANTAI SWEET YARD BEE PRODUCT CO.,LTD.",http://www.sweetyard.cn,Overseas exhibitors | Exportable | Co-exhibitor | Organizer : SHANDONG UNIVERSAL CONFERENCE & EXHIBITION,National Pavilion,E7-CC28-00,Bee honey and bee products,FOODEX JAPAN 2025 / 2025 Japan Meat Industry Fair 49th,https://www.jma-tradeshow.com/foodex/webguide_en/datafile/product_image1_9921.jpg,https://www.jma-tradeshow.com/foodex/webguide_en/product.php?no=9921
9923,Sunflower honey,"Spreads, Honey & Jams",honey,Natural honey,ISO9001 | EU-HACCP,We don't have an importer,"YANTAI SWEET YARD BEE PRODUCT CO.,LTD.",http://www.sweetyard.cn,Overseas exhibitors | Exportable | Co-exhibitor | Organizer : SHANDONG UNIVERSAL CONFERENCE & EXHIBITION,National Pavilion,E7-CC28-00,Bee honey and bee products,FOODEX JAPAN 2025 / 2025 Japan Meat Industry Fair 49th,https://www.jma-tradeshow.com/foodex/webguide_en/datafile/product_image1_9923.jpg,https://www.jma-tradeshow.com/foodex/webguide_en/product.php?no=9923
9936,Prawn Crackers,"Baked Goods | Cakes / Dessert | Bread | Japanese sweets | Gluten-free | Canned Products | Dried Fruits | Noodles | Soups | Dry Seafood | Pasta | Seafood | Savoury Baked Products | Savoury snacks | Vegetable snacks | Cereals / Fruit Bars | Crackers | Dates & Date Palm Products | Dried Fruit & Vegetables | Finger Food | Nuts | Popcorn | Salty Snacks | Packaging | Ready-to-eat Foods, Sealed Packaged Foods (e.g., curry, rice bowl toppings) | Rice Crackers & Healthy Snacks","Prawn Crackers , Shrimp chips, Banh phong tom","Bich Chi Shrimp Crackers are made from wheat flour and freshwater shrimp from the Mekong Delta, ensuring fresh and premium quality.",ISO9001 | ISO22000 | EU-HACCP | US-HACCP | HALAL | FDA | GMP | ASC(Aquaculture Stewardship Council),We have an importer,BICH CHI FOOD COMPANY,https://bichchi.com.vn/en,Overseas exhibitors | Exportable | Co-exhibitor | Organizer : VIETNAM TRADE PROMOTION CENTRE FOR AGRICULTURE,National Pavilion,E4-C03-3,"Prawn cracker, Rice noodle, Rice vermicelli, Rice paper, Instant noodle, Organic products, Snack, Nutrition powder, Food powder",FOODEX JAPAN 2025 / 2025 Japan Meat Industry Fair 49th,https://www.jma-tradeshow.com/foodex/webguide_en/datafile/product_image1_9936.jpg,https://www.jma-tradeshow.com/foodex/webguide_en/product.php?no=9936
9938,Rice Noodle,"Baked Goods | Cakes / Dessert | Bread | Japanese sweets | Gluten-free | Bottled Water | Carbonated Soft Drinks | Coffee | Energy Drinks | Flavoured Water | Instant Beverages | Juice | Non-alcoholic Beverages | Smoothies | Tea | Canned Products | Dried Fruits | Noodles | Soups | Dry Seafood | Pasta | Packaging | Ready-to-eat Foods, Sealed Packaged Foods (e.g., curry, rice bowl toppings)","With modern production processes, the product ensures delicious flavor and health safety","With modern production processes, the product ensures delicious flavor and health safety",ISO9001 | ISO22000 | EU-HACCP | US-HACCP | Other HACCP | HALAL | FDA | Non-GMO Certification,We have an importer,BICH CHI FOOD COMPANY,https://bichchi.com.vn/en,Overseas exhibitors | Exportable | Co-exhibitor | Organizer : VIETNAM TRADE PROMOTION CENTRE FOR AGRICULTURE,National Pavilion,E4-C03-3,"Prawn cracker, Rice noodle, Rice vermicelli, Rice paper, Instant noodle, Organic products, Snack, Nutrition powder, Food powder",FOODEX JAPAN 2025 / 2025 Japan Meat Industry Fair 49th,https://www.jma-tradeshow.com/foodex/webguide_en/datafile/product_image1_9938.jpg,https://www.jma-tradeshow.com/foodex/webguide_en/product.php?no=9938
9940,Rice Paper,"Baked Goods | Cakes / Dessert | Bread | Japanese sweets | Gluten-free | Canned Products | Dried Fruits | Noodles | Soups | Dry Seafood | Pasta | Savoury Baked Products | Savoury snacks | Vegetable snacks | Cereals / Fruit Bars | Crackers | Dates & Date Palm Products | Dried Fruit & Vegetables | Finger Food | Nuts | Popcorn | Salty Snacks | Packaging | Ready-to-eat Foods, Sealed Packaged Foods (e.g., curry, rice bowl toppings) | Rice Crackers & Healthy Snacks","Bich Chi Rice Paper is made from pure rice flour sourced from Sa Dec, a village renowned for its long-standing flour-making tradition",Bich Chi Rice Paper is the perfect choice for family meals or parties.,ISO9001 | ISO22000 | EU-HACCP | US-HACCP | Other HACCP | HALAL | FDA | GMP,We have an importer,BICH CHI FOOD COMPANY,https://bichchi.com.vn/en,Overseas exhibitors | Exportable | Co-exhibitor | Organizer : VIETNAM TRADE PROMOTION CENTRE FOR AGRICULTURE,National Pavilion,E4-C03-3,"Prawn cracker, Rice noodle, Rice vermicelli, Rice paper, Instant noodle, Organic products, Snack, Nutrition powder, Food powder",FOODEX JAPAN 2025 / 2025 Japan Meat Industry Fair 49th,https://www.jma-tradeshow.com/foodex/webguide_en/datafile/product_image1_9940.jpg,https://www.jma-tradeshow.com/foodex/webguide_en/product.php?no=9940
9944,Organic Products,"Baked Goods | Cakes / Dessert | Bread | Japanese sweets | Gluten-free | Eggs & Egg Products | Mushroom | Fresh Fruit & Vegetables | Canned Products | Dried Fruits | Noodles | Soups | Dry Seafood | Pasta | Organic Products | Savoury Baked Products | Savoury snacks | Vegetable snacks | Cereals / Fruit Bars | Crackers | Dates & Date Palm Products | Dried Fruit & Vegetables | Finger Food | Nuts | Popcorn | Salty Snacks | Packaging | Ready-to-eat Foods, Sealed Packaged Foods (e.g., curry, rice bowl toppings) | Rice Crackers & Healthy Snacks",Bich Chi Organic Rice noodle offer a perfect blend of natural flavor and health benefits.,"Made from high-quality organic rice, the product retains all the nutrients and is easy to prepare into various delicious, nutritious dishes",ISO9001 | ISO22000 | EU-HACCP | Other HACCP | HALAL | FSMA | USDA Organic Certification | EU Organic Certification,We don't have an importer,BICH CHI FOOD COMPANY,https://bichchi.com.vn/en,Overseas exhibitors | Exportable | Co-exhibitor | Organizer : VIETNAM TRADE PROMOTION CENTRE FOR AGRICULTURE,National Pavilion,E4-C03-3,"Prawn cracker, Rice noodle, Rice vermicelli, Rice paper, Instant noodle, Organic products, Snack, Nutrition powder, Food powder",FOODEX JAPAN 2025 / 2025 Japan Meat Industry Fair 49th,https://www.jma-tradeshow.com/foodex/webguide_en/datafile/product_image1_9944.jpg,https://www.jma-tradeshow.com/foodex/webguide_en/product.php?no=9944
9955,Frozen Snow Crab Cocktail Claws,Frozen Seafood | Seafood | Processed seafood products,"1. Hotels, restaurants, and catering services | | 2. Buffet and banquet operators | | 3. Premium retail and party food sections | | 4. Foodservice distributors handling appetizers","Fully processed and size-selected for uniform presentation and ease of use. | | Firm texture and rich crab flavor make this product ideal for premium menus. | | Simply thaw or lightly reheat to serve, minimizing labor while maintaining high visual impact.",ISO9001 | ISO22000 | US-HACCP | HALAL | FDA,,FUKUI CHUO-UOICHI,https://www.fukui-marunaka.co.jp/,Japan exhibitors | Exportable,Seafood,S1-K17,"We present a carefully selected lineup of four frozen snow crab products, developed to meet the diverse needs of retail and food service markets. | | Backed by our extensive experience and integrated production system, these products deliver consistent quality, reliable supply, and flexible applications for various business formats. | | Our lineup includes; | | 1. Frozen raw snow crab leg portions | Ideal for grilling, hot pot, steaming, and other cooking applications, offering natural flavor and flexibility for chefs and retailers. | | 2. Frozen Real Snow Crab Meat Flakes | Made from 100% genuine snow crab meat, suitable for salads, sushi, pasta, and ready-to-eat meals with easy portion control. | | 3. Frozen Snow Crab Cocktail Claws | Uniform in size with an attractive appearance, perfect for appetizers, buffet menus, and premium retail assortments. | | 4. Frozen Snow Crab Cooked Leg Meat (Shell-Free) | Fully cooked and ready to use, reducing preparation time and labor while supporting a wide range of food service and retail applications.",FOODEX JAPAN 2026 / 2026 Japan Meat Industry Fair 50th,https://www.jma-tradeshow.com/foodex/webguide_en/datafile/product_image1_176913135329.jpg,https://www.jma-tradeshow.com/foodex/webguide_en/product.php?no=9955
9959,Hot-Chain Vending Machine with AIoT Hot-chain Total Solution,Data Analysis | Sanitary | DX Solutuion,"Food & Beverage Wholesalers, Retailers, Catering & Institutional Food Services, Facility Management.","Fresh, Hot Meals in 9 Seconds | Labor Shortage Solution: Enables 24/7 unmanned operations, significantly reducing labor costs for food service. | High Flexibility: Compact design allows for installation in diverse locations—offices, construction sites, and medical facilities—without the need for a full kitchen. | Enhanced Corporate Benefits: Boosts employee satisfaction by ensuring access to warm, nutritious meals in any work environment.",ISO9001 | CE Mark | RCM、FCC、Giteki-R、Giteki-T、IEC CB、SGS、CQC,,Wada Foodtech Group,https://wadafoodtech.com/ja/,Japan exhibitors | Exportable,Start up,E7-DD14,,FOODEX JAPAN 2026 / 2026 Japan Meat Industry Fair 50th,,https://www.jma-tradeshow.com/foodex/webguide_en/product.php?no=9959
9963,Automatic Stir Fry Machine,Production Management | Order Management | Equipment Maintenance | Data Analysis | Cooking and Baking Equipment | Food Preparation Equipment | Food Manufacturing Equipment | Professional Services,"Restaurant, Hotel, Food Street","Cooking Robots & Automation Equipment, Automatic Cooking Suitable for variety of Cuisines",,,O-VIEW TECHNOLOGY,http://www.o-view.com.tw/web/of-type/,Overseas exhibitors | Exportable,,E7-S06,"Automatic Stir Fry, Robots, Automation Equipment",FOODEX TECH,https://www.jma-tradeshow.com/foodex/webguide_en/datafile/product_image1_9963.jpg,https://www.jma-tradeshow.com/foodex/webguide_en/product.php?no=9963
9968,Automatic Electric Griddle,Production Management | Order Management | Equipment Maintenance | Data Analysis | Cooking and Baking Equipment | Food Preparation Equipment | Food Manufacturing Equipment | Professional Services,"Restaurant, Hotel, Food Street","Fast heating, Automatic Timer, Timekeeping",,,O-VIEW TECHNOLOGY,http://www.o-view.com.tw/web/of-type/,Overseas exhibitors | Exportable,,E7-S06,"Automatic Stir Fry, Robots, Automation Equipment",FOODEX TECH,https://www.jma-tradeshow.com/foodex/webguide_en/datafile/product_image1_9968.jpg,https://www.jma-tradeshow.com/foodex/webguide_en/product.php?no=9968
9969,Automatic Stir Fry Machine,Production Management | Order Management | Equipment Maintenance | Data Analysis | Cooking and Baking Equipment | Food Preparation Equipment | Food Manufacturing Equipment | Professional Services,"Restaurant, Hotel, Food Street","Cooking Robots & Automation Equipment, Automatic Cooking Suitable for variety of Cuisines",,,O-VIEW TECHNOLOGY,http://www.o-view.com.tw/web/of-type/,Overseas exhibitors | Exportable,,E7-S06,"Automatic Stir Fry, Robots, Automation Equipment",FOODEX TECH,https://www.jma-tradeshow.com/foodex/webguide_en/datafile/product_image1_9969.jpg,https://www.jma-tradeshow.com/foodex/webguide_en/product.php?no=9969
9970,All in one cooker,Production Management | Order Management | Equipment Maintenance | Data Analysis | Cooking and Baking Equipment | Food Preparation Equipment | Food Manufacturing Equipment | Professional Services,"Restaurant, Hotel, Food Street, Kitchen","Automatic Stirring, Easy to cook",,,O-VIEW TECHNOLOGY,http://www.o-view.com.tw/web/of-type/,Overseas exhibitors | Exportable,,E7-S06,"Automatic Stir Fry, Robots, Automation Equipment",FOODEX TECH,https://www.jma-tradeshow.com/foodex/webguide_en/datafile/product_image1_9970.jpg,https://www.jma-tradeshow.com/foodex/webguide_en/product.php?no=9970
9980,Strawberry cube cake,Baked Goods | Cakes / Dessert,,,,We don't have an importer,Tokyo Strawberry ; Kato Farm,,Japan exhibitors | Exportable | Co-exhibitor | Organizer : Tokyo Strawberry Kato Farm /Tokyo Metropolitan Goverment,Exports from Japan,S1-A09-00,,FOODEX JAPAN 2025 / 2025 Japan Meat Industry Fair 49th,,https://www.jma-tradeshow.com/foodex/webguide_en/product.php?no=9980
9983,Butter puff pastry blocks,Frozen Dairy Products,"(industrial) bakeries, industrial food processing",,EU-HACCP,We have an importer,Van Ballegooijen Foods,https://www.vanballegooijenfoods.nl/,Overseas exhibitors | Exportable | Co-exhibitor | Organizer : Netherlands Pavilion,National Pavilion,E3-L09-B,"Butter puff pastry blocks, | Butter puff pastry sheets, | Butter croissant dough, | Butter retail packaging, | Butter 3D figures",FOODEX JAPAN 2025 / 2025 Japan Meat Industry Fair 49th,https://www.jma-tradeshow.com/foodex/webguide_en/datafile/product_image1_9983.jpg,https://www.jma-tradeshow.com/foodex/webguide_en/product.php?no=9983
9985,Butter puff pastry sheets,Frozen Dairy Products,"(industrial) bakeries, industrial food processing companies",,EU-HACCP,We don't have an importer,Van Ballegooijen Foods,https://www.vanballegooijenfoods.nl/,Overseas exhibitors | Exportable | Co-exhibitor | Organizer : Netherlands Pavilion,National Pavilion,E3-L09-B,"Butter puff pastry blocks, | Butter puff pastry sheets, | Butter croissant dough, | Butter retail packaging, | Butter 3D figures",FOODEX JAPAN 2025 / 2025 Japan Meat Industry Fair 49th,https://www.jma-tradeshow.com/foodex/webguide_en/datafile/product_image1_173944981529.jpg,https://www.jma-tradeshow.com/foodex/webguide_en/product.php?no=9985
10015,Ultra Coated French Fries,Frozen Fruit & Vegetables,"Foodservice, Retail, QSR, Take Away","Exceptional Crunchiness, Very Long Heat Retention, Extended Holding Time, Great Visual Appearance, Lower Oil Consumption, Less Fat Uptake, Versatile Preparation Methods",EU-HACCP | CE Mark | Non-GMO Certification | GFCO(Gluten-Free Certification Organization),We don't have an importer,LUTOSA,https://www.lutosa.com/ja/,Overseas exhibitors | Exportable | Co-exhibitor | Organizer : Flanders Investment & Trade,National Pavilion,E1-A12-20,"Frozen fries, Frozen Organic fries, chilled fries, frozen specialities mashed & shredded, dehydrated flakes",FOODEX JAPAN 2025 / 2025 Japan Meat Industry Fair 49th,https://www.jma-tradeshow.com/foodex/webguide_en/datafile/product_image1_10015.jpg,https://www.jma-tradeshow.com/foodex/webguide_en/product.php?no=10015
10047,TEMPURA PUMPKIN CHIPS,Vegetable snacks | Dried Fruit & Vegetables,PUMPKIN,"PUMPKIN,VEGETABLE,SNACK",HALAL | FDA,We have an importer,"WEIFANG DASHUN FOODSTUFFS CO.,LTD",,Overseas exhibitors | Exportable | Co-exhibitor | Organizer : Beijing TBOW International Exhibition Company,National Pavilion,E8-00,VACUUM FRIED VEGETABLE AND FRUIT SNACKS,FOODEX JAPAN 2025 / 2025 Japan Meat Industry Fair 49th,https://www.jma-tradeshow.com/foodex/webguide_en/datafile/product_image1_173951072609.jpg,https://www.jma-tradeshow.com/foodex/webguide_en/product.php?no=10047
10048,DRIED SHIITAKE MUSHROOM,Vegetable snacks | Dried Fruit & Vegetables,SHIITAKE MUSHROOM,SHIITAKE MUSHROOM,HALAL | FDA,We have an importer,"WEIFANG DASHUN FOODSTUFFS CO.,LTD",,Overseas exhibitors | Exportable | Co-exhibitor | Organizer : Beijing TBOW International Exhibition Company,National Pavilion,E8-00,VACUUM FRIED VEGETABLE AND FRUIT SNACKS,FOODEX JAPAN 2025 / 2025 Japan Meat Industry Fair 49th,https://www.jma-tradeshow.com/foodex/webguide_en/datafile/product_image1_173951134175.jpg,https://www.jma-tradeshow.com/foodex/webguide_en/product.php?no=10048
10050,FRIED SWEET POTATO STICKS,Vegetable snacks | Dried Fruit & Vegetables,SWEET POTATO,"SWEET POTATO,SNACK",HALAL | FDA,We have an importer,"WEIFANG DASHUN FOODSTUFFS CO.,LTD",,Overseas exhibitors | Exportable | Co-exhibitor | Organizer : Beijing TBOW International Exhibition Company,National Pavilion,E8-00,VACUUM FRIED VEGETABLE AND FRUIT SNACKS,FOODEX JAPAN 2025 / 2025 Japan Meat Industry Fair 49th,,https://www.jma-tradeshow.com/foodex/webguide_en/product.php?no=10050
10051,FRIED YAM CHIPS,Vegetable snacks | Dried Fruit & Vegetables,YAM CHIPS,YAM,HALAL | FDA,We have an importer,"WEIFANG DASHUN FOODSTUFFS CO.,LTD",,Overseas exhibitors | Exportable | Co-exhibitor | Organizer : Beijing TBOW International Exhibition Company,National Pavilion,E8-00,VACUUM FRIED VEGETABLE AND FRUIT SNACKS,FOODEX JAPAN 2025 / 2025 Japan Meat Industry Fair 49th,https://www.jma-tradeshow.com/foodex/webguide_en/datafile/product_image1_173951314624.jpg,https://www.jma-tradeshow.com/foodex/webguide_en/product.php?no=10051
10083,Tiramisu Kit ready in 5 simple steps,Baked Goods | Cakes / Dessert | Vegetarian | Halal,,,EU-HACCP | HALAL | FDA | IFS,We don't have an importer,TIPICO - LA BUONA SARDEGNA,https://www.tipicodisardegna.com/,Overseas exhibitors | Exportable | Co-exhibitor | Organizer : Italian Pavilion,National Pavilion,E1-A24-125,"savoiardi, ladyfingers, tiramisu kit, typical bread pane carasau, pane guttiau, typical pasta fregula tostata, malloreddus pasta, panscrok savoury snack",FOODEX JAPAN 2025 / 2025 Japan Meat Industry Fair 49th,https://www.jma-tradeshow.com/foodex/webguide_en/datafile/product_image1_10083.jpg,https://www.jma-tradeshow.com/foodex/webguide_en/product.php?no=10083
10089,Organic 100% Buckwheat Pasta,Noodles | Pasta | Vegetarian | Vegan | Organic Products,"Health-conscious consumers | Organic & gluten-free product markets | Retail, HoReCa, Private Label","100% natural, only two ingredients: organic buckwheat flour and water | Certified organic & gluten-free (available) | Long shelf life (36 months) |",EU-HACCP | Organic JAS Mark | EU Organic Certification | FSSC22000 ISO14000,We don't have an importer,BIORINA (Lasu duona),https://www.biorina.com/en,Overseas exhibitors | Exportable | Co-exhibitor | Organizer : Lithuania LitFOOD,National Pavilion,E2-C17-00,"Buckwheat groats, buckwheat flour, buckwheat flakes, 100% buckwheat pasta, organic buckwheat, gluten-free flour, gluten-free pasta, gluten-free buckwheat",FOODEX JAPAN 2025 / 2025 Japan Meat Industry Fair 49th,https://www.jma-tradeshow.com/foodex/webguide_en/datafile/product_image1_173954265840.jpg,https://www.jma-tradeshow.com/foodex/webguide_en/product.php?no=10089
10107,IQF MANGO,Frozen Fruit & Vegetables | Halal | Kosher,"mango, fruits, IQF mango, IQF fruits, frozen mango, frozen fruits","✔ Premium Quality – Carefully selected, ripe mangoes processed at peak freshness. | ✔ 100% Natural – No preservatives, artificial colors, or added sugar. | ✔ Consistent Supply – Available year-round for bulk orders. | ✔ Convenient & Versatile – IQF technology ensures easy portioning and minimal waste.",ISO22000 | HALAL | FDA | GAP | Non-GMO Certification,We don't have an importer,WEST FOOD COMPANY,,Overseas exhibitors | Exportable | Co-exhibitor | Organizer : VIETNAM TRADE PROMOTION CENTRE FOR AGRICULTURE,National Pavilion,E4-C03-18,,FOODEX JAPAN 2025 / 2025 Japan Meat Industry Fair 49th,https://www.jma-tradeshow.com/foodex/webguide_en/datafile/product_image1_10107.jpg,https://www.jma-tradeshow.com/foodex/webguide_en/product.php?no=10107
10108,IQF PINEAPPLE,Frozen Fruit & Vegetables,"Pineapple, fruits, frozen pineapple, frozen fruits, IQF pineapple, IQF fruits","✔ Fresh & Sweet – Sourced from high-quality farms with optimal ripeness. | ✔ IQF Technology – Ensures fresh taste, texture, and easy portioning. | ✔ 100% Natural – No preservatives, artificial colors, or added sugar. | ✔ Customizable – Available in slices, chunks, or dice per customer request.",ISO22000 | HALAL | FDA,We don't have an importer,WEST FOOD COMPANY,,Overseas exhibitors | Exportable | Co-exhibitor | Organizer : VIETNAM TRADE PROMOTION CENTRE FOR AGRICULTURE,National Pavilion,E4-C03-18,,FOODEX JAPAN 2025 / 2025 Japan Meat Industry Fair 49th,https://www.jma-tradeshow.com/foodex/webguide_en/datafile/product_image1_10108.jpg,https://www.jma-tradeshow.com/foodex/webguide_en/product.php?no=10108
10111,Baby corn cup in brine,"Canned Products | Halal | Kosher | Ready-to-eat Foods, Sealed Packaged Foods (e.g., curry, rice bowl toppings)","Baby corn cup in brine, baby corn, plastic cup baby corn","✔ Farm-Fresh Quality – Harvested at the perfect size for sweetness and crunch. | ✔ Versatile Use – Ideal for both Western and Asian culinary applications. | ✔ Convenient Packaging – Pre-trimmed and ready-to-use in food processing. | ✔ No Artificial Additives – Retains natural color, taste, and nutrients.",ISO22000 | HALAL | FDA | GAP,We don't have an importer,WEST FOOD COMPANY,,Overseas exhibitors | Exportable | Co-exhibitor | Organizer : VIETNAM TRADE PROMOTION CENTRE FOR AGRICULTURE,National Pavilion,E4-C03-18,,FOODEX JAPAN 2025 / 2025 Japan Meat Industry Fair 49th,https://www.jma-tradeshow.com/foodex/webguide_en/datafile/product_image1_10111.jpg,https://www.jma-tradeshow.com/foodex/webguide_en/product.php?no=10111
10112,Dry Roasted And Unsalted Cashews,Health & Wellness Products | Nuts,"Wholesale, distributor, importer, supermarket, mall","High quality – Meets international standards | Certified standards: Halal, Kosher, BRC, FDA | Strict quality control","HALAL | FDA | BRC, Kosher",We don't have an importer,AN KHANG FOODS JSC,https://ankhangfoods.com,Overseas exhibitors | Exportable | Co-exhibitor | Organizer : VIETNAM TRADE PROMOTION CENTRE FOR AGRICULTURE,National Pavilion,E4-C03-22,"Dry Roasted and Unsalted Cashews, Dry Roasted And Salted Cashews with skin, Mixed Nuts Salted, Roasted and Black Sesame Cashews, Dry Roasted and BBQ Cashews",FOODEX JAPAN 2025 / 2025 Japan Meat Industry Fair 49th,https://www.jma-tradeshow.com/foodex/webguide_en/datafile/product_image1_173959395562.jpg,https://www.jma-tradeshow.com/foodex/webguide_en/product.php?no=10112
10119,Chocolate with Strawberry Powder,Cakes / Dessert,"In department stores, this product is particularly well-suited for young people who love sweet treats, especially those in their late teens to early twenties. Additionally, since it contains fruit-derived nutrients, it appeals to those who want to enjoy delicious sweets while being mindful of their health. Strawberries are especially popular among women, making it a great choice for gifts, which increases its demand in the gifting market. Furthermore, it is also perfect for those who enjoy café culture and baking.","This luxurious chocolate is made with Fukuoka Prefecture's ""Amaou"" strawberries and strawberry powder. The powder is processed in-house without heat treatment, allowing the natural nutritional value and flavor of the strawberries to be preserved in the product.",,We don't have an importer,"YAHIME Co., Ltd",,Japan exhibitors | Exportable | Co-exhibitor | Organizer : Fukuoka Chamber of Commerce and Industry,Exports from Japan,,,FOODEX JAPAN 2025 / 2025 Japan Meat Industry Fair 49th,https://www.jma-tradeshow.com/foodex/webguide_en/datafile/product_image1_10119.jpg,https://www.jma-tradeshow.com/foodex/webguide_en/product.php?no=10119
10161,Premium Bird's Nest 大绿盒,Health & Wellness Products,"Distributor, Importer |","Natural ingredients, no artificial and preservative",,We don't have an importer,MBN ENTERPRISE SDN BHD,https://www.mymbn.com.my/,Overseas exhibitors | Exportable | Co-exhibitor | Organizer : Malaysia External Trade Development Corporation,National Pavilion,E5-Z17-8,"Bird's Nest, Edible Bird's Nest",FOODEX JAPAN 2025 / 2025 Japan Meat Industry Fair 49th,,https://www.jma-tradeshow.com/foodex/webguide_en/product.php?no=10161
10203,Bitessense Coconut snack bars,Baked Goods | Gluten-free | Health & Wellness Products | Vegan | Halal | Kosher | Organic Products | Rice Crackers & Healthy Snacks,"Coco Bites are a great source of fibre. They can be enjoyed by more people, including vegans and people who are allergic to gluten, eggs and dairy products. Try Coco Bites these snacks are irresistible and every bite will make you fall in love with them a little more",,EU-HACCP | US-HACCP | FSMA | FDA | GMP | Organic JAS Mark | USDA Organic Certification | EU Organic Certification | Non-GMO Certification | GFCP(Gluten Free Certification Program),We don't have an importer,KTT MERCHANDISE COMPANY LIMITED,,Overseas exhibitors | Exportable | Co-exhibitor | Organizer : THAILAND,National Pavilion,E4-A21-13,,FOODEX JAPAN 2025 / 2025 Japan Meat Industry Fair 49th,https://www.jma-tradeshow.com/foodex/webguide_en/datafile/product_image1_173977711450.jpg,https://www.jma-tradeshow.com/foodex/webguide_en/product.php?no=10203
10219,Smoked eggs,Eggs & Egg Products | Halal | Organic Products | Finger Food,,,ISO9001 | ISO22000 | HALAL,We don't have an importer,Belarus Pavilion,,Overseas exhibitors | Exportable | Co-exhibitor | Organizer : Belarus Pavilion,National Pavilion,E5-AA14-00,,FOODEX JAPAN 2025 / 2025 Japan Meat Industry Fair 49th,https://www.jma-tradeshow.com/foodex/webguide_en/datafile/product_image1_10219.jpg,https://www.jma-tradeshow.com/foodex/webguide_en/product.php?no=10219
10254,Pre-cooked Suckling Pig,Frozen Meat,"Distributors, supermarkets, foodservice, e-commerce",Traditional specialty with premium quality and authentic flavor. Perfect for gourmet cuisine and festive occasions.,EU-HACCP | IFS,,TABLADILLO,https://www.tabladillo.es,Overseas exhibitors | Exportable | Co-exhibitor | Organizer : ICEX SPAIN TRADE AND INVESTMENTS,National Pavilion,W1-B01-076,"Frozen suckling pig, Pre-cooked suckling pig",FOODEX JAPAN 2026 / 2026 Japan Meat Industry Fair 50th,https://www.jma-tradeshow.com/foodex/webguide_en/datafile/product_image1_10254.jpg,https://www.jma-tradeshow.com/foodex/webguide_en/product.php?no=10254
10293,Vacuum-Packed Atka Mackerel (2 Fillets),Frozen Seafood | Seafood | Processed seafood products,Small households / Couples / Overseas Japanese food fans,"Our Atka mackerel is carefully selected and processed using only fish landed at peak season fishing grounds. | When grilled slowly, the outside becomes perfectly aromatic while the inside stays soft and fluffy. | With each bite, rich, flavorful juices flow out. | | Our company’s flagship Atka mackerel is prepared as a vacuum-packed, two-piece portion. | Vacuum sealing helps prevent oxidation after opening, keeping the fish fresh to the very last bite. | Ideal for couples and small households, it allows you to cook only what you need with no extra preparation.",,,"Wadatsumi Co., Ltd.",https://wadatsumi.blue/,Japan exhibitors | Exportable | Co-exhibitor | Organizer : Fukushima Center For Industrial Promotion,Local Specialities in Japan,S4-N38-014,"Shimahokke Dried Fish (Bulk / Vacuum-Packed),Shimahokke Dried Fish, 2-Piece Vacuum Pack,Soy Sauce–Marinated Shimahokke Dried Fish (Bulk / Vacuum-Packed),Mirin-Marinated Shimahokke Dried Fish with Glossy Finish (Bulk / Vacuum-Packed),Mahokke Dried Fish (Bulk / Vacuum-Packed)",FOODEX JAPAN 2026 / 2026 Japan Meat Industry Fair 50th,,https://www.jma-tradeshow.com/foodex/webguide_en/product.php?no=10293
10332,sweet energy mountain bonjung chocolate zero(Korea chocolate),Cakes / Dessert | Gluten-free | Health & Wellness Products | Vegan | Packaging | Sanitary,"✅1. Functional & Wellness Food Market | *Consumers seeking health snacks, immune support, and fatigue recovery. | *Those preferring zero-sugar, preservative-free wellness products. | | ✅ 2. Premium Chocolate Market | *Luxury chocolate lovers and high-income consumers. | *Buyers looking for premium, functional chocolate. | *Exclusive gift option for department stores, hotels, and golf courses. | | ✅ 3. Active & Outdoor Lifestyle Market | *Fitness enthusiasts needing pre/post-workout energy. | *Hikers, campers, golfers, and travelers seeking a temperature-resistant snack. | | ✅ 4. Business & Office Worker Market | *Busy professionals & frequent travelers needing a portable energy boost. | | ✅ 5. Diet & Vegan Chocolate Market | *Calorie-conscious consumers preferring zero-sugar chocolate. | *Vegan-friendly for those seeking a plant-based alternative. | | ✅ 6. Middle-Aged & Senior Health Market (40–60s+) | *Those prioritizing immune health & fatigue recovery. | | ✅ 7. Japan’s K-Food & Functional Food Market | *Consumers interested in Korean wild ginseng & premium K-food. | | ✅ 8. B2B Market – Retailers, Suppliers, Importers | Retailers & distributors expanding Japan’s premium health snack market.","Premium Ingredients & Wellness-Oriented | *Made with Korean wild ginseng cultured roots and Belgian zero-sugar chocolate for a luxurious and healthy treat. | *A preservative-free formula, ensuring a natural and wellness-focused chocolate experience. | | ✅ Innovative Stick-Type Liquid Chocolate | *A stick chocolate format, offering liquid chocolate that is easy to consume. | *No mess, no sticky hands, making it a convenient and clean snacking option. | | ✅ Convenient Storage & Consumption | *Can be consumed regardless of temperature, making it suitable for all seasons. | *Stored at room temperature, eliminating the need for refrigeration. | *A mortgage snack & mortgage dessert, ideal for a quick energy boost or an indulgent break. | | ✅ A Perfect Combination of Health & Indulgence | *A premium chocolate designed for both health-conscious individuals and chocolate lovers. | *A wellness-oriented chocolate, fitting the needs of those looking for a functional yet delicious treat. | | ✅ A Premium Gift Option | *A thoughtful and luxurious chocolate gift, perfect for Valentine’s Day, White Day, and year-end holidays. | *Ideal as a premium health snack for parents, bosses, and VIP clients.",Other HACCP,We don't have an importer,"BONJUNG CHOCOLATE CO., LTD",,Overseas exhibitors | Exportable | Co-exhibitor | Organizer : Korea Agro-Fisheries & Food Trade Corporation,National Pavilion,E5-A20-00,"sweet energy mountain ginseng chocolate, bonjung ginseng chocolate, bonjung red ginseng chocolate, bonjung memory chocolate, chocolate ball, stick chocolate, heart chocolate, salt chocolate, pouch chocolate, korea chocolate",FOODEX JAPAN 2025 / 2025 Japan Meat Industry Fair 49th,https://www.jma-tradeshow.com/foodex/webguide_en/datafile/product_image1_173986649741.jpg,https://www.jma-tradeshow.com/foodex/webguide_en/product.php?no=10332
10353,ALL-PURPOSE BROTH PACK (SOUP STOCK BAGS),Production Management | Comprehensive Logistics | Powdered Seasoning | Dry Seafood | Processed seafood products | Packaging | Sanitary | Food Manufacturing Equipment,Retailers and distributors targeting health-conscious housewives (30s to 50s) and seniors (no MSG) who prefer natural ingredients.,"100% of all agricultural and fishery products made in Korea, harmonization of mushrooms and seafood, 4 mushrooms (78%) + 3 seafood (22%), utilization of various dishes","ISO9001 | ISO22000 | Other HACCP | FSSC22000, K-FOOD",,"CM F&B Co., Ltd",https://cmfnb.co.kr/,Overseas exhibitors | Exportable | Co-exhibitor | Organizer : Korea Agro-Fisheries & Food Trade Corporation,National Pavilion,E5-A48-D20,"HANSAENGWON JEONJU BEAN NAMUL HANGOVER BROTH PACK (SOUP STOCK BAGS), HANSAENGWON MUSHROOM BROTH PACK (SOUP STOCK BAGS), ALL-PURPOSE BROTH PACK (SOUP STOCK BAGS), DRIED POLLACK POWDER,DEEP SEA MUSHROOM SALT | (SEASONING SALT)",FOODEX JAPAN 2026 / 2026 Japan Meat Industry Fair 50th,https://www.jma-tradeshow.com/foodex/webguide_en/datafile/product_image1_10353.jpg,https://www.jma-tradeshow.com/foodex/webguide_en/product.php?no=10353
10358,Ladyfingers - Tiramisù,Baked Goods | Cakes / Dessert,HO.RE.CA - CONSUMER - RETAIL,Retail - Food service,,We don't have an importer,Biscottificio Verona - Marini,,Overseas exhibitors | Exportable | Co-exhibitor | Organizer : Italian Pavilion,National Pavilion,E1-A24-74,,FOODEX JAPAN 2025 / 2025 Japan Meat Industry Fair 49th,,https://www.jma-tradeshow.com/foodex/webguide_en/product.php?no=10358
10367,Cream-filled biscuits,Baked Goods | Cakes / Dessert,CONSUMER – RETAIL,Retail - Food service,,We don't have an importer,Biscottificio Verona - Marini,,Overseas exhibitors | Exportable | Co-exhibitor | Organizer : Italian Pavilion,National Pavilion,E1-A24-74,,FOODEX JAPAN 2025 / 2025 Japan Meat Industry Fair 49th,,https://www.jma-tradeshow.com/foodex/webguide_en/product.php?no=10367
10371,Cantuccini,Baked Goods | Cakes / Dessert,CONSUMER – RETAIL,Retail - Food service,,We don't have an importer,Biscottificio Verona - Marini,,Overseas exhibitors | Exportable | Co-exhibitor | Organizer : Italian Pavilion,National Pavilion,E1-A24-74,,FOODEX JAPAN 2025 / 2025 Japan Meat Industry Fair 49th,https://www.jma-tradeshow.com/foodex/webguide_en/datafile/product_image1_173989032001.jpg,https://www.jma-tradeshow.com/foodex/webguide_en/product.php?no=10371
10409,Coconut Water,Instant Beverages | Juice | Non-alcoholic Beverages | Vegetarian | Vegan | Halal | Kosher | Organic Products | Plant-based / Alternative Foods,"Plant-based, Organic & Wellness, Drinks, Plant-based Drinks, Vegan |","Japan, Vietnam, Korea, USA, UAE, EU countries",ISO9001 | ISO22000 | Other HACCP | HALAL | FDA | GMP | CCC(China Compulsory Certification) | Organic JAS Mark | USDA Organic Certification | EU Organic Certification | Non-GMO Certification,We have an importer,LUONG QUOI COCONUT,https://www.luongquoi.vn/,Overseas exhibitors | Exportable | Co-exhibitor | Organizer : VIETNAM TRADE PROMOTION CENTRE FOR AGRICULTURE,National Pavilion,E4-C03-16,"Coconut Milk, Coconut Cream, Coconut Milk Beverage (for drinking directly), Coconut Water, Extra Virgin Coconut Oil, Refined Coconut Oil, Coconut Flour, Dessicated Coconut, Coconut Butter, Toasted Coconut Chips, Coconut Caramel Sauce",FOODEX JAPAN 2025 / 2025 Japan Meat Industry Fair 49th,https://www.jma-tradeshow.com/foodex/webguide_en/datafile/product_image1_173993762875.jpg,https://www.jma-tradeshow.com/foodex/webguide_en/product.php?no=10409
10523,COFFEE BLEND IN BEANS,Coffee | Coffee Beans,"DISTRIBUTORS, IMPORTERS",COFFEE SHOP AND HORECA CHANNEL AND RETAIL,ISO9001 | EU-HACCP | CCC(China Compulsory Certification),We have an importer,Caffen srl,https://www.caffen.it,Overseas exhibitors | Exportable | Co-exhibitor | Organizer : REGIONE CAMPANIA,Imports Food,E3-S18-00,"coffee, coffee in beans, coffee pods, coffee in capsules",FOODEX JAPAN 2025 / 2025 Japan Meat Industry Fair 49th,https://www.jma-tradeshow.com/foodex/webguide_en/datafile/product_image1_174006406558.jpg,https://www.jma-tradeshow.com/foodex/webguide_en/product.php?no=10523
10524,COFFEE PODS,Coffee,"DISTRIBUTORS, IMPORTERS, RETAIL","COFFEE SHOP, RESTAURANT, RETAIL",ISO9001 | EU-HACCP | CCC(China Compulsory Certification),We have an importer,Caffen srl,https://www.caffen.it,Overseas exhibitors | Exportable | Co-exhibitor | Organizer : REGIONE CAMPANIA,Imports Food,E3-S18-00,"coffee, coffee in beans, coffee pods, coffee in capsules",FOODEX JAPAN 2025 / 2025 Japan Meat Industry Fair 49th,https://www.jma-tradeshow.com/foodex/webguide_en/datafile/product_image1_174006515709.jpg,https://www.jma-tradeshow.com/foodex/webguide_en/product.php?no=10524
10537,Unibee Delicious Propolis Jelly,Fortified & Functional Products | Health & Wellness Products,"Anyone, regardless of age or gender","-It can be consumed naturally by chewing without water, and it tastes good, so anyone can enjoy it | -Easy to carry, so you can consume it anytime, anywhere | -Refreshing Shine Muscat flavor | -Selected as a world-class product | -Manufactured by convergence of 5 patented technologies","ISO9001 | ISO22000 | Other HACCP | GMP | FSSC22000, Brand K",We have an importer,"Unique Biotech Co.,Ltd",https://en.uniquebiotech.co.kr,Overseas exhibitors | Exportable | Co-exhibitor | Organizer : Korea Agro-Fisheries & Food Trade Corporation,National Pavilion,E5-A20,"Delicious Propolis (Powder), Delicious Chewable Propolis (Tablets), Delicious Propolis Jelly, Delicious Propolis Kids Jelly, Propolis Spray, Propolis Liquid",FOODEX JAPAN 2025 / 2025 Japan Meat Industry Fair 49th,https://www.jma-tradeshow.com/foodex/webguide_en/datafile/product_image1_10537.jpg,https://www.jma-tradeshow.com/foodex/webguide_en/product.php?no=10537
10560,MARINADED MACKEREL,Seafood,,"We use rice vinegar from Kagawa Prefecture, which is made using an ancient Japanese brewing method that has been passed down for over 230 years in Takamatsu, Shikoku. Please enjoy this product, which is made by marinating carefully selected mackerel rich in fat in high-quality rice vinegar that has a mellow flavor and richness despite its sourness.",Other HACCP,We don't have an importer,"YOSHUKOGYO CO.,Ltd.",,"Japan exhibitors | Exportable | Co-exhibitor | Organizer : Ehime Prefecture Agriculture, Commerce and Industry Exhibition Executive Committee / Uwajima City / Yawatahama City / Ozu City / Seiyo City",Local Specialities in Japan,S2-Q09-00,"Kelp salted saba(mackerel) , Saba (mackerel) cutlet, Simmered in miso, Shime saba (mackerel) for roasting",FOODEX JAPAN 2025 / 2025 Japan Meat Industry Fair 49th,https://www.jma-tradeshow.com/foodex/webguide_en/datafile/product_image1_10560.jpg,https://www.jma-tradeshow.com/foodex/webguide_en/product.php?no=10560
10561,MISO-SIMMERED MACKEREL,Seafood,,"Enjoy a product in which carefully selected fatty mackerel is marinated in a balanced miso, which is a well-balanced blend of rich red miso and sweet white miso. In addition, the meat is pressurized, so the meat is soft and soaks up the flavor. You can eat it down to the bone.",Other HACCP,We don't have an importer,"YOSHUKOGYO CO.,Ltd.",,"Japan exhibitors | Exportable | Co-exhibitor | Organizer : Ehime Prefecture Agriculture, Commerce and Industry Exhibition Executive Committee / Uwajima City / Yawatahama City / Ozu City / Seiyo City",Local Specialities in Japan,S2-Q09-00,"Kelp salted saba(mackerel) , Saba (mackerel) cutlet, Simmered in miso, Shime saba (mackerel) for roasting",FOODEX JAPAN 2025 / 2025 Japan Meat Industry Fair 49th,https://www.jma-tradeshow.com/foodex/webguide_en/datafile/product_image1_10561.jpg,https://www.jma-tradeshow.com/foodex/webguide_en/product.php?no=10561
10562,FISH STICKS（MACKEREL CUTLET）,Seafood,,Selected mackerel with plenty of fat is fried to make it crispy on the outside and juicy on the inside. | You can also enjoy it as a delicious mackerel cutlet burger by sandwiching the fried mackerel cutlet between bread. | Enjoy with tartar sauce or other sauces if you like. |,Other HACCP,We don't have an importer,"YOSHUKOGYO CO.,Ltd.",,"Japan exhibitors | Exportable | Co-exhibitor | Organizer : Ehime Prefecture Agriculture, Commerce and Industry Exhibition Executive Committee / Uwajima City / Yawatahama City / Ozu City / Seiyo City",Local Specialities in Japan,S2-Q09-00,"Kelp salted saba(mackerel) , Saba (mackerel) cutlet, Simmered in miso, Shime saba (mackerel) for roasting",FOODEX JAPAN 2025 / 2025 Japan Meat Industry Fair 49th,https://www.jma-tradeshow.com/foodex/webguide_en/datafile/product_image1_10562.jpg,https://www.jma-tradeshow.com/foodex/webguide_en/product.php?no=10562
10640,Kochi Prefecture farmd yellowtail fillet,Seafood,"Retail, restaurants, wholesale","Grown in the offshore waters of Otsuki Town in southwestern Kochi Prefecture, our fish thrive in an environment blessed with warm water temperatures throughout the year—ideal conditions for aquaculture in every respect. | Our feed includes a proprietary blend of vitamin-rich powder developed in-house to enhance the quality of the fish. As a result, the dark red flesh retains its vibrant color longer and offers an exceptionally appealing appearance. To further elevate the flavor, we also incorporate umami-rich ingredients such as seaweed powder, shrimp meal, and crab meal. | We invite you to experience the exceptional taste and quality for yourself.",EU-HACCP | Other HACCP | Marine Eco-Label Japan Council,,"MATSUOKA CO., LTD.",,Japan exhibitors | Exportable | Co-exhibitor | Organizer : Kochi Seafood Export Promotion Association,Seafood,S1-Q17-002,"Yellowtail fillet, yellowtail loin, bluefin tuna saku, golden eye snapper",FOODEX JAPAN 2026 / 2026 Japan Meat Industry Fair 50th,https://www.jma-tradeshow.com/foodex/webguide_en/datafile/product_image1_10640.jpg,https://www.jma-tradeshow.com/foodex/webguide_en/product.php?no=10640
10661,Frozen Mediterranean Shrimps and Seafood,Dry Seafood | Frozen Baked Goods | Frozen Dairy Products | Frozen Fruit & Vegetables | Frozen Meat | Frozen Seafood | Frozen Ready Meals | Ice Cream / Sorbet Gelato,Seafod - Frozen Mediterranean Shrimps and Seafood,"Italy | Lungomazzaro Ducezio, 14 | Via Castelvetrano, 32 | 91026 - Mazara del Vallo (TP) | Fisso: +39 0923 943541 | Cellulare: +39 352 075 7120 | Email: info.sicilianafish@gmail.com",ISO9001 | ISO22000 | BRC - IFS,,COSVAP - DISTRETTO PESCA E CRESCITA BLU,,Overseas exhibitors | Exportable | Co-exhibitor | Organizer : Italian Pavilion,National Pavilion,W2-K29-113,"anchovies, bottarga, olive oil, dried tomatoes, truffle products",FOODEX JAPAN 2026 / 2026 Japan Meat Industry Fair 50th,https://www.jma-tradeshow.com/foodex/webguide_en/datafile/product_image1_10661.jpg,https://www.jma-tradeshow.com/foodex/webguide_en/product.php?no=10661
10697,AUGUST 17TH JULIUS,Spirits | Whiskey,Spirits,HEA,CE Mark,We have an importer,WAVE DISTIL,https://wavedistil.be/en/,"Overseas exhibitors | Exportable | Co-exhibitor | Organizer : Wallonia Export Investment Agency, Belgium",National Pavilion,E1-U12,"August 17th Single malt whisky, Sax Single malt whisky, Gemblue Gin, Cosmik Vodka",FOODEX JAPAN 2025 / 2025 Japan Meat Industry Fair 49th,,https://www.jma-tradeshow.com/foodex/webguide_en/product.php?no=10697
10712,ARISTON Balsamic Vinegar,Liquid Seasoning,"Supermarkets, convenience stores, specialty stores, catering","With a lot of interesting and unique tastes, our balsamic vinegars are ready to take your salads to the next level!",ISO9001 | ISO22000 | HALAL,We have an importer,KITI Company Limited,https://kiti-coltd.com/,Overseas exhibitors | Exportable,Condiments / Seasoning,E1-C06,"Olive oil, | Extra Virgin Olive oil, | Infused oils, | Balsamic vinegar, | Spice product, | Honey, | Asian sauce, dressing, | Roasted Coated Cashew Nuts, | Asian snack, | Okinawa products, | health food products, | Dole mango juice, related, | Dole Canned, | Chinese sauce, | Chinese cheesecake, snack | Chinese condiment, | Okra tea, | Okra powder, food with functional claims, ale from okra, | Kanoya organic green papaya leaf tea, | Healthy moringa powder, | Nejime loquat tea, | Memorin EX, |",FOODEX JAPAN 2025 / 2025 Japan Meat Industry Fair 49th,https://www.jma-tradeshow.com/foodex/webguide_en/datafile/product_image1_10712.jpg,https://www.jma-tradeshow.com/foodex/webguide_en/product.php?no=10712
10717,ARISTON Honey,"Spreads, Honey & Jams","Supermarkets, convenience stores, specialty stores, catering","The most raw food sweetener, nature has to offer! Use it everywhere; dressings, coffee/tea, on top of cereals, biscuits and cakes. Coat your favorite roast to give an extra sweet taste to it, or include it in your most complex marinade. And don’t forget: a tsp a day makes the cough go away!",,We have an importer,KITI Company Limited,https://kiti-coltd.com/,Overseas exhibitors | Exportable,Condiments / Seasoning,E1-C06,"Olive oil, | Extra Virgin Olive oil, | Infused oils, | Balsamic vinegar, | Spice product, | Honey, | Asian sauce, dressing, | Roasted Coated Cashew Nuts, | Asian snack, | Okinawa products, | health food products, | Dole mango juice, related, | Dole Canned, | Chinese sauce, | Chinese cheesecake, snack | Chinese condiment, | Okra tea, | Okra powder, food with functional claims, ale from okra, | Kanoya organic green papaya leaf tea, | Healthy moringa powder, | Nejime loquat tea, | Memorin EX, |",FOODEX JAPAN 2025 / 2025 Japan Meat Industry Fair 49th,https://www.jma-tradeshow.com/foodex/webguide_en/datafile/product_image1_10717.jpg,https://www.jma-tradeshow.com/foodex/webguide_en/product.php?no=10717
10722,KALISTA Infused Oils,Vegetable & Animal Oils & Fats,"Supermarkets, convenience stores, specialty stores",Extra virgin olive oil is made simply by crushing olives and extracting the juice. It is the only cooking oil that is made without the use of chemicals and industrial refining.,ISO9001 | ISO22000 | HALAL,We have an importer,KITI Company Limited,https://kiti-coltd.com/,Overseas exhibitors | Exportable,Condiments / Seasoning,E1-C06,"Olive oil, | Extra Virgin Olive oil, | Infused oils, | Balsamic vinegar, | Spice product, | Honey, | Asian sauce, dressing, | Roasted Coated Cashew Nuts, | Asian snack, | Okinawa products, | health food products, | Dole mango juice, related, | Dole Canned, | Chinese sauce, | Chinese cheesecake, snack | Chinese condiment, | Okra tea, | Okra powder, food with functional claims, ale from okra, | Kanoya organic green papaya leaf tea, | Healthy moringa powder, | Nejime loquat tea, | Memorin EX, |",FOODEX JAPAN 2025 / 2025 Japan Meat Industry Fair 49th,https://www.jma-tradeshow.com/foodex/webguide_en/datafile/product_image1_10722.jpg,https://www.jma-tradeshow.com/foodex/webguide_en/product.php?no=10722
10787,RED PESTO,Vegetarian | Solid Seasonings,RED PESTO,RED PESTO 130G MADE WITH SUN DRIED TOMATOES,ISO9001,We don't have an importer,La Gallinara Srl,https://www.lagallinara.it,Overseas exhibitors | Exportable | Co-exhibitor | Organizer : Italian Pavilion,National Pavilion,E1-A24-93,pesto genovese | genoa pesto | red pesto | pistachio pesto | lemon pesto,FOODEX JAPAN 2025 / 2025 Japan Meat Industry Fair 49th,https://www.jma-tradeshow.com/foodex/webguide_en/datafile/product_image1_174048111438.jpg,https://www.jma-tradeshow.com/foodex/webguide_en/product.php?no=10787
10804,Banana Purée,Frozen Fruit & Vegetables,Bakeries / Baking Manufacturers | Biscuit and Snack Manufacturers | Ice Cream and Frozen Dessert Manufacturers | Beverage and Smoothie Brands | Central Kitchens / Foodservice Central Kitchens | Children’s Food Manufacturers | Senior Nutrition / Elderly Food Manufacturers | Export Ingredient Traders / Ingredient Exporters,"*No added flavorings or colorings. | *A natural banana purée suitable for various food applications. | *No Artificial Flavoring: 100% banana, naturally sweet | *Consistent Quality: Stable flavor, color, and texture for industrial use | *Convenient & Ready-to-Use: Saves labor, reduces banana handling and waste | *Versatile Application: Suitable for bakery, snack, ice cream, beverages, and baby food | *Traceable & Safe: Produced from carefully selected Taiwanese bananas",ISO22000 | Other HACCP,,RU JI FOODS,https://www.flno1.com.tw/,Overseas exhibitors | Exportable | Co-exhibitor | Organizer : Taiwan External Trade Development Council,National Pavilion,E5-A30-067,1. (Green Banana French Fries) | 2. (Banana Egg Roll) | 3. (Banana Puree) | 4. (GREEN BANANA FRIES),FOODEX JAPAN 2026 / 2026 Japan Meat Industry Fair 50th,https://www.jma-tradeshow.com/foodex/webguide_en/datafile/product_image1_10804.jpg,https://www.jma-tradeshow.com/foodex/webguide_en/product.php?no=10804
10808,UMI Foods - Seaweeds products,"Health & Wellness Products | Vegetarian | Vegan | Seafood | Processed seafood products | Ready-to-eat Foods, Sealed Packaged Foods (e.g., curry, rice bowl toppings) | Plant-based / Alternative Foods","HORECA, Importers & Distributors, Health Food Stores, Supermarkets, distributors",,,,S.W Bio Processors Ltd,,"Overseas exhibitors | Exportable | Co-exhibitor | Organizer : Economic Development Board, Mauritius",National Pavilion,E7-H01-004,,FOODEX JAPAN 2026 / 2026 Japan Meat Industry Fair 50th,https://www.jma-tradeshow.com/foodex/webguide_en/datafile/product_image1_177026984950.jpg,https://www.jma-tradeshow.com/foodex/webguide_en/product.php?no=10808
10810,DOMINUS - Frozen mango and avocado,Frozen Fruit & Vegetables,"Importers, retail",,Other HACCP | USDA Organic Certification,,PROMPERU,http://promperu.jp,Overseas exhibitors | Exportable,National Pavilion,E5-U39,"Superfoods, fresh fruit, pisco, wine, quinoa, legumes, corn, cacao coffee, mandarin, ginger, beans, mango grapes, turmeric, frozen fruit, asparagus, and capsicums",FOODEX JAPAN 2026 / 2026 Japan Meat Industry Fair 50th,https://www.jma-tradeshow.com/foodex/webguide_en/datafile/product_image1_10810.jpg,https://www.jma-tradeshow.com/foodex/webguide_en/product.php?no=10810
10824,2023 Glenlofty Estate Reserve Marasanne and Rousanne,Still wines - white,"Marasanne and Rousanne shine in upscale restaurants and boutique wine bars, especially those serving Mediterranean or grilled cuisine.",Glenlofty Estate Range showcases a blend of our high performing blocks for any given vintage. 75% Roussanne and 25% Marsanne was blended to create a synergy of flavour presence and structural integrity. Medium weight textural phenolics give the wine poise and drive through the finish. Our Estate Roussanne Marsanne blends possess a great propensity aging and will evolve over the medium term.,,We don't have an importer,Blue Pyrenees Estate Pty Ltd,https://bluepyrenees.com.au/,"Overseas exhibitors | Exportable | Co-exhibitor | Organizer : State Government of Victoria, Australia",National Pavilion,E3-C18-25,"2021 Regional Series Shiraz, | 2021 Regional Series Cabernet, | 2023 Blue Pyrenees Shiraz, | 2022 Blue Pyrenees Shiraz Marasanne, | 2019 Richardson Cabernet, | 2018 Richardson Reserve Cabernet, | 2024 Blue Pyrenees Sauvignon Blanc, | 2023 Blue Pyrenees White Field Blend, | 2021 Midnight Cuvee, NV Cuvee Riche, | 2020 Glenlofty Estate Go Marsanne Rousanne, | 2023 Glenlofty Estate Marsanne Rousanne, | 2022 Glenlofty Estate Chardonnay, | 2020 Glenlofty Estate Reserve Cabernet, | 2021 Glenlofty Estate Reserve Syrah",FOODEX JAPAN 2025 / 2025 Japan Meat Industry Fair 49th,https://www.jma-tradeshow.com/foodex/webguide_en/datafile/product_image1_174052495891.jpg,https://www.jma-tradeshow.com/foodex/webguide_en/product.php?no=10824
10826,2023 Blue Pyrenees Estate White Field Blend,Still wines - white,"White Field Blend is ideal for modern, upscale restaurants and boutique wine shops that cater to adventurous palates seeking innovative, refreshing white wines.","In a regional co-operation, the Blue Pyrenees’ winemakers, inspired by wines of the Rhone Valley, have combined Viognier from Blue Pyrenees Estate with Roussanne & Marsanne, from the Glenlofty Vineyard in the Landsborough Valley. The Marsanne, Roussanne and the Viognier are all processed separately but include the light pressings where much of the flavour in these varieties hide. The main components were battonaged for 2 months while the Viognier was fermented and aged in French oak, before final blending and bottling.",,We don't have an importer,Blue Pyrenees Estate Pty Ltd,https://bluepyrenees.com.au/,"Overseas exhibitors | Exportable | Co-exhibitor | Organizer : State Government of Victoria, Australia",National Pavilion,E3-C18-25,"2021 Regional Series Shiraz, | 2021 Regional Series Cabernet, | 2023 Blue Pyrenees Shiraz, | 2022 Blue Pyrenees Shiraz Marasanne, | 2019 Richardson Cabernet, | 2018 Richardson Reserve Cabernet, | 2024 Blue Pyrenees Sauvignon Blanc, | 2023 Blue Pyrenees White Field Blend, | 2021 Midnight Cuvee, NV Cuvee Riche, | 2020 Glenlofty Estate Go Marsanne Rousanne, | 2023 Glenlofty Estate Marsanne Rousanne, | 2022 Glenlofty Estate Chardonnay, | 2020 Glenlofty Estate Reserve Cabernet, | 2021 Glenlofty Estate Reserve Syrah",FOODEX JAPAN 2025 / 2025 Japan Meat Industry Fair 49th,https://www.jma-tradeshow.com/foodex/webguide_en/datafile/product_image1_174052552360.jpg,https://www.jma-tradeshow.com/foodex/webguide_en/product.php?no=10826
10840,"Garlic slices, garlic granules,Dehydrated garlic powder",Powdered Seasoning | Organic Products | Vegetable snacks | Dried Fruit & Vegetables,dehydrated vegetables | agricultural products | food,"1、 High added value and storage durability | | -High added value: Dehydrated vegetables, as an innovative agricultural product processing method, have high added value in domestic and foreign markets due to their unique processing technology and storage resistance. | -Storage resistance: Through dehydration technology, fresh vegetables can be stored for a long time and are easy to transport and sell, breaking geographical limitations and opening up a broader market space for agricultural products. | | ###2、 Market demand and potential | | -Market demand: Dehydrated vegetables have a wide demand in domestic and international markets, especially in areas where fresh vegetable supply is insufficient or seasonal. | -Market potential: The annual demand gap for dehydrated vegetables in domestic and international markets is over tens of thousands of tons, highlighting its enormous market potential. | | ###3、 Nutrition and Convenience | | -Nutritional Value: Dehydrated vegetables retain their original color and nutrients, although some water-soluble vitamins are lost, the remaining nutrients are more concentrated. | -Convenience: Dehydrated vegetables are small in size, light in weight, easy to carry and store",ISO9001 | ISO22000 | EU-HACCP | US-HACCP | Other HACCP,We have an importer,"Linyi Renshang Food Co., Ltd",,Overseas exhibitors | Exportable | Co-exhibitor | Organizer : Beijing TBOW International Exhibition Company,National Pavilion,E8,"Garlic slices, garlic granules, ginger granules, ginger slices, horseradish, shredded white radish, scallion rings",FOODEX JAPAN 2025 / 2025 Japan Meat Industry Fair 49th,https://www.jma-tradeshow.com/foodex/webguide_en/datafile/product_image1_10840.jpg,https://www.jma-tradeshow.com/foodex/webguide_en/product.php?no=10840
10847,ROASTED SEAWEED,Processed agricultural products | Dry Seafood | Processed seafood products,"Distributor, Wholesaler","You can feel the unique flavor and aroma of seaweed by roasting twice, selected by an expert with over 30 years of experience.",Other HACCP | FDA,,jk-global,http://www.jkginc.co.kr/,Overseas exhibitors | Exportable | Co-exhibitor | Organizer : Korea Agro-Fisheries & Food Trade Corporation,National Pavilion,E5-A48-A19,Seasoned Seaweed Laver | Roasted Seaweed Laver | Seasoned Seaweed Snack,FOODEX JAPAN 2026 / 2026 Japan Meat Industry Fair 50th,https://www.jma-tradeshow.com/foodex/webguide_en/datafile/product_image1_10847.jpg,https://www.jma-tradeshow.com/foodex/webguide_en/product.php?no=10847
10850,horseradish,Powdered Seasoning | Supplements | Dried Fruit & Vegetables,,,ISO9001 | ISO22000 | Other HACCP,We have an importer,"Linyi Renshang Food Co., Ltd",,Overseas exhibitors | Exportable | Co-exhibitor | Organizer : Beijing TBOW International Exhibition Company,National Pavilion,E8,"Garlic slices, garlic granules, ginger granules, ginger slices, horseradish, shredded white radish, scallion rings",FOODEX JAPAN 2025 / 2025 Japan Meat Industry Fair 49th,https://www.jma-tradeshow.com/foodex/webguide_en/datafile/product_image1_174055908998.jpg,https://www.jma-tradeshow.com/foodex/webguide_en/product.php?no=10850
10852,COMPOUND CHOCOLATE RANGES,Baked Goods | Cakes / Dessert,,,ISO22000 | HALAL | FDA,We don't have an importer,TAN NHAT HUONG CO. LTD,https://fancyfoods.vn/ ; https://queenam.vn/,Overseas exhibitors | Exportable | Co-exhibitor | Organizer : VIETNAM TRADE PROMOTION CENTRE FOR AGRICULTURE,National Pavilion,E4-C03-12,"We are Nhat Huong group, established and continuously developed with three member companies: Mi Viet, Tan Nhat Huong, and Fancy Foods with 3 factories in different business scopes. | | And among them, established in 2019, Fancy Foods at the beginning specializes in manufacturing and supplying chocolate semi - final products such as compound chocolate, chocolate chips (to make cookies), chocolate shavings, crispy ball coated chocolate (for cake decoration), couverture (58%, 65%, 75% of cocoa). Especially Dragées Chocolate under Queenam Brand. | Our products have been exported to Korea, Thailand, China, and other countries.",FOODEX JAPAN 2025 / 2025 Japan Meat Industry Fair 49th,https://www.jma-tradeshow.com/foodex/webguide_en/datafile/product_image1_10852.jpg,https://www.jma-tradeshow.com/foodex/webguide_en/product.php?no=10852
10856,shredded white radish,Powdered Seasoning | Vegetarian | Vegan | Organic Products | Vegetable snacks | Dried Fruit & Vegetables,,,ISO9001 | ISO22000 | Other HACCP,We have an importer,"Linyi Renshang Food Co., Ltd",,Overseas exhibitors | Exportable | Co-exhibitor | Organizer : Beijing TBOW International Exhibition Company,National Pavilion,E8,"Garlic slices, garlic granules, ginger granules, ginger slices, horseradish, shredded white radish, scallion rings",FOODEX JAPAN 2025 / 2025 Japan Meat Industry Fair 49th,https://www.jma-tradeshow.com/foodex/webguide_en/datafile/product_image1_174056011808.jpg,https://www.jma-tradeshow.com/foodex/webguide_en/product.php?no=10856
10872,DRAGEES CHOCOLATE - QUEENAM BRAND - CHOCOLATE COATED NUTS - 12 FLAVORS,Nuts,"Queenam is a premium chocolate brand produced by Fancy Foods - which produces many chocolate product ranges that ensure quality and food safety standards ISO 22000 - HACCP 2008. Each Queenam chocolate delivered to customers has undergone a rigorous inspection process, selecting high-quality input materials, achieving the best quality. The production line closely monitors each stage to ensure that our products always satisfy consumers from flavor to packaging. | | With a combination of traditional and modern flavors, Queenam has launched 12 flavors of chocolate covered with nutritious nuts (cashews, almonds, macadamia) from the most familiar to the most unique flavors, promising that each bite is a time to participate in a taste adventure. | | Queenam Chocolate - a pioneering brand with 12 unique flavors of chocolate covered with nutritious nuts, bringing a new and emotional culinary experience. | 1. Dark-Milk-White Chocolate | 2. Dark Chocolate Caramel | 3. Tiramisu Chocolate | 4. Yogurt chocolate | 5. Matcha Chocolate | 6. Strawberry Chocolate | 7. Rose Chocolate | 8. Seaweed Chocolate | 9. Durian Chocolate | 10. Yuzu Chocolate | 11. Shichimi Chocolate | 12. Yogurt Chocolate Button (without nuts)",,ISO22000 | Other HACCP | HALAL | FDA,We don't have an importer,TAN NHAT HUONG CO. LTD,https://fancyfoods.vn/ ; https://queenam.vn/,Overseas exhibitors | Exportable | Co-exhibitor | Organizer : VIETNAM TRADE PROMOTION CENTRE FOR AGRICULTURE,National Pavilion,E4-C03-12,"We are Nhat Huong group, established and continuously developed with three member companies: Mi Viet, Tan Nhat Huong, and Fancy Foods with 3 factories in different business scopes. | | And among them, established in 2019, Fancy Foods at the beginning specializes in manufacturing and supplying chocolate semi - final products such as compound chocolate, chocolate chips (to make cookies), chocolate shavings, crispy ball coated chocolate (for cake decoration), couverture (58%, 65%, 75% of cocoa). Especially Dragées Chocolate under Queenam Brand. | Our products have been exported to Korea, Thailand, China, and other countries.",FOODEX JAPAN 2025 / 2025 Japan Meat Industry Fair 49th,https://www.jma-tradeshow.com/foodex/webguide_en/datafile/product_image1_174056599136.jpg,https://www.jma-tradeshow.com/foodex/webguide_en/product.php?no=10872
10875,FORMAGGIO GRANDUCA DI MANDAS,Cheese,"È il nostro fiore all’occhiello, il Granduca di Mandas è un pecorino dalla forte personalità. Ha un profumo fresco e fruttato, note lattiche decise, ma in bocca risulta delicato, lievemente piccante e dal sapore persistente",Nelle migliori rivendite specializzate di prodotti tipici alimentari di alta qualità,EU-HACCP | Other HACCP,We don't have an importer,CASEIFICIO ANTONIO GARAU DAL 1880,https://caseificiogarau.com/en/,Overseas exhibitors | Exportable | Co-exhibitor | Organizer : Italian Pavilion,National Pavilion,E1-A24-123,Caseificio Antonio Garau dal 1880 produce formaggi italiani di alta qualità premiati nei concorsi caseari piu prestigiosi del mondo come il World Cheese Awards e il International Cheese & Diary Awards,FOODEX JAPAN 2025 / 2025 Japan Meat Industry Fair 49th,https://www.jma-tradeshow.com/foodex/webguide_en/datafile/product_image1_10875.jpg,https://www.jma-tradeshow.com/foodex/webguide_en/product.php?no=10875
10877,PECORINO,Organic Products | Still wines - white,"WINE BAR, RESTAURANT, RETAIL",€6.50,,We have an importer,BIAGI,https://vinibiagi.com,Overseas exhibitors | Exportable | Co-exhibitor | Organizer : Italian Pavilion,National Pavilion,E1-A24-79,"Mantepulciano d'Abruzzo DOC e DOCG, Trebbiano d'Abruzzo DOC, Cerasuolo d'Abruzzo DOC, Pecorino Colli Aprutini IGT, red white and rosè organic wine from Abruzzo Region.",FOODEX JAPAN 2025 / 2025 Japan Meat Industry Fair 49th,https://www.jma-tradeshow.com/foodex/webguide_en/datafile/product_image1_174056924841.jpg,https://www.jma-tradeshow.com/foodex/webguide_en/product.php?no=10877
10878,CANNED SMOKED OYSTER,Seafood | Processed seafood products,"FOOD,CAN FOOD |","Our delicious canned smoked oysters are shucked by hand, smoked using oak tree, carefully graded, safely sterilized, and packed in the can with Olive, or sunflower oil. They are the perfect compliment for snacks, party food, and also alcoholic drinks like wines. |","ISO22000 | FDA | ASC(Aquaculture Stewardship Council) | BRC,SQF",,Gyeong Nam Trading Inc.,https://www.gnti.co.kr,Overseas exhibitors | Exportable,National Pavilion,E5-X45,,FOODEX JAPAN 2026 / 2026 Japan Meat Industry Fair 50th,https://www.jma-tradeshow.com/foodex/webguide_en/datafile/product_image1_10878.jpg,https://www.jma-tradeshow.com/foodex/webguide_en/product.php?no=10878
10882,SOGNO IN ROSSO,Still wines - red,"WINE BAR, RESTAURANT, RETAIL",€4.20,,We have an importer,BIAGI,https://vinibiagi.com,Overseas exhibitors | Exportable | Co-exhibitor | Organizer : Italian Pavilion,National Pavilion,E1-A24-79,"Mantepulciano d'Abruzzo DOC e DOCG, Trebbiano d'Abruzzo DOC, Cerasuolo d'Abruzzo DOC, Pecorino Colli Aprutini IGT, red white and rosè organic wine from Abruzzo Region.",FOODEX JAPAN 2025 / 2025 Japan Meat Industry Fair 49th,https://www.jma-tradeshow.com/foodex/webguide_en/datafile/product_image1_174057082613.jpg,https://www.jma-tradeshow.com/foodex/webguide_en/product.php?no=10882
10883,RETRO',Organic Products | Still wines - red,"WINE BAR, RESTAURANT, RETAIL",€6.00,,We have an importer,BIAGI,https://vinibiagi.com,Overseas exhibitors | Exportable | Co-exhibitor | Organizer : Italian Pavilion,National Pavilion,E1-A24-79,"Mantepulciano d'Abruzzo DOC e DOCG, Trebbiano d'Abruzzo DOC, Cerasuolo d'Abruzzo DOC, Pecorino Colli Aprutini IGT, red white and rosè organic wine from Abruzzo Region.",FOODEX JAPAN 2025 / 2025 Japan Meat Industry Fair 49th,https://www.jma-tradeshow.com/foodex/webguide_en/datafile/product_image1_174057147758.jpg,https://www.jma-tradeshow.com/foodex/webguide_en/product.php?no=10883
10887,LATUE FIZZY MOSCATO,Sparkling wines | Organic wines | Vegan wines,IMPORTERS - LARGE DISTRIBUTION,ORGANIC AND VEGAN SPANISH WINE,,We have an importer,BODEGAS LATÚE BIO,https://latue.com/,Overseas exhibitors | Exportable | Co-exhibitor | Organizer : ICEX SPAIN TRADE AND INVESTMENT,National Pavilion,E2-A21-87,BOHEM AIRÉN - SAUVIGNON BLANC 75cl. | TOSCAR AIRÉN - SAUVIGNON BLANC 75CL. | BOHEM TEMPRANILLO - GARNACHA 75CL. | TOSCAR TEMPRANILLO 75CL. | BOHEM TEMPRANILLO NO SULPHUR ADDED 75CL. | TOSCAR TEMPRANILLO NO SULPHUR ADDED 75CL. | BOHEM CABERNET SAUVIGNON - SYRAH BARRICA 75CL. | TOSCAR CABERNET SAUVIGNON- SYRAH BARRICA 75CL. | BOHEM AIRÉN NO SULPHUR ADDED 75CL. | BOHEM FRIZZANTE 75CL. | BOHEM FRIZZANTE 75CL. | MIVA VIDA FIZZY MOSCATO 75CL. | LATÚE BRUT 75CL. | BY LATÚE VERDEJO 75CL. | BY LATÚE VERDEJO 75CL. | BY LATÚE CHARDONNAY 75CL. | BY LATÚE SENSIBEL 75CL. | BY LATÚE CABERNET SAUVIGNON 75CL. | BY LATÚE CABERNET SAUVIGNON 75CL. | BY LATÚE SPARKLING CHARMAT 75CL. | LATÚE FIZZY MOSCATO 75CL. | BY LATÚE SENSIBEL MAGNUM 150CL | BY LATÚE VERDEJO MAGNUM 150CL | TOSCAR AIRÉN - SAUVIGNON BLANC BIB 3L | TOSCAR TEMPRANILLO BIB 3L | TOSCAR TEMPRANILLO ROSÉ BIB 3L,FOODEX JAPAN 2025 / 2025 Japan Meat Industry Fair 49th,,https://www.jma-tradeshow.com/foodex/webguide_en/product.php?no=10887
10888,BY LATUE SPARKLING CHARMAT,Sparkling wines | Organic wines | Vegan wines,IMPORTERS - LARGE DISTRIBUTION,ORGANIC AND VEGAN SPANISH WINE,,We don't have an importer,BODEGAS LATÚE BIO,https://latue.com/,Overseas exhibitors | Exportable | Co-exhibitor | Organizer : ICEX SPAIN TRADE AND INVESTMENT,National Pavilion,E2-A21-87,BOHEM AIRÉN - SAUVIGNON BLANC 75cl. | TOSCAR AIRÉN - SAUVIGNON BLANC 75CL. | BOHEM TEMPRANILLO - GARNACHA 75CL. | TOSCAR TEMPRANILLO 75CL. | BOHEM TEMPRANILLO NO SULPHUR ADDED 75CL. | TOSCAR TEMPRANILLO NO SULPHUR ADDED 75CL. | BOHEM CABERNET SAUVIGNON - SYRAH BARRICA 75CL. | TOSCAR CABERNET SAUVIGNON- SYRAH BARRICA 75CL. | BOHEM AIRÉN NO SULPHUR ADDED 75CL. | BOHEM FRIZZANTE 75CL. | BOHEM FRIZZANTE 75CL. | MIVA VIDA FIZZY MOSCATO 75CL. | LATÚE BRUT 75CL. | BY LATÚE VERDEJO 75CL. | BY LATÚE VERDEJO 75CL. | BY LATÚE CHARDONNAY 75CL. | BY LATÚE SENSIBEL 75CL. | BY LATÚE CABERNET SAUVIGNON 75CL. | BY LATÚE CABERNET SAUVIGNON 75CL. | BY LATÚE SPARKLING CHARMAT 75CL. | LATÚE FIZZY MOSCATO 75CL. | BY LATÚE SENSIBEL MAGNUM 150CL | BY LATÚE VERDEJO MAGNUM 150CL | TOSCAR AIRÉN - SAUVIGNON BLANC BIB 3L | TOSCAR TEMPRANILLO BIB 3L | TOSCAR TEMPRANILLO ROSÉ BIB 3L,FOODEX JAPAN 2025 / 2025 Japan Meat Industry Fair 49th,,https://www.jma-tradeshow.com/foodex/webguide_en/product.php?no=10888
10908,Buckwheat Flakes,Breakfast Cereals,"Health-conscious consumers | Retail, HoReCa, Private Label |","100% natural, high in protein & fiber | Quick & easy to prepare | Long shelf life",EU-HACCP | FSSC22000 ISO,We don't have an importer,BIORINA (Lasu duona),https://www.biorina.com/en,Overseas exhibitors | Exportable | Co-exhibitor | Organizer : Lithuania LitFOOD,National Pavilion,E2-C17-00,"Buckwheat groats, buckwheat flour, buckwheat flakes, 100% buckwheat pasta, organic buckwheat, gluten-free flour, gluten-free pasta, gluten-free buckwheat",FOODEX JAPAN 2025 / 2025 Japan Meat Industry Fair 49th,https://www.jma-tradeshow.com/foodex/webguide_en/datafile/product_image1_174059681093.jpg,https://www.jma-tradeshow.com/foodex/webguide_en/product.php?no=10908
10910,BADDHE BIO,Cheese,"Il Baddhe Bio è il formaggio pecorino certificato biologico, prodotto esclusivamente con latte di pecora fresco proveniente dai pascoli dell’entroterra sardo. Il latte proviene dalle pecore che pascolano rigorosamente in pascoli bradi con integrazione di mangime biologico.",Nelle migliori rivendite specializzate di prodotti tipici alimentari di alta qualità,EU-HACCP | Other HACCP | EU Organic Certification,We don't have an importer,CASEIFICIO ANTONIO GARAU DAL 1880,https://caseificiogarau.com/en/,Overseas exhibitors | Exportable | Co-exhibitor | Organizer : Italian Pavilion,National Pavilion,E1-A24-123,Caseificio Antonio Garau dal 1880 produce formaggi italiani di alta qualità premiati nei concorsi caseari piu prestigiosi del mondo come il World Cheese Awards e il International Cheese & Diary Awards,FOODEX JAPAN 2025 / 2025 Japan Meat Industry Fair 49th,https://www.jma-tradeshow.com/foodex/webguide_en/datafile/product_image1_10910.jpg,https://www.jma-tradeshow.com/foodex/webguide_en/product.php?no=10910
10912,PICCOLO GIUNCO,Cheese,"Il Piccolo Giunco è un formaggio pecorino ottimo da tavola, prodotto esclusivamente con latte di pecora fresco proveniente dai pascoli dell’entroterra sardo. Presenta un gusto tendente al dolce che, con il progredire della maturazione, assume un carattere più deciso con aromi e sentori di note vegetali della macchia mediterranea.",Nelle migliori rivendite specializzate di prodotti tipici alimentari di alta qualità,EU-HACCP | Other HACCP,We don't have an importer,CASEIFICIO ANTONIO GARAU DAL 1880,https://caseificiogarau.com/en/,Overseas exhibitors | Exportable | Co-exhibitor | Organizer : Italian Pavilion,National Pavilion,E1-A24-123,Caseificio Antonio Garau dal 1880 produce formaggi italiani di alta qualità premiati nei concorsi caseari piu prestigiosi del mondo come il World Cheese Awards e il International Cheese & Diary Awards,FOODEX JAPAN 2025 / 2025 Japan Meat Industry Fair 49th,https://www.jma-tradeshow.com/foodex/webguide_en/datafile/product_image1_10912.jpg,https://www.jma-tradeshow.com/foodex/webguide_en/product.php?no=10912
10913,Peanut Butter,"Savoury snacks | Nuts | Spreads, Honey & Jams",- Food Service Distributor | - Supermarket / Hypermarket | - Convenient Stores,- Strong Peanut Butter Scent | - Dietary since no sugar added | - Still give delicious sweetness | - Easy to spread | - Convenient to carry | - Clean storage,US-HACCP | GMP | BRC Certification,We don't have an importer,Beyond Nature,https://beyondnaturefood.com/,"Overseas exhibitors | Exportable | Co-exhibitor | Organizer : Agricultural Trade Office, U.S. Embassy",National Pavilion,E4-C12-B2,- Dry Roasted Peanuts | - Diced Roasted Peanuts | - Honey Roasted Peanuts | - Peanut Butter and Paste,FOODEX JAPAN 2025 / 2025 Japan Meat Industry Fair 49th,https://www.jma-tradeshow.com/foodex/webguide_en/datafile/product_image1_10913.jpg,https://www.jma-tradeshow.com/foodex/webguide_en/product.php?no=10913
10914,CARDUREU,Cheese,"Il Cardureu è un formaggio pecorino a pasta morbida prodotto con l’utilizzo del caglio vegetale, caratterizzato da un sapore aromatico di cardo selvatico, apprezzato anche da chi segue l’alimentazione vegetariana.",Nelle migliori rivendite specializzate di prodotti tipici alimentari di alta qualità,EU-HACCP | Other HACCP,We don't have an importer,CASEIFICIO ANTONIO GARAU DAL 1880,https://caseificiogarau.com/en/,Overseas exhibitors | Exportable | Co-exhibitor | Organizer : Italian Pavilion,National Pavilion,E1-A24-123,Caseificio Antonio Garau dal 1880 produce formaggi italiani di alta qualità premiati nei concorsi caseari piu prestigiosi del mondo come il World Cheese Awards e il International Cheese & Diary Awards,FOODEX JAPAN 2025 / 2025 Japan Meat Industry Fair 49th,https://www.jma-tradeshow.com/foodex/webguide_en/datafile/product_image1_10914.jpg,https://www.jma-tradeshow.com/foodex/webguide_en/product.php?no=10914
10950,TREFIN Belgian Candies & Toffees,Savoury Baked Products | Savoury snacks | Vegetable snacks | Cereals / Fruit Bars | Crackers | Dates & Date Palm Products | Dried Fruit & Vegetables | Finger Food | Nuts | Popcorn | Salty Snacks | Rice Crackers & Healthy Snacks,Retail | |,"Trefin is a Belgian family-owned company, founded in 1929. We are a manufacturer of hard boiled & filled candies, toffees and chocolates. | Our production is IFS & ACS certified, contains no colorings, no artificial flavors, no alcohol, no animal fats, no gelatin, no GMO’s and we only use 100% Belgian cocoa butter chocolate. | Currently, we export to +50 countries, worldwide. |",IFS,We don't have an importer,TREFIN Candies & Chocolates Belgium,https://www.trefin.com,Overseas exhibitors | Exportable | Co-exhibitor | Organizer : Flanders Investment & Trade,National Pavilion,E1-A12-14,Sugar-& Chocolate Confectionery,FOODEX JAPAN 2025 / 2025 Japan Meat Industry Fair 49th,https://www.jma-tradeshow.com/foodex/webguide_en/datafile/product_image1_174064171774.jpg,https://www.jma-tradeshow.com/foodex/webguide_en/product.php?no=10950
10951,TREFIN Belgian Candies & Toffees,Savoury Baked Products | Savoury snacks | Vegetable snacks | Cereals / Fruit Bars | Crackers | Dates & Date Palm Products | Dried Fruit & Vegetables | Finger Food | Nuts | Popcorn | Salty Snacks | Rice Crackers & Healthy Snacks,Retail | |,"Trefin is a Belgian family-owned company, founded in 1929. We are a manufacturer of hard boiled & filled candies, toffees and chocolates. | Our production is IFS & ACS certified, contains no colorings, no artificial flavors, no alcohol, no animal fats, no gelatin, no GMO’s and we only use 100% Belgian cocoa butter chocolate. | Currently, we export to +50 countries, worldwide. |",,We don't have an importer,TREFIN Candies & Chocolates Belgium,https://www.trefin.com,Overseas exhibitors | Exportable | Co-exhibitor | Organizer : Flanders Investment & Trade,National Pavilion,E1-A12-14,Sugar-& Chocolate Confectionery,FOODEX JAPAN 2025 / 2025 Japan Meat Industry Fair 49th,https://www.jma-tradeshow.com/foodex/webguide_en/datafile/product_image1_174064207559.jpg,https://www.jma-tradeshow.com/foodex/webguide_en/product.php?no=10951
10954,Yuzu Juice,Juice | Liquid Seasoning,Food manufacturer | restaurant | food ingredient | for consumer | japanese food,"Our Yuzu Juice is origin from Kochi Japan. | Yuzu has characteristic taste, often used for Japanese food.",,We don't have an importer,Kobata Foods,https://kobatafoods.jp/,Japan exhibitors | Exportable,Agricultural Food,E7-J12,"Yuzu Juice, Yuzu peal | Lemon Juice, Lemon Peal | crab extract, oyster extract, |",FOODEX JAPAN 2025 / 2025 Japan Meat Industry Fair 49th,https://www.jma-tradeshow.com/foodex/webguide_en/datafile/product_image1_174064330208.jpg,https://www.jma-tradeshow.com/foodex/webguide_en/product.php?no=10954
10991,Doburoku cocktail “Fruit Story” Yuzu,Others,,"Doburoku, which has more than 10 degrees of alcohol, is made into a cocktail filled with fruit juices from Iwate Prefecture. | The strawberry and Raspberry flavor and the Yuzu flavor are thick and rich, with an alcohol content of 3 degrees. The apple and grape flavors are 4 degrees alcohol by volume and have a light, refreshing taste.",Other HACCP,We don't have an importer,"MIYAMORIGAWA JYOURYU SEISANKUMIAI, Agricultural Corp.,",https://miyamori-joryu.or.jp/,"Japan exhibitors | Exportable | Co-exhibitor | Organizer : Iwate-Kosan Co., Ltd.",Local Specialities in Japan,S2-V05-00,"Tono Doburoku, Tono Amazake, Tomato juice, Kiwifruit juice, Grape-Vine juice, Yellow tomato juice, Carrot juice, Smoked tofu, etc.",FOODEX JAPAN 2025 / 2025 Japan Meat Industry Fair 49th,https://www.jma-tradeshow.com/foodex/webguide_en/datafile/product_image1_10991.jpg,https://www.jma-tradeshow.com/foodex/webguide_en/product.php?no=10991
11025,"Organic Extra Virgin Olive Oil "" Reuza""",Liquid Seasoning | Vegetarian | Vegan | Plant-based / Alternative Foods,Fine Food Importers,,EU-HACCP | FDA | EU Organic Certification,,OLIO CALVI,https://www.oliocalvi.it,Overseas exhibitors | Exportable | Co-exhibitor | Organizer : Italian Pavilion,National Pavilion,W2-K29-103,Extra Virgin Olive Oil from Liguria (italy) | Taggiasca Olives in jars | Genoese Pesto Sauce | Vegetables preserved in oil | Typical food from Liguria,FOODEX JAPAN 2026 / 2026 Japan Meat Industry Fair 50th,https://www.jma-tradeshow.com/foodex/webguide_en/datafile/product_image1_11025.jpg,https://www.jma-tradeshow.com/foodex/webguide_en/product.php?no=11025
11128,LA PERRUCHE BROWN IRREGULAR CUBES 750 G PACK,Japanese sweets | Vegan,FOOD AND BEVERAGE | CANE SPECIALTY SUGARS,"FOR JAPAN, TO BE REQUIRED TO THE DISTRIBUTOR ARCANE JAPAN | TEL : 03-3663-5325 | FOR OTHER COUNTRIES, PLEASE CONTACT TEREOS | TEL : 0033-(0)1 64 66 55 00",EU-HACCP | Non-GMO Certification,We have an importer,LA PERRUCHE,,Overseas exhibitors | Exportable | Co-exhibitor | Organizer : BUSINESS FRANCE,National Pavilion,E2-C11-29,"La Perouche is a cane sugar brand born in France. It began in 1828 when the Cossé family, who ran a candy shop in the beautiful old city of Nantes on the west coast of France, established a sugar factory. | | The product won a gold medal at the Paris Universal Exposition of 1889 and was immediately well received, with its amber colour and fine arome of vanilla spreading throughout the world. | | La Perouche cane sugar has a rich aroma. The secret lies in the sugarcane from La Reunion, a small, sun-drenched island in the Indian Ocean. The entire island is covered with fertile volcanic ash, which gives the sugarcane harvested here a special taste and aroma. | | Casonade is a moist, light sugar grain.The fine grains are useful for caramelising crème brûlée, for example, as they give an even and beautiful finish. | | The irregular cubes are an icon of La Perouche. The warm and unique shape and distinctive aroma reminiscent of caramel and Bourbon vanilla have been loved in France. | Gives confectionery and cocktails an extra touch. Coffee and tea time is a more fulfilling and relaxing experience with La Perruche cane sugars. La Perouche will continue to bring sweet pleasure to your daily life.",FOODEX JAPAN 2025 / 2025 Japan Meat Industry Fair 49th,https://www.jma-tradeshow.com/foodex/webguide_en/datafile/product_image1_11128.jpg,https://www.jma-tradeshow.com/foodex/webguide_en/product.php?no=11128
11135,LA PERRUCHE CASSONADE 5 KG BAG,Baked Goods | Cakes / Dessert | Bread | Japanese sweets | Gluten-free | Vegan | Breakfast Cereals | Coffee Beans | Pulses | Rice | Wheat,FOOD AND BEVERAGE | PASTRY USE | DEMERARA MADE IN FRANCE,"IN JAPAN, TO BE REQUIRED TO ARCANE JAPAN | TEL: 03-3664-5325 | FOR OTHER COUNTRIES, PLEASE CONTACT TEREOS | TEL: 0033 (0)1 - 64 66 55 00",EU-HACCP,We have an importer,LA PERRUCHE,,Overseas exhibitors | Exportable | Co-exhibitor | Organizer : BUSINESS FRANCE,National Pavilion,E2-C11-29,"La Perouche is a cane sugar brand born in France. It began in 1828 when the Cossé family, who ran a candy shop in the beautiful old city of Nantes on the west coast of France, established a sugar factory. | | The product won a gold medal at the Paris Universal Exposition of 1889 and was immediately well received, with its amber colour and fine arome of vanilla spreading throughout the world. | | La Perouche cane sugar has a rich aroma. The secret lies in the sugarcane from La Reunion, a small, sun-drenched island in the Indian Ocean. The entire island is covered with fertile volcanic ash, which gives the sugarcane harvested here a special taste and aroma. | | Casonade is a moist, light sugar grain.The fine grains are useful for caramelising crème brûlée, for example, as they give an even and beautiful finish. | | The irregular cubes are an icon of La Perouche. The warm and unique shape and distinctive aroma reminiscent of caramel and Bourbon vanilla have been loved in France. | Gives confectionery and cocktails an extra touch. Coffee and tea time is a more fulfilling and relaxing experience with La Perruche cane sugars. La Perouche will continue to bring sweet pleasure to your daily life.",FOODEX JAPAN 2025 / 2025 Japan Meat Industry Fair 49th,https://www.jma-tradeshow.com/foodex/webguide_en/datafile/product_image1_174100133239.jpg,https://www.jma-tradeshow.com/foodex/webguide_en/product.php?no=11135
11144,Koneser de Luxe Rye Vodka,Spirits,"Retail, Hotels, Restaurants, Chainstores, Alcohol Importers, Alcohol Distributors, Vodka, Spirits, Alcohol, Beverages, Alcoholic Beverages","Retail, Hotels, Restaurants, Chainstores, Alcohol Importers, Alcohol Distributors, Vodka, Spirits, Alcohol, Beverages, Alcoholic Beverages",,We don't have an importer,Koneser Warsaw Vodka Factory,https://koneservodka.pl,Overseas exhibitors | Exportable | Co-exhibitor | Organizer : National Support Centre for Agriculture - KOWR,National Pavilion,E1-C09-00,Koneser de Luxe Rye Vodka | Metropolis Potato Vodka | Spirytus Spożywczy 95% | Winiak Klubowy Brandy Blended | Koneser Coffee & Brandy Liqueur | Kniejówka Bison Grass Vodka,FOODEX JAPAN 2025 / 2025 Japan Meat Industry Fair 49th,https://www.jma-tradeshow.com/foodex/webguide_en/datafile/product_image1_174101174444.jpg,https://www.jma-tradeshow.com/foodex/webguide_en/product.php?no=11144
11146,Metropolis Potato Vodka,Spirits,"Retail, Hotels, Restaurants, Chainstores, Alcohol Importers, Alcohol Distributors, Vodka, Spirits, Alcohol, Beverages, Alcoholic Beverages","Retail, Hotels, Restaurants, Chainstores, Alcohol Importers, Alcohol Distributors, Vodka, Spirits, Alcohol, Beverages, Alcoholic Beverages",,We don't have an importer,Koneser Warsaw Vodka Factory,https://koneservodka.pl,Overseas exhibitors | Exportable | Co-exhibitor | Organizer : National Support Centre for Agriculture - KOWR,National Pavilion,E1-C09-00,Koneser de Luxe Rye Vodka | Metropolis Potato Vodka | Spirytus Spożywczy 95% | Winiak Klubowy Brandy Blended | Koneser Coffee & Brandy Liqueur | Kniejówka Bison Grass Vodka,FOODEX JAPAN 2025 / 2025 Japan Meat Industry Fair 49th,https://www.jma-tradeshow.com/foodex/webguide_en/datafile/product_image1_174101183923.jpg,https://www.jma-tradeshow.com/foodex/webguide_en/product.php?no=11146
11148,Winiak Klubowy Brandy Blended,Spirits | Whiskey | Others,"Retail, Hotels, Restaurants, Chainstores, Alcohol Importers, Alcohol Distributors, Vodka, Spirits, Alcohol, Beverages, Alcoholic Beverages","Retail, Hotels, Restaurants, Chainstores, Alcohol Importers, Alcohol Distributors, Vodka, Spirits, Alcohol, Beverages, Alcoholic Beverages",,We don't have an importer,Koneser Warsaw Vodka Factory,https://koneservodka.pl,Overseas exhibitors | Exportable | Co-exhibitor | Organizer : National Support Centre for Agriculture - KOWR,National Pavilion,E1-C09-00,Koneser de Luxe Rye Vodka | Metropolis Potato Vodka | Spirytus Spożywczy 95% | Winiak Klubowy Brandy Blended | Koneser Coffee & Brandy Liqueur | Kniejówka Bison Grass Vodka,FOODEX JAPAN 2025 / 2025 Japan Meat Industry Fair 49th,https://www.jma-tradeshow.com/foodex/webguide_en/datafile/product_image1_174101580674.jpg,https://www.jma-tradeshow.com/foodex/webguide_en/product.php?no=11148
11149,Kniejówka Bison Grass Vodka,Shochu | Fruit Liqueur | Spirits,"Retail, Hotels, Restaurants, Chainstores, Alcohol Importers, Alcohol Distributors, Vodka, Spirits, Alcohol, Beverages, Alcoholic Beverages","Retail, Hotels, Restaurants, Chainstores, Alcohol Importers, Alcohol Distributors, Vodka, Spirits, Alcohol, Beverages, Alcoholic Beverages",,We don't have an importer,Koneser Warsaw Vodka Factory,https://koneservodka.pl,Overseas exhibitors | Exportable | Co-exhibitor | Organizer : National Support Centre for Agriculture - KOWR,National Pavilion,E1-C09-00,Koneser de Luxe Rye Vodka | Metropolis Potato Vodka | Spirytus Spożywczy 95% | Winiak Klubowy Brandy Blended | Koneser Coffee & Brandy Liqueur | Kniejówka Bison Grass Vodka,FOODEX JAPAN 2025 / 2025 Japan Meat Industry Fair 49th,https://www.jma-tradeshow.com/foodex/webguide_en/datafile/product_image1_174101596398.jpg,https://www.jma-tradeshow.com/foodex/webguide_en/product.php?no=11149
11166,Galleon Chocolate,Savoury snacks,"Chocolate, Candy, Hawaii",,,We don't have an importer,Maui County,,Overseas exhibitors | Exportable | Co-exhibitor | Organizer : State Of Hawaii Government,Imports Food,E6-C15,,FOODEX JAPAN 2025 / 2025 Japan Meat Industry Fair 49th,,https://www.jma-tradeshow.com/foodex/webguide_en/product.php?no=11166
11168,"Maui Epicure, Maui Fruit Jewels","Savoury Baked Products | Savoury snacks | Spreads, Honey & Jams","Jellies, Shortbread, Fruit Pastes",,,We have an importer,Maui County,,Overseas exhibitors | Exportable | Co-exhibitor | Organizer : State Of Hawaii Government,Imports Food,E6-C15,,FOODEX JAPAN 2025 / 2025 Japan Meat Industry Fair 49th,,https://www.jma-tradeshow.com/foodex/webguide_en/product.php?no=11168
11199,Power Coffeebrewer,Coffee,Coffee Consumers,"Brew In the Bag patented Coffeebrewer technology | Natural caffeine energy, high caffeine extraction | Made in Denmark using recycled material | Filled with premium quality specialty coffee, hand-roasted in the artisan roastery of the Brew Company in Denmark | Adjustable brew intensity | Compact, lightweight, easy to use and brew anywhere, anytime, without additional gear needed | Reusable Coffeebrewer packaging |",,We have an importer,The Brew Company,https://brew-company.com/,Overseas exhibitors | Exportable | Co-exhibitor | Organizer : Danish Industry,National Pavilion,E3-M03-00,"| Honduras Coffeebrewer, Guatemala Coffeebrewer, Rwanda Coffeebrewer, Peru Coffeebrewer, Ginger Tea , Scarlet Citrus Tea, Tasty Berry Tea, 4 sets of Mocktail kits, PowerCoffeebrewer, ColdBrew Coffeebrewer, Travel Coffeebrewer, Outdoor Coffeebrewer, 4 kg. of roasted Bolivia for French press, 1 kg. of roasted Peru Espresso |",FOODEX JAPAN 2025 / 2025 Japan Meat Industry Fair 49th,,https://www.jma-tradeshow.com/foodex/webguide_en/product.php?no=11199
11201,Ginger & Lemon Teabrewer,Tea,"Outdoor, Tea consumers","Brew In the Bag patented Teabrewer technology | Made in Denmark using recycled material | Filled with premium quality tea and herb blends | Compact, lightweight, easy to use and brew anywhere, anytime, without additional gear needed | Reusable Teabrewer packaging | Multi-brew | |",,We have an importer,The Brew Company,https://brew-company.com/,Overseas exhibitors | Exportable | Co-exhibitor | Organizer : Danish Industry,National Pavilion,E3-M03-00,"| Honduras Coffeebrewer, Guatemala Coffeebrewer, Rwanda Coffeebrewer, Peru Coffeebrewer, Ginger Tea , Scarlet Citrus Tea, Tasty Berry Tea, 4 sets of Mocktail kits, PowerCoffeebrewer, ColdBrew Coffeebrewer, Travel Coffeebrewer, Outdoor Coffeebrewer, 4 kg. of roasted Bolivia for French press, 1 kg. of roasted Peru Espresso |",FOODEX JAPAN 2025 / 2025 Japan Meat Industry Fair 49th,,https://www.jma-tradeshow.com/foodex/webguide_en/product.php?no=11201
11209,KATAVIAR® SMOKED HERRING PEARLS 50g by CATALIMENT PEARLS®,Fresh Fruit & Vegetables | Canned Products | Dry Seafood | Cheese | Cream & Cream Products | Vegetarian | Vegan | Halal | Organic Products | Seafood | Processed seafood products | Vegetable snacks,Big Retailers | Importers / Distributors | Restaurants | Catering | Final Consumers,"Perfect for appetizers, salads, and gourmet recipes, these Herring Pearls add a subtle, savory seafood note and an attractive visual finish to any plate. | | For seafood lovers seeking authentic flavor. These Herring Pearls deliver a delicate burst of the sea that enhances any dish, specially Salads, Canapés, Hot and Cold Creams, Pasta, Meats and Fish.",ISO9001 | ISO22000 | EU-HACCP | US-HACCP | Other HACCP | HALAL | FDA | UKCA(UK Conformity Assessed) marking | Organic JAS Mark | USDA Organic Certification | EU Organic Certification | Non-GMO Certification | GFCO(Gluten-Free Certification Organization) | MSC(Marine Stewardship Council) | ASC(Aquaculture Stewardship Council),,CATALIMENT,https://www.cataliment.com/,Overseas exhibitors | Exportable | Co-exhibitor | Organizer : ICEX SPAIN TRADE AND INVESTMENTS,National Pavilion,W1-B01-007,"Salmon Pearls, Kataviar Herring Pearls, Mackarel Pearls, Sturgeon Pearls, Lobster Pearls, Katamaki, Umami, Cuttlefish Ink, Wasabi Pearls, Yuzu Pearls, Soy Pearls, Wakame Pearls, Truffle Pearls, Spicy Pearls, Tomato Pearls, Pesto Pearls, Lemon Pearls, Modena Vinegar Pearls, Organic Black Garlic Pearls, Organic Coconut Pearls, Organic, MSC, ASC, IFS, BRC, FDA,",FOODEX JAPAN 2026 / 2026 Japan Meat Industry Fair 50th,https://www.jma-tradeshow.com/foodex/webguide_en/datafile/product_image1_11209.jpg,https://www.jma-tradeshow.com/foodex/webguide_en/product.php?no=11209
11238,Panettone filled with pistachio cream,Cakes / Dessert,"retail stores, gourmet stores",panettone,ISO22000 | EU-HACCP | FDA | IFS,We don't have an importer,Brontedolci,https://www.brontedolci.it/,Overseas exhibitors | Exportable | Co-exhibitor | Organizer : Italian Pavilion,National Pavilion,E1-A24-40,"Panettone, pistachio spreadable cream, pistachio pesto, nougats, pistachio and almond pastries",FOODEX JAPAN 2025 / 2025 Japan Meat Industry Fair 49th,https://www.jma-tradeshow.com/foodex/webguide_en/datafile/product_image1_11238.jpg,https://www.jma-tradeshow.com/foodex/webguide_en/product.php?no=11238
11290,SPOON by The Domestic Diva Smoked Sardines,"Processed agricultural products | Canned Products | Processed seafood products | Rice Toppings & Ochazuke Mixes | Ready-to-eat Foods, Sealed Packaged Foods (e.g., curry, rice bowl toppings)",Importers | Exporters | Distributors | Retailers | Wholesalers | HORECA | Groceries | Supermarkets | Specialty Store,"Spoon Smoked Sardines transforms a traditional Filipino staple into a globally relevant, ready-to-enjoy product, bringing comfort food from the Philippines to modern tables worldwide. We reimagine this Filipino staple for modern consumers by offering comfort food, elevated—crafted for convenience, longer shelf life, and versatile everyday use. | | Why Spoon? | 1. Premium Yet Accessible | Meal ready from bottle to plate. An elevated take on a familiar product, positioned between traditional canned sardines and gourmet specialty seafood. | | 2. Versatile | Suitable for Asian, Mediterranean, and Western-inspired dishes—from rice bowls to pasta, tapas, and appetizer boards. | | 3. Three Distinct Variants | • Corn Oil – Light, everyday comfort | • Olive Oil – Rich, Mediterranean-friendly | • Coconut Milk – Creamy, Southeast Asian-inspired | | 4. Shelf-Stable & Export-Ready | Designed for long shelf life and retail convenience, ideal for supermarkets, specialty stores, and online platforms. | | 5. Strong Storytelling & Origin | Rooted in the Bicol Region, Spoon carries an authentic regional narrative, appealing to global markets and consumers seeking artisanal, culturally grounded products.",HALAL,,C.O.P. Pili Sweets and Pastries/Orgullo Kan Bikol (OKB) Association,,Overseas exhibitors | Exportable | Co-exhibitor | Organizer : PHILIPPINE EMBASSY DEPARTMENT OF AGRICULTURE,National Pavilion,E5-C54-004,"Wrapsody Pilinut - Filled Pastries (HALAL Certified), Y-Nut! Roasted Pili Nuts (HALAL Certified), Spoon Smoked Sardines (HALAL Certified)",FOODEX JAPAN 2026 / 2026 Japan Meat Industry Fair 50th,https://www.jma-tradeshow.com/foodex/webguide_en/datafile/product_image1_11290.jpg,https://www.jma-tradeshow.com/foodex/webguide_en/product.php?no=11290
11305,NUTCHIES Roasted Coated Cashew Nuts,Savoury Baked Products | Savoury snacks | Nuts | Salty Snacks,"Supermarkets, convenience stores, specialty stores, pharmacies","Roasted Coated Cashew | 0% Transfat, 0% Kolestrol | Non GMO (Genetically Modified Organism) | LOW CHOLESTEROL | NO TRANSFAT | NO PRESERVATIVES | HALAL",ISO22000 | HALAL,We have an importer,KITI Company Limited,https://kiti-coltd.com/,Overseas exhibitors | Exportable,Condiments / Seasoning,E1-C06,"Olive oil, | Extra Virgin Olive oil, | Infused oils, | Balsamic vinegar, | Spice product, | Honey, | Asian sauce, dressing, | Roasted Coated Cashew Nuts, | Asian snack, | Okinawa products, | health food products, | Dole mango juice, related, | Dole Canned, | Chinese sauce, | Chinese cheesecake, snack | Chinese condiment, | Okra tea, | Okra powder, food with functional claims, ale from okra, | Kanoya organic green papaya leaf tea, | Healthy moringa powder, | Nejime loquat tea, | Memorin EX, |",FOODEX JAPAN 2025 / 2025 Japan Meat Industry Fair 49th,https://www.jma-tradeshow.com/foodex/webguide_en/datafile/product_image1_174114267350.jpg,https://www.jma-tradeshow.com/foodex/webguide_en/product.php?no=11305
11344,Kuleana Huihui Rum,Others,"white rum, unaged rum, hawaii, hawaiian rum, hawaiian rum agricole, rum agricole",,,We don't have an importer,Kuleana Rum Works,https://kuleanarum.com,Japan exhibitors | Exportable | Co-exhibitor | Organizer : State Of Hawaii Government,Imports Food,E6-C15-04,Rum,FOODEX JAPAN 2025 / 2025 Japan Meat Industry Fair 49th,https://www.jma-tradeshow.com/foodex/webguide_en/datafile/product_image1_11344.jpg,https://www.jma-tradeshow.com/foodex/webguide_en/product.php?no=11344
11406,"Hokkaido potato ""KITA-AKARI"" croquette",Frozen Ready Meals,・commercial products | ・side dish | ・eating out,"These potato croquettes made from Hokkaido potato ""KITA-AKARI"" with sweetness and flavor taste. | Type:Deep flying | No PHO",,,AJINOCHINUYA,https://chinuya.com,Japan exhibitors | Exportable,Exports from Japan,S2-Q40,"Frozen croquettes, Frozen potato mochi",FOODEX JAPAN 2026 / 2026 Japan Meat Industry Fair 50th,https://www.jma-tradeshow.com/foodex/webguide_en/datafile/product_image1_177096393671.jpg,https://www.jma-tradeshow.com/foodex/webguide_en/product.php?no=11406
11412,100%PURE SESAME OIL,Vegetable & Animal Oils & Fats,,"Sesame oil offers a rich, nutty aroma and enhances the flavor of various dishes. It is a versatile ingredient perfect for cooking, seasoning, and marinades, especially in Asian cuisine.","ISO9001 | ISO22000 | Other HACCP | HALAL | SQF, TQF, JFS-B",We don't have an importer,Total Quality Food Association,https://www.tqf.org.tw/,Overseas exhibitors | Exportable | Co-exhibitor | Organizer : Taiwan External Trade Development Council,National Pavilion,E5-A02-00,"Hsin Li Hsiang Food Co., Ltd | Wei-I Foodstuff Co., Ltd | King's Cook Frozen Food Co., Ltd. | Fresh123 International Co., Ltd. | Northwest Foods Ind.Co.,Ltd. | Chi Mei Frozen Food Co., Ltd. | Serena Foods Incorporation | Fwusow Industry Co., Ltd. | Ru Jih Foods Co., Ltd. | Tsan Yu Yen Co., Ltd | Hill-Top Food Corporation | Sunnano Biotechnology Inc. | Kuang Chuan Dairy Co., Ltd. | Taiwan Hon Chuan Enterprise Co., Ltd. | King Car Food Industrial Co., Ltd. | Uni-President Enterprises Corp. | Yuan-Yuan-Nong-Chan Co., Ltd. | URIURIEN | Biozyme Biotechnology Co., Ltd. | Tanque Corp. | Vedan Biotechnology Corp. | TCM Biotech International Corp. | Grape King Bio Ltd. | Derlian Biotech Corp. | Healthmate Co., Ltd. | Haw-Di-I Foods Co., Ltd. | Kimlan Foods Co., Ltd. | Total Quality Food Association",FOODEX JAPAN 2025 / 2025 Japan Meat Industry Fair 49th,https://www.jma-tradeshow.com/foodex/webguide_en/datafile/product_image1_174124828872.jpg,https://www.jma-tradeshow.com/foodex/webguide_en/product.php?no=11412
11426,素食 こしょう餅,Frozen Ready Meals | Vegetarian,スーパー 、コンビニ、レストラン、大型スーパー,この素胡椒餅の売りは、その独特な香辛料と辛さのバランス、そして新鮮で作りたての味わい、便利な携帯性、さらに手頃な価格です。これは、いつでも簡単に温めて食べることができる、非常に適した台湾の軽食です。,ISO22000 | Other HACCP | FDA | MSC(Marine Stewardship Council) | ASC(Aquaculture Stewardship Council),We don't have an importer,Total Quality Food Association,https://www.tqf.org.tw/,Overseas exhibitors | Exportable | Co-exhibitor | Organizer : Taiwan External Trade Development Council,National Pavilion,E5-A02-00,"Hsin Li Hsiang Food Co., Ltd | Wei-I Foodstuff Co., Ltd | King's Cook Frozen Food Co., Ltd. | Fresh123 International Co., Ltd. | Northwest Foods Ind.Co.,Ltd. | Chi Mei Frozen Food Co., Ltd. | Serena Foods Incorporation | Fwusow Industry Co., Ltd. | Ru Jih Foods Co., Ltd. | Tsan Yu Yen Co., Ltd | Hill-Top Food Corporation | Sunnano Biotechnology Inc. | Kuang Chuan Dairy Co., Ltd. | Taiwan Hon Chuan Enterprise Co., Ltd. | King Car Food Industrial Co., Ltd. | Uni-President Enterprises Corp. | Yuan-Yuan-Nong-Chan Co., Ltd. | URIURIEN | Biozyme Biotechnology Co., Ltd. | Tanque Corp. | Vedan Biotechnology Corp. | TCM Biotech International Corp. | Grape King Bio Ltd. | Derlian Biotech Corp. | Healthmate Co., Ltd. | Haw-Di-I Foods Co., Ltd. | Kimlan Foods Co., Ltd. | Total Quality Food Association",FOODEX JAPAN 2025 / 2025 Japan Meat Industry Fair 49th,https://www.jma-tradeshow.com/foodex/webguide_en/datafile/product_image1_174125054650.jpg,https://www.jma-tradeshow.com/foodex/webguide_en/product.php?no=11426
11429,"Collezione ORO - Biodynamic, PGI, Balsamic Vinegar (Aceto Balsamico di Modena I.G.P.)",Liquid Seasoning | Vinegar | Vegan | Organic Products,- FINE FOOD RETAILERS | - SPECIALTY STORES | - ORGANIC AND NATURAL FOOD STORES | - FINE DINING | - UPSCALE HoReCa | - FOOD DELICATESSEN STORES | - GASTRONOMY STORES | - IMPORTERS | - WHOLESALERS | - FOOD TRADING COMPANIES | - FOOD SERVICE COMPANIES | - B2B2C ONLINE MARKETPLACE SPECIALIZED IN ORGANIC NATURAL PRODUCTS,"- Authentic aged balsamic vinegar from grape must, made with traditional craftsmanship | - PGI (Protected Geographic Indication) Consorzio Aceto Balsamico di Modena | - Biodynamic product with Organic and DEMETER certifications | - 100% natural, no colouring or other additives | - Pleasant balance of low acidity | - Considerably dense and pleasantly Sweet product with Aromas of plum and flavors of red fruits with hints of Vanilla and Honey | - Enriching ingredient for any dish, from starters to dessert | - Premium quality Italian packaging, ideal for premium retail, gourmet shops, and HORECA applications | - Full traceability from fields to shelves | - The product luxury package is suitable for gift sets and premium gourmet assortments","EU-HACCP | EU Organic Certification | DEMETER, PGI, Organic, Vegan",,Mediterre,https://mediterre.com/en/,Overseas exhibitors | Exportable,World Food,W1-CC01,"Mediterre crafts premium organic products from Italy and Greece, including Extra Virgin Olive Oil, Biodynamic Balsamic Vinegar (Aceto Balsamico di Modena IGP), sea salt, super fruit juices, and gourmet artisanal sweet delicacies. Our products carry Organic, PDO, PGI, and Demeter certifications and are presented in refined, premium‑quality packaging. We also bring consolidated expertise in co‑branding with world‑class HoReCA groups.",FOODEX JAPAN 2026 / 2026 Japan Meat Industry Fair 50th,https://www.jma-tradeshow.com/foodex/webguide_en/datafile/product_image1_11429.jpg,https://www.jma-tradeshow.com/foodex/webguide_en/product.php?no=11429
11442,"Uwajima seared sea bream rice, 2 portions","Seafood | Rice | Ready-to-eat Foods, Sealed Packaged Foods (e.g., curry, rice bowl toppings)","Catalogues, antenna shops, speciality shops, retailers, TV shopping, department stores, etc.","Made from sea bream from Ehime. Domestic Uruchi rice is blended with domestic glutinous barley (Kirarimochi), which contains dietary fibre, and cooked with carrots and burdock root to a delicious taste. This takikomi-gohan rice pack is free from the seven major allergens.",FDA,We don't have an importer,"MAEDA CO.,LTD.",https://an-maeda.co.jp,"Japan exhibitors | Exportable | Co-exhibitor | Organizer : Ehime Prefecture Agriculture, Commerce and Industry Exhibition Executive Committee / Uwajima City / Yawatahama City / Ozu City / Seiyo City",Local Specialities in Japan,S2-Q09-00,Jakoten packed rice、Sea bream packed rice、GABA packed rice、Mochimugi packed rice、Red rice with barley、Barley pancake mix、Barley okonomiyaki flour、GABA Soybean Flour、Red bean paste in a tube、Mochimugi rice cake etc.,FOODEX JAPAN 2025 / 2025 Japan Meat Industry Fair 49th,,https://www.jma-tradeshow.com/foodex/webguide_en/product.php?no=11442
11448,Japanese barley pancake mixes,Baked Goods | Cakes / Dessert | Bread | Japanese sweets | Health & Wellness Products | Wheat | Plant-based / Alternative Foods,"Catalogue relations, speciality shops, retailers, TV shopping, antenna shops, drugstores, department stores, etc",Wheat-free. Barley is the main ingredient in this pancake mix. It has a sticky texture and contains about 3.3 g dietary fibre (about 1.4 g barley beta-glucan) in 50 g of this product (about 1 pancake). Contains approximately 2.5 times more dietary fibre than wheat flour (light flour). (According to the Fifth Revised and Enlarged Edition),FDA,We don't have an importer,"MAEDA CO.,LTD.",https://an-maeda.co.jp,"Japan exhibitors | Exportable | Co-exhibitor | Organizer : Ehime Prefecture Agriculture, Commerce and Industry Exhibition Executive Committee / Uwajima City / Yawatahama City / Ozu City / Seiyo City",Local Specialities in Japan,S2-Q09-00,Jakoten packed rice、Sea bream packed rice、GABA packed rice、Mochimugi packed rice、Red rice with barley、Barley pancake mix、Barley okonomiyaki flour、GABA Soybean Flour、Red bean paste in a tube、Mochimugi rice cake etc.,FOODEX JAPAN 2025 / 2025 Japan Meat Industry Fair 49th,,https://www.jma-tradeshow.com/foodex/webguide_en/product.php?no=11448
11479,AI RECOMEN,Voice Input | Generative AI | Data Analysis | Sales Promotion | Others | Professional Services | DX Solutuion,All industries,"AI RECOMEN is an interview tool that uses AI to handle the interview process in companies' recruitment processes. | It solves issues such as reducing interview time and relying on individual hiring standards. | | Job seekers answer questions set in advance by the company, and the answers are analyzed by AI. | Job seekers can conduct interviews 24 hours a day, 365 days a year, anywhere in the world, and recruiters can check the interview videos and AI reference evaluations at a time that is convenient for them. | This eliminates unnecessary effort on both sides, maximizing the speed of the selection process and the pool of candidates. | | <Benefits of introduction> | ①Improved operational efficiency | ②Increase in number of interviews | ③Standardization of evaluation |",,,"i-enter Corporation,Ltd.",https://www.i-enter.co.jp/,Japan exhibitors | Exportable,Food × AI,E7-AA10,an AI interview tool,FOODEX JAPAN 2026 / 2026 Japan Meat Industry Fair 50th,,https://www.jma-tradeshow.com/foodex/webguide_en/product.php?no=11479
11481,Bakàn,Still wines - red | Still wines - rose | Still wines - white | Sparkling wines | Organic wines,,,EU Organic Certification,We have an importer,Torri Cantine,https://torricantine.it,Overseas exhibitors | Exportable | Co-exhibitor | Organizer : Italian Pavilion,National Pavilion,E1-A24-70,"Wine, Spumante; Vino, Organic Wine; Biodynamic wine; Abruzzo, Italian Wine; Still Wine; Red Wine, White Wine; Rosé Wine; Still red wine; Still white wine; still rosé wine; Sparkling wine; Red wine; White wine; Rosé wine, Montepulciano D'Abruzzo Doc; Pecorino, trebbiano D'Abruzzo Doc, Merlot, Pinot Grigio; Passerina; Chardonnay; Sauvignon; Cabernet; Syrah;",FOODEX JAPAN 2025 / 2025 Japan Meat Industry Fair 49th,https://www.jma-tradeshow.com/foodex/webguide_en/datafile/product_image1_174127815637.jpg,https://www.jma-tradeshow.com/foodex/webguide_en/product.php?no=11481
11485,TORRI CANTINE BAG IN BOX,Still wines - red | Still wines - rose | Still wines - white | Sparkling wines | Organic wines,,,EU Organic Certification,We don't have an importer,Torri Cantine,https://torricantine.it,Overseas exhibitors | Exportable | Co-exhibitor | Organizer : Italian Pavilion,National Pavilion,E1-A24-70,"Wine, Spumante; Vino, Organic Wine; Biodynamic wine; Abruzzo, Italian Wine; Still Wine; Red Wine, White Wine; Rosé Wine; Still red wine; Still white wine; still rosé wine; Sparkling wine; Red wine; White wine; Rosé wine, Montepulciano D'Abruzzo Doc; Pecorino, trebbiano D'Abruzzo Doc, Merlot, Pinot Grigio; Passerina; Chardonnay; Sauvignon; Cabernet; Syrah;",FOODEX JAPAN 2025 / 2025 Japan Meat Industry Fair 49th,https://www.jma-tradeshow.com/foodex/webguide_en/datafile/product_image1_174127897364.jpg,https://www.jma-tradeshow.com/foodex/webguide_en/product.php?no=11485
11504,SICILIAN PESTO SAUCE WITH “PECORINO SICILIANO PDO”,"Soy Sauce | Miso | Powdered Seasoning | Liquid Seasoning | Vinegar | Pasta | Professional Services | Solid Seasonings | Rice Toppings & Ochazuke Mixes | Ready-to-eat Foods, Sealed Packaged Foods (e.g., curry, rice bowl toppings)","Large-Scale Retail (Supermarkets and Hypermarkets) | | Gourmet and Specialty Food Stores | | Wine Shops with Food Pairing | | Traditional Food Retailers | | Ho.Re.Ca. (Hotels, Restaurants, Cafés) | | Italian and Mediterranean Restaurants | | Hotels and Resorts | | Catering and Banqueting Services | | International Distributors (Export) | | Importers of Italian Food Products | | Food E-commerce Platforms (Marketplaces and Specialty Online Stores) | | Direct-to-Consumer E-commerce (Brand Online Store) | | Concept Stores and Gourmet Gift Shops | | Corporate Gift and Seasonal Gift Suppliers | | Private Label Buyers (Retailer Own Brand)","Authentic Sicilian recipe | | Made in Italy | | Premium quality ingredients | | High percentage of selected tomatoes | | With Sicilian almonds | | With fresh ricotta cheese | | Extra virgin olive oil | | No artificial preservatives | | No artificial colors | | Traditional Mediterranean flavor | | Artisanal production know-how | | Carefully selected raw materials | | Ready-to-use convenience | | Versatile usage (pasta, bruschetta, pizza, etc.) | | Premium glass jar packaging | | Strong brand heritage | | Ideal for both retail and Ho.Re.Ca. channels",ISO9001 | ISO22000 | EU-HACCP | US-HACCP | Other HACCP | HALAL | FSMA | FDA | GMP | GAP | Organic JAS Mark | USDA Organic Certification | Non-GMO Certification,,CAMPO D'ORO - GUSTO VERO DI SICILIA,https://www.campodoro.com/en/,Overseas exhibitors | Exportable | Co-exhibitor | Organizer : Italian Pavilion,National Pavilion,W2-K29-055,"Green Pesto, Red Trapanese Pesto, Red Pesto, Pepper Pesto, Pistachio Pesto, Organic Pesto, Vegan Pesto, Basil Tomato Sauce, Arrabbiata Sauce, Tomato & Olive Sauce, Eggplant Tomato Sauce, Puttanesca Sauce, Organic Tomato Sauce, Organic Hot Sauce, Vegan Ragù, Pistachio Cream, Crunchy Pistachio Cream, Chocolate Cream, Almond Cream, Hazelnut Cream, Nougat Cream, Mini Pistachio Cream, Pure Pistachio Paste, Pistachio Butter, Crunchy Pistachio Butter, Eggplant Caponata, Green Olives, Citrus Olives, Semi-Dried Tomatoes, Sun-Dried Tomatoes, Whole Artichokes, Seasoned Artichokes, Pesto Gift Box, Sweet Cream Gift Box, Pasta Sauce Gift Box, Appetizer Gift Box, Citrus Marmalade, Orange Marmalade, Lemon Marmalade, Mandarin Marmalade, Bitter Orange Marmalade",FOODEX JAPAN 2026 / 2026 Japan Meat Industry Fair 50th,,https://www.jma-tradeshow.com/foodex/webguide_en/product.php?no=11504
11555,Imperial Big Meal Hot Beef Flavor Instant Noodles/Imperial Big Meal Beef Flavor Instant Noodles/One More Cup Seafood Flavor Instant Noodles,Noodles,,【商品特徴】 | ■ 旨味豊富で美味しい、台湾の牛肉入りインスタント麺のリーディングブランド | - 台湾の伝説的な名シェフ傅培梅（フ・ペイメイ）先生と共同開発 | - 1983年にお肉入りインスタント麺市場を開拓 | - 中華料理の技法：直火炒め(直火爆炒)、低温熟成、水蒸しでスープを閉じ込め(水蒸鎖湯) | ■ アジアで大人気・台湾代表的な美食「牛肉麺」 | - 2024年日経（NIKKEI）アジアで最も人気のあるインスタント麺ンランキングで台湾インスタントラーメンNo.1 | - 韓国の「美食狂熱遠征隊」番組で推奨された美味しいインスタント麺 | ■ 葱焼き牛肉、紅焼牛肉風味 | - 葱焼き牛肉：人気フレーバー売上No.1、四川風豆板醤の味、葱の香りで引き立て | - 紅焼牛肉：40年の伝統を受け継ぎ，濃厚紅焼スープ(紅焼: 醤油ベーススープ) | | 【商品特徴】 | ■ 台湾カップ麺の軽食リーディングブランド | - ちょうど良い7分の満足感、物足りなさが一番ちょうど良い！ | - 厳選されたスープと香り豊かな具材で、軽やかで美味しい一品。いつでもどこでも、口腹の欲を満たすおやつや夜食として楽しめます！ | ■ 魚介風味 | - 海からの甘さが漂うエビを、可愛らしい魚の練り物と組み合わせ、さらに海藻の若芽が入った鮮やかなスープで仕上げた、爽やかな風味が特徴的です。,,We have an importer,Total Quality Food Association,https://www.tqf.org.tw/,Overseas exhibitors | Exportable | Co-exhibitor | Organizer : Taiwan External Trade Development Council,National Pavilion,E5-A02-00,"Hsin Li Hsiang Food Co., Ltd | Wei-I Foodstuff Co., Ltd | King's Cook Frozen Food Co., Ltd. | Fresh123 International Co., Ltd. | Northwest Foods Ind.Co.,Ltd. | Chi Mei Frozen Food Co., Ltd. | Serena Foods Incorporation | Fwusow Industry Co., Ltd. | Ru Jih Foods Co., Ltd. | Tsan Yu Yen Co., Ltd | Hill-Top Food Corporation | Sunnano Biotechnology Inc. | Kuang Chuan Dairy Co., Ltd. | Taiwan Hon Chuan Enterprise Co., Ltd. | King Car Food Industrial Co., Ltd. | Uni-President Enterprises Corp. | Yuan-Yuan-Nong-Chan Co., Ltd. | URIURIEN | Biozyme Biotechnology Co., Ltd. | Tanque Corp. | Vedan Biotechnology Corp. | TCM Biotech International Corp. | Grape King Bio Ltd. | Derlian Biotech Corp. | Healthmate Co., Ltd. | Haw-Di-I Foods Co., Ltd. | Kimlan Foods Co., Ltd. | Total Quality Food Association",FOODEX JAPAN 2025 / 2025 Japan Meat Industry Fair 49th,https://www.jma-tradeshow.com/foodex/webguide_en/datafile/product_image1_174133406583.jpg,https://www.jma-tradeshow.com/foodex/webguide_en/product.php?no=11555
11561,Rice paper,"Vegetarian | Vegan | Halal | Organic Products | Rice | Sanitary | Ready-to-eat Foods, Sealed Packaged Foods (e.g., curry, rice bowl toppings)","Retailing channel, Horeca, producer of frozen spring rolls",High quality and Vietnamese culinary identity | The factories have international certificates,ISO22000 | FDA | USDA Organic Certification | EU Organic Certification | GFCO(Gluten-Free Certification Organization) | BRC,We have an importer,TNG Food - Sa Giang,"https://thanhngocfood.com/, https://sagiang.com.vn/",Overseas exhibitors | Exportable,,E5-Q26,"Frozen, Freeze-dried, Dried Fruit and Vegetable, Freeze-dried Soup, Shrimp chips, Rice noodles & Rice paper, Convenient products (Instant Pho in cup, meal kit), Sauces",FOODEX Frozen Processed Food,https://www.jma-tradeshow.com/foodex/webguide_en/datafile/product_image1_11561.jpg,https://www.jma-tradeshow.com/foodex/webguide_en/product.php?no=11561
11562,RU-RO-HAN SAUCE,Liquid Seasoning,"Trading Company, Wholesaler",Non-GMO soybean. | Using naturally brewed soy sauce. | No preservatives. | No caramel color. |,ISO22000 | Other HACCP | Non-GMO Certification | FSSC 22000,We don't have an importer,"Wan Ja Shan Brewery Co., Ltd.",https://www.wanjashan.com.tw/,Overseas exhibitors | Exportable | Co-exhibitor | Organizer : Taiwan External Trade Development Council,National Pavilion,E5-A02-00,"Whiskey, Organic Soy Sauce, Condiment",FOODEX JAPAN 2025 / 2025 Japan Meat Industry Fair 49th,https://www.jma-tradeshow.com/foodex/webguide_en/datafile/product_image1_11562.jpg,https://www.jma-tradeshow.com/foodex/webguide_en/product.php?no=11562
11648,OREGANO,"Gluten-free | Powdered Seasoning | Vegetarian | Vegan | Halal | Kosher | Dried Meat | Organic Products | Dried Fruit & Vegetables | Professional Services | Solid Seasonings | Ready-to-eat Foods, Sealed Packaged Foods (e.g., curry, rice bowl toppings) | Plant-based / Alternative Foods","Food industry, meat industry, spices and herb traders, brokers, spices and herb packers","Direct customers, brokers",ISO9001 | EU-HACCP | US-HACCP | Other HACCP | HALAL | FDA | USDA Organic Certification | EU Organic Certification | Non-GMO Certification | Kosher,,ALTUNTAŞ BAHARAT SAN VE TİC A.Ş.,https://altuntas.com.tr/,Overseas exhibitors | Exportable | Co-exhibitor | Organizer : AEGEAN EXPORTERS' ASSOCIATIONS,National Pavilion,"W2-A30-088,089,090,091","Oregano, Sage, Laurel (Bay) Leaves, Anise, Cumin",FOODEX JAPAN 2026 / 2026 Japan Meat Industry Fair 50th,https://www.jma-tradeshow.com/foodex/webguide_en/datafile/product_image1_177149811085.jpg,https://www.jma-tradeshow.com/foodex/webguide_en/product.php?no=11648
11702,Raw Delicacy Abalone- Greenlip Variety 3L,Frozen Seafood | Seafood | Processed seafood products,Restaurant,"Product Features | 〇 Delicious sashimi-grade abalone that takes advantage of Australia’s wonderful environment | 〇 Freshly caught flavor encapsulated with Godac’s unique freezing method, allowing you to enjoy even the liver | 〇 Thorough safety and traceability | 〇 Individually portioned for easy cost calculation | | <Differences Between Tiger and Green-Lipped Varieties> | 〇 Green-Lipped Variety | As the name suggests, the edges of the meat are slightly green. The flesh is tender, sweet, and flavorful, making it ideal for sashimi. | 〇 Tiger Variety | Australia’s wild abalone mainly consists of green-lipped and black-lipped varieties. The tiger variety is a hybrid that combines the strengths of both. Its flesh is firmer than the green-lipped variety and has a higher yield. The low reduction in meat after cooking makes it suitable for heat-based preparations such as steaks and simmered abalone.",,,Yumbah Aquaculture,,Overseas exhibitors | Exportable | Co-exhibitor | Organizer : Government of South Australia,National Pavilion,E4-A07 005-020,,FOODEX JAPAN 2026 / 2026 Japan Meat Industry Fair 50th,https://www.jma-tradeshow.com/foodex/webguide_en/datafile/product_image1_177157458616.jpg,https://www.jma-tradeshow.com/foodex/webguide_en/product.php?no=11702
11780,Sweet Soy Sauce (low salinity),Soy Sauce,a person who takes care of one's health,"This is JAS certified kokuchi brewed soy sauce. | We have reduced salt by 25 percent compared to regular soy sauce. | Please use grilled fish, egg rolls, sashimi, and so on. |",,,"Hoshisan Co.,LTD.",https://www.hoshisan.co.jp/en/,Japan exhibitors | Exportable | Co-exhibitor | Organizer : JAPAN SHOYU ASSOCIATION,Exports from Japan,S2-C29-028,"Sea bream soup stock, Sweet Sesame Miso, Honokuni Hot Miso, Soy Sauce for Kids, Soy Sauce (low-sodium)",FOODEX JAPAN 2026 / 2026 Japan Meat Industry Fair 50th,https://www.jma-tradeshow.com/foodex/webguide_en/datafile/product_image1_177181495043.jpg,https://www.jma-tradeshow.com/foodex/webguide_en/product.php?no=11780
11871,Seaweed Tempura Snack Seafood Flavor,Processed seafood products | Savoury snacks,"Food importer, Supermarket","Yamaei's Seaweed Tempura Snack Seafood Flavor offers a delightful combination of crunchy tempura-coated nori(seaweed produced in Japan) infused with rich seafood flavors. Made with Hokkaido kelp, scallops, Ise lobster from Mie Prefecture, and domestically farmed sea bream, each bite delivers a satisfying crispiness complemented by the savory taste of nori and a blend of seafood essences, making it an ideal snack or accompaniment to your favorite beverage.",FSSC22000,,"OVERSEAS CO.,LTD.",https://overseas-inc.jp/,Japan exhibitors | Exportable,Imports Food,E6-C75,"Import Food, Import Wine, Japanese Food, Export",FOODEX JAPAN 2026 / 2026 Japan Meat Industry Fair 50th,https://www.jma-tradeshow.com/foodex/webguide_en/datafile/product_image1_177190206360.jpg,https://www.jma-tradeshow.com/foodex/webguide_en/product.php?no=11871
12030,Uwajima Jako-ten Rice,"Processed seafood products | Ready-to-eat Foods, Sealed Packaged Foods (e.g., curry, rice bowl toppings)","For Ehime fairs, mail-order sales, and catalog promotions. | | Targeted primarily at men and women in their 40s to 70s, including tourists and returning visitors, as well as health-conscious drivers. | | Chosen as a light, non-bulky souvenir that captures the authentic local flavor of Ehime—ideal for sharing with colleagues or relatives.","This seasoned rice is made with Uwajima-produced “Jako-ten” fish cake, offering an authentic taste of Ehime. | | In addition to carrots and burdock root, it is blended with domestically grown glutinous barley (Kirari Mochi), providing a source of dietary fiber. | | Simply heat in the microwave for easy preparation. As it contains no wheat, it can be recommended to a wide range of customers.",,,"MAEDA CO.,LTD.",https://an-maeda.co.jp/,Japan exhibitors | Exportable | Co-exhibitor | Organizer : Ehime Prefecture Organizing Committee/Uwajima City/Yawatahama City/Seiyo City,Local Specialities in Japan,S3-G17-012,Packaged rice Pearl barley Mixed grains,FOODEX JAPAN 2026 / 2026 Japan Meat Industry Fair 50th,https://www.jma-tradeshow.com/foodex/webguide_en/datafile/product_image1_12030.jpg,https://www.jma-tradeshow.com/foodex/webguide_en/product.php?no=12030
12037,Vege Salt,Processed agricultural products | Powdered Seasoning,"Gift, Sustainable, Food Loss Reduction, SDGs, Seasoning, Unique Product","This colorful salt is produced without the use of any additives. | Despite containing no artificial colorings, it delivers outstanding natural flavor and vibrant color derived purely from its ingredients—making it a striking and memorable gift. | | It also makes effective use of B-grade and C-grade vegetables and citrus fruits that might otherwise go to waste, contributing to local solutions from a food loss reduction perspective. | | *Winner of the 2022 SDGs Social Award – Lifestyle Jury Prize.*",,,"Ehime Ikiiki Farmers Co., Ltd.",,Japan exhibitors | Exportable | Co-exhibitor | Organizer : Ehime Prefecture Organizing Committee/Uwajima City/Yawatahama City/Seiyo City,Local Specialities in Japan,S3-G17-017,,FOODEX JAPAN 2026 / 2026 Japan Meat Industry Fair 50th,https://www.jma-tradeshow.com/foodex/webguide_en/datafile/product_image1_12037.jpg,https://www.jma-tradeshow.com/foodex/webguide_en/product.php?no=12037
12224,Fried Onion,"Processed agricultural products | Powdered Seasoning | Fortified & Functional Products | Vegetarian | Vegan | Halal | Kosher | Dried Fruit & Vegetables | Vegetable & Animal Oils & Fats | Ready-to-eat Foods, Sealed Packaged Foods (e.g., curry, rice bowl toppings) | Plant-based / Alternative Foods","Seasoning Manufacturer, Spices Importers, Ready to Eat, HORECA, Ingredients",Fried Onion,"HALAL | BRC Certificate, Kosher Certificate",,REAL DEHYDRATES,http://www.realdehydrates.com/,Overseas exhibitors | Exportable | Co-exhibitor | Organizer : Japan India Industry Promotion Association,National Pavilion,E7-A05-S03,"Dehydrated Onion Products, Dehydrated Garlic Products, Fried Onion, Spices",FOODEX JAPAN 2026 / 2026 Japan Meat Industry Fair 50th,https://www.jma-tradeshow.com/foodex/webguide_en/datafile/product_image1_177217748634.jpg,https://www.jma-tradeshow.com/foodex/webguide_en/product.php?no=12224
12254,Indian Spices and it's value added products,Powdered Seasoning | Organic Products | Solid Seasonings,"The Spices Board invites buyers, importers, wholesalers, retailers, and food manufacturers from across the globe to explore sourcing premium Indian spices and their value-added products directly from India. With a diverse portfolio that includes whole spices, ground spices, blended seasonings, extracts, and oleoresins, India offers unmatched quality, authenticity, and variety. The Board facilitates connections with reliable exporters to ensure consistent supply, international quality standards, and competitive pricing. Interested buyers worldwide are encouraged to collaborate and build long-term trade partnerships in the vibrant global spice market.",PEKOE TIPS TEA 9811014130 pekoetipstea@gmail.com | GANPATI SCIENTIFICS 9602095206 jitendra@indianfarmorganics.com | RAINBOW EXPOCHEM COMPANY 9737547650 info@rainbowexpochem.com | SHAYONA ImpEx 7879757470 info@shayonaimpex.in | REAL DEHYDRATES 8200100567 export@realdehydrates.com | ORGANIC YUG 9925702358 ashish@organiconcall.com | ARICHA TRADING CO LTD 9830067949 trade@arichaindia.com | PARVATA FOODS PRIVATE LIMITED 8511618221 siddhi@parvatafoods.com | AGRONIC FOOD PRIVATE LIMITED 9116129355 intl.sales@agronicfood.com | SPECTRUM FOOD PRODUCTS 7875400996 wasim@spectrumfood.in | TANISI INCORPORATION 9428212681 tanisiincorporation@gmail.com | Shakti Foods 8141289292 rajyaguru.raj39@gmail.com | ARON FOODS 9825918606 info@aronfood.com | VEE NATURAL 9399567678 rajesh.vfic@gmail.com | NATURE GIFT 98967560714 vcintury@gmail.com | ADIDEV GROUP OF INDUSTRIES 7777987945 info@adidevgroup.com | WINDSON ORGANICS PRIVATE LIMITED 9428774130 kirtan@windsonindia.com | LANCO AGRO FOODS INDIA PRIVATE LIMITED 9360606090 lancospices@gmail.com | V.P.S.A. PARAMASIVA NADAR AND COMPANY 8526769769 ashwathvaerkar@thillaismasala.com | ANAGHANJALI ORGANIC 7416483828 anaghanjaliorganic@gmail.com |,,,SPICES BOARD INDIA,,Overseas exhibitors | Exportable | Co-exhibitor | Organizer : Japan India Industry Promotion Association,National Pavilion,E7-A05-001,"The Spice Board of India pavilion displays a diverse range of high-quality Indian spices, including staples like cardamom, black pepper, chili, turmeric, ginger, cumin, and coriander. The pavilion highlights both raw and value-added products such as essential oils, spice powders, and organic varieties, often showcasing over 75 different spice varieties.",FOODEX JAPAN 2026 / 2026 Japan Meat Industry Fair 50th,,https://www.jma-tradeshow.com/foodex/webguide_en/product.php?no=12254
12260,FRIED ONIONS,Powdered Seasoning | Pasta | Vegetarian | Vegan | Halal | Kosher | Vegetable snacks | Dried Fruit & Vegetables | Solid Seasonings,ALL,EVERYWHERE,EU-HACCP | HALAL | FDA | GMP,,ARON FOODS,,Overseas exhibitors | Exportable | Co-exhibitor | Organizer : Japan India Industry Promotion Association,National Pavilion,E7-A05-S11,"FRIED ONIONS & GARLIC, DEHYDRATED ONIONS, DEHYDRATED GARLIC, INDIAN SPICES, INDIAN HERBS, ONION POWDER, ONION GRANULES, ONION CHOPPED, ONION MINCED, ONION KIBBLED, GARLIC CLOVE, GARLIC FLAKES, GARLIC POWDER, GARLIC GRANULES, GARLIC CHOPPED, GARLIC MINCED, GARLIC GRANULES. CHILLI POWDER, TURMERIC POWDER, GINGER POWDER, IPM CUMIN, CUMIN POWDER ETC.",FOODEX JAPAN 2026 / 2026 Japan Meat Industry Fair 50th,https://www.jma-tradeshow.com/foodex/webguide_en/datafile/product_image1_177219183836.jpg,https://www.jma-tradeshow.com/foodex/webguide_en/product.php?no=12260
12339,SEA BREAM,Frozen Seafood | Processed seafood products,"Supermarket, sushi restaurant, restaurant, cafe, izakaya",We process natural ingredients from raw and then flash freeze them in 3D to create frozen sashimi with the same texture as raw. Simply defrost as much as you need and use it as is. We offer it at a lower price than raw sashimi.,,,Oiso,https://oiso-global.co.jp/,Japan exhibitors | Exportable | Co-exhibitor | Organizer : Shimane Prefectural,Exports from Japan,S2-A24-001,"Frozen sashimi, frozen sushi, seasoned seaweed, domestic salted mackerel, domestic mackerel miso",FOODEX JAPAN 2026 / 2026 Japan Meat Industry Fair 50th,https://www.jma-tradeshow.com/foodex/webguide_en/datafile/product_image1_177234919167.jpg,https://www.jma-tradeshow.com/foodex/webguide_en/product.php?no=12339
12926,CAVIAR MUSTARD,Solid Seasonings,Distributors | | Importers | | Hotels | | Restaurants | | Catering Companies | | Airline Catering | | Fine Food Retailers | | Delicatessens | | Gourmet Grocery Stores | | Wine Shops | | Supermarkets | | Retail Chains | | Department Stores | | Online Gourmet Retailers,Distributors | | Importers | | Hotels | | Restaurants | | Catering Companies | | Airline Catering | | Fine Food Retailers | | Delicatessens | | Gourmet Grocery Stores | | Wine Shops | | Supermarkets | | Retail Chains | | Department Stores | | Online Gourmet Retailers,IFS V8,,A L'OLIVIER,https://alolivier.com/fr/,Overseas exhibitors | Exportable | Co-exhibitor | Organizer : Business France,National Pavilion,W4-CC19-029,"Granny Smith Apple & Lime Vinegar, Yuzu & Mandarin Vinegar, Truffle-Flavored Balsamic Vinegar, Organic Modena Balsamic Vinegar IGP, Modena Balsamic Vinegar IGP – Silver Quality, Blueberry Vinegar, Fig Vinegar, Passion Fruit Vinegar, French Extra Virgin Olive Oil, Extra Virgin Olive Oil – French Cuvée, Extra Virgin Olive Oil from Haute-Provence AOP, Les Baux-de-Provence Extra Virgin Olive Oil AOP, Nyons Extra Virgin Olive Oil AOP, Olive Oil Gift Set – Centenary Olive Trees, Clementine from Nice Infused Olive Oil, French Garlic Infused Olive Oil, Lemon from Nice Infused Olive Oil, Rosemary Infused Olive Oil, Basil Infused Olive Oil, Black Truffle Flavored Olive Oil, White Truffle Flavored Olive Oil, Porcini Mushroom & Truffle Flavored Olive Oil, Hazelnut Oil, Walnut Oil, Paprika Range",FOODEX JAPAN 2026 / 2026 Japan Meat Industry Fair 50th,https://www.jma-tradeshow.com/foodex/webguide_en/datafile/product_image1_177270479009.jpg,https://www.jma-tradeshow.com/foodex/webguide_en/product.php?no=12926
13194,Ise Ebi (Japanese spiny lobsters),Frozen Seafood | Seafood,,"Our frozen Ise Ebi (Japanese spiny lobsters) products hold good flavor with full-packed fresh lobster meat as they are frozen immediately after they are landed and the blood is drained by Japanese Ikijime method. | One of the advantages of the frozen Ise Ebi (Japanese spiny lobsters) products is that it is very easy to deal with compare to living Ise Ebi. | The price of living Ise-Ebi(Japanse spiny lobsters) fluctuates according to seasons, while the price of frozen Ise-Ebi hardly changes throughout the year.",,,Yamatou,http://yamatou.net,Japan exhibitors | Exportable | Co-exhibitor | Organizer : Mie Prefecture,Local Specialities in Japan,S4-K38-004,Skewer Baked Himono ( Skewer Juicy baked dried fish ) | Skewer Himono ( Skewer Juicy dried fish ) | Ise Ebi (Japanese spiny lobsters),FOODEX JAPAN 2026 / 2026 Japan Meat Industry Fair 50th,https://www.jma-tradeshow.com/foodex/webguide_en/datafile/product_image1_177297975255.jpg,https://www.jma-tradeshow.com/foodex/webguide_en/product.php?no=13194
13286,Sauces - KETCHUP SACHETS DIDILO 150 UNITS 12G and MAYONNAISE SACHETS DIDILO 250 UNITS 14ML,Soy Sauce | Miso | Powdered Seasoning | Liquid Seasoning | Vinegar | Solid Seasonings | Rice Toppings & Ochazuke Mixes,"Importers, Wholesalers, Supermarket Chains, Gourmet Retailers, Foodservice Distributors, Hotel & Restaurant Procurement, and Food Manufacturers (OEM/Private Label).","Supermarket, gourmet product, organic product, retail, bulk, restaurants.",EU-HACCP | HALAL | FDA | GMP,,ACEITES MÁLAGA,https://aceitesmalaga.com/,Overseas exhibitors | Exportable | Co-exhibitor | Organizer : ICEX SPAIN TRADE AND INVESTMENTS,National Pavilion,W1-B01-032,"Extra Virgin Olive Oil, Pure Olive Oil, Pomace Olive Oil, Organic Extra Virgin Olive Oil, Blended Oil, Flavored Extra Virgin Olive Oil, Sauces, Spices and Seasonings",FOODEX JAPAN 2026 / 2026 Japan Meat Industry Fair 50th,https://www.jma-tradeshow.com/foodex/webguide_en/datafile/product_image1_13286.jpg,https://www.jma-tradeshow.com/foodex/webguide_en/product.php?no=13286
